id,cle_stable,categorie,offset_ou_pointeur,ligne_script,layout,intervenant,texte_francais,texte_chinois_source,traduction_anglaise_rom_anglaise,confiance_alignement,historique_traduction,naturalise,corrige_d_apres_le_chinois,votre_verdict,votre_commentaire
D0001,MAIN:0x03082C,Introduction,0x03082C,222,dialogue_intro_17_19,PROF. CHEN,"PROF. CHEN :
Bien le bonjour !
Bienvenue !
Voici le monde
des Pokémon !
Moi, c'est Chen,
le Prof Pokémon !
Ici vivent
des créatures
appelées Pokémon !","你好!欢迎你光临宠物精灵的世界!大家都叫我大木博士,在这世界住着被称为宠物精灵的生物!",Hello there! Welcome to the world of Pok@mon! My name is OAK! People call me the Pok@mon PROF!,high,introduction + adapté d'après les dialogues officiels R/B/J (FR),oui,oui,,
D0002,MAIN:0x0331EF,Dialogue en jeu,0x0331EF,5304,dialogue_19_19,,Tu as dû en baver pour arriver jusqu'ici !,女孩:能来到这里不简单,Are you good enoughfor me?,high,corrigé d'après le chinois + naturalisé en français,oui,oui,,
D0003,MAIN:0x03320B,Dialogue en jeu,0x03320B,5378,dialogue_19_19,,"À toi de jouer, maintenant.",女孩:之后就看你的,I never wanted to lose!,high,corrigé d'après le chinois + naturalisé en français,oui,oui,,
D0004,MAIN:0x033224,Dialogue en jeu,0x033224,5309,dialogue_19_19,,"Toi aussi, tu viens défier la Ligue ?",男孩:看来你也是来挑战联盟的了,I can see your good,high,corrigé d'après le chinois + naturalisé en français,oui,oui,,
D0005,MAIN:0x033238,Dialogue en jeu,0x033238,5366,dialogue_19_19,,Tu pourrais devenir Champion !,男孩:你有机会夺取冠军啊,"I concede, you're better.",high,corrigé d'après le chinois + naturalisé en français,oui,oui,,
D0006,MAIN:0x033253,Dialogue en jeu,0x033253,5397,dialogue_19_19,,Prépare-toi !,训兽师:觉悟吧,Is Victory Road tootough?,high,corrigé d'après le chinois + naturalisé en français,oui,oui,,
D0007,MAIN:0x03326D,Dialogue en jeu,0x03326D,5398,dialogue_19_19,,J'étais prêt !,训兽师:我已经觉悟了!,Well done!,high,corrigé d'après le chinois + naturalisé en français,oui,oui,,
D0008,MAIN:0x033278,Dialogue en jeu,0x033278,5314,dialogue_19_19,,Pourquoi es-tu là ?,魔术师:为什么要来这里?,Come on! I'll whip you!,high,corrigé d'après le chinois + naturalisé en français,oui,oui,,
D0009,MAIN:0x033290,Dialogue en jeu,0x033290,5383,dialogue_19_19,,Tu vises haut !,魔术师:你的目标的确伟大!,I got whipped.,high,corrigé d'après le chinois + naturalisé en français,oui,oui,,
D0010,MAIN:0x03329F,Dialogue en jeu,0x03329F,6092,dialogue_19_19,RÉGIS,"RÉGIS : Tiens,
Sacha !
Quelle surprise !
Tu vas à la Ligue ?
Tous tes Badges !
Pas mal ! Bats-moi.","小茂:怎么了?小智在这里遇见你还真是偶然啊!你也去宠物精灵联盟啊?徽章也都收集齐了,干的不错嘛!不过在去联盟之前先和我比试一场吧!",NON TRADUIT — texte chinois conservé dans la ROM anglaise,high,adapté d'après les dialogues officiels R/B/J (FR),oui,oui,,
D0011,MAIN:0x03331B,Dialogue en jeu,0x03331B,6100,dialogue_19_19,RÉGIS,"RÉGIS : Zut !
J'étais distrait.
À ce niveau, jamais
tu ne gagneras
la Ligue.
Entraîne-toi !
Je trace. À plus !","小茂:我只是一时太大意了,可恶!不过你这样的水平想称霸精灵联盟...你还是多练习一下比较好!我多管闲事了啊,那我先走了!再会了...",NON TRADUIT — texte chinois conservé dans la ROM anglaise,high,adapté d'après les dialogues officiels R/B/J (FR),oui,oui,,
D0012,MAIN:0x033395,Dialogue en jeu,0x033395,6109,dialogue_19_19,GARDE,"GARDE : Oh !
Tes Badges de Ligue
sont authentiques !
Tu peux passer !",守卫:啊!你拿的的确是联盟徽章!请通过吧!,NON TRADUIT — texte chinois conservé dans la ROM anglaise,high,adapté d'après les dialogues officiels R/B/J (FR),oui,oui,,
D0013,MAIN:0x0333BD,Dialogue en jeu,0x0333BD,5315,dialogue_19_19,,"Magie, tu connais ?",魔术师:你知道什么是魔术吗?,You're gonna take on the Elite Four?,high,corrigé d'après le chinois + naturalisé en français,oui,oui,,
D0014,MAIN:0x0333E3,Dialogue en jeu,0x0333E3,5320,dialogue_19_19,,Incroyable...,魔术师:不可思议...,You should have no trouble.,high,corrigé d'après le chinois + naturalisé en français,oui,oui,,
D0015,MAIN:0x0333FF,Dialogue en jeu,0x0333FF,5321,dialogue_19_19,,"Tu t'es bien battu, mais tu t'arrêtes ici !","空手道:你辛苦了,不过也到此为止",This is the final test for trainers!,high,corrigé d'après le chinois + naturalisé en français,oui,oui,,
D0016,MAIN:0x033425,Dialogue en jeu,0x033425,5384,dialogue_19_19,,Dire que j'ai perdu...,空手道:我竟然输了...,I need to train.,high,corrigé d'après le chinois + naturalisé en français,oui,oui,,
D0017,MAIN:0x033436,Dialogue en jeu,0x033436,5367,dialogue_19_19,,Je vais me marier !,女孩:告诉你我要结婚了!,The Elite Four is next!,high,corrigé d'après le chinois + naturalisé en français,oui,oui,,
D0018,MAIN:0x03344F,Dialogue en jeu,0x03344F,5452,dialogue_19_19,,"Finalement, non... Tu veux m'épouser ?","女孩:我不想嫁人了,你做我老公好吗?",Unbelievable!,high,corrigé d'après le chinois + naturalisé en français,oui,oui,,
D0019,MAIN:0x03345D,Dialogue en jeu,0x03345D,5322,dialogue_19_19,,"Pourquoi sont-ils
tous si faibles ?",女孩:为什么我的精灵都不强呢?,I heard about a young prodigy.,high,corrigé d'après le chinois + naturalisé en français,oui,oui,,
D0020,MAIN:0x03347F,Dialogue en jeu,0x03347F,5350,dialogue_19_19,,Je manque sûrement d'amour pour eux...,女孩:是因为我没有用爱心吧...,You really beat Team Rocket?,high,corrigé d'après le chinois + naturalisé en français,oui,oui,,
D0021,MAIN:0x03349F,Dialogue en jeu,0x03349F,5323,dialogue_19_19,,Tu n'iras pas plus loin !,男孩:我不会让你再前进的,Only the chosen canpass here!,high,corrigé d'après le chinois + naturalisé en français,oui,oui,,
D0022,MAIN:0x0334BD,Dialogue en jeu,0x0334BD,5385,dialogue_19_19,,C'était écrit...,男孩:是天意啊,I don't believe it!,high,corrigé d'après le chinois + naturalisé en français,oui,oui,,
D0023,MAIN:0x0334D1,Dialogue en jeu,0x0334D1,3854,dialogue_19_19,,Futur Champion ! Bats les quatre de suite. Toute défaite te renvoie au début. Courage !,"裁判:未来的冠军,来到这里真不容易不过挑战四大天王的决胜规则就是将四人一一打败如果输了就从第一人从新打起!加油了!","From here on, you face the Elite Fourone by one! If you win, a door opens to the next trainerGood luck!",high,corrigé d'après le chinois + naturalisé en français,oui,oui,,
D0024,MAIN:0x03353B,Dialogue en jeu,0x03353B,3864,dialogue_19_19,,"Tu vas affronter
les quatre membres
du Conseil des 4.
Vise la victoire !",女孩:现在就开始四大天王的对战!朝最强努力吧!,"Here at the Pok@monLeague, you have toface the Elite Fourin succession.",high,adapté d'après les dialogues officiels R/B/J (FR),oui,oui,,
D0025,MAIN:0x033583,Dialogue en jeu,0x033583,3873,dialogue_19_19,,"Bienvenue !
Je zuis OLGA,
du Conzeil des 4 !
Ma glaze va figer
toute ton équipe !
Ach ! Z'est parti !","加纳:欢迎来到宠物精灵联盟!我是冰系四天王加纳!还没碰过害怕的东西,让我生气了就让你的精灵动弹不得!哈哈觉悟吧!","Welcome,I'm Loreleiof the Elite Four! Your Pok@mon will be at my mercy whenthey're frozen solid! Hahaha! Are you ready?",high,adapté d'après les dialogues officiels R/B/J (FR),oui,oui,,
D0026,MAIN:0x033604,Dialogue en jeu,0x033604,3884,dialogue_19_19,,"Tu es fort.
Z'est bien.
J'ai perdu.
Passe dans la salle
suivante !","加纳:你到底是什么人物?...好吧,我输了就朝下一个房间前进吧",You're better than I thought! Go on ahead!This was justa taste of Pok@mon League power!,high,adapté d'après les dialogues officiels R/B/J (FR),oui,oui,,
D0027,MAIN:0x03365E,Dialogue en jeu,0x03365E,3894,dialogue_19_19,,"Mon nom est ALDO,
du Conseil des 4 !
Mes Pokémon et moi,
on adore la muscu !
Sacha, en garde !
À table !","西巴:我是地系四天王西巴!不管是精灵或人只要战斗磨练都能变的很强,就靠这中磨练与我的精灵工生存!你是小智吧,来尝尝我们的超级力量吧!","I am Bruno of the Elite Four! Throughrigorous training, people and Pok@mon can become strongerAsh! We will grind you with our power!",high,adapté d'après les dialogues officiels R/B/J (FR),oui,oui,,
D0028,MAIN:0x0336E4,Dialogue en jeu,0x0336E4,3903,dialogue_19_19,,"J'ai perdu...
Bien joué !
La suite t'attend.","西巴:到底是怎么回事?我竟然输了...既然输了,我无话可说,你就前进吧!",My job is done! Go face your next challenge!,high,adapté d'après les dialogues officiels R/B/J (FR),oui,oui,,
D0029,MAIN:0x033715,Dialogue en jeu,0x033715,3911,dialogue_19_19,,"Je suis AGATHA,
du Conseil des 4 !
CHEN mise sur toi.
Ce vieux machin
était fort et beau.
Mais le Pokédex
ne suffit pas :
les Pokémon
servent au combat !
Je vais te montrer
un vrai combat !","菊子:我是鬼系四天王菊子,听说真新镇的大木博士相当疼你!大木博士以前是相当强的男人!现在看不出来了,光只是做宠物精灵图鉴是不够的!精灵是要用来战斗的!让我来教你真正的战斗吧!","I am Agatha of the Elite Four! Oak's taken a lot of int-erest in you,child!That old duff was once tough and han-dsome! Now he just wants to fiddle with his Pok@dex, He's wrong! Pok@monare for fighting! Ash! I'll show you how a real trainer fights!",high,adapté d'après les dialogues officiels R/B/J (FR),oui,oui,,
D0030,MAIN:0x033814,Dialogue en jeu,0x033814,3927,dialogue_19_19,,"Je vois pourquoi
CHEN t'apprécie !
J'ai perdu.
Tu peux passer.","菊子:真了不起啊,是你胜了,大木博士真有眼光,我心服口服你就朝下一个房间去吧!","I see what he sees in you now! I have nothing else to sayRun along now,child",high,adapté d'après les dialogues officiels R/B/J (FR),oui,oui,,
D0031,MAIN:0x033861,Dialogue en jeu,0x033861,3936,dialogue_19_19,,"Moi, c'est PETER !
Je dirige
le Conseil des 4 !
Les dragons sont
des êtres sacrés.
Durs à capturer,
ils sont presque
invincibles !
Le glas sonne...
Tu vas perdre !","瓦它诺:你是小智?我是龙系四天王菊子瓦它诺,你应该知道龙是神圣传说中的生物,很难抓但培育的好将是天下第一!一般的攻击对龙系是没用的!开始吧,我会让你夹着尾巴逃跑的!",I heard about you Ilead the Elite FourI am Lance the dra-gon tamer! Dragon'spowers are superiorReady to lose? YourLeague challenge ends with me!,high,adapté d'après les dialogues officiels R/B/J (FR),oui,oui,,
D0032,MAIN:0x0338F4,Dialogue en jeu,0x0338F4,3951,dialogue_19_19,,"Incroyable !
Tu mérites le titre
de Maître Pokémon !
Enfin...
Pas encore !
RÉGIS a déjà battu
le Conseil des 4.
Bats-le et deviens
le vrai Champion !","瓦它诺:虽然难过但你的技术一流!我想说小智从今开始你是宠物精灵联盟的冠军!但你必须再与一人战斗不可!那位训练家就是...小茂!他比你早战胜我们四天王,所以你们要决出真正的冠军,去吧小智!","I can't believe my dragons lost! You are the League Cha-mpion!...or,you would have been. Another trainer named Gary beat theElite Four before you! He is the realchampion!",high,adapté d'après les dialogues officiels R/B/J (FR),oui,oui,,
D0033,MAIN:0x0339A9,Dialogue en jeu,0x0339A9,3963,dialogue_19_19,RÉGIS,"RÉGIS : Bonjour,
minable. Toi, ici ?
En complétant
mon Pokédex,
j'ai trouvé
l'équipe parfaite !
Je suis le meilleur
Dresseur du monde !","小茂:小智啊?你也来了?既然做为对手的你这么弱也没什么好竞争的!我在收集图鉴的同时也找到一些完美的精灵!告诉你吧,我就是世界最强的精灵训练师!!","Hey Ash! I looked all over for power-ful Pokemon and assembled a strong team, now I'm the League Champion! I'm the strongest trainer in the world!",high,adapté d'après les dialogues officiels R/B/J (FR),oui,oui,,
D0034,MAIN:0x033A48,Dialogue en jeu,0x033A48,3976,dialogue_19_19,PROF. CHEN,"PROF. CHEN : Bravo,
Sacha !
Pikachu et toi
avez bien grandi.
Régis... Dommage !
Je venais saluer
le Champion.
Mais tu as perdu.
Pourquoi ?
Tu leur as refusé
amour et confiance.
Sans ce lien
tu ne seras jamais
Champion !","大木博士:堂堂正正的赢了!恭喜你小智,从你刚开始得到比卡丘开始到现在你真的变强了,应该说你长大了!小茂...真是可惜!听说你战胜四天王而飞奔到这里,但看到你到最后输了!你知道为什么会输吗?因为你忘了给予精灵们信任和感情!所以你再怎么努力也不可能站在高峰的!","So,you won! Congra-tulations! You've grown so much sinceyou first left withPikachu, Ash! I'm disappointed Gary, I came when I heardyou became League Champion.But you already lost, do you understand why?You've forgotten totreat your Pok@mon with trust and lovewithout them,you'llnever become champ again.",high,corrigé d'après le chinois + naturalisé en français,oui,oui,,
D0035,MAIN:0x033B7F,Dialogue en jeu,0x033B7F,4005,dialogue_19_19,PROF. CHEN,"PROF. CHEN :
Sacha ! Ta victoire
vient du lien
qui t'unit
à tes Pokémon.
C'est merveilleux !
Suis-moi !","大木博士:小智,你能制霸宠物精灵联盟!不是你一个人的力量!是你与精灵之间巧妙的感情!小智你跟我来!","Ash, you understandyour victory was not your own doing!The bond you share with your Pok@mon is marvelous! Come with me,Ash!",high,adapté d'après les dialogues officiels R/B/J (FR),oui,oui,,
D0036,MAIN:0x033BFE,Dialogue en jeu,0x033BFE,4017,dialogue_19_19,PROF. CHEN,PROF. CHEN : Sacha est Champion ! Inscrivons ton nom et tes Pokémon. Rentrons : ta mère t'attend.,"大木博士:小智,你经过激烈的战斗!而如今成为联盟冠军!在此记录下小智的名字与精灵的名字吧!和我一起回家吧,你妈妈一定很想你","Congratulations AshThis is the Pok@monHall of Fame! The League Champions and their Pok@mon are honored here! Congratulations,Ashyou and your Pok@-mon are Hall of Famers!",high,corrigé d'après le chinois + naturalisé en français,oui,oui,,
D0037,MAIN:0x033CB1,Dialogue en jeu,0x033CB1,4029,dialogue_19_19,MAMAN,MAMAN : Étrange phénomène près d'Azuria. Olga enquête...,"妈妈:听说华蓝市附近有个山洞发生异常,连精灵联盟的四天王加纳都去调查了...","Ash,Lorelei was looking for you,shewent to Cerulean cave.",high,corrigé d'après le chinois + naturalisé en français,oui,oui,,
D0038,MAIN:0x033CF0,Dialogue en jeu,0x033CF0,6115,dialogue_19_19,ARBITRE,"ARBITRE :
Désolé.
Olga est absente,
alors la Ligue
suspend les défis.
Elle enquête
à Azuria...","裁判:真是抱歉,四天王的加纳因为不在所以现在联盟暂停训练家挑战...加纳好像去华蓝市调查异变去了...",NON TRADUIT — texte chinois conservé dans la ROM anglaise,high,corrigé d'après le chinois + naturalisé en français,oui,oui,,
D0039,MAIN:0x033D5B,Dialogue en jeu,0x033D5B,5857,dialogue_19_19,MEWTWO,MEWTWO : ...,超梦:......,MewTwo:....,high,corrigé d'après le chinois + naturalisé en français,oui,oui,,
D0040,MAIN:0x033D67,Dialogue en jeu,0x033D67,4037,dialogue_19_19,OLGA,"OLGA : Mewtwo
causait tout ça.",加纳:原来发生异变的原因就是这只超梦引起的.,"There you are Ash! It seems TeamRockethas appeared again,they've gone to Indigo Plateau. Oh!And I have some- thing for you as well, here's a passto go to Navel RockYou can get there by the S.S. Anne. I'll see you at Indigo Plateau Ash.",high,corrigé d'après le chinois + naturalisé en français,oui,oui,,
D0041,MAIN:0x033E5F,Dialogue en jeu,0x033E5F,4048,dialogue_19_19,,Un Ticket Mystik ? Monte à bord ! Bienvenue à nouveau sur l'Océane !,船员:那个是梦幻船票??那么请进!!欢迎再次来乘做铁达尼号!,"Hello, May I see your pass for NavelRock? ...Thank you sir!",high,corrigé d'après le chinois + naturalisé en français,oui,oui,,
D0042,MAIN:0x033EAA,Dialogue en jeu,0x033EAA,4053,dialogue_19_19,HO-OH,HO-OH : ...,凤凰:......,Ho-oh: Kwee!,high,corrigé d'après le chinois + naturalisé en français,oui,oui,,
D0043,MAIN:0x033EEA,Dialogue en jeu,0x033EEA,4054,dialogue_19_19,LUGIA,LUGIA : ...,路基亚:......,Lugia: Roar!!,high,corrigé d'après le chinois + naturalisé en français,oui,oui,,
D0044,MAIN:0x033EF8,Dialogue en jeu,0x033EF8,4055,dialogue_19_19,,"Quel voyage !
Olga est revenue :
la Ligue rouvre !","船员:怎么样,是场神奇的旅行吧.现在精灵联盟因为四天王的加纳又回来了,所以又开始接受新的冠军挑战了!","Welcome to Navel Rock! If you'd liketo leave, just board the S.S.Anne.",high,corrigé d'après le chinois + naturalisé en français,oui,oui,,
D0045,MAIN:0x033F45,Dialogue en jeu,0x033F45,6120,dialogue_19_19,OLGA,"OLGA : Bienvenue !
Je zuis OLGA,
du Conzeil des 4 !
Ma glaze va figer
toute ton équipe !
Ach ! Z'est parti !","加纳:欢迎来到宠物精灵联盟!我是冰系四天王加纳!还没碰过害怕的东西,让我生气了就让你的精灵动弹不得!哈哈觉悟吧!",NON TRADUIT — texte chinois conservé dans la ROM anglaise,high,adapté d'après les dialogues officiels R/B/J (FR),oui,oui,,
D0046,MAIN:0x033FC5,Dialogue en jeu,0x033FC5,6128,dialogue_19_19,OLGA,"OLGA : Tu es fort.
Z'est bien.
J'ai perdu.
Passe à la suite !","加纳:你到底是什么人物?...好吧,我输了就朝下一个房间前进吧",NON TRADUIT — texte chinois conservé dans la ROM anglaise,high,adapté d'après les dialogues officiels R/B/J (FR),oui,oui,,
D0047,MAIN:0x033FFF,Dialogue en jeu,0x033FFF,6134,dialogue_19_19,ALDO,"ALDO : Je suis ALDO
du Conseil des 4 !
Mes Pokémon et moi,
on adore la muscu !
Sacha, en garde !
À table !","西巴:我是地系四天王西巴!不管是精灵或人只要战斗磨练都能变的很强,就靠这中磨练与我的精灵工生存!你是小智吧,来尝尝我们的超级力量吧!",NON TRADUIT — texte chinois conservé dans la ROM anglaise,high,adapté d'après les dialogues officiels R/B/J (FR),oui,oui,,
D0048,MAIN:0x03407F,Dialogue en jeu,0x03407F,6142,dialogue_19_19,ALDO,"ALDO : Perdu...
Bien joué !
La suite t'attend.","西巴:到底是怎么回事?我竟然输了...既然输了,我无话可说,你就前进吧!",NON TRADUIT — texte chinois conservé dans la ROM anglaise,high,adapté d'après les dialogues officiels R/B/J (FR),oui,oui,,
D0049,MAIN:0x0340C1,Dialogue en jeu,0x0340C1,6147,dialogue_19_19,AGATHA,"AGATHA :
Conseil des 4 !
CHEN mise sur toi.
Ce vieux machin
était fort et beau.
Mais le Pokédex
ne suffit pas :
les Pokémon
servent au combat !
Montre-moi
ce que tu vaux !","菊子:我是鬼系四天王菊子,听说真新镇的大木博士相当疼你!大木博士以前是相当强的男人!现在看不出来了,光只是做宠物精灵图鉴是不够的!精灵是要用来战斗的!让我来教你真正的战斗吧!",NON TRADUIT — texte chinois conservé dans la ROM anglaise,high,adapté d'après les dialogues officiels R/B/J (FR),oui,oui,,
D0050,MAIN:0x034169,Dialogue en jeu,0x034169,6160,dialogue_19_19,PETER,"PETER :
Je dirige
le Conseil des 4 !
Les dragons sont
des êtres sacrés.
Durs à capturer,
ils sont presque
invincibles !
Le glas sonne...
Tu vas perdre !","瓦它诺:你是小智?我是龙系四天王菊子瓦它诺,你应该知道龙是神圣传说中的生物,很难抓但培育的好将是天下第一!一般的攻击对龙系是没用的!开始吧,我会让你夹着尾巴逃跑的!",NON TRADUIT — texte chinois conservé dans la ROM anglaise,high,adapté d'après les dialogues officiels R/B/J (FR),oui,oui,,
D0051,MAIN:0x034207,Dialogue en jeu,0x034207,6172,dialogue_19_19,PETER,"PETER : Bien joué !
Mais pour être
le vrai Champion,
bats le Dresseur
qui nous a vaincus.
Il t'attend
dans la salle
suivante !",瓦它诺:虽然难过但你的技术一流!不过要想成为真正的冠军就应该进入冠军的房间打败里面的训练师!!他比你早一步打败我们四天王!,NON TRADUIT — texte chinois conservé dans la ROM anglaise,high,adapté d'après les dialogues officiels R/B/J (FR),oui,oui,,
D0052,MAIN:0x03427E,Dialogue en jeu,0x03427E,4069,dialogue_19_19,SACHA,"SACHA : C'est vous, les nouveaux Champions ? Hein ? Vous êtes...",小智:你们就是新的冠军?啊?难道你们是...,"Jesse: Long time nosee brat! Our boss has disbanded Team Rocket because of you! James: We plan to take over Indigo Plateau and make sure Team Rocket takes its place as true Pok@mon mast- ers. We can't allowa dreadful little twerp such as your-self stand in our way! Meowth:Hehe, you don't stand a chance against Meowth!",high,corrigé d'après le chinois + naturalisé en français,oui,oui,,
D0053,MAIN:0x0343EF,Dialogue en jeu,0x0343EF,4075,dialogue_19_19,JAMES,JAMES : Encore battus ! Va défier le nouveau chef !,"小次郎:居然又输了,有本事去挑战我们的新老大!!","James: Again! We lost again to this twerp! Jesse&James: Looks like Team Rocket's blasting off again!Meowth:Hey,Wait forMeowth!",high,corrigé d'après le chinois + naturalisé en français,oui,oui,,
D0054,MAIN:0x03447C,Dialogue en jeu,0x03447C,6182,dialogue_19_19,PROF. CHEN,"PROF. CHEN : Bravo,
Sacha !
Avec Pikachu,
tu as tant grandi !
Grâce au lien noué
avec tes Pokémon,
tu as gagné !
Suis-moi !","大木博士:你又堂堂正正的赢了!恭喜你小智,从你刚开始得到比卡丘开始到现在你真的变强了,应该说你长大了!小智,你能制霸宠物精灵联盟!不是你一个人的力量!是你与精灵之间巧妙的感情!小智你跟我来!",NON TRADUIT — texte chinois conservé dans la ROM anglaise,high,adapté d'après les dialogues officiels R/B/J (FR),oui,oui,,
D0055,MAIN:0x03456E,Dialogue en jeu,0x03456E,6192,dialogue_19_19,PROF. CHEN,"PROF. CHEN : Bravo,
Sacha !
Te voilà Champion
de la Ligue !
Notons vos noms.
Puis rentrons :
ta mère t'attend.","大木博士:小智,你经过激烈的战斗!而如今成为联盟冠军!在此记录下小智的名字与精灵的名字吧!和我一起回家吧,你妈妈一定很想你",NON TRADUIT — texte chinois conservé dans la ROM anglaise,high,adapté d'après les dialogues officiels R/B/J (FR),oui,oui,,
D0056,MAIN:0x0345E4,Dialogue en jeu,0x0345E4,6201,dialogue_19_19,MAMAN,"MAMAN : Kameiyu, chez Nanjing Tech à Céladopole, aurait des Pokémon invaincus. Tu vas le défier ? Prudence...","妈妈:我听说你要去彩虹市的南晶科技开发部挑战名叫卡美优的训练师!听说他的精灵至今还没有被人打败过,你千万要小心啊...",NON TRADUIT — texte chinois conservé dans la ROM anglaise,high,corrigé d'après le chinois + naturalisé en français,oui,oui,,
D0057,MAIN:0x0346A1,Dialogue en jeu,0x0346A1,4085,dialogue_19_19,KAMEIYU,"KAMEIYU : Bravo ! Tu es sans rival à Kanto. Pourtant, il y a plus fort ailleurs. Hoenn a d'autres Pokémon. Finis ton Pokédex. Reviens.","卡美优:不错,你的实力在这个石英地区已经无人能敌了,但别忘了人外有人天外有天啊,在这个世界上还存在别的大陆...有机会的话一定要去宝石大陆看看,那里有这里所没有的精灵!!!那么你的精灵图鉴如果收集齐了的话再来找我吧!","You're amazing! It seems you've earnedthe respect of the Legendary Pok@mon! If you can find allthe Pok@mon in Kanto, return and speak to me again!",high,corrigé d'après le chinois + naturalisé en français,oui,oui,,
D0058,MAIN:0x034739,Dialogue en jeu,0x034739,4101,dialogue_19_19,KAMEIYU,"KAMEIYU : Hoenn a d'autres Pokémon. Finis ton Pokédex, puis reviens.","卡美优:有机会的话一定要去宝石大陆看看,那里有这里所没有的精灵!!!那么你的精灵图鉴如果收集齐了的话再来找我吧!","You are a true Pok@maniac! You have earned this Pok@- mon's respect, it would like to come with you.",high,corrigé d'après le chinois + naturalisé en français,oui,oui,,
D0059,MAIN:0x0347A2,Dialogue en jeu,0x0347A2,4111,dialogue_19_19,KAMEIYU,KAMEIYU : Bravo ! Le Pokédex de Kanto est complet. Ce Mew est à toi !,"卡美优:你已经成功了收集石英地区所有的精灵,真了不起!好吧这只梦幻就送给你吧!恭喜你完成了精灵图鉴!!",Please take care of Mew!,high,corrigé d'après le chinois + naturalisé en français,oui,oui,,
D0060,MAIN:0x0347BD,Dialogue en jeu,0x0347BD,4116,dialogue_19_19,,Mew reçu !,得到梦幻,Recieved Mew!,high,corrigé d'après le chinois + naturalisé en français,oui,oui,,
D0061,MAIN:0x0347CB,Dialogue en jeu,0x0347CB,6207,dialogue_19_19,MAMAN,"MAMAN :
Tu as terminé
le Pokédex ?",妈妈:你完成精灵图鉴了吗?,NON TRADUIT — texte chinois conservé dans la ROM anglaise,high,corrigé d'après le chinois + naturalisé en français,oui,oui,,
D0062,MAIN:0x034862,Dialogue en jeu,0x034862,4117,dialogue_19_19,ARBITRE,"ARBITRE : Bravo,
Champion !",裁判:你真是好样的!,Great job Champ!,high,corrigé d'après le chinois + naturalisé en français,oui,oui,,
D0063,MAIN:0x034873,Dialogue en jeu,0x034873,4118,dialogue_19_19,KAMEIYU,"KAMEIYU : D'accord, je m'avoue vaincu ! Content ?",卡美优:我认输!这样总行了吧!,Farewell traveller!,high,corrigé d'après le chinois + naturalisé en français,oui,oui,,
D0064,MAIN:0x034887,Dialogue en jeu,0x034887,4119,dialogue_19_19,BEIBEI,BEIBEI : Tu es vraiment formidable !,蓓蓓:你真的是很棒耶!,Take care of Eevee!,high,corrigé d'après le chinois + naturalisé en français,oui,oui,,
D0065,MAIN:0x0348B5,Dialogue en jeu,0x0348B5,4120,dialogue_19_19,XIAO LI,"XIAO LI : Arrête !
Ou j'appelle
la police !","小李:再骚扰的话,本大爷要报警了...!",Your Pok@mon can fly you anywhere.,high,corrigé d'après le chinois + naturalisé en français,oui,oui,,
D0066,MAIN:0x034927,Dialogue en jeu,0x034927,4131,dialogue_19_19,,Rien obtenu.,得到无,NON TRADUIT — texte chinois conservé dans la ROM anglaise,high,corrigé d'après le chinois + naturalisé en français,oui,oui,,
D0067,MAIN:0x03492F,Dialogue en jeu,0x03492F,4132,dialogue_19_19,,Poké Ball reçue !,得到精灵球,A Pok@ball!,high,corrigé d'après le chinois + naturalisé en français,oui,oui,,
D0068,MAIN:0x03493B,Dialogue en jeu,0x03493B,4133,dialogue_19_19,,Super Ball reçue !,得到超级球,A Great Ball!,high,corrigé d'après le chinois + naturalisé en français,oui,oui,,
D0069,MAIN:0x034949,Dialogue en jeu,0x034949,4134,dialogue_19_19,,Hyper Ball reçue !,得到超力球,UltraBall,high,corrigé d'après le chinois + naturalisé en français,oui,oui,,
D0070,MAIN:0x034953,Dialogue en jeu,0x034953,6212,dialogue_19_19,,Master Ball reçue !,得到大师球,NON TRADUIT — texte chinois conservé dans la ROM anglaise,high,corrigé d'après le chinois + naturalisé en français,oui,oui,,
D0071,MAIN:0x03495F,Dialogue en jeu,0x03495F,4135,dialogue_19_19,,Potion reçue !,得到伤药,A Potion!,high,corrigé d'après le chinois + naturalisé en français,oui,oui,,
D0072,MAIN:0x034969,Dialogue en jeu,0x034969,5856,dialogue_19_19,,"Super Potion
reçue !",得到好伤药,S.Potion!,high,corrigé d'après le chinois + naturalisé en français,oui,oui,,
D0073,MAIN:0x034973,Dialogue en jeu,0x034973,4136,dialogue_19_19,,"Hyper Potion
reçue !",得到超级伤药,A H.Potion!,high,corrigé d'après le chinois + naturalisé en français,oui,oui,,
D0074,MAIN:0x034981,Dialogue en jeu,0x034981,6213,dialogue_19_19,,Potion Max reçue !,得到最大伤药,NON TRADUIT — texte chinois conservé dans la ROM anglaise,high,corrigé d'après le chinois + naturalisé en français,oui,oui,,
D0075,MAIN:0x034990,Dialogue en jeu,0x034990,4137,dialogue_19_19,,Antidote reçu !,得到解毒药,An Antidote!,high,corrigé d'après le chinois + naturalisé en français,oui,oui,,
D0076,MAIN:0x03499D,Dialogue en jeu,0x03499D,4138,dialogue_19_19,,Réveil reçu !,得到睡醒药,A S.Heal!,high,corrigé d'après le chinois + naturalisé en français,oui,oui,,
D0077,MAIN:0x0349B3,Dialogue en jeu,0x0349B3,5449,dialogue_19_19,,Antigel reçu !,得到冰冻药,Ice Heal!,high,corrigé d'après le chinois + naturalisé en français,oui,oui,,
D0078,MAIN:0x0349BF,Dialogue en jeu,0x0349BF,6214,dialogue_19_19,,Anti-Brûle reçu !,得到烧伤药,NON TRADUIT — texte chinois conservé dans la ROM anglaise,high,corrigé d'après le chinois + naturalisé en français,oui,oui,,
D0079,MAIN:0x0349CC,Dialogue en jeu,0x0349CC,4139,dialogue_19_19,,Total Soin reçu !,得到万能恢复,A Full Heal!,high,corrigé d'après le chinois + naturalisé en français,oui,oui,,
D0080,MAIN:0x0349DA,Dialogue en jeu,0x0349DA,4140,dialogue_19_19,,Rappel reçu !,得到精神药,A Revive!,high,corrigé d'après le chinois + naturalisé en français,oui,oui,,
D0081,MAIN:0x0349E5,Dialogue en jeu,0x0349E5,6215,dialogue_19_19,,Huile reçue !,得到PP提升,NON TRADUIT — texte chinois conservé dans la ROM anglaise,high,corrigé d'après le chinois + naturalisé en français,oui,oui,,
D0082,MAIN:0x0349F2,Dialogue en jeu,0x0349F2,6216,dialogue_19_19,,Huile Max reçue !,得到PP最大,NON TRADUIT — texte chinois conservé dans la ROM anglaise,high,corrigé d'après le chinois + naturalisé en français,oui,oui,,
D0083,MAIN:0x0349FF,Dialogue en jeu,0x0349FF,4141,dialogue_19_19,,Super Bonbon reçu !,得到神奇糖果,A Rare Candy!,high,corrigé d'après le chinois + naturalisé en français,oui,oui,,
D0084,MAIN:0x034A0D,Dialogue en jeu,0x034A0D,4142,dialogue_19_19,,Pierre Feu reçue !,得到火之石,Fire Stone!,high,corrigé d'après le chinois + naturalisé en français,oui,oui,,
D0085,MAIN:0x034A19,Dialogue en jeu,0x034A19,4143,dialogue_19_19,,Pierre Eau reçue !,得到水之石,Water Stone,high,corrigé d'après le chinois + naturalisé en français,oui,oui,,
D0086,MAIN:0x034A25,Dialogue en jeu,0x034A25,4144,dialogue_19_19,,"Pierre Foudre
reçue !",得到雷之石,Thun.Stone!,high,corrigé d'après le chinois + naturalisé en français,oui,oui,,
D0087,MAIN:0x034A31,Dialogue en jeu,0x034A31,4145,dialogue_19_19,,"Pierre Plante
reçue !",得到叶之石,Leaf Stone!,high,corrigé d'après le chinois + naturalisé en français,oui,oui,,
D0088,MAIN:0x034A3D,Dialogue en jeu,0x034A3D,4146,dialogue_19_19,,Pierre Lune reçue !,得到月之石,Moon Stone!,high,corrigé d'après le chinois + naturalisé en français,oui,oui,,
D0089,MAIN:0x034A49,Dialogue en jeu,0x034A49,6217,dialogue_19_19,,Colis Chen reçu !,得到包裹,NON TRADUIT — texte chinois conservé dans la ROM anglaise,high,corrigé d'après le chinois + naturalisé en français,oui,oui,,
D0090,MAIN:0x034A52,Dialogue en jeu,0x034A52,6219,dialogue_19_19,,Pokédex reçu !,得到精灵图鉴,NON TRADUIT — texte chinois conservé dans la ROM anglaise,high,corrigé d'après le chinois + naturalisé en français,oui,oui,,
D0091,MAIN:0x034A60,Dialogue en jeu,0x034A60,6220,dialogue_19_19,,Carte reçue !,得到地图,NON TRADUIT — texte chinois conservé dans la ROM anglaise,high,corrigé d'après le chinois + naturalisé en français,oui,oui,,
D0092,MAIN:0x034A6A,Dialogue en jeu,0x034A6A,6221,dialogue_19_19,,Nautile reçu !,得到菊石化石,NON TRADUIT — texte chinois conservé dans la ROM anglaise,high,corrigé d'après le chinois + naturalisé en français,oui,oui,,
D0093,MAIN:0x034A78,Dialogue en jeu,0x034A78,6223,dialogue_19_19,,Fossile Dôme reçu !,得到盔甲化石,NON TRADUIT — texte chinois conservé dans la ROM anglaise,high,corrigé d'après le chinois + naturalisé en français,oui,oui,,
D0094,MAIN:0x034A86,Dialogue en jeu,0x034A86,6224,dialogue_19_19,,Passe Bateau reçu !,得到船票,NON TRADUIT — texte chinois conservé dans la ROM anglaise,high,corrigé d'après le chinois + naturalisé en français,oui,oui,,
D0095,MAIN:0x034A90,Dialogue en jeu,0x034A90,6225,dialogue_19_19,,Eau Fraîche reçue !,得到矿泉水,NON TRADUIT — texte chinois conservé dans la ROM anglaise,high,corrigé d'après le chinois + naturalisé en français,oui,oui,,
D0096,MAIN:0x034A9C,Dialogue en jeu,0x034A9C,6226,dialogue_19_19,,Scope Sylphe reçu !,得到精灵眼镜,NON TRADUIT — texte chinois conservé dans la ROM anglaise,high,corrigé d'après le chinois + naturalisé en français,oui,oui,,
D0097,MAIN:0x034AAA,Dialogue en jeu,0x034AAA,6227,dialogue_19_19,,Poké Flûte reçue !,得到精灵笛,NON TRADUIT — texte chinois conservé dans la ROM anglaise,high,corrigé d'après le chinois + naturalisé en français,oui,oui,,
D0098,MAIN:0x034AB6,Dialogue en jeu,0x034AB6,6228,dialogue_19_19,,Dent d'Or reçue !,得到金牙,NON TRADUIT — texte chinois conservé dans la ROM anglaise,high,corrigé d'après le chinois + naturalisé en français,oui,oui,,
D0099,MAIN:0x034AC0,Dialogue en jeu,0x034AC0,6229,dialogue_19_19,,"Ticket Mystik
reçu !",得到梦幻船票,NON TRADUIT — texte chinois conservé dans la ROM anglaise,high,corrigé d'après le chinois + naturalisé en français,oui,oui,,
D0100,MAIN:0x034ACE,Dialogue en jeu,0x034ACE,6230,dialogue_19_19,CS01,CS01 : Coupe !,得到居合斩,NON TRADUIT — texte chinois conservé dans la ROM anglaise,high,corrigé d'après le chinois + naturalisé en français,oui,oui,,
D0101,MAIN:0x034ADA,Dialogue en jeu,0x034ADA,6231,dialogue_19_19,CS02,CS02 : Vol !,得到飞天术,NON TRADUIT — texte chinois conservé dans la ROM anglaise,high,corrigé d'après le chinois + naturalisé en français,oui,oui,,
D0102,MAIN:0x034C03,Dialogue en jeu,0x034C03,6232,dialogue_19_19,,Bienvenue !,欢迎!,NON TRADUIT — texte chinois conservé dans la ROM anglaise,high,corrigé d'après le chinois + naturalisé en français,oui,oui,,
D0103,MAIN:0x034C09,Dialogue en jeu,0x034C09,6233,dialogue_19_19,,"Bienvenue !
Au Centre Pokémon,
nous soignons tous
les Pokémon !",欢迎!到精灵中心可以恢复精灵的体力.,NON TRADUIT — texte chinois conservé dans la ROM anglaise,high,adapté d'après les dialogues officiels R/B/J (FR),oui,oui,,
D0104,MAIN:0x034C2D,Dialogue en jeu,0x034C2D,6239,dialogue_19_19,,"Merci !
Toute ton équipe
a la super pêche !
À bientôt !",您的精灵都精神了!!欢迎光临!!,NON TRADUIT — texte chinois conservé dans la ROM anglaise,high,adapté d'après les dialogues officiels R/B/J (FR),oui,oui,,
D0105,MAIN:0x034C4B,Dialogue en jeu,0x034C4B,6245,dialogue_19_19,,"Désolé, les combats
ne sont pas encore
disponibles ici...","对不起,因为机能所限这里暂时不能够对战...",NON TRADUIT — texte chinois conservé dans la ROM anglaise,high,corrigé d'après le chinois + naturalisé en français,oui,oui,,
D0106,MAIN:0x034C75,Dialogue en jeu,0x034C75,6250,dialogue_19_19,,"La machine de Troc
est aussi en panne.
Reviens plus tard.",交换机器也坏了...下次再来看看吧,NON TRADUIT — texte chinois conservé dans la ROM anglaise,high,corrigé d'après le chinois + naturalisé en français,oui,oui,,
D0107,MAIN:0x034C96,Dialogue en jeu,0x034C96,6255,dialogue_19_19,,"Salut !
Je peux t'aider ?",欢迎!买东西吗?,NON TRADUIT — texte chinois conservé dans la ROM anglaise,high,adapté d'après les dialogues officiels R/B/J (FR),oui,oui,,
D0108,MAIN:0x034CA6,Dialogue en jeu,0x034CA6,6257,dialogue_19_19,,"Merci !
À bientôt !",谢谢惠顾!!,NON TRADUIT — texte chinois conservé dans la ROM anglaise,high,adapté d'après les dialogues officiels R/B/J (FR),oui,oui,,
D0109,MAIN:0x034CB3,Dialogue en jeu,0x034CB3,5187,dialogue_19_19,,"Moi aussi, j'élève
des Pokémon forts.
Fini les brimades !",我也在养育精灵!变强的话就不会让人欺负,Technology's great!You can now store and recall items and Pok@mon as data via PC!,high,corrigé d'après le chinois + naturalisé en français,oui,oui,,
D0110,MAIN:0x034D08,Dialogue en jeu,0x034D08,5201,dialogue_19_19,,Poké Balls en vente au Magasin !,需要买抓精灵的精灵球时请到商店!,See those ledges? It's a bit scary but you can jump from them.,high,corrigé d'après le chinois + naturalisé en français,oui,oui,,
D0111,MAIN:0x034D3A,Dialogue en jeu,0x034D3A,5212,dialogue_19_19,,"Un Pokémon choyé
s'attachera à toi.",精灵好好培养的话会很亲近的,jump from them.,high,corrigé d'après le chinois + naturalisé en français,oui,oui,,
D0112,MAIN:0x034D4C,Dialogue en jeu,0x034D4C,5225,dialogue_19_19,,"Voler fait peur,
mais te ramène vite
à Bourg Palette.",在空中飞行有点害怕...但一下就能回到真新镇,"Hi! I work at the Pok@Mart. It's a convenient shop,youshould come and visit us.",high,corrigé d'après le chinois + naturalisé en français,oui,oui,,
D0113,MAIN:0x034DA2,Dialogue en jeu,0x034DA2,5355,dialogue_19_19,,"Chenipan n'est pas venimeux. Aspicot, si !","虫属性的精灵有两种类型,绿毛虫没有毒,独角虫有毒","Using Pok@balls,youcan carry and use Pok@mon any time, anywhere!",high,corrigé d'après le chinois + naturalisé en français,oui,oui,,
D0114,MAIN:0x034DE5,Dialogue en jeu,0x034DE5,5241,dialogue_19_19,,"Cette Arène Pokémon
reste fermée.
Qui est donc
le Champion ?",我从没见过这家道场的首领,"This GYM is always closed, I wonder who the Leader is?",high,adapté d'après les dialogues officiels R/B/J (FR),oui,oui,,
D0115,MAIN:0x034E1E,Dialogue en jeu,0x034E1E,5368,dialogue_19_19,,"Un os de dragon !
Je l'ai trouvé !","太好了,找到了龙骨",I like this museum.,high,corrigé d'après le chinois + naturalisé en français,oui,oui,,
D0116,MAIN:0x034E32,Dialogue en jeu,0x034E32,5369,dialogue_19_19,,Une Potion soigne les Pokémon épuisés.,"伤药很好,当精灵没有体力时可以使用",My Dad loves Pok@mon too.,high,corrigé d'après le chinois + naturalisé en français,oui,oui,,
D0117,MAIN:0x034E55,Dialogue en jeu,0x034E55,6258,dialogue_19_19,,"Rattata est petit,
mais ses crocs
sont redoutables !",小拉达很小但前牙很厉害,NON TRADUIT — texte chinois conservé dans la ROM anglaise,high,corrigé d'après le chinois + naturalisé en français,oui,oui,,
D0118,MAIN:0x034E6D,Dialogue en jeu,0x034E6D,6263,dialogue_19_19,,"La Forêt de Jade
est un vrai
labyrinthe.
Sois prudent !","常青森林是天然的迷宫,小心啊",NON TRADUIT — texte chinois conservé dans la ROM anglaise,high,corrigé d'après le chinois + naturalisé en français,oui,oui,,
D0119,MAIN:0x034E8B,Dialogue en jeu,0x034E8B,5248,dialogue_19_19,,"La capacité Coupe
tranche ces arbres.",道路上经常会有小树吧?用精灵的技能可以砍断的,The HM Flash lightseven the darkest caves.,high,corrigé d'après le chinois + naturalisé en français,oui,oui,,
D0120,MAIN:0x034EB8,Dialogue en jeu,0x034EB8,6268,dialogue_19_19,,"Certains Pokémon
vivent seulement
dans les forêts
ou les grottes.
Explore partout
pour les trouver !",有的精灵只在森林或者洞穴生活要得到更多的精灵就要多走走,NON TRADUIT — texte chinois conservé dans la ROM anglaise,high,corrigé d'après le chinois + naturalisé en français,oui,oui,,
D0121,MAIN:0x034EEF,Dialogue en jeu,0x034EEF,6273,dialogue_19_19,,"Cette grotte est
très sombre.
Avec Flash,
un Pokémon peut
l'éclairer.","说起石山矿野很黑的,精灵用闪光术能看清吧",NON TRADUIT — texte chinois conservé dans la ROM anglaise,high,corrigé d'après le chinois + naturalisé en français,oui,oui,,
D0122,MAIN:0x034F18,Dialogue en jeu,0x034F18,5386,dialogue_19_19,,"Ah... Ces machines
sont captivantes...",啊...游戏机很让人着迷啊...,Poliwrath is my best friend!,high,corrigé d'après le chinois + naturalisé en français,oui,oui,,
D0123,MAIN:0x034F38,Dialogue en jeu,0x034F38,5257,dialogue_19_19,,"Les Scouts d'ici
sont forts.
Mais Pierre est
redoutable !",尼比市的捉虫少年和道馆的小刚不一样!!,Did you check out the Museum?,high,adapté d'après les dialogues officiels R/B/J (FR),oui,oui,,
D0124,MAIN:0x034F66,Dialogue en jeu,0x034F66,4207,dialogue_19_19,,"Pas de Pokémon
sauvage au jardin !",不要让野生的精灵进入花坛,Welcome to Pewter City.,high,corrigé d'après le chinois + naturalisé en français,oui,oui,,
D0125,MAIN:0x034F7F,Dialogue en jeu,0x034F7F,4217,dialogue_19_19,,"Ce Pokémon, je l'ai eu par échange.",我的精灵是和别人交换的,This road leads to Route 3.,high,corrigé d'après le chinois + naturalisé en français,oui,oui,,
D0126,MAIN:0x034F9B,Dialogue en jeu,0x034F9B,4222,dialogue_19_19,,"Certains Pokémon
n'obéissent pas...
Un Badge aiderait !",有些精灵不听话...要是有徽章的话!,I heard Team Rocketis at Mt.Moon!,high,corrigé d'après le chinois + naturalisé en français,oui,oui,,
D0127,MAIN:0x034FBD,Dialogue en jeu,0x034FBD,4229,dialogue_19_19,,L'enfant paie 50 $. Tu veux visiter ?,"小孩子需要50元,参观吗?",Tickets are 50$.,high,adapté d'après les dialogues officiels R/B/J (FR),oui,oui,,
D0128,MAIN:0x034FCE,Dialogue en jeu,0x034FCE,4234,dialogue_19_19,,50 $ reçus. Merci !,"好的,50元收下了!",Enjoy your visit!,high,adapté d'après les dialogues officiels R/B/J (FR),oui,oui,,
D0129,MAIN:0x034FE0,Dialogue en jeu,0x034FE0,6280,dialogue_19_19,,À bientôt !,再来啊,NON TRADUIT — texte chinois conservé dans la ROM anglaise,high,adapté d'après les dialogues officiels R/B/J (FR),oui,oui,,
D0130,MAIN:0x034FE7,Dialogue en jeu,0x034FE7,4235,dialogue_19_19,,"Ce mois-ci, on part dans l'espace !",这个月要去宇宙中,Team Rocket is always in the news!,high,corrigé d'après le chinois + naturalisé en français,oui,oui,,
D0131,MAIN:0x03500E,Dialogue en jeu,0x03500E,4236,dialogue_19_19,,Trop de Pokémon ? Envoie-les au PC.,当精灵抓到很多带不了时使用电脑通信存放好,You can carry six Pok@mon at the most,high,corrigé d'après le chinois + naturalisé en français,oui,oui,,
D0132,MAIN:0x035035,Dialogue en jeu,0x035035,4241,dialogue_19_19,,"Tu peux voyager
avec six Pokémon.",能带着的精灵是六只,See ya around kid!,high,corrigé d'après le chinois + naturalisé en français,oui,oui,,
D0133,MAIN:0x035048,Dialogue en jeu,0x035048,4247,dialogue_19_19,,"J'entends souvent
d'étranges bruits.",我很害怕...我经常在这里听到奇怪的声音,Only the Pok@mon champion is allowedin here!,high,corrigé d'après le chinois + naturalisé en français,oui,oui,,
D0134,MAIN:0x035077,Dialogue en jeu,0x035077,6281,dialogue_19_19,,"Ces pauvres gens
ont été volés.
L'odieuse
Team Rocket
est derrière tout
ça. Même la police
a du mal à lutter !","太不幸了,这家人被偷了!是火箭队干的!即使是警察也拿火箭队没办法!",NON TRADUIT — texte chinois conservé dans la ROM anglaise,high,adapté d'après les dialogues officiels R/B/J (FR),oui,oui,,
D0135,MAIN:0x0350BD,Dialogue en jeu,0x0350BD,4257,dialogue_19_19,,"Toi aussi, tu as des Pokémon ? Entraîne-les bien !",你也有精灵吗!好好磨练吧!,Welcome to Ceruleancity!,high,corrigé d'après le chinois + naturalisé en français,oui,oui,,
D0136,MAIN:0x0350D6,Dialogue en jeu,0x0350D6,5292,dialogue_19_19,,Tu veux compléter ton Pokédex ? Génial !,啊...!在完成精灵图鉴吗?太好了,Girl:The life of a trainer is tough isn't it?,high,corrigé d'après le chinois + naturalisé en français,oui,oui,,
D0137,MAIN:0x035106,Dialogue en jeu,0x035106,4262,dialogue_19_19,,"Rouler à vélo, c'est un vrai plaisir !",你好!骑自行车的心情你知道吗?,I care for injured Pok@mon.,high,corrigé d'après le chinois + naturalisé en français,oui,oui,,
D0138,MAIN:0x035122,Dialogue en jeu,0x035122,6294,dialogue_19_19,,Mon vélo est magnifique !,我的自行车很漂亮哦,NON TRADUIT — texte chinois conservé dans la ROM anglaise,high,corrigé d'après le chinois + naturalisé en français,oui,oui,,
D0139,MAIN:0x03513A,Dialogue en jeu,0x03513A,4267,dialogue_19_19,,"La Team Rocket fait
creuser les Pokémon
pour une raison...
Pas nette !",火箭队让精灵挖洞一定有什么事!,Why would they do this!?,high,corrigé d'après le chinois + naturalisé en français,oui,oui,,
D0140,MAIN:0x035154,Dialogue en jeu,0x035154,5298,dialogue_19_19,,"Sans l'objet volé, il faudra tout abandonner...",找不到被偷的东西就只有放弃了,"Those miserable Rockets! They stoleour ""Dig"" TM!",high,corrigé d'après le chinois + naturalisé en français,oui,oui,,
D0141,MAIN:0x035188,Dialogue en jeu,0x035188,6299,dialogue_19_19,,"Pff... Rien de neuf
ces temps-ci...",哎...最近没有发生什么事情...,NON TRADUIT — texte chinois conservé dans la ROM anglaise,high,corrigé d'après le chinois + naturalisé en français,oui,oui,,
D0142,MAIN:0x0351AC,Dialogue en jeu,0x0351AC,6304,dialogue_19_19,,"Je n'arrive pas
à bien élever
mon Bulbizarre...",我老是培育不好我的妙娃种子...,NON TRADUIT — texte chinois conservé dans la ROM anglaise,high,corrigé d'après le chinois + naturalisé en français,oui,oui,,
D0143,MAIN:0x0351CB,Dialogue en jeu,0x0351CB,6313,dialogue_19_19,,"Fais évoluer
tes Pokémon :
le Pokédex avance !",让精灵进化图鉴可以增加...,NON TRADUIT — texte chinois conservé dans la ROM anglaise,high,corrigé d'après le chinois + naturalisé en français,oui,oui,,
D0144,MAIN:0x0351E6,Dialogue en jeu,0x0351E6,6318,dialogue_19_19,,"Des Pokémon Spectre
seraient apparus
à Lavanville...",听说紫苑镇出现过幽灵精灵呢...,NON TRADUIT — texte chinois conservé dans la ROM anglaise,high,corrigé d'après le chinois + naturalisé en français,oui,oui,,
D0145,MAIN:0x035206,Dialogue en jeu,0x035206,5264,dialogue_19_19,,"À Lavanville,
la Tour Pokémon
est un cimetière.","这里是精灵的墓地,有名的城镇...精灵死的时候都会带到精灵塔",Pok@mon spirits have been seen in the Pok@mon Tower.,high,adapté d'après les dialogues officiels R/B/J (FR),oui,oui,,
D0146,MAIN:0x03523F,Dialogue en jeu,0x03523F,5284,dialogue_19_19,,"Des spectres rôdent
à la Tour Pokémon.
Ce sont sûrement
des Pokémon tués
par la Team Rocket.",最近幽灵塔里好象出现幽灵...好像是被火箭队杀害的精灵的幽灵...,I think they are spirits of Pok@mon the Rockets killed.,high,adapté d'après les dialogues officiels R/B/J (FR),oui,oui,,
D0147,MAIN:0x035279,Dialogue en jeu,0x035279,4277,dialogue_19_19,,"Tu crois vraiment
aux spectres ?",你相信有幽灵的存在吗?,Do you believe in Ghosts?,high,adapté d'après les dialogues officiels R/B/J (FR),oui,oui,,
D0148,MAIN:0x035294,Dialogue en jeu,0x035294,4281,dialogue_19_19,,Jamais je ne pardonnerai à la Team Rocket d'avoir tué la mère d'Osselait !,我无法原谅火箭队!他们把逃亡中可拉可拉的妈妈抓了并杀害了!,May the souls of Pok@mon rest easy.,high,corrigé d'après le chinois + naturalisé en français,oui,oui,,
D0149,MAIN:0x0352BA,Dialogue en jeu,0x0352BA,4282,dialogue_19_19,,"La ville est
en état de siège !",现在戒严中!!,Get out of the way!,high,corrigé d'après le chinois + naturalisé en français,oui,oui,,
D0150,MAIN:0x0352CE,Dialogue en jeu,0x0352CE,6323,dialogue_19_19,,"La Tour Pokémon
abrite beaucoup
de Spectres.",精灵塔有很多幽灵居住,NON TRADUIT — texte chinois conservé dans la ROM anglaise,high,corrigé d'après le chinois + naturalisé en français,oui,oui,,
D0151,MAIN:0x0352E4,Dialogue en jeu,0x0352E4,6328,dialogue_19_19,,"Ici reposent
les Pokémon.
La Tour est un lieu
de recueillement.",这个紫苑镇最有名的塔也是宠物精灵的墓园...人们将死亡的精灵带到这幽灵塔来祈求冥福,NON TRADUIT — texte chinois conservé dans la ROM anglaise,high,adapté d'après les dialogues officiels R/B/J (FR),oui,oui,,
D0152,MAIN:0x035335,Dialogue en jeu,0x035335,6338,dialogue_19_19,,"M. Fuji peut
apaiser l'âme
d'Osselait.",吉野老人可以安慰可拉可拉的灵魂,NON TRADUIT — texte chinois conservé dans la ROM anglaise,high,corrigé d'après le chinois + naturalisé en français,oui,oui,,
D0153,MAIN:0x035355,Dialogue en jeu,0x035355,4283,dialogue_19_19,,"La Team Rocket...
Quels sales types !",这些火箭队的人太可恶了...,Silph Co. is very famous.,high,corrigé d'après le chinois + naturalisé en français,oui,oui,,
D0154,MAIN:0x035370,Dialogue en jeu,0x035370,4284,dialogue_19_19,,Tu vas défier la Team Rocket ? Bravo !,你要对抗火箭队?真了不起,The Rockets just came and took over!,high,corrigé d'après le chinois + naturalisé en français,oui,oui,,
D0155,MAIN:0x035397,Dialogue en jeu,0x035397,4285,dialogue_19_19,,J'ai vu le chef de la Team Rocket entrer ici...,我看见了火箭队的老大进了大厦...,There's two gyms inthis city.,high,corrigé d'après le chinois + naturalisé en français,oui,oui,,
D0156,MAIN:0x0353B5,Dialogue en jeu,0x0353B5,4294,dialogue_19_19,,"Je t'admire !
Je suis avec toi !","我很崇拜你,我会为你加油的!",That group needs tobe stopped.,high,corrigé d'après le chinois + naturalisé en français,oui,oui,,
D0157,MAIN:0x0353D4,Dialogue en jeu,0x0353D4,4302,dialogue_19_19,,J'ai vu ton combat. T'es très fort !,"我看过你的对战,你很厉害啊",I lost my money betting!,high,corrigé d'après le chinois + naturalisé en français,oui,oui,,
D0158,MAIN:0x0353F0,Dialogue en jeu,0x0353F0,4303,dialogue_19_19,,"Kameiyu, de Nanjing Tech, aurait des Pokémon légendaires...",你听过南晶开发部的卡美优吗?听说他的精灵都是神兽级别的哦...,They must have targeted Silph Co. for their Pok@mon products.,high,corrigé d'après le chinois + naturalisé en français,oui,oui,,
D0159,MAIN:0x035433,Dialogue en jeu,0x035433,4308,dialogue_19_19,,"Bienvenue !
Échange tes jetons
contre un prix.
Sans Boîte Jeton...","欢迎!通过游戏积累硬币能得到喜欢的奖品,不过你好像没有硬币盒哦...",Welcome! You can exchange coins for prizes next door.,high,corrigé d'après le chinois + naturalisé en français,oui,oui,,
D0160,MAIN:0x03546D,Dialogue en jeu,0x03546D,4324,dialogue_19_19,,"J'adore jouer !
Le temps file...",我太喜欢游戏了!都忘记时间了...,I'm having a great time!,high,corrigé d'après le chinois + naturalisé en français,oui,oui,,
D0161,MAIN:0x035486,Dialogue en jeu,0x035486,4328,dialogue_19_19,,"Pas de Boîte Jeton.
Pas de jeu.","你也想玩吗?不行,你没有硬币盒",A man was guarding that poster there,high,corrigé d'après le chinois + naturalisé en français,oui,oui,,
D0162,MAIN:0x0354AB,Dialogue en jeu,0x0354AB,6343,dialogue_19_19,,"Échange tes jetons
contre des Pokémon.
Sans Boîte Jeton,
impossible !","您可以用赢得的硬币盒换取精灵哦...不行,你没有硬币盒...",NON TRADUIT — texte chinois conservé dans la ROM anglaise,high,corrigé d'après le chinois + naturalisé en français,oui,oui,,
D0163,MAIN:0x0354E1,Dialogue en jeu,0x0354E1,4338,dialogue_19_19,,"Où est passé
ce type ?",那家伙怎么消失了呢?!,Where'd that persongo?,high,corrigé d'après le chinois + naturalisé en français,oui,oui,,
D0164,MAIN:0x035500,Dialogue en jeu,0x035500,4343,dialogue_19_19,,"Quand mes Pokémon faiblissent, j'achète des soins.",我的精灵没有体力时就到商店买药给他,My Pok@mon keep me company.,high,corrigé d'après le chinois + naturalisé en français,oui,oui,,
D0165,MAIN:0x03551C,Dialogue en jeu,0x03551C,4344,dialogue_19_19,,Tiens... Il y aurait un sous-sol sous le Casino.,啊...游戏厅的下面好像有地下室,I got my Koffing inCinnabar!,high,corrigé d'après le chinois + naturalisé en français,oui,oui,,
D0166,MAIN:0x035539,Dialogue en jeu,0x035539,6349,dialogue_19_19,,Quel bel endroit !,这里真是漂亮的地方啊,NON TRADUIT — texte chinois conservé dans la ROM anglaise,high,corrigé d'après le chinois + naturalisé en français,oui,oui,,
D0167,MAIN:0x035556,Dialogue en jeu,0x035556,4353,dialogue_19_19,,"Encore une victoire
aujourd'hui...
Ha ha !",我今天又胜了...哈哈,Thanks again kid!,high,corrigé d'après le chinois + naturalisé en français,oui,oui,,
D0168,MAIN:0x03556A,Dialogue en jeu,0x03556A,4358,dialogue_19_19,,Je bâtissais ici quand des Pokémon m'ont attaqué !,"我想在这里盖大楼,但被精灵袭击了",We're careful aboutpollution!,high,corrigé d'après le chinois + naturalisé en français,oui,oui,,
D0169,MAIN:0x035588,Dialogue en jeu,0x035588,4363,dialogue_19_19,,"Selon la rumeur,
le Conseil des 4
du Plateau Indigo
est redoutable.",听说石英高原的四天王很厉害,Have you met Bill?,high,corrigé d'après le chinois + naturalisé en français,oui,oui,,
D0170,MAIN:0x03559C,Dialogue en jeu,0x03559C,4373,dialogue_19_19,,"Le Président
n'en finit plus
quand il parle
de Pokémon...",会长说起精灵来就没完没了啊...,I just adore my Seel!,high,corrigé d'après le chinois + naturalisé en français,oui,oui,,
D0171,MAIN:0x0355B7,Dialogue en jeu,0x0355B7,4378,dialogue_19_19,,"Tadmorv vient
de la boue marine.
Tu le savais ?",你知道吗?臭泥是从海里的污泥出生的呢...,Hmph! My Pikachu isbetter than yours!,high,corrigé d'après le chinois + naturalisé en français,oui,oui,,
D0172,MAIN:0x0355DD,Dialogue en jeu,0x0355DD,4393,dialogue_19_19,,"Le Parc Safari
abrite des Pokémon
très spéciaux !",狩猎区内有很多特别的精灵哟,"The Warden is old, but still active!",high,corrigé d'après le chinois + naturalisé en français,oui,oui,,
D0173,MAIN:0x035615,Dialogue en jeu,0x035615,4400,dialogue_19_19,,"Où est encore passé
mon Roucool ?","奇怪,我的波波不知又飞到什么地方去了",Did you see the ship out there?,high,corrigé d'après le chinois + naturalisé en français,oui,oui,,
D0174,MAIN:0x035638,Dialogue en jeu,0x035638,4401,dialogue_19_19,,Un Pokémon légendaire serait au Parc Safari...,据说狩猎区有人曾经见过传说中的精灵呢...,You should raise your Pok@mon evenly,high,corrigé d'après le chinois + naturalisé en français,oui,oui,,
D0175,MAIN:0x03565F,Dialogue en jeu,0x03565F,4407,dialogue_19_19,,Tu regardes la TV ?,你有经常看电视吗?,The Warden knows a lot about Pok@mon!,high,corrigé d'après le chinois + naturalisé en français,oui,oui,,
D0176,MAIN:0x035685,Dialogue en jeu,0x035685,4410,dialogue_19_19,,"Combien d'espèces
de Pokémon vivent
dans ce monde ?",这个世上有多少种精灵呢?,I couldn't under- stand the warden.,high,corrigé d'après le chinois + naturalisé en français,oui,oui,,
D0177,MAIN:0x0356AA,Dialogue en jeu,0x0356AA,4415,dialogue_19_19,,"Défier l'Arène ?
Alors, abandonne.",你想要打败这个训练道馆啊...还是放弃吧,"We nicknamed the Warden, Slowpoke.",high,corrigé d'après le chinois + naturalisé en français,oui,oui,,
D0178,MAIN:0x0356CF,Dialogue en jeu,0x0356CF,4421,dialogue_19_19,,Le vieux maître du dojo est redoutable !,道场的老头很厉害,The Safari Zone hasrare Pok@mon.,high,corrigé d'après le chinois + naturalisé en français,oui,oui,,
D0179,MAIN:0x0356F2,Dialogue en jeu,0x0356F2,4422,dialogue_19_19,,Surpris ? Cela fait des années qu'on vit ici !,"想不到吧,我们在这个小岛生活了好多年呢",Scientists conduct experiments in thathouse.,high,corrigé d'après le chinois + naturalisé en français,oui,oui,,
D0180,MAIN:0x03571F,Dialogue en jeu,0x03571F,4431,dialogue_19_19,,"Aujourd'hui,
je suis à plat...
Trop fatigué...",今天好虚啊...太累了...,Blaine's an odd man,high,corrigé d'après le chinois + naturalisé en français,oui,oui,,
D0181,MAIN:0x035733,Dialogue en jeu,0x035733,4438,dialogue_19_19,,L'Eau est fatale aux Pokémon Feu !,火系精灵碰上水系就惨了!,You can stop evolu-tion by Pushing B.,high,corrigé d'après le chinois + naturalisé en français,oui,oui,,
D0182,MAIN:0x035759,Dialogue en jeu,0x035759,4443,dialogue_19_19,,"Un Pokémon rare ?
Sois le bienvenu !",欢迎带着珍贵精灵的客人来这里,We study Pok@mon fossils in this lab,high,corrigé d'après le chinois + naturalisé en français,oui,oui,,
D0183,MAIN:0x035780,Dialogue en jeu,0x035780,4455,dialogue_19_19,,"Mon fossile revit !
Du Mont Sélénite !",我曾经在月见山找到的化石居然在这里复活了!!,Eevee can evolve to1 of 3 Pok@mon.,high,corrigé d'après le chinois + naturalisé en français,oui,oui,,
D0184,MAIN:0x0357A3,Dialogue en jeu,0x0357A3,4470,dialogue_19_19,,"La technologie
a fait des progrès
incroyables !",现在的技术真的很先进呢,People bring us Pok@mon to examine.,high,corrigé d'après le chinois + naturalisé en français,oui,oui,,
D0185,MAIN:0x0357C7,Dialogue en jeu,0x0357C7,4475,dialogue_19_19,,"Évoli aurait plus
de trois formes
d'évolution...","对了,伊布能进化的形态据说不只三种呢...",Dr.Fuji founded ourlab.,high,corrigé d'après le chinois + naturalisé en français,oui,oui,,
D0186,MAIN:0x0357DF,Dialogue en jeu,0x0357DF,4486,dialogue_19_19,,"Salut, futur Champion... Bonne chance !","你好,未来的冠军...祝你好运!",Let me know if you find another fossil,high,corrigé d'après le chinois + naturalisé en français,oui,oui,,
D0187,MAIN:0x035806,Dialogue en jeu,0x035806,4489,dialogue_19_19,,"Le Conseil des 4
est redoutable.
Sois prudent...","四天王都很厉害,你要小心啊...",Victory Road sure was tough!,high,corrigé d'après le chinois + naturalisé en français,oui,oui,,
D0188,MAIN:0x035824,Dialogue en jeu,0x035824,4496,dialogue_19_19,,"Le type Dragon est
redoutable.
Ses points faibles
sont très rares.",龙系的精灵很强...没有什么弱点...,This is the final challenge!,high,corrigé d'après le chinois + naturalisé en français,oui,oui,,
D0189,MAIN:0x03584D,Dialogue en jeu,0x03584D,4506,dialogue_19_19,,"Bats-le et avance.
Bonne chance !","如果胜利的话,就可以进入下一个房间,加油啊","If you lose, you have to start over.",high,corrigé d'après le chinois + naturalisé en français,oui,oui,,
D0190,MAIN:0x035874,Dialogue en jeu,0x035874,4516,dialogue_19_19,,"Mon grand-père
voudrait échanger
des Pokémon.",家里的爷爷想要交换精灵,Bill has lots of Pok@mon!,high,corrigé d'après le chinois + naturalisé en français,oui,oui,,
D0191,MAIN:0x0358AD,Dialogue en jeu,0x0358AD,4521,dialogue_19_19,,Un interrupteur s'est activé !,触动了一个开关!,Hit the button!,high,corrigé d'après le chinois + naturalisé en français,oui,oui,,
D0192,MAIN:0x0358BD,Dialogue en jeu,0x0358BD,4526,dialogue_19_19,,"Ce beau fossile,
tu n'en veux pas ?!",这么好的化石不要嘛?!,Go ahead and choose,high,corrigé d'après le chinois + naturalisé en français,oui,oui,,
D0193,MAIN:0x0358D2,Dialogue en jeu,0x0358D2,6350,dialogue_19_19,,"Selon le Dresseur, les Pokémon servent le bien ou le mal !","使用怪兽的人不同,结果就有好有坏!",NON TRADUIT — texte chinois conservé dans la ROM anglaise,high,adapté d'après les dialogues officiels R/B/J (FR),oui,oui,,
D0194,MAIN:0x0358F6,Dialogue en jeu,0x0358F6,4536,dialogue_19_19,,"Certains exploitent
leurs Pokémon.
Les pires ?
La Team Rocket !","世上有很多人用怪兽作恶,那些混蛋就是火箭团!",No! Super Potions are all sold out!,high,corrigé d'après le chinois + naturalisé en français,oui,oui,,
D0195,MAIN:0x03591B,Dialogue en jeu,0x03591B,4542,dialogue_19_19,,"Tout est trop cher.
Personne ne réagit.","物价太高了,也没人出来管一管,唉!",This shop has many Antidotes.,high,corrigé d'après le chinois + naturalisé en français,oui,oui,,
D0196,MAIN:0x035939,Dialogue en jeu,0x035939,4548,dialogue_19_19,,"À niveau égal,
leur force diffère.",即使相同等级的怪兽强度也不一样.,There's a Pok@mon Center in every town ahead.,high,corrigé d'après le chinois + naturalisé en français,oui,oui,,
D0197,MAIN:0x03596B,Dialogue en jeu,0x03596B,4560,dialogue_19_19,,Le niveau rend plus fort. Chaque type a ses faiblesses.,"等级越高怪兽越强,但怪兽根据类型也有不擅长作战的对手......",Pok@mon Centers heal your injured Pok@mon for free.,high,corrigé d'après le chinois + naturalisé en français,oui,oui,,
D0198,MAIN:0x0359A3,Dialogue en jeu,0x0359A3,4573,dialogue_19_19,,"Ticket Mystik
reçu !",得到梦幻船票,Got Navel Rock Pass,high,corrigé d'après le chinois + naturalisé en français,oui,oui,,
D0199,MAIN:0x0359B7,Dialogue en jeu,0x0359B7,6357,dialogue_19_19,,"Un Pokémon surgit
parfois des herbes,
sans prévenir.",不知什么时候草丛里会突然窜出精灵呢,NON TRADUIT — texte chinois conservé dans la ROM anglaise,high,corrigé d'après le chinois + naturalisé en français,oui,oui,,
D0200,MAIN:0x0359DE,Dialogue en jeu,0x0359DE,6362,dialogue_19_19,,"Dans les grandes
villes, tu verras
d'excellents
Dresseurs.",到大城市里去会认识很多优秀的训练师,NON TRADUIT — texte chinois conservé dans la ROM anglaise,high,corrigé d'après le chinois + naturalisé en français,oui,oui,,
D0201,MAIN:0x035A02,Dialogue en jeu,0x035A02,6367,dialogue_19_19,,"Tu es déjà allé
à Safrania ?
Ses immeubles
seraient immenses !","你去过金黄市吗,听说那里有很高的大楼",NON TRADUIT — texte chinois conservé dans la ROM anglaise,high,corrigé d'après le chinois + naturalisé en français,oui,oui,,
D0202,MAIN:0x035A27,Dialogue en jeu,0x035A27,6372,dialogue_19_19,,"J'aimerais avoir
un Pokémon
légendaire...
Où en trouver ?","我也想拥有传说中的精灵,可是到底哪儿才有传说中的精灵呢?",NON TRADUIT — texte chinois conservé dans la ROM anglaise,high,corrigé d'après le chinois + naturalisé en français,oui,oui,,
D0203,MAIN:0x035A5F,Dialogue en jeu,0x035A5F,6377,dialogue_19_19,,"Tu débutes, non ?
Surveille toujours
l'état de l'équipe.",看你的能力一定是训练师新手吧.告诉你要时刻关心自己的精灵状态哦!,NON TRADUIT — texte chinois conservé dans la ROM anglaise,high,corrigé d'après le chinois + naturalisé en français,oui,oui,,
D0204,MAIN:0x035A9F,Dialogue en jeu,0x035A9F,6386,dialogue_19_19,,"Grâce à Vol,
un Pokémon t'emmène
au loin.",有飞行系的精灵就能带我飞向远方的城市了...,NON TRADUIT — texte chinois conservé dans la ROM anglaise,high,corrigé d'après le chinois + naturalisé en français,oui,oui,,
D0205,MAIN:0x035ACA,Dialogue en jeu,0x035ACA,6391,dialogue_19_19,,"Il fait beau
aujourd'hui !",今天是个好天气,NON TRADUIT — texte chinois conservé dans la ROM anglaise,high,corrigé d'après le chinois + naturalisé en français,oui,oui,,
D0206,MAIN:0x035ADA,Dialogue en jeu,0x035ADA,6396,dialogue_19_19,,"Je suis ravie !
Entre nous...
je suis amoureuse !","心情不错,偷偷告诉你我恋爱了!",NON TRADUIT — texte chinois conservé dans la ROM anglaise,high,corrigé d'après le chinois + naturalisé en français,oui,oui,,
D0207,MAIN:0x035AF8,Dialogue en jeu,0x035AF8,6403,dialogue_19_19,,"La mer est immense.
Avec Surf,
traverse-la !","大海很宽阔啊,如果会冲浪术的话就能横渡大海了",NON TRADUIT — texte chinois conservé dans la ROM anglaise,high,corrigé d'après le chinois + naturalisé en français,oui,oui,,
D0208,MAIN:0x035B25,Dialogue en jeu,0x035B25,6408,dialogue_19_19,,"Tu connais
l'Océane,
à Carmin sur Mer ?
Ce paquebot de luxe
accueille de riches
Dresseurs.",你听过吗?在枯叶市上的铁达尼号上都是有钱的训练师呢,NON TRADUIT — texte chinois conservé dans la ROM anglaise,high,corrigé d'après le chinois + naturalisé en français,oui,oui,,
D0209,MAIN:0x035B58,Dialogue en jeu,0x035B58,6413,dialogue_19_19,,"La nuit,
on peut parfois
voir des Mélofée
au Mont Sélénite.",在月见山上的晚上偶尔会有皮皮出现呢,NON TRADUIT — texte chinois conservé dans la ROM anglaise,high,corrigé d'après le chinois + naturalisé en français,oui,oui,,
D0210,MAIN:0x035B7C,Dialogue en jeu,0x035B7C,6423,dialogue_19_19,,"Tu connais Hoenn ?
Je m'y entraînais
dans ma jeunesse.",宝石大陆你知道吗?我年轻时就是在宝石大陆修行呢,NON TRADUIT — texte chinois conservé dans la ROM anglaise,high,corrigé d'après le chinois + naturalisé en français,oui,oui,,
D0211,MAIN:0x035BAB,Dialogue en jeu,0x035BAB,6432,dialogue_19_19,,"Quand un Pokémon
a peu de PV,
utilise vite
une Potion !",在精灵体力低下的时候要赶紧使用伤药,NON TRADUIT — texte chinois conservé dans la ROM anglaise,high,corrigé d'après le chinois + naturalisé en français,oui,oui,,
D0212,MAIN:0x035BCF,Dialogue en jeu,0x035BCF,6437,dialogue_19_19,,"Je ne sais pas
bien m'occuper
des Pokémon.
Il me reste tant
à apprendre !","我不明白怎么照顾精灵,要加紧学习呢",NON TRADUIT — texte chinois conservé dans la ROM anglaise,high,corrigé d'après le chinois + naturalisé en français,oui,oui,,
D0213,MAIN:0x035BF2,Dialogue en jeu,0x035BF2,4574,dialogue_19_19,,"Mes Pokémon
n'obéissent pas...
Un Badge aiderait !","我的精灵老是不听我的话,如果有徽章就好了",I can't enter the city!,high,corrigé d'après le chinois + naturalisé en français,oui,oui,,
D0214,MAIN:0x035C0B,Dialogue en jeu,0x035C0B,6448,dialogue_19_19,,"Le Conseil des 4
réunit l'élite
des Dresseurs
de la région.
Il siège
au Plateau Indigo.",在这个地区最强的训练师是石英高原的四大天王,NON TRADUIT — texte chinois conservé dans la ROM anglaise,high,corrigé d'après le chinois + naturalisé en français,oui,oui,,
D0215,MAIN:0x035C48,Dialogue en jeu,0x035C48,4585,dialogue_19_19,,J'aimerais avoir un Pokémon aussi obéissant !,如果我有只像你的精灵这样听话的精灵就好了,Do you want to see my Pok@mon?,high,corrigé d'après le chinois + naturalisé en français,oui,oui,,
D0216,MAIN:0x035C67,Dialogue en jeu,0x035C67,6462,dialogue_19_19,,"J'ai soif...
Qui a de l'eau
pour moi ?",我想喝水...谁给我水?,NON TRADUIT — texte chinois conservé dans la ROM anglaise,high,corrigé d'après le chinois + naturalisé en français,oui,oui,,
D0217,MAIN:0x035C87,Dialogue en jeu,0x035C87,6471,dialogue_19_19,,"Ne bouge pas !
Je l'ai déjà dit...
Tu bouges encore ?!",别动!叫你别动你还动?,NON TRADUIT — texte chinois conservé dans la ROM anglaise,high,corrigé d'après le chinois + naturalisé en français,oui,oui,,
D0218,MAIN:0x035C9D,Dialogue en jeu,0x035C9D,6482,dialogue_19_19,,"À te voir,
tu dois être
un sacré Dresseur !",看你的样子一定是个了不起的训练师吧,NON TRADUIT — texte chinois conservé dans la ROM anglaise,high,corrigé d'après le chinois + naturalisé en français,oui,oui,,
D0219,MAIN:0x035CC1,Dialogue en jeu,0x035CC1,4590,dialogue_19_19,,"C'est étrange...
Plus personne
ne fait de vélo,
aujourd'hui !","不知道怎么回事,现在的人都不骑自行车了!","Welcome! 1 bike forjust 1,000,000$!",high,corrigé d'après le chinois + naturalisé en français,oui,oui,,
D0220,MAIN:0x035D0E,Dialogue en jeu,0x035D0E,4602,dialogue_19_19,,Je sens une force mystérieuse...,感觉到有一种神秘的力量.....,Ash's Pok@mon are fully healed!,high,corrigé d'après le chinois + naturalisé en français,oui,oui,,
D0221,MAIN:0x035D2F,Dialogue en jeu,0x035D2F,4603,dialogue_19_19,,"Une serrure
codée...",竟然是一把密码锁...,The door's locked!,high,corrigé d'après le chinois + naturalisé en français,oui,oui,,
D0222,MAIN:0x035D42,Dialogue en jeu,0x035D42,4613,dialogue_19_19,,Mot de passe obtenu !,得到一个密码,Found Key to Gym!,high,corrigé d'après le chinois + naturalisé en français,oui,oui,,
D0223,MAIN:0x035D54,Dialogue en jeu,0x035D54,4614,dialogue_19_19,,Un mécanisme vient de s'activer...,触动了一个机关...,Opened the door!,high,corrigé d'après le chinois + naturalisé en français,oui,oui,,
D0224,MAIN:0x035D65,Dialogue en jeu,0x035D65,4615,dialogue_19_19,,"Il te manque
quelques Badges.
Obtiens-les tous,
puis reviens !","你的徽章还没收集齐,还是请回吧!",You don't have all Eight Badges.,high,corrigé d'après le chinois + naturalisé en français,oui,oui,,
D0225,MAIN:0x035D9B,Dialogue en jeu,0x035D9B,210,dialogue_19_19,,Visiter  Partir,参观    走人,Buy Leave,high,corrigé d'après le chinois + naturalisé en français,oui,oui,,
D0226,MAIN:0x035DAC,Dialogue en jeu,0x035DAC,4621,dialogue_19_19,,"Désolé, tu n'as pas
assez d'argent !","对不起,你的钱不够!",Not enough money.,high,corrigé d'après le chinois + naturalisé en français,oui,oui,,
D0227,MAIN:0x035DCC,Introduction,0x035DCC,228,dialogue_intro_17_19,,"Ce monde abrite
des créatures
appelées Pokémon !
Certains en font
des compagnons.
D'autres les font
combattre.
Moi, je les étudie.","这生物被视为宠物,或使用于对战等等.而我是研究这宠物精灵的!","This world is inhabited by creatures called Pok@mon! For some people, Pok@mon are pets.Others use them for fights. Myself...I study Pok@mon as a profession.",high,introduction + adapté d'après les dialogues officiels R/B/J (FR),oui,oui,,
D0228,MAIN:0x035E82,Introduction,0x035E82,234,dialogue_intro_17_19,,"SACHA !
Ta quête Pokémon
va commencer !
Un monde de rêves
et d'aventures
t'attend !","小智,一个将属于你的故事,梦想即将开始!",ASH! Your very own Pok@mon legend is about to unfold! A world of dreams & adventureswith Pok@mon awaits! Let's go!,high,introduction + adapté d'après les dialogues officiels R/B/J (FR),oui,oui,,
D0229,MAIN:0x036528,Dialogue en jeu,0x036528,4647,dialogue_19_19,,Vive la science ! Les PC échangent Pokémon et objets.,我相信科学的力量!现在电脑可以通信精灵和道具,"I'm raising Pok@mon too! When they get strong, they can protect me!",high,corrigé d'après le chinois + naturalisé en français,oui,oui,,
D0230,MAIN:0x0365D0,Dialogue en jeu,0x0365D0,4664,dialogue_19_19,,Mes Pokémon sont épuisés...,我的怪兽力量都用尽了......,You can use that PC in the corner over there.,high,corrigé d'après le chinois + naturalisé en français,oui,oui,,
D0231,MAIN:0x0365FE,Dialogue en jeu,0x0365FE,4666,dialogue_19_19,,"Tu devrais faire
une sieste.",休息一下如何?,"Ash,if you drive your Pok@mon too hard, they'll dislike you.You should take a rest.",high,adapté d'après les dialogues officiels R/B/J (FR),oui,oui,,
D0232,MAIN:0x036665,Dialogue en jeu,0x036665,4677,dialogue_19_19,,"Ah, bien !
Ton équipe et toi
avez la forme !
Sois prudent !","啊!你和精灵都很精神!小心去吧,保重!",Oh good! You and your Pok@mon are looking great! Takecare now!,high,corrigé d'après le chinois + naturalisé en français,oui,oui,,
D0233,MAIN:0x0366A8,Dialogue en jeu,0x0366A8,4692,dialogue_19_19,SŒUR DE RÉGIS,SŒUR DE RÉGIS : Papy a une mission pour toi !,小茂姐姐:爷爷有任务交给你啊!,"Gary's Sis:Pok@mon are living things! If they get tired, give them a rest!",high,corrigé d'après le chinois + naturalisé en français,oui,oui,,
D0234,MAIN:0x0366F3,Dialogue en jeu,0x0366F3,4704,dialogue_19_19,,"Tes Poké Balls
sont drôlement
pratiques !",你的精灵球是很方便的东西啊,"You know there's 2 kinds of caterpilarPok@mon? Caterpie has no poison, but Weedle does. Watch out for it!",high,corrigé d'après le chinois + naturalisé en français,oui,oui,,
D0235,MAIN:0x03675E,Dialogue en jeu,0x03675E,4716,dialogue_19_19,,"Tout le journal,
par cœur !",啊!日记的内容我都记住了,Coming up with nick names for my Pok@mon is fun.,high,corrigé d'après le chinois + naturalisé en français,oui,oui,,
D0236,MAIN:0x036795,Dialogue en jeu,0x036795,4732,dialogue_19_19,,"Moi aussi, j'adore les Pokémon !",我也很喜欢精灵啊,"When you're using aPok@dex, it is updated instantly when you catch a Pok@mon.",high,corrigé d'après le chinois + naturalisé en français,oui,oui,,
D0237,MAIN:0x0367EA,Dialogue en jeu,0x0367EA,4742,dialogue_19_19,,"Moi aussi, je veux
un vélo !",我也想要辆自行车,"If you press B whena Pok@mon is evolving,that will cancel the process.",high,corrigé d'après le chinois + naturalisé en français,oui,oui,,
D0238,MAIN:0x036837,Dialogue en jeu,0x036837,4755,dialogue_19_19,,Ton Pikachu est adorable !,你的比卡丘很可爱呢,Our Chairman loves Pok@mon!,high,corrigé d'après le chinois + naturalisé en français,oui,oui,,
D0239,MAIN:0x036853,Dialogue en jeu,0x036853,4756,dialogue_19_19,,Je meurs de faim...,我的肚子好饿呀...,I heard Grimer livein toxic waste.,high,corrigé d'après le chinois + naturalisé en français,oui,oui,,
D0240,MAIN:0x036876,Dialogue en jeu,0x036876,4757,dialogue_19_19,,"L'Océane a déjà
levé l'ancre ?",铁达尼号出发了吗?,"Sorry, Lt. Surge isout right now.",high,corrigé d'après le chinois + naturalisé en français,oui,oui,,
D0241,MAIN:0x036898,Dialogue en jeu,0x036898,4758,dialogue_19_19,,"Comment réveiller
ce dormeur ?",该怎么吧这家伙弄醒呢?,A sleeping Pok@mon blocks the path.,high,corrigé d'après le chinois + naturalisé en français,oui,oui,,
D0242,MAIN:0x0368BC,Dialogue en jeu,0x0368BC,4762,dialogue_19_19,,"Les Taupiqueur
ont creusé
jusqu'à Argenta !",啊!这长长的洞穴!是地鼠挖的!听说都到尼比市了!,Diglets dug this cave that goes to Viridian City.,high,corrigé d'après le chinois + naturalisé en français,oui,oui,,
D0243,MAIN:0x03692B,Dialogue en jeu,0x03692B,4776,dialogue_19_19,,"Tous les jours,
on étudie ici
les Pokémon.",这里每天进行精灵研究,It never hurts to have extra items!,high,corrigé d'après le chinois + naturalisé en français,oui,oui,,
D0244,MAIN:0x037994,Dialogue en jeu,0x037994,4152,dialogue_19_19,RÉGIS,"RÉGIS :
Quoi ? Déjà fini ?
J'ai tout donné,
mais j'ai perdu...
Tant d'efforts...
Et je perds ?
Mon entraînement
était parfait !
Bon... Tu es
le Champion.
J'ai du mal
à l'admettre...","小茂:怎么回事?真的结束了吗?尽了全力却还是输了!好不容易爬到这个地步...为什么我会输...我的培育方法不可能出错的...没办法,你是宠物联盟的新冠军...我真不太想承认","No! After all that work to become champ, it's over already? Why did I lose? I never made mistakes raising myPok@mon!...Darn it!You're the league champ, although I hate to admit it.",high,adapté d'après les dialogues officiels R/B/J (FR),oui,oui,,
D0245,MAIN:0x037A51,Dialogue en jeu,0x037A51,4158,dialogue_19_19,JESSIE,"JESSIE : Oui !
Son nom : Kameiyu !
Il est développeur
chez Nanjing Tech,
à Céladopole !",武藏:对!!他就在彩虹市的南晶科技开发部!!名字叫卡美优!,"Once again, congra-tulations Ash! You put an end to Team Rocket, hopefully for good this time.",high,corrigé d'après le chinois + naturalisé en français,oui,oui,,
D0246,MAIN:0x037AB1,Dialogue en jeu,0x037AB1,4170,dialogue_19_19,MIAOUSS,"MIAOUSS : C'est exact, Miaouss !",喵喵:喵...就是这样,You truly are a remarkable trainer Ash!,high,corrigé d'après le chinois + naturalisé en français,oui,oui,,
D0247,MAIN:0x037ADC,Dialogue en jeu,0x037ADC,4172,dialogue_19_19,KAMEIYU,"KAMEIYU : Sacha !
Te voilà,
comme prévu !
Battons-nous
sans aucun regret !
Alors, prêt ?","卡美优:小智,我知道你一定会来的!这一战应该没有任何遗憾吧!!来吧,准备好了吗?",Eusine: Greetings! I've heard about you Ash! Glad to meet you! I've searched the world for the greatest Legendary Pok@mon and finally found them! They seem to want to see your power for them- selves! Allow me toshow you the power of the Legendary Pok@mon!,high,corrigé d'après le chinois + naturalisé en français,oui,oui,,
D0248,MAIN:0x037BEF,Dialogue en jeu,0x037BEF,4191,dialogue_19_19,,"Cette grotte est
très sombre.
Avec Flash,
un Pokémon peut
l'éclairer.","洞里太黑了,能掌握一些闪光的法术就好了!","The cave is pitch black, a Pok@mon could light it up.",high,corrigé d'après le chinois + naturalisé en français,oui,oui,,
D0249,MAIN:0x03804B,Dialogue en jeu,0x03804B,4792,dialogue_19_19,,Retirer  Déposer,精灵取出精灵存放,Withdraw Deposit,high,corrigé d'après le chinois + naturalisé en français,oui,oui,,
D0250,MAIN:0x03805C,Dialogue en jeu,0x03805C,6491,dialogue_19_19,,NANJING TECH. TOUS DROITS RÉSERVÉS.,南晶公司版权所有,NON TRADUIT — texte chinois conservé dans la ROM anglaise,high,corrigé d'après le chinois + naturalisé en français,oui,oui,,
D0251,MAIN:0x03806F,Dialogue en jeu,0x03806F,4793,dialogue_19_19,,Le PC s'allume...,精灵系统启动...,Turned on the PC,high,corrigé d'après le chinois + naturalisé en français,oui,oui,,
D0252,MAIN:0x038080,Dialogue en jeu,0x038080,4794,dialogue_19_19,,Le PC s'éteint...,精灵系统关闭...!,Turned off the PC,high,corrigé d'après le chinois + naturalisé en français,oui,oui,,
D0253,MAIN:0x038092,Dialogue en jeu,0x038092,4795,dialogue_19_19,PROF. CHEN,"PROF. CHEN :
Cette Poké Ball
abrite un Pokémon.
Il est pour toi !","喔...小智在那有个圆圆的球吧,那里有宠物精灵是要给你的!拿去吧!","Go ahead,it's yours",high,adapté d'après Pokémon Jaune (FR),oui,oui,,
D0254,MAIN:0x0380A6,Dialogue en jeu,0x0380A6,4801,dialogue_19_19,PROF. CHEN,"PROF. CHEN :
Rapproche-toi
de tes Pokémon.",要多和怪兽亲近.,"Ash,take good care of Pikachu.",high,corrigé d'après le chinois + naturalisé en français,oui,oui,,
D0255,MAIN:0x0380C5,Dialogue en jeu,0x0380C5,4812,dialogue_19_19,,"Salut !
Je peux t'aider ?",欢迎!买东西吗?,Hello! May I help you?,high,adapté d'après les dialogues officiels R/B/J (FR),oui,oui,,
D0256,MAIN:0x0380DD,Dialogue en jeu,0x0380DD,6493,dialogue_19_19,,"Un combat suffit :
nous voilà amis !",不打不相识!,NON TRADUIT — texte chinois conservé dans la ROM anglaise,high,corrigé d'après le chinois + naturalisé en français,oui,oui,,
D0257,MAIN:0x0380EE,Dialogue en jeu,0x0380EE,4816,dialogue_19_19,MAJOR BOB,MAJOR BOB : Battu ! Prends le Badge Foudre et ceci !,"马其斯:我输了,那么这个橙色徽章拿去吧,还有这个是我的心意!","Good job, kid!",high,corrigé d'après le chinois + naturalisé en français,oui,oui,,
D0258,MAIN:0x0380FD,Dialogue en jeu,0x0380FD,4821,dialogue_19_19,,Merci !,谢谢惠顾,Thank you.,high,corrigé d'après le chinois + naturalisé en français,oui,oui,,
D0259,MAIN:0x038108,Dialogue en jeu,0x038108,4826,dialogue_19_19,,Bienvenue !,欢迎光临!,We hope to see you again!,high,corrigé d'après le chinois + naturalisé en français,oui,oui,,
D0260,MAIN:0x038122,Dialogue en jeu,0x038122,1666,dialogue_19_19,,Carapuce reçu !,得到杰尼龟,Got Squirtle!,high,corrigé d'après le chinois + naturalisé en français,oui,oui,,
D0261,MAIN:0x038130,Dialogue en jeu,0x038130,211,dialogue_19_19,,Soigner  Partir,恢复    放弃,Heal Leave,high,corrigé d'après le chinois + naturalisé en français,oui,oui,,
D0262,MAIN:0x038149,Dialogue en jeu,0x038149,4827,dialogue_19_19,,"Désolé, impossible de combattre ici pour le moment...","对不起,因为机能所限这里暂时不能够对战...","Sorry, the Trading Center is closed.",high,corrigé d'après le chinois + naturalisé en français,oui,oui,,
D0263,MAIN:0x038173,Dialogue en jeu,0x038173,4828,dialogue_19_19,,"Même la machine
d'échange est
en panne...
Reviens plus tard.",交换机器也坏了...下次再来看看吧,"Sorry, the Cable Club's closed",high,corrigé d'après le chinois + naturalisé en français,oui,oui,,
D0264,MAIN:0x038194,Dialogue en jeu,0x038194,212,dialogue_19_19,,Acheter  Annuler,买      不买,Buy Pass,high,corrigé d'après le chinois + naturalisé en français,oui,oui,,
D0265,MAIN:0x0381A5,Dialogue en jeu,0x0381A5,6503,dialogue_19_19,,Pas assez d'argent !,钱不够!,NON TRADUIT — texte chinois conservé dans la ROM anglaise,high,corrigé d'après le chinois + naturalisé en français,oui,oui,,
D0266,MAIN:0x0381AF,Dialogue en jeu,0x0381AF,214,dialogue_19_19,,Oui     Non,是      否,Yes No,high,corrigé d'après le chinois + naturalisé en français,oui,oui,,
D0267,MAIN:0x0381C1,Dialogue en jeu,0x0381C1,213,dialogue_19_19,,Karaté  Taekwondo,空手道  跆拳道,Left Right,high,corrigé d'après le chinois + naturalisé en français,oui,oui,,
D0268,MAIN:0x0381D2,Dialogue en jeu,0x0381D2,4833,dialogue_19_19,,"Sacha utilise
Coupe !",小智使用了居合斩,Used HM CUT!,high,corrigé d'après le chinois + naturalisé en français,oui,oui,,
D0269,MAIN:0x0381E0,Dialogue en jeu,0x0381E0,6504,dialogue_19_19,,Sacha utilise Vol !,小智使用了飞天术,NON TRADUIT — texte chinois conservé dans la ROM anglaise,high,corrigé d'après le chinois + naturalisé en français,oui,oui,,
D0270,MAIN:0x0381F6,Dialogue en jeu,0x0381F6,6510,dialogue_19_19,,Sacha utilise Surf !,小智使用了冲浪术,NON TRADUIT — texte chinois conservé dans la ROM anglaise,high,corrigé d'après le chinois + naturalisé en français,oui,oui,,
D0271,MAIN:0x038208,Dialogue en jeu,0x038208,6516,dialogue_19_19,,Sacha utilise Force !,小智使用了怪力术,NON TRADUIT — texte chinois conservé dans la ROM anglaise,high,corrigé d'après le chinois + naturalisé en français,oui,oui,,
D0272,MAIN:0x03821A,Dialogue en jeu,0x03821A,6522,dialogue_19_19,,"On peut sans doute
pousser ce rocher.",这块石头好像能被推动,NON TRADUIT — texte chinois conservé dans la ROM anglaise,high,corrigé d'après le chinois + naturalisé en français,oui,oui,,
D0273,MAIN:0x038230,Dialogue en jeu,0x038230,4837,dialogue_19_19,,"Cet arbre peut être
coupé !",这棵树苗好像能被斩断,This tree can be cut!,high,corrigé d'après le chinois + naturalisé en français,oui,oui,,
D0274,MAIN:0x038445,Dialogue en jeu,0x038445,314,dialogue_19_19,PROF. CHEN,"PROF. CHEN :
Bien le bonjour !
Bienvenue !
Voici le monde
magique
des Pokémon !
Mon nom est Chen,
le Prof Pokémon !
Des Pokémon
vivent partout.
Certains sont
nos compagnons.
D'autres les font
combattre.
Moi, je les étudie.
Sacha !
Ta quête commence !
Rêves et aventures
t'attendent !","你好!欢迎你光临宠物精灵的世界!大家都叫我大木博士,在这世界住着被称为宠物精灵的生物!这生物被视为宠物,或使用于对战等等.而我是研究这宠物精灵的!小智,一个将属于你的故事,梦想即将开始!",NON TRADUIT — texte chinois conservé dans la ROM anglaise,high,adapté d'après les dialogues officiels R/B/J (FR),oui,oui,,
D0275,MAIN:0x0384F8,Dialogue en jeu,0x0384F8,320,dialogue_19_19,RÉGIS,"RÉGIS : Hé, Sacha !
Pépé n'est pas là !
Pour un Pokémon,
j'ai rappliqué !","小茂:嗨!小智,你要找大木爷爷的话,他不在喔!我也是听他说要给宠物精灵才赶紧来的...",YO ASH! Gramps isn't around!,high,adapté d'après Pokémon Jaune (FR),oui,oui,,
D0276,MAIN:0x038519,Dialogue en jeu,0x038519,331,dialogue_19_19,PROF. CHEN,"PROF. CHEN :
Ne sors pas !
Des Pokémon rôdent
dans les herbes.
Il t'en faut un.
Suis-moi !",大木:真是危险!野生精灵会从草丛中跳出来的!你如有宠物精灵是可与他对战...对了!跟我来一下吧!,"Hey! Wait! Don't goout! It's unsafe! Wild Pok@mon live in tall grass! You need your own Pok@mon for safety.I know! Here, come with me!",high,adapté d'après les dialogues officiels R/B/J (FR),oui,oui,,
D0277,MAIN:0x0385A7,Dialogue en jeu,0x0385A7,337,dialogue_19_19,RÉGIS,"RÉGIS : Pépé !
Te voilà !","小茂:爷爷,你回来了!",Gary:Hey Gramps! I'm fed up with waiting!,high,corrigé d'après le chinois + naturalisé en français,oui,oui,,
D0278,MAIN:0x0385D6,Dialogue en jeu,0x0385D6,344,dialogue_19_19,RÉGIS,RÉGIS : Pépé ! C'est pas juste ! Et moi ?,小茂:啊!...啊!偏心!爷爷我也要!,Hey! Gramps! What about me?,high,adapté d'après Pokémon Jaune (FR),oui,oui,,
D0279,MAIN:0x0385F3,Dialogue en jeu,0x0385F3,350,dialogue_19_19,PROF. CHEN,"PROF. CHEN :
Patience, Régis.
Tu l'auras bientôt.",大木:小茂你急什么!我等一下也会给你的,"Be patient Gary, I'll give you one later.",high,adapté d'après Pokémon Jaune (FR),oui,oui,,
D0280,MAIN:0x038620,Dialogue en jeu,0x038620,356,dialogue_19_19,RÉGIS,RÉGIS : Pff ! J'aurai un meilleur Pokémon que toi !,小茂:哼!我一定能拿到比你好的!,"Humph! I'll get a better Pok@mon thanyou,Ash!",high,adapté d'après Pokémon Jaune (FR),oui,oui,,
D0281,MAIN:0x03864F,Dialogue en jeu,0x03864F,361,dialogue_19_19,RÉGIS,"RÉGIS : Non !
Il est à moi !","小茂:小智,这个可是我的!",No way Ash! I want this Pok@mon!,high,adapté d'après Pokémon Jaune (FR),oui,oui,,
D0282,MAIN:0x038670,Dialogue en jeu,0x038670,366,dialogue_19_19,PROF. CHEN,"PROF. CHEN :
Régis !
Que fais-tu ?",大木:喂!什么!你在做什么!,Gary! What are you doing?,high,adapté d'après Pokémon Jaune (FR),oui,oui,,
D0283,MAIN:0x03868A,Dialogue en jeu,0x03868A,371,dialogue_19_19,RÉGIS,"RÉGIS :
Pépé, je le veux !",小茂:爷爷!人家就是想要这个嘛!,"Gramps,I want this one!",high,adapté d'après Pokémon Jaune (FR),oui,oui,,
D0284,MAIN:0x0386A2,Dialogue en jeu,0x0386A2,377,dialogue_19_19,PROF. CHEN,"PROF. CHEN :
Bon, d'accord.
Il est à toi.
Je comptais déjà
t'en donner un.
Sacha, viens ici !","大木:真是拿你没办法,好吧!那个宠物精灵就给你吧!反正是早晚的是...小智,你来一下好吗?","Oak:But, I...Oh,allright then. That Pok@mon is yours. Iwas going to give you one anyway... Ash,come over here.",high,adapté d'après Pokémon Jaune (FR),oui,oui,,
D0285,MAIN:0x038715,Dialogue en jeu,0x038715,383,dialogue_19_19,PROF. CHEN,"PROF. CHEN :
Je l'ai capturé.
Il craint encore
les humains.",大木:这里还有一只是刚刚抓的.和人还不是能亲近的,"Oak:Ash, this is a Pok@mon I caught earlier.",high,corrigé d'après le chinois + naturalisé en français,oui,oui,,
D0286,MAIN:0x038744,Dialogue en jeu,0x038744,403,dialogue_19_19,,Pikachu reçu !,得到比卡丘,You can have it.,high,adapté d'après Pokémon Jaune (FR),oui,oui,,
D0287,MAIN:0x038755,Dialogue en jeu,0x038755,405,dialogue_19_19,RÉGIS,"RÉGIS : Sacha !
Testons-les.
Je te défie !",小茂:刚得到精灵就当我的对手练习练习吧!,"Gary:Wait Ash! Let's check out ourPok@mon! Come on, I'll take you on!",high,adapté d'après Pokémon Jaune (FR),oui,oui,,
D0288,MAIN:0x0387A0,Dialogue en jeu,0x0387A0,411,dialogue_19_19,RÉGIS,"RÉGIS : Ton Pokémon est fort ! Je vais entraîner le mien ailleurs. À plus, Sacha ! Salut, Papy !","小茂:这不是开玩笑吗,你的精灵这么强??好吧,那我就去找别的精灵对战!好让我的精灵更强!小智.爷爷,再见了!",Okay! I'll make my Pok@mon fight to toughen it up! Ash!Gramps! Smell you later!,high,corrigé d'après le chinois + naturalisé en français,oui,oui,,
D0289,MAIN:0x0387F3,Dialogue en jeu,0x0387F3,419,dialogue_19_19,,Bourg Palette ? Porte la commande du Prof. Chen !,"店员:你是从真新镇来的吧?你知道大木博士吧.这是他要的东西,请转交给他!","Hey! You came from Pallet Town? You know ProfOak,right?His order came in, can you take it to him? Thank you.",high,adapté d'après les dialogues officiels R/B/J (FR),oui,oui,,
D0290,MAIN:0x038862,Dialogue en jeu,0x038862,6530,dialogue_19_19,,Attends un peu. Écoute-moi.,"老爷爷:你等等,听听我的话",NON TRADUIT — texte chinois conservé dans la ROM anglaise,high,corrigé d'après le chinois + naturalisé en français,oui,oui,,
D0291,MAIN:0x038880,Dialogue en jeu,0x038880,6533,dialogue_19_19,,"Tu veux quand même
y aller ?",老爷爷:你还去?,NON TRADUIT — texte chinois conservé dans la ROM anglaise,high,corrigé d'après le chinois + naturalisé en français,oui,oui,,
D0292,MAIN:0x038891,Dialogue en jeu,0x038891,1584,dialogue_19_19,,Tu peux entrer.,士兵:请进,Lt.Surge hid a switch inside the cans!,high,corrigé d'après le chinois + naturalisé en français,oui,oui,,
D0293,MAIN:0x0388BD,Dialogue en jeu,0x0388BD,1585,dialogue_19_19,PROF. CHEN,PROF. CHEN : Pikachu t'apprécie. Tu feras un bon Dresseur !,"大木:嗨!小智,怎样啊?与我给你的精灵好像相处的不错哦,你有宠物精灵训练师的才能喔!","Oh,Ash! How is Pikachu?",high,corrigé d'après le chinois + naturalisé en français,oui,oui,,
D0294,MAIN:0x0388DE,Dialogue en jeu,0x0388DE,1586,dialogue_19_19,PROF. CHEN,"PROF. CHEN : Quoi ?
C'est pour moi ?",大木:啊?有东西要交给我?,He seems to like you...Hm? you have something for me?,high,adapté d'après les dialogues officiels R/B/J (FR),oui,oui,,
D0295,MAIN:0x038916,Dialogue en jeu,0x038916,1594,dialogue_19_19,,"Sacha remet
le Colis Chen
au Prof. Chen !",小智将包裹交给博士了!,Ah! This is the custom Pok@ball I ordered!,high,corrigé d'après le chinois + naturalisé en français,oui,oui,,
D0296,MAIN:0x038945,Dialogue en jeu,0x038945,425,dialogue_19_19,CHEN,CHEN : Ma Poké Ball spéciale ! Merci. J'ai une mission.,"大木:这不就是我订的特制精灵球吗?谢谢你,对了!忘了告诉你有事要拜托你",Thank you!,high,corrigé d'après le chinois + naturalisé en français,oui,oui,,
D0297,MAIN:0x038950,Dialogue en jeu,0x038950,427,dialogue_19_19,RÉGIS,"RÉGIS : Papy !
Mon Pokémon a
grandi ! Regarde !",小茂:爷爷!我的精灵成长了!快来看啊,Gary:Gramps! What did you call me for?,high,corrigé d'après le chinois + naturalisé en français,oui,oui,,
D0298,MAIN:0x03897B,Dialogue en jeu,0x03897B,440,dialogue_19_19,,Pokédex obtenu !,得到图鉴,Received Pok@dex!,high,adapté d'après les dialogues officiels R/B/J (FR),oui,oui,,
D0299,MAIN:0x03898D,Dialogue en jeu,0x03898D,441,dialogue_19_19,PROF. CHEN,"PROF. CHEN :
Mon rêve : finir
le Pokédex complet.
Je suis trop vieux.
Prenez le relais !","大木:我的梦想就是制作一本完整的图鉴,但我已经老了不行了!现在希望由你们替我完成梦想!这是能在宠物精灵历史留名的工作,你们该出发了!",Gary:Okay Gramps! Leave it all to me!,high,corrigé d'après le chinois + naturalisé en français,oui,oui,,
D0300,MAIN:0x0389B4,Dialogue en jeu,0x0389B4,457,dialogue_19_19,RÉGIS,"RÉGIS : Papy,
confie-moi tout !
Dommage pour Sacha.
Je prends la Carte
chez ma sœur. Toi,
tu ne l'auras pas !
Ha ha !","小茂:爷爷!就交给我一个人就好了,小智真可惜没有你出场的份!对了我要去向姐姐借城镇地图去,我要叫他不要借给你,小智!哈哈,你去也没用的!","Ash, I hate to say it, but I don't need you! I know! I'll borrow a Town Map from my Sis! I'll tell her not to lend you one, Ash! Hahaha!",high,corrigé d'après le chinois + naturalisé en français,oui,oui,,
D0301,MAIN:0x038A46,Dialogue en jeu,0x038A46,477,dialogue_19_19,SŒUR DE RÉGIS,"SŒUR DE RÉGIS :
Pépé t'envoie
en course ?
Tiens, ça t'aidera.","小茂姐姐:爷爷有任务交给你啊,真辛苦,这个给你用吧","Gary's Sis:Grandpa asked you to run anerrand? Here,this will help you!",high,adapté d'après les dialogues officiels R/B/J (FR),oui,oui,,
D0302,MAIN:0x038A8E,Dialogue en jeu,0x038A8E,483,dialogue_19_19,,Carte obtenue !,得到地图,Received Town Map!,high,adapté d'après les dialogues officiels R/B/J (FR),oui,oui,,
D0303,MAIN:0x038AA1,Dialogue en jeu,0x038AA1,485,dialogue_19_19,,"Quel mal de tête...
Je te bloquais ?
Pour le Pokédex,
achète
des Poké Balls !","老爷爷:上次好像喝醉似的头好痛,什么?我妨碍了你,你在完成精灵图鉴啊?那么抓精灵需要精灵球,只要到附近的商店就能买到","Old man:Ahhh! I'm feeling much betternow! Hm? Oh! Sure, you can go through!",high,corrigé d'après le chinois + naturalisé en français,oui,oui,,
D0304,MAIN:0x038AEE,Dialogue en jeu,0x038AEE,503,dialogue_19_19,,L'Arène est fermée à clé.,常青道馆上了锁,It's locked!,high,corrigé d'après le chinois + naturalisé en français,oui,oui,,
D0305,MAIN:0x038B03,Dialogue en jeu,0x038B03,513,dialogue_19_19,RÉGIS,"RÉGIS : Sacha !
Tu vas à la Ligue ?
Pas de Badge ?
Passage interdit !
Tes Pokémon
ont progressé ?","小茂:小智!你要去宠物精灵联盟啊?算了吧!反正我看你也没有徽章,把关的人不会让你过去的!还有你的精灵到底有没有变强啊?","Gary:Hey Ash!You'regoing to the Pok@mon League? Forget it, you probably don't haveany Badges! The guard won't let youthrough! So,did your Pok@mon get any stronger?",high,adapté d'après les dialogues officiels R/B/J (FR),oui,oui,,
D0306,MAIN:0x038BBC,Dialogue en jeu,0x038BBC,519,dialogue_19_19,RÉGIS,"RÉGIS : La Ligue regorge de grands Dresseurs. Je passerai. Toi aussi, avance !","小茂:在宠物精灵联盟里尽是非常强劲的训兽师,不能不想办法通过那里,你也不能尽是停留在这里,想办法往前进吧!","I hear the Pok@mon League has many tough trainers,I have to figure out how to get past them!You should quit dawdling and get a move on!",high,adapté d'après les dialogues officiels R/B/J (FR),oui,oui,,
D0307,MAIN:0x038C50,Dialogue en jeu,0x038C50,525,dialogue_19_19,,"Tu vises le titre ?
Alors, bats-moi !",捉虫少年:以最强的训练家为目标你能赢的了我吗?,Hey! You have a Pikachu!,high,corrigé d'après le chinois + naturalisé en français,oui,oui,,
D0308,MAIN:0x038C6C,Dialogue en jeu,0x038C6C,531,dialogue_19_19,,"T'es fort, toi !",捉虫少年:你果然很强!,"I looked, but I cannot find one.",high,corrigé d'après le chinois + naturalisé en français,oui,oui,,
D0309,MAIN:0x038C8D,Dialogue en jeu,0x038C8D,538,dialogue_19_19,,Impossible...,捉虫少年:不可能...,No! Caterpie can't cut it!,high,corrigé d'après le chinois + naturalisé en français,oui,oui,,
D0310,MAIN:0x038CA8,Dialogue en jeu,0x038CA8,544,dialogue_19_19,,"Toi aussi, t'es
Dresseur ? Alors,
battons-nous !","捉虫少年:你也是训练师吧,让我们来较量一下!","Hey,wait up! What'sthe Hurry?",high,corrigé d'après le chinois + naturalisé en français,oui,oui,,
D0311,MAIN:0x038CC6,Dialogue en jeu,0x038CC6,549,dialogue_19_19,,Tu es vraiment fort...,捉虫少年:你真厉害...,You're very good!,high,corrigé d'après le chinois + naturalisé en français,oui,oui,,
D0312,MAIN:0x038CD8,Dialogue en jeu,0x038CD8,554,dialogue_19_19,,Ne te défile pas ! Viens te battre !,"捉虫少年:不要逃避,来吧!",Hey!You scared the bugs away!,high,corrigé d'après le chinois + naturalisé en français,oui,oui,,
D0313,MAIN:0x038CF6,Dialogue en jeu,0x038CF6,555,dialogue_19_19,,J'ai perdu.,捉虫少年:我输了,I'm looking for a Weedle.,high,corrigé d'après le chinois + naturalisé en français,oui,oui,,
D0314,MAIN:0x038D11,Dialogue en jeu,0x038D11,560,dialogue_19_19,,"Tu refuses donc
de nous suivre...",绅士:不想加入吗...,You're very good!,high,corrigé d'après le chinois + naturalisé en français,oui,oui,,
D0315,MAIN:0x038D23,Dialogue en jeu,0x038D23,6544,dialogue_19_19,,"De grands Dresseurs t'attendent. Sans Badge, passage interdit.","守卫:这扇门之后都是一些强劲的精灵训练家们,你还未拿到徽章啊...当然无法让你通过啊",NON TRADUIT — texte chinois conservé dans la ROM anglaise,high,corrigé d'après le chinois + naturalisé en français,oui,oui,,
D0316,MAIN:0x038D7A,Dialogue en jeu,0x038D7A,597,dialogue_19_19,,"Tu es Dresseur ?
Pierre cherche
un adversaire.
Suis-moi !",男孩:你是精灵训练家吧?小刚正在找寻对手...来吧!,You're a trainer right? Follow me!,high,adapté d'après les dialogues officiels R/B/J (FR),oui,oui,,
D0317,MAIN:0x038D9F,Dialogue en jeu,0x038D9F,602,dialogue_19_19,,"Si tu es prêt,
va défier Pierre !",男孩:你有战胜的自信的话就去挑战小刚吧!,Brock's looking forchallengers.,high,adapté d'après les dialogues officiels R/B/J (FR),oui,oui,,
D0318,MAIN:0x038DBF,Dialogue en jeu,0x038DBF,608,dialogue_19_19,,"Hé, Champion !
Les Pokémon Sol
de Pierre ignorent
l'Électrik.
Dur pour Pikachu !","裁判:你要不要朝宠物精灵冠军试试啊?我虽不是训练家但我可给你一些意见,你的比卡丘想赢这道场满难的!小刚所使用的地面系精灵是不受电气攻击的影响!","Hey champ! Let me give you a tip. Brock uses Rock Pok@mon, Electric attacks are uselessagainst them!",high,adapté d'après Pokémon Jaune (FR),oui,oui,,
D0319,MAIN:0x038E2C,Dialogue en jeu,0x038E2C,614,dialogue_19_19,,"Défier Pierre ?
Tu es à dix mille
années-lumière !",侦察员:等等!小孩有什么事啊!找小刚挑战?一万光年以后吧!,Wait! You're light years away from facing Brock!,high,corrigé d'après le chinois + naturalisé en français,oui,oui,,
D0320,MAIN:0x038E60,Dialogue en jeu,0x038E60,625,dialogue_19_19,,Tu es fort. Pierre l'est encore plus !,侦察员:你很厉害但比不上小刚,"Darn,Light years isdistance,not time!",high,corrigé d'après le chinois + naturalisé en français,oui,oui,,
D0321,MAIN:0x038E86,Dialogue en jeu,0x038E86,635,dialogue_19_19,PIERRE,"PIERRE : Je suis
Champion d'Argenta.
Mes Pokémon Roche
sont très solides !
Même si je perds,
je me battrai.
En garde !","小刚:你来了!我是尼比宠物精灵道馆的领袖小刚!我的坚硬石头也就是我的精灵!我所使用的精灵以石系居多!就算会输也要战斗,这就是训练家的宿命!来吧",I'm Brock!I believein strong defense and determination! Do you still wish to face me? Fine then! Show me your best!,high,corrigé d'après le chinois + naturalisé en français,oui,oui,,
D0322,MAIN:0x038EFE,Dialogue en jeu,0x038EFE,655,dialogue_19_19,PIERRE,PIERRE : Bravo ! Voici le Badge Roche !,"小刚:哈哈,真厉害呢我给你宠物精灵联盟公认的灰色徽章!","I took you for granted.As proof ofyour victory,here'sthe BOULDERBADGE!",high,adapté d'après les dialogues officiels R/B/J (FR),oui,oui,,
D0323,MAIN:0x038F49,Dialogue en jeu,0x038F49,661,dialogue_19_19,,Badge Roche reçu !,得到灰色徽章,"You can now use theHM Flash! Here,takethis with you too.",high,adapté d'après les dialogues officiels R/B/J (FR),oui,oui,,
D0324,MAIN:0x038F82,Dialogue en jeu,0x038F82,662,dialogue_19_19,PIERRE,PIERRE : Ce Badge renforce tes Pokémon. Flash marche hors combat. Tiens !,"小刚:有了灰色徽章你的精灵都将变强,持有闪光特技的精灵就算不战斗也能使用闪光!还有这个给你!",Recieved TM35!,high,corrigé d'après le chinois + naturalisé en français,oui,oui,,
D0325,MAIN:0x038F91,Dialogue en jeu,0x038F91,669,dialogue_19_19,,CT35 reçue !,得到技能机器34!,It contains Harden.This raises your Pokemon's defense.,high,adapté d'après les dialogues officiels R/B/J (FR),oui,oui,,
D0326,MAIN:0x038FCA,Dialogue en jeu,0x038FCA,676,dialogue_19_19,PIERRE,"PIERRE : Chaque CT
sert une fois.
Choisis bien !
CT35 : Armure
monte la Défense.","小刚:使用技能机器时精灵将马上记住特技,但特技就将丢弃!要让哪个精灵学习最好想清楚.特技35是变硬...被攻击时一直变硬...提升防御力!是一个有趣的特技!",A TM can only be used once.So choosewho you use it on carefully.,high,corrigé d'après le chinois + naturalisé en français,oui,oui,,
D0327,MAIN:0x03900E,Dialogue en jeu,0x03900E,698,dialogue_19_19,PIERRE,"PIERRE : Élevage ou combat, chacun sa voie. Pour progresser, va défier l'Arène d'Azuria !","小刚:在这世上什么人都有,有人养精灵有人利用精灵战斗,在这有训练宠物精灵养成的修行!如果你以训练家为目标的话你该去华蓝市的道场试试!",You seem to be verygifted as a trainer.Go to the GYM in Cerulean andtest your strength.,high,corrigé d'après le chinois + naturalisé en français,oui,oui,,
D0328,MAIN:0x03906E,Dialogue en jeu,0x03906E,708,dialogue_19_19,,Je le savais ! Tu as l'étoffe d'un Champion !,裁判:真不愧是强手!就是这样一来朝宠物精灵联盟冠军前进!,"Just as I thought, you're Champion Material!",high,adapté d'après les dialogues officiels R/B/J (FR),oui,oui,,
D0329,MAIN:0x03909E,Dialogue en jeu,0x03909E,719,dialogue_19_19,,Hé ! Tu me fixais ?,迷你裙:那边的人!你刚在看我吧!,"You looked at me, didn't you?",high,corrigé d'après le chinois + naturalisé en français,oui,oui,,
D0330,MAIN:0x0390BD,Dialogue en jeu,0x0390BD,720,dialogue_19_19,,"Arrête de fixer,
ou je te frappe !",迷你裙:算了...不过你再继续看的话我会打人的喔!,You're mean!,high,corrigé d'après le chinois + naturalisé en français,oui,oui,,
D0331,MAIN:0x0390CA,Dialogue en jeu,0x0390CA,730,dialogue_19_19,,"Hé ! On s'est vus
dans la Forêt
de Jade !",捉虫少年:你不是在常青森林遇到的家伙吗?,Hey! I met you in Viridian Forest!,high,corrigé d'après le chinois + naturalisé en français,oui,oui,,
D0332,MAIN:0x0390EE,Dialogue en jeu,0x0390EE,735,dialogue_19_19,,"Ici, les Pokémon
diffèrent de ceux
de la forêt.",捉虫少年:在这附近可以抓到和森林不一样的精灵!,You beat me again!,high,corrigé d'après le chinois + naturalisé en français,oui,oui,,
D0333,MAIN:0x039101,Dialogue en jeu,0x039101,742,dialogue_19_19,,"Les shorts, c'est
pratique ! Essaie !",谈判小子:穿短裤活动方便很好啊!你要不要穿穿看?,Are you a Pok@mon Trainer too?,high,corrigé d'après le chinois + naturalisé en français,oui,oui,,
D0334,MAIN:0x039121,Dialogue en jeu,0x039121,748,dialogue_19_19,,"Après six Pokémon, les suivants sont envoyés au PC.",谈判小子:你有用电脑通信吗?捕抓到的妖怪超过六个会自动记录到电脑中,Are you storing Pok@mon on the PC?,high,corrigé d'après le chinois + naturalisé en français,oui,oui,,
D0335,MAIN:0x039147,Dialogue en jeu,0x039147,757,dialogue_19_19,,"Tu es Dresseur ?
Alors, en garde !",捉虫少年:你是训练家?那就立刻跟我比一下!,You can fight my new Pok@mon!,high,corrigé d'après le chinois + naturalisé en français,oui,oui,,
D0336,MAIN:0x039167,Dialogue en jeu,0x039167,763,dialogue_19_19,,Quelle blague...,捉虫少年:还真是搞笑...,Trained Pok@mon arestronger than wild ones.,high,corrigé d'après le chinois + naturalisé en français,oui,oui,,
D0337,MAIN:0x039193,Dialogue en jeu,0x039193,566,dialogue_19_19,,Hé ! Pas de short ?,谈判小子:什么嘛!没有穿短裤嘛,Hey! You're don't have shorts,high,corrigé d'après le chinois + naturalisé en français,oui,oui,,
D0338,MAIN:0x0391B2,Dialogue en jeu,0x0391B2,571,dialogue_19_19,,Encore perdu...,谈判小子:输了输了...,Even in winter I wear shorts!,high,corrigé d'après le chinois + naturalisé en français,oui,oui,,
D0339,MAIN:0x0391D2,Dialogue en jeu,0x0391D2,576,dialogue_19_19,,"Ma nouvelle prise
va t'affronter !",捉虫少年:用刚抓到的宠物精灵跟我打吧!,Do you like bug Pok@mon?,high,corrigé d'après le chinois + naturalisé en français,oui,oui,,
D0340,MAIN:0x0391EE,Dialogue en jeu,0x0391EE,586,dialogue_19_19,,T'es très fort !,捉虫少年:你很厉害呢,Bug types evolve faster than others.,high,corrigé d'après le chinois + naturalisé en français,oui,oui,,
D0341,MAIN:0x039215,Dialogue en jeu,0x039215,587,dialogue_19_19,,Aah ! Tu m'as touchée ?!,迷你裙:呀!你刚才有摸我身体吗?,Eek! Did you touch me!?,high,corrigé d'après le chinois + naturalisé en français,oui,oui,,
D0342,MAIN:0x03922D,Dialogue en jeu,0x03922D,768,dialogue_19_19,,"Ah, je m'étais trompée...",迷你裙:原来是误会啊...,Route 4 is at the foot of Mt.Moon.,high,corrigé d'après le chinois + naturalisé en français,oui,oui,,
D0343,MAIN:0x039251,Dialogue en jeu,0x039251,775,dialogue_19_19,,"Ton regard...
Ça me gêne !",迷你裙:你的视线!真的很令人在意!,"The look you gave me,it's intriguing!",high,corrigé d'après le chinois + naturalisé en français,oui,oui,,
D0344,MAIN:0x039278,Dialogue en jeu,0x039278,780,dialogue_19_19,,"Pas de combat ?
Évite les regards !",迷你裙:如果不想打架的话就不要让视力交会,Don't let people see you to avoid fights!,high,corrigé d'après le chinois + naturalisé en français,oui,oui,,
D0345,MAIN:0x0392A6,Dialogue en jeu,0x0392A6,786,dialogue_19_19,,"Bonjour l'ami !
J'ai une super
affaire !
Un Magicarpe :
juste 500 $ !
Qu'en dis-tu ?",大爷:只告诉你一个好消息...!秘密的鲤鱼王只卖500元!你买不买?,Have I got a deal for you! How about a Magikarp for just500$?,high,adapté d'après les dialogues officiels R/B/J (FR),oui,oui,,
D0346,MAIN:0x0392E5,Dialogue en jeu,0x0392E5,5399,dialogue_19_19,,Ah bon ? Dommage...,是吗?真是可惜,Too bad...,high,adapté d'après les dialogues officiels R/B/J (FR),oui,oui,,
D0347,MAIN:0x0392F0,Dialogue en jeu,0x0392F0,791,dialogue_19_19,,Magicarpe reçu !,得到鲤鱼王,Recieved Magikarp!,high,adapté d'après les dialogues officiels R/B/J (FR),oui,oui,,
D0348,MAIN:0x039303,Dialogue en jeu,0x039303,792,dialogue_19_19,,"Un homme suspect
rôde dans le coin.
Et toi, t'es qui ?",捉虫少年:可疑男人在洞内徘徊你是...,I saw suspicious men this cave.What about you?,high,corrigé d'après le chinois + naturalisé en français,oui,oui,,
D0349,MAIN:0x039334,Dialogue en jeu,0x039334,797,dialogue_19_19,,"On m'a bien eu !
C'était un membre
de la Team Rocket !","捉虫少年:被骗了,没错!我看到的家伙他是火箭队的人!",I'm sure they're from Team Rocket!,high,corrigé d'après le chinois + naturalisé en français,oui,oui,,
D0350,MAIN:0x039359,Dialogue en jeu,0x039359,802,dialogue_19_19,,Quoi ? J'attends mes amis perdus dans la grotte !,迷你裙:干嘛啊?我是在这里等洞里分散的朋友啦,I'm waiting for my friends to find me here.,high,corrigé d'après le chinois + naturalisé en français,oui,oui,,
D0351,MAIN:0x039385,Dialogue en jeu,0x039385,807,dialogue_19_19,,"Je suis venue
pour les fossiles
rares cachés ici.",迷你裙:我是听说这个洞里有很棒的化石才来的,I heard there are very rare fossils here.,high,corrigé d'après le chinois + naturalisé en français,oui,oui,,
D0352,MAIN:0x0393B1,Dialogue en jeu,0x0393B1,812,dialogue_19_19,TEAM ROCKET,"TEAM ROCKET :
Mafia Pokémon,
forte et redoutée !",火箭队:宠物精灵黑手党组织火箭队!是又恐怖又强的!,"We,Team Rocket,are Pok@mon gansters!",high,corrigé d'après le chinois + naturalisé en français,oui,oui,,
D0353,MAIN:0x0393D6,Dialogue en jeu,0x0393D6,817,dialogue_19_19,,Tu me fais encore plus peur...,火箭队:你比我更恐怖...,Darn it all! I blewit!,high,corrigé d'après le chinois + naturalisé en français,oui,oui,,
D0354,MAIN:0x0393ED,Dialogue en jeu,0x0393ED,822,dialogue_19_19,,Cette grotte est immense !,迷你裙:洞隆里相当的宽阔呢,Mt.Moon's big isn'tit?,high,corrigé d'après le chinois + naturalisé en français,oui,oui,,
D0355,MAIN:0x039404,Dialogue en jeu,0x039404,827,dialogue_19_19,,C'est immense... Où est la sortie ?,迷你裙:这么大哪边是出口都搞不清楚,How do you get out of here?,high,corrigé d'après le chinois + naturalisé en français,oui,oui,,
D0356,MAIN:0x039420,Dialogue en jeu,0x039420,832,dialogue_19_19,,Tu explores aussi ?,谈判小子:你也是来这里探险的吗?,Did you come to explore too?,high,corrigé d'après le chinois + naturalisé en français,oui,oui,,
D0357,MAIN:0x039440,Dialogue en jeu,0x039440,837,dialogue_19_19,,"Mais où sont donc
les Pokémon rares ?",谈判小子:到底哪里有珍奇的精灵呢?,I came here to showoff my Pok@mon.,high,corrigé d'après le chinois + naturalisé en français,oui,oui,,
D0358,MAIN:0x039463,Dialogue en jeu,0x039463,842,dialogue_19_19,,"Oh ! Un gamin !
Tu m'as fait peur !",大叔:原来是小孩子啊!吓我一跳,Whoa!You scared me!,high,corrigé d'après le chinois + naturalisé en français,oui,oui,,
D0359,MAIN:0x039477,Dialogue en jeu,0x039477,847,dialogue_19_19,,"Il fait trop sombre
pour un enfant !",大叔:小孩子不可以到这么阴暗的地方闲逛!!,Kids like you shouldn't be here!,high,corrigé d'après le chinois + naturalisé en français,oui,oui,,
D0360,MAIN:0x03949D,Dialogue en jeu,0x03949D,852,dialogue_19_19,,"On a du travail !
Rentre chez toi,
gamin !",火箭队:我们正在做重要的工作!小孩子赶快回家!,We're pulling a bigjob here!Get lost!,high,corrigé d'après le chinois + naturalisé en français,oui,oui,,
D0361,MAIN:0x0394C3,Dialogue en jeu,0x0394C3,857,dialogue_19_19,,"Pas mal ! Rejoins
la Team Rocket !","火箭队:蛮厉害的嘛,加入我们火箭队吧!",If you see a fossilgive it to me and scram!,high,corrigé d'après le chinois + naturalisé en français,oui,oui,,
D0362,MAIN:0x0394F0,Dialogue en jeu,0x0394F0,863,dialogue_19_19,,"Fourrer ton nez
dans les affaires
des adultes,
c'est dangereux !",火箭队:随便闯入大人的世界可是很危险的!,Kids should leave grown-ups alone!,high,corrigé d'après le chinois + naturalisé en français,oui,oui,,
D0363,MAIN:0x039514,Dialogue en jeu,0x039514,868,dialogue_19_19,,Ça m'énerve !,火箭队:真令人生气!,Pok@mon lived here long before people came.,high,corrigé d'après le chinois + naturalisé en français,oui,oui,,
D0364,MAIN:0x039540,Dialogue en jeu,0x039540,869,dialogue_19_19,,Stop ! J'ai trouvé ces deux fossiles. Ils sont à moi !,"研究员:等一下!这化石是我发现的,两个都是我的!",Stop!I found these fossils! They're mine!,high,adapté d'après les dialogues officiels R/B/J (FR),oui,oui,,
D0365,MAIN:0x03956C,Dialogue en jeu,0x03956C,874,dialogue_19_19,,"Ne me surprends pas
comme ça !",研究员:哇!什么啊!不要突然跟我说话!,What! Don't sneak up on me!,high,corrigé d'après le chinois + naturalisé en français,oui,oui,,
D0366,MAIN:0x039589,Dialogue en jeu,0x039589,879,dialogue_19_19,,...,研究员:......,I have to find stronger Pok@mon.,high,corrigé d'après le chinois + naturalisé en français,oui,oui,,
D0367,MAIN:0x0395AE,Dialogue en jeu,0x0395AE,882,dialogue_19_19,,"Bon, partageons :
un fossile chacun.
Pas question
de tout garder !","研究员:好吧,就分你一个好了,我和你各拿一个化石,一个人独吞是不行的哟","Okay,I'll share! We'll each take 1! No being greedy!",high,adapté d'après les dialogues officiels R/B/J (FR),oui,oui,,
D0368,MAIN:0x0395E5,Dialogue en jeu,0x0395E5,888,dialogue_19_19,,"À Cramois'Île,
un labo redonne
vie aux Pokémon
tirés de fossiles.",研究员:听说离这里很远的红莲岛上有宠物精灵的研究所能让化石复活的研究...,Then this is mine! On Cinnabar island there's a Pok@mon research lab that does research on reviving fossilizedPok@mon!,high,corrigé d'après le chinois + naturalisé en français,oui,oui,,
D0369,MAIN:0x039660,Dialogue en jeu,0x039660,911,dialogue_19_19,TEAM ROCKET,TEAM ROCKET : Hop là ! Ce fossile est à la Team Rocket ! Rends-toi ou mange ta baffe !,火箭队:等一下!化石是我们火箭队的东西!,Jesse:Stop right there!That fossil is Team Rocket's!,high,adapté d'après Pokémon Jaune (FR),oui,oui,,
D0370,MAIN:0x039698,Dialogue en jeu,0x039698,918,dialogue_19_19,SACHA,"SACHA :
Qui êtes-vous ?",小智:你们是?,James:Surrender nowor prepare to fight!,high,corrigé d'après le chinois + naturalisé en français,oui,oui,,
D0371,MAIN:0x0396C5,Dialogue en jeu,0x0396C5,934,dialogue_19_19,JESSIE,"JESSIE :
Nous revoilà !",武藏:既然你诚心诚意的问了,Meowth: Meeouth! That's right!,high,adapté d'après la devise française de l'anime,oui,oui,,
D0372,MAIN:0x0396E6,Dialogue en jeu,0x0396E6,940,dialogue_19_19,TEAM ROCKET,TEAM ROCKET : ??? Ce mioche a gagné ?,小次郎:没想到会输...,Jesse:A brat beat us?,high,adapté d'après Pokémon Jaune (FR),oui,oui,,
D0373,MAIN:0x0396FD,Dialogue en jeu,0x0396FD,942,dialogue_19_19,TEAM ROCKET,"TEAM ROCKET :
La Team Rocket...",武藏:好讨厌的感觉哟...,James:Such a dread-ful twerp!,high,adapté d'après Pokémon Jaune (FR),oui,oui,,
D0374,MAIN:0x03971B,Dialogue en jeu,0x03971B,948,dialogue_19_19,,"À la vitesse
de la lumière...",喵喵:喵...,"Jesse&James:Team Rocket,blast off atthe speed of light!Meouth:Hey!Wait formeeowth!",high,adapté d'après Pokémon Jaune (FR),oui,oui,,
D0375,MAIN:0x039770,Dialogue en jeu,0x039770,967,dialogue_19_19,POLICIER,"POLICIER : Ces gens
ont été volés.
Le coupable ?
La Team Rocket !
Même la police
peine face à eux !","警察:真是可怜!家里糟了小偷,我知道犯人是谁!是火箭队,警察也对他们很头疼呢!","These people were robbed, we believe it's Team Rocket's doing! Even our Police force has trouble with that gang!",high,adapté d'après les dialogues officiels R/B/J (FR),oui,oui,,
D0376,MAIN:0x0397E8,Dialogue en jeu,0x0397E8,973,dialogue_19_19,,"Hé, Champion !
Ondine utilise
des Pokémon Eau.
Plante absorbe
l'eau.
Électrik paralyse !",裁判:未来的冠军给你一些建议吧!这里的馆长阿霞是使用水系的精灵!如果用植物系的怪物来吸取水份或用电系来使之麻痹也行,"Yo Champ!The LeaderMisty, is a pro whouses water Pok@mon!Try to zap them with electric, or you can use grass types.",high,adapté d'après les dialogues officiels R/B/J (FR),oui,oui,,
D0377,MAIN:0x039861,Dialogue en jeu,0x039861,979,dialogue_19_19,,"Ton adversaire ?
C'est moi !",游泳男:你的对手是我,I'm 1st!Let's do it,high,corrigé d'après le chinois + naturalisé en français,oui,oui,,
D0378,MAIN:0x039875,Dialogue en jeu,0x039875,983,dialogue_19_19,,Ondine est forte. Elle ne perdra pas contre toi !,游泳男:阿霞会成为一位很强的训练家!才不会输给你呢!,Misty won't lose tosomeone like you!,high,adapté d'après les dialogues officiels R/B/J (FR),oui,oui,,
D0379,MAIN:0x03989A,Dialogue en jeu,0x03989A,988,dialogue_19_19,,Je peux te battre seule. Pas besoin d'Ondine !,游泳女:对付你我就够了!用不着阿霞亲自动手!,I'm more than good enough for you!,high,adapté d'après les dialogues officiels R/B/J (FR),oui,oui,,
D0380,MAIN:0x0398BD,Dialogue en jeu,0x0398BD,993,dialogue_19_19,,J'ai perdu...,游泳女:失败了...,You overwhelmed me.,high,corrigé d'après le chinois + naturalisé en français,oui,oui,,
D0381,MAIN:0x0398D1,Dialogue en jeu,0x0398D1,5325,dialogue_19_19,ONDINE,"ONDINE : Ma méthode
est simple : miser
sur le type Eau !
À toi d'affronter
la plus belle fille
du monde !",小霞:你在培养精灵时有什么策略吗?我的策略就是让它成为水系的精灵!让我这个世界第一美少女来成为你的对手吧!,Misty:Pro Trainers have a policy aboutPok@mon.Mine is an all-out offensive approach! What's yours?,high,corrigé d'après le chinois + naturalisé en français,oui,oui,,
D0382,MAIN:0x039937,Dialogue en jeu,0x039937,999,dialogue_19_19,ONDINE,"ONDINE : Battue...
Prends le Badge
Cascade ! Coupe
marche hors combat.
Apprends la CT11
Bulles d'O
à un Pokémon Eau !","小霞:是我输了?没办法!蓝色徽章就给你吧!拥有蓝色徽章就算不是在战斗中也能使用居合斩喔!特技11也送给你吧,特技11是泡沫光线让水系的精灵学吧!",Misty: You're too much! Here's the Cascade Badge to show you beat me! Now you can use theCUT HM!And you can have TM11 too. It teaches BubbleBeam!Use it well!,high,corrigé d'après le chinois + naturalisé en français,oui,oui,,
D0383,MAIN:0x0399DC,Dialogue en jeu,0x0399DC,1027,dialogue_19_19,RÉGIS,"RÉGIS : Sacha ! Moi, j'ai de super Pokémon. Montre-moi les tiens !","小茂:嗨!小智,你还为那种事困惑啊?我都抓到又强又棒的精灵!什么什么?你抓了什么啊?让我看看嘛!",Yo Ash!You're stillstruggling along? Me?I'm doing great!I'll show you!,high,corrigé d'après le chinois + naturalisé en français,oui,oui,,
D0384,MAIN:0x039A24,Dialogue en jeu,0x039A24,1033,dialogue_19_19,RÉGIS,"RÉGIS : Léo m'a
montré ses Pokémon
rares. Ce célèbre
collectionneur a
enrichi mon Pokédex
et créé le stockage
PC. Tu l'utilises ?
Remercie-le !","小茂:嗨嗨,我到马沙家他给我看了许多珍贵的宠物精灵耶!托他的福,我的精灵图鉴又增加了好几页呢,总之马沙是一位有名的宠物精灵收集家!电脑通信的精灵保管系统也是他做的,如果你也有使用真应该去向他道谢呢","Okay,you won! Hey guess what! I went to Bill's.You know he invented the PC system we use? You should go thank him. Well,I better get rolling! Smell ya later!",high,adapté d'après les dialogues officiels R/B/J (FR),oui,oui,,
D0385,MAIN:0x039AC6,Dialogue en jeu,0x039AC6,1062,dialogue_19_19,,"Bats 5 Dresseurs !
Un prix t'attend.
Tu peux gagner ?","捉虫少年:如果你能连续打败五人,将可得到丰富的奖品你能胜利吗?",Beat us 5 trainers and win a prize! I'm 1st!,high,adapté d'après les dialogues officiels R/B/J (FR),oui,oui,,
D0386,MAIN:0x039AF5,Dialogue en jeu,0x039AF5,1067,dialogue_19_19,,Pas mal ! Tu peux tous nous battre ?,"捉虫少年:不错,但你能全部胜过我们吗?","I did my best, I have no regrets.",high,corrigé d'après le chinois + naturalisé en français,oui,oui,,
D0387,MAIN:0x039B19,Dialogue en jeu,0x039B19,1076,dialogue_19_19,,"Je suis deuxième !
Le vrai combat
commence !",迷你裙:第二人正是我!现在才是真正的战斗!,I'm 2nd! Let's go!,high,adapté d'après les dialogues officiels R/B/J (FR),oui,oui,,
D0388,MAIN:0x039B2C,Dialogue en jeu,0x039B2C,1081,dialogue_19_19,,Quatrième ! Tu veux te faire remarquer ?,"迷你裙:我是第四人,你不就是为了引人注目才来的吗?",No.3! I won't be easy!,high,corrigé d'après le chinois + naturalisé en français,oui,oui,,
D0389,MAIN:0x039B45,Dialogue en jeu,0x039B45,1084,dialogue_19_19,,"Troisième ! Tu vas
en baver !",谈判小子:第三人登场!我不会给你太好过,I'm No.4!Tired Yet?,high,corrigé d'après le chinois + naturalisé en français,oui,oui,,
D0390,MAIN:0x039B59,Dialogue en jeu,0x039B59,1096,dialogue_19_19,,"Je suis cinquième
et dernier !
En garde !",侦察员:我就是最后的第五人了!来吧!!,No.5! Get ready!,high,adapté d'après les dialogues officiels R/B/J (FR),oui,oui,,
D0391,MAIN:0x039B6A,Dialogue en jeu,0x039B6A,1101,dialogue_19_19,,"Bravo ! Le cadeau
promis est à toi !","火箭队:太精彩了,按照约定这个礼物给你吧",Congrats!You earneda prize!,high,adapté d'après les dialogues officiels R/B/J (FR),oui,oui,,
D0392,MAIN:0x039B86,Dialogue en jeu,0x039B86,1106,dialogue_19_19,,Pierre Lune reçue !,得到月之石,Got Moonstone!,high,adapté d'après les dialogues officiels R/B/J (FR),oui,oui,,
D0393,MAIN:0x039B95,Dialogue en jeu,0x039B95,1112,dialogue_19_19,,La Team Rocket utilise les Pokémon pour étendre son territoire. Rejoins-nous !,"火箭队:加入火箭队吧,我们是专门使用宠物精灵扩充地皮的集团","By the way, want tojoin TEAM ROCKET? Fine! You'll regretthis!",high,corrigé d'après le chinois + naturalisé en français,oui,oui,,
D0394,MAIN:0x039BD4,Dialogue en jeu,0x039BD4,1119,dialogue_19_19,,"Quel gâchis !
Tu aurais brillé
chez la Team Rocket",火箭队:你还真是强劲!有这样的技术不加入火箭队太可惜了...,Arrgh!You are good!,high,corrigé d'après le chinois + naturalisé en français,oui,oui,,
D0395,MAIN:0x039BE8,Dialogue en jeu,0x039BE8,1126,dialogue_19_19,,Je t'ai vu combattre depuis les hautes herbes.,侦察员:我在草堆里都看到了你的表现,I saw you fight at the bridge!,high,corrigé d'après le chinois + naturalisé en français,oui,oui,,
D0396,MAIN:0x039C07,Dialogue en jeu,0x039C07,1131,dialogue_19_19,,T'es coriace...,侦察员:你狠...,You are good...,high,corrigé d'après le chinois + naturalisé en français,oui,oui,,
D0397,MAIN:0x039C17,Dialogue en jeu,0x039C17,1141,dialogue_19_19,,"Je l'élève mal.
Je vais relâcher
ce Salamèche...
Si tu t'en occupes,
il est à toi.","男孩:我不会培育宠物精灵,觉的它怪可怜的正想放生这只小火龙...如果你能好好照顾他的话,我就把它送给你如何?",I'm looking for a good home for my Charmander.Can you take care of him?,high,adapté d'après Pokémon Jaune (FR),oui,oui,,
D0398,MAIN:0x039C62,Dialogue en jeu,0x039C62,1146,dialogue_19_19,,"Alors, je vais
le relâcher...",是吗?那我只好放生了...,"Oh,I'll release himthen...",high,adapté d'après Pokémon Jaune (FR),oui,oui,,
D0399,MAIN:0x039C7D,Dialogue en jeu,0x039C7D,1151,dialogue_19_19,,C'est vrai ? Merci beaucoup !,真的?太谢谢你了!,Take care of him.,high,corrigé d'après le chinois + naturalisé en français,oui,oui,,
D0400,MAIN:0x039C8F,Dialogue en jeu,0x039C8F,1158,dialogue_19_19,,Encore en forme après avoir franchi le Mont Sélénite ?,大叔:刚刚从观月山下来的还很有精神啊!,I'm still fired up after Mt.Moon!,high,corrigé d'après le chinois + naturalisé en français,oui,oui,,
D0401,MAIN:0x039CB1,Dialogue en jeu,0x039CB1,1163,dialogue_19_19,,Quelle force !,大叔:厉害!,You work hard!,high,corrigé d'après le chinois + naturalisé en français,oui,oui,,
D0402,MAIN:0x039CC0,Dialogue en jeu,0x039CC0,1164,dialogue_19_19,,"Ici, les Dresseurs
s'entraînent !",谈判小子:这片森林是附近的训练家训练的场所!,Trainers come here to practice!,high,corrigé d'après le chinois + naturalisé en français,oui,oui,,
D0403,MAIN:0x039CE0,Dialogue en jeu,0x039CE0,1169,dialogue_19_19,,Pas mal !,谈判小子:做的不错嘛,You trained well!,high,corrigé d'après le chinois + naturalisé en français,oui,oui,,
D0404,MAIN:0x039CF2,Dialogue en jeu,0x039CF2,1174,dialogue_19_19,,Tu vas chez Léo ? Affronte-moi d'abord !,大叔:你要去马沙的小屋吗?那去之前先与我比试一下!,Goin' to see Bill? Let's fight first!,high,corrigé d'après le chinois + naturalisé en français,oui,oui,,
D0405,MAIN:0x039D18,Dialogue en jeu,0x039D18,1179,dialogue_19_19,,"La Minijupe, c'est moi !",迷你裙:我是迷你裙!,"Hi, My boyfriend iscool!",high,corrigé d'après le chinois + naturalisé en français,oui,oui,,
D0406,MAIN:0x039D31,Dialogue en jeu,0x039D31,1184,dialogue_19_19,,J'ai perdu...,大叔:我输了...,Ya got me,high,corrigé d'après le chinois + naturalisé en français,oui,oui,,
D0407,MAIN:0x039D4E,Dialogue en jeu,0x039D4E,1189,dialogue_19_19,,T'es coriace !,大叔:算你狠!,You're somethin'.,high,corrigé d'après le chinois + naturalisé en français,oui,oui,,
D0408,MAIN:0x039D74,Dialogue en jeu,0x039D74,1152,dialogue_19_19,,Salamèche reçu !,得到小火龙,Got Charmander!,high,adapté d'après Pokémon Jaune (FR),oui,oui,,
D0409,MAIN:0x039D84,Dialogue en jeu,0x039D84,1194,dialogue_19_19,,"Au bal de l'Océane
avec mon père !
Jaloux ?","谈判小子:枯叶港的铁达尼号的舞会,我和爸爸去过!羡慕吧",I went to a party on the S.S.ANNE!,high,corrigé d'après le chinois + naturalisé en français,oui,oui,,
D0410,MAIN:0x039DA8,Dialogue en jeu,0x039DA8,1201,dialogue_19_19,,L'Océane est pleine de Dresseurs redoutables !,铁达尼号上可是有很多厉害的训练师哦!,I saw trainers fromall over!,high,corrigé d'après le chinois + naturalisé en français,oui,oui,,
D0411,MAIN:0x039DC5,Dialogue en jeu,0x039DC5,1210,dialogue_19_19,,Vive la minijupe !,迷你裙:喜欢迷你裙!,I wish he was as good as you!,high,corrigé d'après le chinois + naturalisé en français,oui,oui,,
D0412,MAIN:0x039DE5,Dialogue en jeu,0x039DE5,1217,dialogue_19_19,,Tu veux passer ? Alors bats-moi !,"大叔:想过去,先打败我",I'm off to see Bill,high,corrigé d'après le chinois + naturalisé en français,oui,oui,,
D0413,MAIN:0x039DF9,Dialogue en jeu,0x039DF9,1218,dialogue_19_19,,Je suis un Scout !,侦察员:我是侦察员,I got a girlfriend!,high,corrigé d'après le chinois + naturalisé en français,oui,oui,,
D0414,MAIN:0x039E0D,Dialogue en jeu,0x039E0D,1219,dialogue_19_19,,Ha ha ha...,侦察员:哈哈哈...,She'll cheer me up.,high,corrigé d'après le chinois + naturalisé en français,oui,oui,,
D0415,MAIN:0x039E21,Dialogue en jeu,0x039E21,1220,dialogue_19_19,,"Je pressentais
qu'on se battrait.","谈判小子:我有预感,你会与我战斗",I knew I had to fight you!,high,corrigé d'après le chinois + naturalisé en français,oui,oui,,
D0416,MAIN:0x039E3F,Dialogue en jeu,0x039E3F,1225,dialogue_19_19,,"Je pressentais
que je perdrais...",谈判小子:我有预感会输...,I knew I'd lose too,high,corrigé d'après le chinois + naturalisé en français,oui,oui,,
D0417,MAIN:0x039E53,Dialogue en jeu,0x039E53,1230,dialogue_19_19,,"Mes amies ont
de jolis Pokémon...
C'est pas juste !",迷你裙:朋友们都拥有可爱的精灵...可恨,I'm jealous of my friend's Clefairy!,high,corrigé d'après le chinois + naturalisé en français,oui,oui,,
D0418,MAIN:0x039E79,Dialogue en jeu,0x039E79,1237,dialogue_19_19,,"Du Mont Sélénite ?
Moi, je veux
un Mélofée...",迷你裙:从观月山来的吗?我想要皮皮...,Do you have one too?,high,corrigé d'après le chinois + naturalisé en français,oui,oui,,
D0419,MAIN:0x039E91,Dialogue en jeu,0x039E91,1247,dialogue_19_19,LÉO,"LÉO : Salut !
Moi, Léo,
le Pokémaniac !
Tu doutes ?
Une expérience
ratée m'a fusionné
avec un Pokémon.
Aide-moi.
Je prends place
au Téléporteur.
Sur ce PC, lance
la séparation !","马沙:大家好,我是马沙!大家都叫我精灵迷!你那是什么眼神?不相信的样子...我是实验失败才和精灵粘在一起的你能救我吗?我要进入传送机里,分离程序就拜托你了!对,就是那部电脑!",Hiya!I'm a Pok@Mon!I'm not. I'm Bill! I messed up an exp-eriment and turned into a Pok@mon! Canyou help me out?Youjust go to my PC and start the cell program!,high,adapté d'après les dialogues officiels R/B/J (FR),oui,oui,,
D0420,MAIN:0x039F32,Dialogue en jeu,0x039F32,5463,dialogue_19_19,,Léo est sauvé !,马沙获救了,Run Program.,high,corrigé d'après le chinois + naturalisé en français,oui,oui,,
D0421,MAIN:0x039F3F,Dialogue en jeu,0x039F3F,1253,dialogue_19_19,LÉO,"LÉO : Merci !
Tu viens voir
ma collection ?
Tiens, prends ça !","马沙:谢谢你,你是来看我的收集品的是吗?对了这是给你的谢礼","Yeehah!Thanks bud!Ihave to thank you! Here, maybe this'lldo.",high,adapté d'après les dialogues officiels R/B/J (FR),oui,oui,,
D0422,MAIN:0x039F7C,Dialogue en jeu,0x039F7C,1259,dialogue_19_19,,Passe Bateau obtenu !,得到船票,Got S.S.Ticket!,high,adapté d'après les dialogues officiels R/B/J (FR),oui,oui,,
D0423,MAIN:0x039F8C,Dialogue en jeu,0x039F8C,1261,dialogue_19_19,LÉO,"LÉO : L'Océane est
à Carmin, pleine
de Dresseurs.
J'ai une invitation
mais je hais
les fêtes.
Vas-y à ma place !","马沙:现在枯叶市枯叶港来了一搜铁达尼号听说也来了许多训练家呢,我有一张船票但我不喜欢派对,你去玩玩吧","They invited me, but I can't stand fancy do's. So, whydon't you go? All the passengers are trainers!",high,adapté d'après les dialogues officiels R/B/J (FR),oui,oui,,
D0424,MAIN:0x039FF5,Dialogue en jeu,0x039FF5,1267,dialogue_19_19,LÉO,"LÉO : Ma collection ! 150 espèces sont connues, peut-être plus. J'attends ici un Pokémon légendaire...","马沙:对了,给你看一下我的收藏品吧.传说现在被发现的精灵种类在这个世界上有150种之多,但实际数量可能要比这还多,我一直在这个海边就是要等传说中的精灵出现...",Have fun!,high,corrigé d'après le chinois + naturalisé en français,oui,oui,,
D0425,MAIN:0x039FFF,Dialogue en jeu,0x039FFF,1273,dialogue_19_19,,"Hé ! Défense d'entrer ! Moi, louche ? Je ne fais que passer.","火箭队:喂!不可以随便进入别人的花园!...我?我只是一个过路人,可不是一个奇怪的人!什么?我很可疑?",What! I'm just an innocent bystander!Don't you believe me?,high,corrigé d'après le chinois + naturalisé en français,oui,oui,,
D0426,MAIN:0x03A03C,Dialogue en jeu,0x03A03C,1283,dialogue_19_19,,Pitié ! Je ne recommencerai plus ! Je file...,火箭队:我再也不敢了...饶了我吧!那么...我就闪人了...拜拜!,Ok! I'll leave quietly!,high,corrigé d'après le chinois + naturalisé en français,oui,oui,,
D0427,MAIN:0x03A058,Dialogue en jeu,0x03A058,1284,dialogue_19_19,,"Je monte la garde.
Mais j'ai soif !
Passage interdit !","警卫:我是尽责的警卫,好渴喔!喂喂!现在这里是禁止通行!","I'm on guard duty. Gee, I'm thirsty though...",high,corrigé d'après le chinois + naturalisé en français,oui,oui,,
D0428,MAIN:0x03A088,Dialogue en jeu,0x03A088,1291,dialogue_19_19,,Ta tête m'agace !,捉虫少年:我看你不惯!,"I've never seen youaround, you good?",high,corrigé d'après le chinois + naturalisé en français,oui,oui,,
D0429,MAIN:0x03A0AD,Dialogue en jeu,0x03A0AD,1292,dialogue_19_19,,Tu me plais déjà davantage...,捉虫少年:现在看你顺眼了...,You're too good!,high,corrigé d'après le chinois + naturalisé en français,oui,oui,,
D0430,MAIN:0x03A0BE,Dialogue en jeu,0x03A0BE,1295,dialogue_19_19,,Tu veux me tester ?,侦察员:想见识一下吗?,You want to battle?,high,corrigé d'après le chinois + naturalisé en français,oui,oui,,
D0431,MAIN:0x03A0D2,Dialogue en jeu,0x03A0D2,1300,dialogue_19_19,,"Cette fois, tu m'as
donné une leçon !",侦察员:反而让我见识了!,I didn't start it!,high,corrigé d'après le chinois + naturalisé en français,oui,oui,,
D0432,MAIN:0x03A0E5,Dialogue en jeu,0x03A0E5,1306,dialogue_19_19,,"Je suis mignonne, non ?",女孩:我长的可爱吧,"Me? Ok,I'll play!",high,corrigé d'après le chinois + naturalisé en français,oui,oui,,
D0433,MAIN:0x03A0F7,Dialogue en jeu,0x03A0F7,1307,dialogue_19_19,,Je t'aime bien !,女孩:我喜欢你!,Just didn't work!,high,corrigé d'après le chinois + naturalisé en français,oui,oui,,
D0434,MAIN:0x03A109,Dialogue en jeu,0x03A109,1308,dialogue_19_19,,"J'ai capturé
un super Pokémon.
Viens te battre !","捉虫少年:我捉到好精灵了,比试一下吧",There aren't many bugs here.,high,corrigé d'après le chinois + naturalisé en français,oui,oui,,
D0435,MAIN:0x03A127,Dialogue en jeu,0x03A127,1315,dialogue_19_19,,"Je dois encore
m'entraîner...",捉虫少年:还是欠缺训练...,I'm going back to Viridian Forest.,high,corrigé d'après le chinois + naturalisé en français,oui,oui,,
D0436,MAIN:0x03A14B,Dialogue en jeu,0x03A14B,1324,dialogue_19_19,,Tu regardes où ?,女孩:你在看哪里?,Excuse me! I'm on the phone!,high,corrigé d'après le chinois + naturalisé en français,oui,oui,,
D0437,MAIN:0x03A169,Dialogue en jeu,0x03A169,1329,dialogue_19_19,,"C'était un simple
malentendu.",女孩:是个误会,(Whisper Whisper..),high,corrigé d'après le chinois + naturalisé en français,oui,oui,,
D0438,MAIN:0x03A17D,Dialogue en jeu,0x03A17D,1336,dialogue_19_19,,"Je suis de mauvais
poil !",侦察员:现在我的心情不好!,I just lost to somekid!,high,corrigé d'après le chinois + naturalisé en français,oui,oui,,
D0439,MAIN:0x03A195,Dialogue en jeu,0x03A195,1340,dialogue_19_19,,"Ça m'énerve
encore plus...",侦察员:心情更糟了...,I just can't win.,high,corrigé d'après le chinois + naturalisé en français,oui,oui,,
D0440,MAIN:0x03A1A7,Dialogue en jeu,0x03A1A7,1350,dialogue_19_19,,"L'Océane accoste
à Carmin sur Mer
une fois par an.",船员:铁达尼号一年才进一次枯叶港,Welcome to the S.S.Anne!,high,corrigé d'après le chinois + naturalisé en français,oui,oui,,
D0441,MAIN:0x03A1C4,Dialogue en jeu,0x03A1C4,1361,dialogue_19_19,MATELOT,MATELOT : Bienvenue sur l'Océane ! Votre passe ?,"船员:欢迎来到铁达尼号!请等一等,客人你的票呢?","Excuse me, do you have a ticket?",high,adapté d'après les dialogues officiels R/B/J (FR),oui,oui,,
D0442,MAIN:0x03A1E6,Dialogue en jeu,0x03A1E6,1366,dialogue_19_19,,"Merci !
Bienvenue à bord !","船员:谢谢,欢迎你上船!","Ok, Welcome aboard!",high,adapté d'après les dialogues officiels R/B/J (FR),oui,oui,,
D0443,MAIN:0x03A1FA,Dialogue en jeu,0x03A1FA,1371,dialogue_19_19,,Je viens de Hoenn.,绅士:我是从宝石大陆来的,My Pok@mon are my freinds!,high,corrigé d'après le chinois + naturalisé en français,oui,oui,,
D0444,MAIN:0x03A216,Dialogue en jeu,0x03A216,1374,dialogue_19_19,,"Va donc à Hoenn
un de ces jours !",绅士:有空一定要去宝石大陆看看哦,You should be nice to freinds!,high,corrigé d'après le chinois + naturalisé en français,oui,oui,,
D0445,MAIN:0x03A235,Dialogue en jeu,0x03A235,1378,dialogue_19_19,,Les garçons d'ici sont tous timides.,迷你裙:这里的男孩都很害羞呢,I got Pok@mon from all over!,high,corrigé d'après le chinois + naturalisé en français,oui,oui,,
D0446,MAIN:0x03A252,Dialogue en jeu,0x03A252,1383,dialogue_19_19,,"Les gamins comme
toi m'énervent !",迷你裙:讨厌你这种小孩子!,Oh No! You hurt them!,high,corrigé d'après le chinois + naturalisé en français,oui,oui,,
D0447,MAIN:0x03A26B,Dialogue en jeu,0x03A26B,1387,dialogue_19_19,,Ne sous-estime pas mes Pokémon !,谈判小子:你别小看我的精灵,I love Pok@mon! Do you?,high,corrigé d'après le chinois + naturalisé en français,oui,oui,,
D0448,MAIN:0x03A283,Dialogue en jeu,0x03A283,1392,dialogue_19_19,,"Je dois encore
m'entraîner...",谈判小子:还欠缺修炼啊,Wow! You're great!,high,corrigé d'après le chinois + naturalisé en français,oui,oui,,
D0449,MAIN:0x03A296,Dialogue en jeu,0x03A296,1396,dialogue_19_19,,On se sent vraiment bien à Hoenn.,绅士:来到这个方元地区还真是舒服,"You,pup! How dare you barge in!",high,corrigé d'après le chinois + naturalisé en français,oui,oui,,
D0450,MAIN:0x03A2B7,Dialogue en jeu,0x03A2B7,1397,dialogue_19_19,,"Légendes de Johto :
tu connais ?",绅士:你听说过还有金银地区的传说吗?,Humph! You rude child!,high,corrigé d'après le chinois + naturalisé en français,oui,oui,,
D0451,MAIN:0x03A2D1,Dialogue en jeu,0x03A2D1,1406,dialogue_19_19,,Quel beau temps !,水手:今天天气好啊,My pride is at stake!,high,corrigé d'après le chinois + naturalisé en français,oui,oui,,
D0452,MAIN:0x03A2EB,Dialogue en jeu,0x03A2EB,1411,dialogue_19_19,,Je me suis bien amusé.,水手:我玩的很开心,You sank me!,high,corrigé d'après le chinois + naturalisé en français,oui,oui,,
D0453,MAIN:0x03A2F8,Dialogue en jeu,0x03A2F8,1412,dialogue_19_19,,Admire ma prise !,大胖子:看我钓上的好货色吧!,I like feisty kids like you!,high,corrigé d'après le chinois + naturalisé en français,oui,oui,,
D0454,MAIN:0x03A315,Dialogue en jeu,0x03A315,1417,dialogue_19_19,,Zut...,大胖子:可恶...,Argh! Lost it!,high,corrigé d'après le chinois + naturalisé en français,oui,oui,,
D0455,MAIN:0x03A324,Dialogue en jeu,0x03A324,1422,dialogue_19_19,,J'adore l'air marin.,迷你裙:我喜欢大海的感觉,I never saw you at the party!,high,corrigé d'après le chinois + naturalisé en français,oui,oui,,
D0456,MAIN:0x03A342,Dialogue en jeu,0x03A342,1427,dialogue_19_19,,"Je t'aime presque
autant...",迷你裙:就像喜欢你一样...,"Oh, I adore your strong Pok@mon!",high,corrigé d'après le chinois + naturalisé en français,oui,oui,,
D0457,MAIN:0x03A365,Dialogue en jeu,0x03A365,1434,dialogue_19_19,,Salut !,双胞胎:你好啊!,I'm kinda bored.Howabout a battle?,high,corrigé d'après le chinois + naturalisé en français,oui,oui,,
D0458,MAIN:0x03A388,Dialogue en jeu,0x03A388,1439,dialogue_19_19,,Sacré Dresseur !,"水手:我明白了,你是伟大的训练师",Good fight!,high,corrigé d'après le chinois + naturalisé en français,oui,oui,,
D0459,MAIN:0x03A394,Dialogue en jeu,0x03A394,1440,dialogue_19_19,,Je bosse dur tous les jours.,水手:天天都努力工作,Us Sailors have Pok@mon too!,high,corrigé d'après le chinois + naturalisé en français,oui,oui,,
D0460,MAIN:0x03A3B4,Dialogue en jeu,0x03A3B4,1441,dialogue_19_19,,C'est une blague ?!,水手:有没有搞错?,"Ok, You're not bad.",high,corrigé d'après le chinois + naturalisé en français,oui,oui,,
D0461,MAIN:0x03A3C8,Dialogue en jeu,0x03A3C8,1442,dialogue_19_19,,"T'es qui, toi ?",水手:你是谁?,"Matey, you walk theplank if you lose!",high,corrigé d'après le chinois + naturalisé en français,oui,oui,,
D0462,MAIN:0x03A3EE,Dialogue en jeu,0x03A3EE,1447,dialogue_19_19,,"Moi, qui suis-je ?",水手:我又是谁??,Argh! Beaten by a kid!,high,corrigé d'après le chinois + naturalisé en français,oui,oui,,
D0463,MAIN:0x03A406,Dialogue en jeu,0x03A406,1458,dialogue_19_19,,Bonne traversée !,水手:出海愉快!,Ahoy! Are you sea sick?,high,corrigé d'après le chinois + naturalisé en français,oui,oui,,
D0464,MAIN:0x03A41F,Dialogue en jeu,0x03A41F,1459,dialogue_19_19,,À quand le dîner ?,水手:晚饭什么时候开始?,I was just careless,high,corrigé d'après le chinois + naturalisé en français,oui,oui,,
D0465,MAIN:0x03A433,Dialogue en jeu,0x03A433,1466,dialogue_19_19,,Je suis au régime !,大胖子:我正在减肥!,Hey matey! Let's fight!,high,corrigé d'après le chinois + naturalisé en français,oui,oui,,
D0466,MAIN:0x03A44D,Dialogue en jeu,0x03A44D,1467,dialogue_19_19,,"Et me voilà encore
gros !",大胖子:不过现在又胖了!,"Urf, I Feel Ill...",high,corrigé d'après le chinois + naturalisé en français,oui,oui,,
D0467,MAIN:0x03A460,Dialogue en jeu,0x03A460,1472,dialogue_19_19,RÉGIS,"RÉGIS : Sacha !
Toi aussi, invité ?
Mon Pokédex compte
plus de 40 espèces.
Voyons tes progrès.",小茂:小智真没想到会在这里见到你!你也受到了邀请啊?图鉴又增加了吗?我可是收集到四十多种了!让我看看你有没有进步吧!!,"Bonjour Ash! Were you really invited?How's your Pok@Dex?I already have 40 kinds, pal!",high,corrigé d'après le chinois + naturalisé en français,oui,oui,,
D0468,MAIN:0x03A4B8,Dialogue en jeu,0x03A4B8,1490,dialogue_19_19,RÉGIS,"RÉGIS : À bord,
le maître de Coupe
a le mal de mer !
Va le voir.
À plus !","小茂:听说居合斩的名人也在船上,看了一下竟然是会晕船的老头!你也去看看吧,再会了!",There's an old man here who can teach CUT! It's really usefull! Smell ya!,high,adapté d'après les dialogues officiels R/B/J (FR),oui,oui,,
D0469,MAIN:0x03A504,Dialogue en jeu,0x03A504,1508,dialogue_19_19,,"Beurk...
J'ai le mal
de mer !","名人:晕船,不行了...好难过",Urrp! I'm Seasick!,high,corrigé d'après le chinois + naturalisé en français,oui,oui,,
D0470,MAIN:0x03A517,Dialogue en jeu,0x03A517,5464,dialogue_19_19,,"Merci, ça va mieux ! Coupe ? Je suis épuisé... Apprends-la plutôt à un Pokémon.","名人:嗯,好多了...谢谢你!什么你想看我的居合斩?如果我的身体好点的话就可以表演给你看...对了,这个给你吧!只要教你的精灵那你就随时都可看到居合斩了!","(Rub,rub,rub)",high,corrigé d'après le chinois + naturalisé en français,oui,oui,,
D0471,MAIN:0x03A525,Dialogue en jeu,0x03A525,1513,dialogue_19_19,,L'Océane est partie.,船员:船已经出发了,The S.S.ANNE left.,high,adapté d'après les dialogues officiels R/B/J (FR),oui,oui,,
D0472,MAIN:0x03A538,Dialogue en jeu,0x03A538,1518,dialogue_19_19,,"Même tes Pokémon
ne suffisent pas :
t'es trop jeune !",水手:就算你的精灵有多强都不可能是你这种小孩该来的!,This is no place for kids!,high,adapté d'après les dialogues officiels R/B/J (FR),oui,oui,,
D0473,MAIN:0x03A555,Dialogue en jeu,0x03A555,1523,dialogue_19_19,AGENT JENNY,"AGENT JENNY :
Ce Carapuce faisait
n'importe quoi.
Je l'ai capturé !",女警君莎:抓到最近老是恶作剧的杰尼龟,My Squirtle keeps getting in trouble.,high,adapté d'après Pokémon Jaune (FR),oui,oui,,
D0474,MAIN:0x03A57C,Dialogue en jeu,0x03A57C,1529,dialogue_19_19,,"Hé, Champion ! Major Bob, le Ricain Survolté, a la meilleure équipe Électrik d'Amérique ! Évite Eau et Vol !",裁判:为来的冠军!马其斯少佐的外号叫闪电美国!使用电系精灵可称的上美国第一!飞行类和水类是不适用的...,"Hey Champ! Lt.Surgeloves electric Pok@mon,avoid birds andwater pok@mon! And beware of paralysis",high,adapté d'après les dialogues officiels R/B/J (FR),oui,oui,,
D0475,MAIN:0x03A5DC,Dialogue en jeu,0x03A5DC,1535,dialogue_19_19,,"Les passagers
de l'Océane
sont tous riches !
Ne traîne pas ici,
gamin !","船员:小鬼,这艘铁达尼号上的客人都是有钱人,你别到这里闲逛!!","I'm sorry,but you need a ticket to come aboard.",high,corrigé d'après le chinois + naturalisé en français,oui,oui,,
D0476,MAIN:0x03A60F,Dialogue en jeu,0x03A60F,1546,dialogue_19_19,,Évoli reçu !,得到依布,Got Eevee!,high,adapté d'après les dialogues officiels R/B/J (FR),oui,oui,,
D0477,MAIN:0x03A61A,Dialogue en jeu,0x03A61A,1547,dialogue_19_19,,Pas mal !,水手:有两下子,You surprised me!,high,corrigé d'après le chinois + naturalisé en français,oui,oui,,
D0478,MAIN:0x03A62F,Dialogue en jeu,0x03A62F,1557,dialogue_19_19,,CS01 obtenue !,得到特技01居合斩,"Whew! Thanks! Here,let me give ya thisCUT HM!Your Pok@moncan use it outside of battle to cut down trees! Got HM 01!",high,adapté d'après les dialogues officiels R/B/J (FR),oui,oui,,
D0479,MAIN:0x03A6AC,Dialogue en jeu,0x03A6AC,1563,dialogue_19_19,,"Le Major Bob est
militaire. Tu veux
t'engager ?","绅士:马其斯少佐是军人,你也想加入吗?",Lt.Surge was my CO.in the army!,high,corrigé d'après le chinois + naturalisé en français,oui,oui,,
D0480,MAIN:0x03A6CC,Dialogue en jeu,0x03A6CC,1574,dialogue_19_19,,"Tu crois pouvoir
passer ?",士兵:能过我这关吗?,There's a secret tothis GYM!,high,corrigé d'après le chinois + naturalisé en français,oui,oui,,
D0481,MAIN:0x03A6E9,Dialogue en jeu,0x03A6E9,1610,dialogue_19_19,MAJOR BOB,"MAJOR BOB :
Tu oses me défier
si faible ?
Quel cran ! Prends
donc ta leçon !",马其斯:哦?宝贝你要挑战啊?哈哈!就凭你那微弱的力量!就想与我挑战?真是有胆量?精灵做的不是这么简单的!让你尝尝苦头!,"Electric Pok@mon saved me in the war! They zapped myenemies,just like I'll do to you!",high,corrigé d'après le chinois + naturalisé en français,oui,oui,,
D0482,MAIN:0x03A745,Dialogue en jeu,0x03A745,1634,dialogue_19_19,,CT24 reçue !,得到技能24,You're the real deal kid!Here's theThunderbadge! That badge lets you use FLY any time kid! And take this TM aswell!,high,adapté d'après les dialogues officiels R/B/J (FR),oui,oui,,
D0483,MAIN:0x03A7BD,Dialogue en jeu,0x03A7BD,6557,dialogue_19_19,,Je voyagerai l'an prochain.,绅士:明年我要去旅游,NON TRADUIT — texte chinois conservé dans la ROM anglaise,high,corrigé d'après le chinois + naturalisé en français,oui,oui,,
D0484,MAIN:0x03A7D8,Dialogue en jeu,0x03A7D8,6559,dialogue_19_19,,Je suis trop vieux pour marcher loin.,"绅士:都一把年纪了,走不动了",NON TRADUIT — texte chinois conservé dans la ROM anglaise,high,corrigé d'après le chinois + naturalisé en français,oui,oui,,
D0485,MAIN:0x03A7F4,Dialogue en jeu,0x03A7F4,6567,dialogue_19_19,,"Ne traîne pas ici, gamin !","水手:小子,别乱逛!",NON TRADUIT — texte chinois conservé dans la ROM anglaise,high,corrigé d'après le chinois + naturalisé en français,oui,oui,,
D0486,MAIN:0x03A807,Dialogue en jeu,0x03A807,6573,dialogue_19_19,,J'avais tort. Visite à ta guise.,"水手:我错了,请您随便参观",NON TRADUIT — texte chinois conservé dans la ROM anglaise,high,corrigé d'après le chinois + naturalisé en français,oui,oui,,
D0487,MAIN:0x03A821,Dialogue en jeu,0x03A821,1646,dialogue_19_19,AGENT JENNY,AGENT JENNY : Le Badge Foudre ? Tu es fort ! Veux-tu ce Carapuce farceur ?,女警君莎:那是橙色徽章?你可能是厉害的训练家!!抓到最近老是恶作剧的杰尼龟给你好吗?,This Squirtle I gotkeeps getting into mischief.I think heneeds a better trainer. Would you like him?,high,corrigé d'après le chinois + naturalisé en français,oui,oui,,
D0488,MAIN:0x03A88A,Dialogue en jeu,0x03A88A,1656,dialogue_19_19,,Qui veut Carapuce ?,是吗?谁能领养这只杰尼龟呢...,Oh...What am I to do now?,high,adapté d'après Pokémon Jaune (FR),oui,oui,,
D0489,MAIN:0x03A8A5,Dialogue en jeu,0x03A8A5,1661,dialogue_19_19,,"Prends soin de lui,
s'il te plaît !","拜托了,要好好照顾它哦!",Please treat him well.,high,adapté d'après Pokémon Jaune (FR),oui,oui,,
D0490,MAIN:0x03A8BE,Dialogue en jeu,0x03A8BE,6579,dialogue_19_19,,"Va-t'en, vite !",水手:快走开!,NON TRADUIT — texte chinois conservé dans la ROM anglaise,high,corrigé d'après le chinois + naturalisé en français,oui,oui,,
D0491,MAIN:0x03A8D2,Dialogue en jeu,0x03A8D2,6580,dialogue_19_19,,"J'ai parlé, là ?",水手:刚才我有说话吗?,NON TRADUIT — texte chinois conservé dans la ROM anglaise,high,corrigé d'après le chinois + naturalisé en français,oui,oui,,
D0492,MAIN:0x03A8E8,Dialogue en jeu,0x03A8E8,6582,dialogue_19_19,,Ma fille a ton âge.,绅士:我有个女儿现在和你一样大,NON TRADUIT — texte chinois conservé dans la ROM anglaise,high,corrigé d'après le chinois + naturalisé en français,oui,oui,,
D0493,MAIN:0x03A907,Dialogue en jeu,0x03A907,6595,dialogue_19_19,,Épouse ma fille !,绅士:做我女婿吧...,NON TRADUIT — texte chinois conservé dans la ROM anglaise,high,corrigé d'après le chinois + naturalisé en français,oui,oui,,
D0494,MAIN:0x03A91B,Dialogue en jeu,0x03A91B,1674,dialogue_19_19,,Mes Pokémon sont invincibles !,老爷爷:我的精灵是无敌的!,"Win, Lose, or Draw!",high,corrigé d'après le chinois + naturalisé en français,oui,oui,,
D0495,MAIN:0x03A92F,Dialogue en jeu,0x03A92F,1679,dialogue_19_19,,Enfin... seulement chez moi.,老爷爷:在我家是无敌的...,To live is to gamble!,high,corrigé d'après le chinois + naturalisé en français,oui,oui,,
D0496,MAIN:0x03A94A,Dialogue en jeu,0x03A94A,1680,dialogue_19_19,,J'ai sommeil...,谈判小子:我困了...,No cheating!,high,corrigé d'après le chinois + naturalisé en français,oui,oui,,
D0497,MAIN:0x03A957,Dialogue en jeu,0x03A957,1681,dialogue_19_19,,Pourquoi m'empêcher de dormir ?,谈判小子:干嘛打扰我休息?,Huh? That's not right!,high,corrigé d'après le chinois + naturalisé en français,oui,oui,,
D0498,MAIN:0x03A971,Dialogue en jeu,0x03A971,1682,dialogue_19_19,,On a quelque chose sur le visage ?,双胞胎:我们脸上有东西吗?,"I'm new,but I thinkI can win!",high,corrigé d'après le chinois + naturalisé en français,oui,oui,,
D0499,MAIN:0x03A98F,Dialogue en jeu,0x03A98F,1691,dialogue_19_19,,"Oui, toi ! Arrête de nous dévisager !","双胞胎:说你呢,你还看!!",My Pok@mon couldn't,high,corrigé d'après le chinois + naturalisé en français,oui,oui,,
D0500,MAIN:0x03A9A3,Dialogue en jeu,0x03A9A3,1694,dialogue_19_19,,Traite tes Pokémon avec amour.,老爷爷:对精灵要有爱心,I have never won before.,high,corrigé d'après le chinois + naturalisé en français,oui,oui,,
D0501,MAIN:0x03A9BE,Dialogue en jeu,0x03A9BE,1699,dialogue_19_19,,"Pas mal, petit !",老爷爷:少年人不错,I saw this coming.,high,corrigé d'après le chinois + naturalisé en français,oui,oui,,
D0502,MAIN:0x03A9D1,Dialogue en jeu,0x03A9D1,1700,dialogue_19_19,RÉGIS,"RÉGIS : À bord,
le maître de Coupe
est un vieux.
Il a le mal
de mer !
Va voir. À plus !","小茂:听说居合斩的名人也在船上,看了一下竟然是会晕船的老头!你也去看看吧,再会了!",Fwahaha! I've neverlost!,high,adapté d'après les dialogues officiels R/B/J (FR),oui,oui,,
D0503,MAIN:0x03A9EA,Dialogue en jeu,0x03A9EA,1705,dialogue_19_19,,Tu m'as battu.,老爷爷:被打败了,Luck of the draw!,high,corrigé d'après le chinois + naturalisé en français,oui,oui,,
D0504,MAIN:0x03A9F7,Dialogue en jeu,0x03A9F7,1706,dialogue_19_19,SACHA,"SACHA :
Je vais vous masser
le dos !",小智:我帮你拍拍!,raw!,high,corrigé d'après le chinois + naturalisé en français,oui,oui,,
D0505,MAIN:0x03A9FC,Dialogue en jeu,0x03A9FC,1716,dialogue_19_19,,"Hé ! C'est quoi,
ces manières ?",谈判小子:你怎么这么没有礼貌?,I'm the best in my class!,high,corrigé d'après le chinois + naturalisé en français,oui,oui,,
D0506,MAIN:0x03AA16,Dialogue en jeu,0x03AA16,1720,dialogue_19_19,,"Bon, je laisse tomber.","谈判小子:算了,我不和你计较","Darn,I need to makethem stronger!",high,corrigé d'après le chinois + naturalisé en français,oui,oui,,
D0507,MAIN:0x03AA38,Dialogue en jeu,0x03AA38,1721,dialogue_19_19,,Comment peux-tu faire ça ?,谈判小子:你怎么可以这样?,My Pok@mon should be ready!,high,corrigé d'après le chinois + naturalisé en français,oui,oui,,
D0508,MAIN:0x03AA55,Dialogue en jeu,0x03AA55,1722,dialogue_19_19,,Je n'ai rien dit.,谈判小子:我什么都没说,I should get betterones.,high,corrigé d'après le chinois + naturalisé en français,oui,oui,,
D0509,MAIN:0x03AA6E,Dialogue en jeu,0x03AA6E,1723,dialogue_19_19,,Tu ne passeras pas.,侦察员:无论如何都别想过我这关,Competition! I can not get enough!,high,corrigé d'après le chinois + naturalisé en français,oui,oui,,
D0510,MAIN:0x03AA91,Dialogue en jeu,0x03AA91,1724,dialogue_19_19,,"Je n'ai rien vu. Allez, file !","侦察员:我当没看见,你走吧",I had a chance!,high,corrigé d'après le chinois + naturalisé en français,oui,oui,,
D0511,MAIN:0x03AAA1,Dialogue en jeu,0x03AAA1,1725,dialogue_19_19,,Réglons ça aujourd'hui !,老爷爷:今天来决一胜负吧,Careful! I am on fire!,high,corrigé d'après le chinois + naturalisé en français,oui,oui,,
D0512,MAIN:0x03AABA,Dialogue en jeu,0x03AABA,1726,dialogue_19_19,,"Tu as eu
de la chance...",老爷爷:算你走运...,I've burnt out...,high,corrigé d'après le chinois + naturalisé en français,oui,oui,,
D0513,MAIN:0x03AACC,Dialogue en jeu,0x03AACC,1732,dialogue_19_19,,Tu es fichu !,谈判小子:你完蛋了!,There's a huge Pok@mon that sleepsback this way.,high,corrigé d'après le chinois + naturalisé en français,oui,oui,,
D0514,MAIN:0x03AB01,Dialogue en jeu,0x03AB01,1733,dialogue_19_19,,"J'ai mal au ventre.
Pas de dispute
aujourd'hui.","谈判小子:今天肚子疼,不和你计较",I think you need a Flute to wake him.,high,corrigé d'après le chinois + naturalisé en français,oui,oui,,
D0515,MAIN:0x03AB27,Dialogue en jeu,0x03AB27,1744,dialogue_19_19,,"D'après la rumeur,
les Taupiqueur ont
creusé ce tunnel
jusqu'à Jadielle !","爷爷:听说这个是地鼠挖的山洞,好像能通到常青市的样子","A fainted Pok@mon can't fight,but canstill use HMs.",high,adapté d'après les dialogues officiels R/B/J (FR),oui,oui,,
D0516,MAIN:0x03AB5C,Dialogue en jeu,0x03AB5C,1755,dialogue_19_19,,Certains Pokémon apprennent Flash avec la CS05. Utile dans les grottes !,"男孩:这个秘传技05你应该用的上,让能学闪光的精灵学会后可以照亮山洞",I'm Prof.Oaks Aide!I was sent to give you an HM05! Here you are Ash!,high,corrigé d'après le chinois + naturalisé en français,oui,oui,,
D0517,MAIN:0x03ABA2,Dialogue en jeu,0x03ABA2,1762,dialogue_19_19,,CS05 obtenue !,得到特技05,Got HM05!,high,adapté d'après les dialogues officiels R/B/J (FR),oui,oui,,
D0518,MAIN:0x03ABAC,Dialogue en jeu,0x03ABAC,1768,dialogue_19_19,,"Dis donc, tu es plutôt mignon !",女孩:你还长的蛮英俊的嘛,You have Pok@Mon? You're mine!You deceived me!,high,corrigé d'après le chinois + naturalisé en français,oui,oui,,
D0519,MAIN:0x03ABCB,Dialogue en jeu,0x03ABCB,1770,dialogue_19_19,,"Tu es fort, j'aime ça !",女孩:有实力我欣赏,You deceived me!,high,corrigé d'après le chinois + naturalisé en français,oui,oui,,
D0520,MAIN:0x03ABDC,Dialogue en jeu,0x03ABDC,1771,dialogue_19_19,,"On négocie ?
Ton Pikachu,
donne-le-moi !","谈判小子:我们商量一下,把你的比卡丘让给我吧",I'm taking Rock Tunnel to go to Lavender Town.,high,corrigé d'après le chinois + naturalisé en français,oui,oui,,
D0521,MAIN:0x03AC11,Dialogue en jeu,0x03AC11,1784,dialogue_19_19,,J'avais tort.,谈判小子:我知道错了,Are you going too?,high,corrigé d'après le chinois + naturalisé en français,oui,oui,,
D0522,MAIN:0x03AC24,Dialogue en jeu,0x03AC24,1785,dialogue_19_19,,Te revoir ici ? Quelle surprise !,捉虫少年:没想到又见到你了,"Go,my bug Pok@mon!",high,corrigé d'après le chinois + naturalisé en français,oui,oui,,
D0523,MAIN:0x03AC37,Dialogue en jeu,0x03AC37,1788,dialogue_19_19,,Encore plus fort !,捉虫少年:你的实力又提升了呢,You bug me!,high,corrigé d'après le chinois + naturalisé en français,oui,oui,,
D0524,MAIN:0x03AC43,Dialogue en jeu,0x03AC43,1789,dialogue_19_19,,"Attention, ou ça va
mal finir !",大叔:小心我对你不客气!,"Haha! Come on,dude!",high,corrigé d'après le chinois + naturalisé en français,oui,oui,,
D0525,MAIN:0x03AC57,Dialogue en jeu,0x03AC57,1803,dialogue_19_19,,"Alors, comment vas-tu ? Ha ha...",大叔:您好吗?哈哈...,Haha! You beat me fair!,high,corrigé d'après le chinois + naturalisé en français,oui,oui,,
D0526,MAIN:0x03AC70,Dialogue en jeu,0x03AC70,1804,dialogue_19_19,,Intéressant...,大叔:有意思...,Great! I was bored!,high,corrigé d'après le chinois + naturalisé en français,oui,oui,,
D0527,MAIN:0x03AC84,Dialogue en jeu,0x03AC84,1809,dialogue_19_19,,"Cette fois, je suis
fichu...",大叔:这回完蛋了...,You sure got guts!,high,corrigé d'après le chinois + naturalisé en français,oui,oui,,
D0528,MAIN:0x03AC97,Dialogue en jeu,0x03AC97,1815,dialogue_19_19,,Un conseil : fuis !,"谈判小子:别说我没忠告你,快逃吧",Don't you dare condescend me!,high,corrigé d'après le chinois + naturalisé en français,oui,oui,,
D0529,MAIN:0x03ACB9,Dialogue en jeu,0x03ACB9,1822,dialogue_19_19,,Pas mal...,谈判小子:有两下子...,No! You're to much!,high,corrigé d'après le chinois + naturalisé en français,oui,oui,,
D0530,MAIN:0x03ACCD,Dialogue en jeu,0x03ACCD,1823,dialogue_19_19,,"Tous tes efforts
sont vains.
Je suis trop fort !",谈判小子:再怎么努力也不是我的对手!,Who's that with those cool Pok@mon?,high,corrigé d'après le chinois + naturalisé en français,oui,oui,,
D0531,MAIN:0x03ACF4,Dialogue en jeu,0x03ACF4,1832,dialogue_19_19,,"Mais... C'est pas
possible !",谈判小子:怎么可能呢?,Keep walking!,high,corrigé d'après le chinois + naturalisé en français,oui,oui,,
D0532,MAIN:0x03AD02,Dialogue en jeu,0x03AD02,1836,dialogue_19_19,,Encore toi !,大胖子:有碰见你了,Aren't you a littletoughie!,high,corrigé d'après le chinois + naturalisé en français,oui,oui,,
D0533,MAIN:0x03AD1E,Dialogue en jeu,0x03AD1E,5471,dialogue_19_19,,Encore perdu...,大胖子:又输了...,Too tough!,high,corrigé d'après le chinois + naturalisé en français,oui,oui,,
D0534,MAIN:0x03AD29,Dialogue en jeu,0x03AD29,1837,dialogue_19_19,,Laisse-moi te voir.,女孩:让姐姐看看你,I got up early to train!,high,corrigé d'après le chinois + naturalisé en français,oui,oui,,
D0535,MAIN:0x03AD43,Dialogue en jeu,0x03AD43,1838,dialogue_19_19,,Tu aurais pu y aller mollo !,女孩:不要不给面子吧!,I need to train more.,high,corrigé d'après le chinois + naturalisé en français,oui,oui,,
D0536,MAIN:0x03AD5C,Dialogue en jeu,0x03AD5C,1839,dialogue_19_19,,"Tu as osé venir
dans ce noir !",职员:这么暗你也敢来,I've never won a badge yet.,high,corrigé d'après le chinois + naturalisé en français,oui,oui,,
D0537,MAIN:0x03AD7A,Dialogue en jeu,0x03AD7A,1853,dialogue_19_19,,Quel courage !,职员:佩服你的勇气,I blew it again.,high,corrigé d'après le chinois + naturalisé en français,oui,oui,,
D0538,MAIN:0x03AD8B,Dialogue en jeu,0x03AD8B,1858,dialogue_19_19,,J'ai perdu quelque chose.,职员:我的东西掉了,This cave is long!,high,corrigé d'après le chinois + naturalisé en français,oui,oui,,
D0539,MAIN:0x03AD9E,Dialogue en jeu,0x03AD9E,1859,dialogue_19_19,,Je dois le trouver.,职员:一定要找出来,Doh! You won kid!,high,corrigé d'après le chinois + naturalisé en français,oui,oui,,
D0540,MAIN:0x03ADB0,Dialogue en jeu,0x03ADB0,1870,dialogue_19_19,,"Moi, je n'ai pas peur du noir.",职员:我不怕黑暗,I'll leave ya cryinkid!,high,corrigé d'après le chinois + naturalisé en français,oui,oui,,
D0541,MAIN:0x03ADC8,Dialogue en jeu,0x03ADC8,1860,dialogue_19_19,,Tu n'es pas n'importe qui.,职员:你也不是等闲之辈,I give!,high,corrigé d'après le chinois + naturalisé en français,oui,oui,,
D0542,MAIN:0x03ADD0,Dialogue en jeu,0x03ADD0,1861,dialogue_19_19,,J'ai vraiment très peur...,女孩:人家好害怕哦,You have Pok@Mon! Let's start!,high,corrigé d'après le chinois + naturalisé en français,oui,oui,,
D0543,MAIN:0x03ADF0,Dialogue en jeu,0x03ADF0,1862,dialogue_19_19,,"Tu me protèges, d'accord ?",女孩:你保护我好吗?,You play hard!,high,corrigé d'après le chinois + naturalisé en français,oui,oui,,
D0544,MAIN:0x03ADFF,Dialogue en jeu,0x03ADFF,1867,dialogue_19_19,,Que fais-tu ici ?,大叔:你在这里干什么??,Give it your best shot!,high,corrigé d'après le chinois + naturalisé en français,oui,oui,,
D0545,MAIN:0x03AE18,Dialogue en jeu,0x03AE18,5404,dialogue_19_19,,"Désolé...
Je m'en mêle pas.","大叔:对不起,好象我管不着",Fired away!,high,corrigé d'après le chinois + naturalisé en français,oui,oui,,
D0546,MAIN:0x03AE24,Dialogue en jeu,0x03AE24,1868,dialogue_19_19,,Je passe mes journées à travailler ici. Quel ennui !,职员:整天都无聊的在干活,You have a Pok@dex?I want one!,high,corrigé d'après le chinois + naturalisé en français,oui,oui,,
D0547,MAIN:0x03AE43,Dialogue en jeu,0x03AE43,1869,dialogue_19_19,LÉO,LÉO : Merci...,马沙:谢谢......,Thanks again!,high,corrigé d'après le chinois + naturalisé en français,oui,oui,,
D0548,MAIN:0x03AE51,Dialogue en jeu,0x03AE51,6603,dialogue_19_19,,...,名人:......,NON TRADUIT — texte chinois conservé dans la ROM anglaise,high,corrigé d'après le chinois + naturalisé en français,oui,oui,,
D0549,MAIN:0x03B058,Dialogue en jeu,0x03B058,1880,dialogue_19_19,,"Demain, ça ira
mieux... pas vrai ?",职员:明天该轻松了吧,I'm so jealous!,high,corrigé d'après le chinois + naturalisé en français,oui,oui,,
D0550,MAIN:0x03B068,Dialogue en jeu,0x03B068,1884,dialogue_19_19,,Pas touche !,女孩:你可别乱摸我哦,Hikers use twigs astrail markers.,high,corrigé d'après le chinois + naturalisé en français,oui,oui,,
D0551,MAIN:0x03B08A,Dialogue en jeu,0x03B08A,1885,dialogue_19_19,,Je t'avais prévenu. Pas touche !,女孩:都叫你别乱摸了!!,I want to go home!,high,corrigé d'après le chinois + naturalisé en français,oui,oui,,
D0552,MAIN:0x03B09D,Dialogue en jeu,0x03B09D,1888,dialogue_19_19,,"La montagne, ça endurcit !",大叔:山里才能锻炼身体,Pok@mon fight! Go!,high,corrigé d'après le chinois + naturalisé en français,oui,oui,,
D0553,MAIN:0x03B0B0,Dialogue en jeu,0x03B0B0,1889,dialogue_19_19,,Je m'en doutais !,大叔:果然是这样,Game over!,high,corrigé d'après le chinois + naturalisé en français,oui,oui,,
D0554,MAIN:0x03B0BB,Dialogue en jeu,0x03B0BB,1894,dialogue_19_19,,Je cherche un petit ami.,女孩:我想找个男朋友,I'll fight you!,high,corrigé d'après le chinois + naturalisé en français,oui,oui,,
D0555,MAIN:0x03B0CB,Dialogue en jeu,0x03B0CB,1895,dialogue_19_19,,Pas mon genre !,"女孩:你呀,不合我胃口!",I like tiny Pok@mon,high,corrigé d'après le chinois + naturalisé en français,oui,oui,,
D0556,MAIN:0x03B0DF,Dialogue en jeu,0x03B0DF,1896,dialogue_19_19,,Tu veux savoir ?,大叔:你想知道吗,I like drawing Pok@mon!,high,corrigé d'après le chinois + naturalisé en français,oui,oui,,
D0557,MAIN:0x03B0FB,Dialogue en jeu,0x03B0FB,1901,dialogue_19_19,,Les Pokémon peuvent évoluer en gagnant des niveaux !,大叔:精灵会随着等级提高而进化的!,"I'm an artist,not afighter.",high,corrigé d'après le chinois + naturalisé en français,oui,oui,,
D0558,MAIN:0x03B117,Dialogue en jeu,0x03B117,1906,dialogue_19_19,,"Les Pokémon Roche
sont imbattables !",大叔:我觉得石头类的精灵是最强的!,Maybe I'm lost in here...,high,corrigé d'après le chinois + naturalisé en français,oui,oui,,
D0559,MAIN:0x03B132,Dialogue en jeu,0x03B132,1907,dialogue_19_19,,Je me trompais ?,大叔:我想错了吗?,Which way is out?,high,corrigé d'après le chinois + naturalisé en français,oui,oui,,
D0560,MAIN:0x03B144,Dialogue en jeu,0x03B144,1908,dialogue_19_19,,Je viens de rompre avec ma copine.,男孩:刚和女朋友分手了,I came this far forPok@mon!,high,corrigé d'après le chinois + naturalisé en français,oui,oui,,
D0561,MAIN:0x03B160,Dialogue en jeu,0x03B160,1909,dialogue_19_19,,Je suis de mauvaise humeur.,男孩:心情不好,You looked harmless,high,corrigé d'après le chinois + naturalisé en français,oui,oui,,
D0562,MAIN:0x03B174,Dialogue en jeu,0x03B174,1910,dialogue_19_19,,Tu m'as bousculé !,男孩:你碰到我了,Eek!Don't scare me!,high,corrigé d'après le chinois + naturalisé en français,oui,oui,,
D0563,MAIN:0x03B188,Dialogue en jeu,0x03B188,1913,dialogue_19_19,,"Bulbizarre va bien.
Il lui faut un bon
Dresseur.
Tu le veux ?","我终于明白了好好照顾宠物精灵,妙蛙种子很有精神,其实精灵也在找训练师,你能不能帮我照顾这只妙蛙种子呢?",This Pok@mon needs a strong trainer totake care of it. Would you take careof this Bulbasaur?,high,adapté d'après Pokémon Jaune (FR),oui,oui,,
D0564,MAIN:0x03B1E7,Dialogue en jeu,0x03B1E7,1918,dialogue_19_19,,Ah bon ? Dommage...,是吗?那真是太可惜了...,Take good care of him!,high,corrigé d'après le chinois + naturalisé en français,oui,oui,,
D0565,MAIN:0x03B1FF,Dialogue en jeu,0x03B1FF,1925,dialogue_19_19,,"Alors, prends soin
de Bulbizarre !",那拜托你了!,Got Bulbasaur!,high,adapté d'après Pokémon Jaune (FR),oui,oui,,
D0566,MAIN:0x03B20E,Dialogue en jeu,0x03B20E,1930,dialogue_19_19,,Bulbizarre reçu !,得到妙蛙种子,Oh...too bad...,high,adapté d'après Pokémon Jaune (FR),oui,oui,,
D0567,MAIN:0x03B21F,Dialogue en jeu,0x03B21F,1932,dialogue_19_19,,"Désolé, je me suis trompé !","男孩:是误会,对不起",It's too dark here!,high,corrigé d'après le chinois + naturalisé en français,oui,oui,,
D0568,MAIN:0x03B233,Dialogue en jeu,0x03B233,1933,dialogue_19_19,,Ne te balade pas partout.,大叔:别乱走动,Can you beat me?,high,corrigé d'après le chinois + naturalisé en français,oui,oui,,
D0569,MAIN:0x03B244,Dialogue en jeu,0x03B244,1934,dialogue_19_19,,"Si ça s'écroule,
on est fichus !","大叔:小心山塌下来,我们都完了",Oops! Out-muscled!,high,corrigé d'après le chinois + naturalisé en français,oui,oui,,
D0570,MAIN:0x03B257,Dialogue en jeu,0x03B257,1942,dialogue_19_19,,Bonjour !,大叔:你好!,Do you Cosplay?,high,corrigé d'après le chinois + naturalisé en français,oui,oui,,
D0571,MAIN:0x03B267,Dialogue en jeu,0x03B267,1943,dialogue_19_19,,Ravi d'avoir fait ta connaissance.,大叔:认识你很高兴,We dress as Pok@monfor fun!,high,corrigé d'après le chinois + naturalisé en français,oui,oui,,
D0572,MAIN:0x03B283,Dialogue en jeu,0x03B283,1950,dialogue_19_19,,Rien à négocier !,谈判小子:和你没得商量!,Wanna see my Pok@ mon?,high,corrigé d'après le chinois + naturalisé en français,oui,oui,,
D0573,MAIN:0x03B29B,Dialogue en jeu,0x03B29B,1955,dialogue_19_19,,"Bon, vas-y, parle.",谈判小子:你想说什么都可以,Oh no! My Pok@mon!,high,corrigé d'après le chinois + naturalisé en français,oui,oui,,
D0574,MAIN:0x03B2AE,Dialogue en jeu,0x03B2AE,1960,dialogue_19_19,,J'adore distribuer des coups !,女孩:我最爱打人了,That's a tough hike,high,corrigé d'après le chinois + naturalisé en français,oui,oui,,
D0575,MAIN:0x03B2C2,Dialogue en jeu,0x03B2C2,1965,dialogue_19_19,,Je ne recommencerai plus...,女孩:我下次不敢了...,I'm not up to it!,high,corrigé d'après le chinois + naturalisé en français,oui,oui,,
D0576,MAIN:0x03B2D4,Dialogue en jeu,0x03B2D4,5867,dialogue_19_19,,Tu veux voir de quoi je suis capable ?,叔叔:你想知道我的厉害吗?,Ha-hahah-ah-ha!,high,corrigé d'après le chinois + naturalisé en français,oui,oui,,
D0577,MAIN:0x03B2E4,Dialogue en jeu,0x03B2E4,1970,dialogue_19_19,,Impressionnant...,叔叔:我知道你的厉害了...,Haha-ha-choo! Snort,high,corrigé d'après le chinois + naturalisé en français,oui,oui,,
D0578,MAIN:0x03B2F8,Dialogue en jeu,0x03B2F8,1975,dialogue_19_19,,Ma Défense est imbattable !,叔叔:我的防御力是最强的,I love the mountainair!,high,corrigé d'après le chinois + naturalisé en français,oui,oui,,
D0579,MAIN:0x03B310,Dialogue en jeu,0x03B310,1984,dialogue_19_19,,"Tu as percé
ma Défense ?!",叔叔:这么强的防御你都破了??,That cleared my head!,high,corrigé d'après le chinois + naturalisé en français,oui,oui,,
D0580,MAIN:0x03B329,Dialogue en jeu,0x03B329,1994,dialogue_19_19,,"C'est bizarre...
Où est donc passé
M. Fuji ?",男孩:奇怪?吉野老人不在跑哪去了?,People pay a lot for Cubone skulls.,high,corrigé d'après le chinois + naturalisé en français,oui,oui,,
D0581,MAIN:0x03B34F,Dialogue en jeu,0x03B34F,2000,dialogue_19_19,,"M. Fuji recueille
ici les Pokémon
abandonnés.","女孩:这里是吉野老爷爷的家,他人很好哦,照顾那些被丢弃回不了家的精灵们",I saw Cubone's mom die trying to get away from Team Rocket!,high,corrigé d'après le chinois + naturalisé en français,oui,oui,,
D0582,MAIN:0x03B390,Dialogue en jeu,0x03B390,2012,dialogue_19_19,,"Pour de l'argent,
la Team Rocket
est prête à tout.",商人:火箭队的混蛋们为了钱什么都干的出来,This town's known as the grave site of Pok@mon.,high,corrigé d'après le chinois + naturalisé en français,oui,oui,,
D0583,MAIN:0x03B3C2,Dialogue en jeu,0x03B3C2,2031,dialogue_19_19,,Cette Tour apaise l'âme des Pokémon disparus.,修女:幽灵塔是为了安慰死去的精灵之灵而盖的,Did you come to payrespects?,high,corrigé d'après le chinois + naturalisé en français,oui,oui,,
D0584,MAIN:0x03B3DF,Dialogue en jeu,0x03B3DF,6605,dialogue_19_19,,"Tu as réussi
à trouver
cet endroit ?",女孩:你居然能找到这里?,NON TRADUIT — texte chinois conservé dans la ROM anglaise,high,corrigé d'après le chinois + naturalisé en français,oui,oui,,
D0585,MAIN:0x03B3EB,Dialogue en jeu,0x03B3EB,6606,dialogue_19_19,,On raconte qu'un Pokémon légendaire est apparu par ici. Je suis venue voir.,女孩:我也是听说附近出现了传说中的精灵才来的,NON TRADUIT — texte chinois conservé dans la ROM anglaise,high,corrigé d'après le chinois + naturalisé en français,oui,oui,,
D0586,MAIN:0x03B418,Dialogue en jeu,0x03B418,2036,dialogue_19_19,ÉLECTHOR,ÉLECTHOR : ...,闪电鸟:......,Zapdos: Kree!!,high,corrigé d'après le chinois + naturalisé en français,oui,oui,,
D0587,MAIN:0x03B427,Dialogue en jeu,0x03B427,2037,dialogue_19_19,EXORCISTE,"EXORCISTE :
Une âme erre
plus haut...",修女:我是祈祷师!我感觉到上面有迷凸的灵魂...,There are spirits up to mischief!,high,corrigé d'après le chinois + naturalisé en français,oui,oui,,
D0588,MAIN:0x03B44A,Dialogue en jeu,0x03B44A,2042,dialogue_19_19,,"Mon Mélofée est
mort... Je pleure
encore...",女孩:对已死去的皮皮一直无法忘怀...糟糕又哭了...,Growlith...(Sniff!)I can't stop... crying...,high,adapté d'après Pokémon Jaune (FR),oui,oui,,
D0589,MAIN:0x03B47A,Dialogue en jeu,0x03B47A,2050,dialogue_19_19,,"Tu viens prier ?
Tu aimes beaucoup
les Pokémon.",女孩:你也是来参拜的吗?真是一位对精灵用情很深的男孩,Pok@mon Tower was built in memory of Pok@mon that have died.,high,corrigé d'après le chinois + naturalisé en français,oui,oui,,
D0590,MAIN:0x03B4B9,Dialogue en jeu,0x03B4B9,2070,dialogue_19_19,RÉGIS,"RÉGIS : Sacha ?
Ils sont en vie !
Je peux les mettre
K.O. quand même !","小茂:小智?你怎么也到这里来了,你的精灵死了吗?混蛋不是还活着吗!!小心我把你打的不能站起来!","Why are you here Ash? You're Pok@monlook fine!But,I canat least make them faint! Let's go!",high,adapté d'après les dialogues officiels R/B/J (FR),oui,oui,,
D0591,MAIN:0x03B516,Dialogue en jeu,0x03B516,2076,dialogue_19_19,RÉGIS,"RÉGIS : Doucement !
Je t'avais ménagé.
Ton Pokédex ? J'ai
trouvé Osselait,
mais pas Ossatueur.
Je suis pressé.
Salut !","小茂:王八蛋!你对我这么狠!枉我对你这么手下留情!!对了,宠物精灵图鉴怎样了?我发现可拉可拉了但没有发现进化后的嘎拉嘎拉!在这附近一定没有那我要走了!我和你不同我可是个大忙人啊...再见了","How's your Pok@dex pal? I just caught a Cubone! Well, I better get going! I've got a lot to accomplish, Smell ya later!",high,corrigé d'après le chinois + naturalisé en français,oui,oui,,
D0592,MAIN:0x03B592,Dialogue en jeu,0x03B592,2094,dialogue_19_19,,"Un Scope Sylphe
pourrait démasquer
les Spectres...",修女:我们也不知道幽灵的真正身份...如果有幽灵眼镜的话说不定就能知道了...,A Silph Scope may be able to identifywayward Ghosts!,high,adapté d'après les dialogues officiels R/B/J (FR),oui,oui,,
D0593,MAIN:0x03B5C8,Dialogue en jeu,0x03B5C8,2099,dialogue_19_19,,"Là-haut,
les Pokémon
sont terrifiés...",上面阴森森的...精灵们都很害怕...,Ghost: Get out... Get...Out...,high,corrigé d'après le chinois + naturalisé en français,oui,oui,,
D0594,MAIN:0x03B5E8,Dialogue en jeu,0x03B5E8,2104,dialogue_19_19,,Tu sais combien le poison est terrifiant ?,少年:知道毒的恐怖吗?,Such an adorable Pok@mon!,high,corrigé d'après le chinois + naturalisé en français,oui,oui,,
D0595,MAIN:0x03B604,Dialogue en jeu,0x03B604,2107,dialogue_19_19,,"Le poison réduit
peu à peu tes PV.",少年:他会让你的体力慢慢减少的,Don't be so mean toClefairy!,high,corrigé d'après le chinois + naturalisé en français,oui,oui,,
D0596,MAIN:0x03B621,Dialogue en jeu,0x03B621,2113,dialogue_19_19,,Encore toi ?,迷你裙:怎么又见到你了?,I love Nidoran!,high,corrigé d'après le chinois + naturalisé en français,oui,oui,,
D0597,MAIN:0x03B631,Dialogue en jeu,0x03B631,2114,dialogue_19_19,,Tu me colles !,迷你裙:你真是阴魂不散啊,That's my favorite Pok@mon!,high,corrigé d'après le chinois + naturalisé en français,oui,oui,,
D0598,MAIN:0x03B64D,Dialogue en jeu,0x03B64D,2115,dialogue_19_19,,"J'adore Miaouss...
Miaou !",迷你裙:我爱喵喵...喵,Meowth is so cute! Meow!,high,corrigé d'après le chinois + naturalisé en français,oui,oui,,
D0599,MAIN:0x03B666,Dialogue en jeu,0x03B666,2119,dialogue_19_19,,Miaouss porte chance !,迷你裙:招财猫能带来好运!,Pidgey and Rattata are cute too!,high,corrigé d'après le chinois + naturalisé en français,oui,oui,,
D0600,MAIN:0x03B687,Dialogue en jeu,0x03B687,2120,dialogue_19_19,,Même un Pokémon ordinaire peut être unique.,迷你裙:普通的精灵才不普通,We must look silly standing here like this.,high,corrigé d'après le chinois + naturalisé en français,oui,oui,,
D0601,MAIN:0x03B6B3,Dialogue en jeu,0x03B6B3,2121,dialogue_19_19,,"Comme tu es banal,
tes Pokémon le sont
forcément aussi !",迷你裙:像你这种普通的训练师训练的精灵一定普通!,Saffron's guard won't let us pass!,high,corrigé d'après le chinois + naturalisé en français,oui,oui,,
D0602,MAIN:0x03B6D9,Dialogue en jeu,0x03B6D9,2126,dialogue_19_19,,Pas de chance aujourd'hui.,职员:今天运气不好,You need a strategyto win!,high,corrigé d'après le chinois + naturalisé en français,oui,oui,,
D0603,MAIN:0x03B6F4,Dialogue en jeu,0x03B6F4,2127,dialogue_19_19,,Quelle malchance...,职员:真是运气不好啊,"Go with Grimer, and...and then...",high,corrigé d'après le chinois + naturalisé en français,oui,oui,,
D0604,MAIN:0x03B716,Dialogue en jeu,0x03B716,2128,dialogue_19_19,,Je suis encore jeune !,老爷爷:我还年轻呢,"School is fun, but so are Pok@mon.",high,corrigé d'après le chinois + naturalisé en français,oui,oui,,
D0605,MAIN:0x03B739,Dialogue en jeu,0x03B739,2129,dialogue_19_19,,Tu vois ? En pleine forme !,老爷爷:如何?看到我的活力了吧!,I'll just stay withschool.,high,corrigé d'après le chinois + naturalisé en français,oui,oui,,
D0606,MAIN:0x03B754,Dialogue en jeu,0x03B754,2138,dialogue_19_19,,Je ne supporte plus tous ces Tadmorv !,职员:我无法忍受我的臭泥军团,How are you with Pok@mon?,high,corrigé d'après le chinois + naturalisé en français,oui,oui,,
D0607,MAIN:0x03B770,Dialogue en jeu,0x03B770,2147,dialogue_19_19,,"Merci d'avoir maté
ces Tadmorv !",职员:谢谢你帮我教训了这堆臭泥军团!,Ow! Meltdown!,high,corrigé d'après le chinois + naturalisé en français,oui,oui,,
D0608,MAIN:0x03B77E,Dialogue en jeu,0x03B77E,2153,dialogue_19_19,,"Rien de plus beau
que les flammes !",老爷爷:火焰是最美的,I'm a gambling dude,high,corrigé d'après le chinois + naturalisé en français,oui,oui,,
D0609,MAIN:0x03B792,Dialogue en jeu,0x03B792,2159,dialogue_19_19,,Je me suis un peu trop échauffé...,老爷爷:有点过火了...,Came up short!,high,corrigé d'après le chinois + naturalisé en français,oui,oui,,
D0610,MAIN:0x03B7A1,Dialogue en jeu,0x03B7A1,2160,dialogue_19_19,,"Regarde
mon Mélofée !",迷你裙:看看我的皮皮吧,All right! Let's go,high,corrigé d'après le chinois + naturalisé en français,oui,oui,,
D0611,MAIN:0x03B7B5,Dialogue en jeu,0x03B7B5,2161,dialogue_19_19,,Tu n'as pas été hypnotisé ?,迷你裙:你没被吹眠吧...,Drat! You're good.,high,corrigé d'après le chinois + naturalisé en français,oui,oui,,
D0612,MAIN:0x03B7C8,Dialogue en jeu,0x03B7C8,2167,dialogue_19_19,,"Héhé ! Cette Arène
est terrible !
Y'a plein d'meufs !","裁判:哈哈哈,这个道馆好啊,都是女生!",Welcome to Celadon Pok@mon Gym!,high,adapté d'après Pokémon Jaune (FR),oui,oui,,
D0613,MAIN:0x03B7E8,Dialogue en jeu,0x03B7E8,2172,dialogue_19_19,,"Pfff ! Erika va
gagner, c'est sûr !",水手:你一定会被佳丽亚打败的!,You're mean!,high,adapté d'après Pokémon Jaune (FR),oui,oui,,
D0614,MAIN:0x03B7F5,Dialogue en jeu,0x03B7F5,6608,dialogue_19_19,,"La mère d'Osselait
fuyait. J'ai vu
la Team Rocket
la tuer !","女孩:可拉可拉的妈妈就是在逃出来的时候被火箭队杀了,我也看到了!",NON TRADUIT — texte chinois conservé dans la ROM anglaise,high,adapté d'après Pokémon Jaune (FR),oui,oui,,
D0615,MAIN:0x03B835,Dialogue en jeu,0x03B835,2176,dialogue_19_19,,Réservé aux filles.,女生:喂!这里是只有女孩才能进入的!,You're not allowed in here!,high,adapté d'après Pokémon Jaune (FR),oui,oui,,
D0616,MAIN:0x03B851,Dialogue en jeu,0x03B851,2177,dialogue_19_19,,"Que des femmes !
Quel ennui mortel !",大姐姐:呀!这里都是女人真是无聊死了!,I was getting bored,high,corrigé d'après le chinois + naturalisé en français,oui,oui,,
D0617,MAIN:0x03B865,Dialogue en jeu,0x03B865,2182,dialogue_19_19,,Quel ennui...,大姐姐:真无聊,My makeup!,high,corrigé d'après le chinois + naturalisé en français,oui,oui,,
D0618,MAIN:0x03B870,Dialogue en jeu,0x03B870,2183,dialogue_19_19,,"Les Pokémon Plante
s'élèvent bien !","大姐姐:看,这是我的宠物精灵!草系的好处就是养起来很轻松!",Grass Pok@mon are easy to raise!,high,corrigé d'après le chinois + naturalisé en français,oui,oui,,
D0619,MAIN:0x03B892,Dialogue en jeu,0x03B892,2188,dialogue_19_19,,Tu es vraiment fort !,大姐姐:你真强,They also help makeflower arrangements,high,corrigé d'après le chinois + naturalisé en français,oui,oui,,
D0620,MAIN:0x03B8B9,Dialogue en jeu,0x03B8B9,2189,dialogue_19_19,,Tu m'observes ?,女孩:你在看我!?,Don't underestimategirl power!,high,corrigé d'après le chinois + naturalisé en français,oui,oui,,
D0621,MAIN:0x03B8D8,Dialogue en jeu,0x03B8D8,2190,dialogue_19_19,,Tu ne matais pas ? Les voyeurs sont partout !,女孩:你真的没有偷看吗?最近有很多这种人哦!,I didn't have my best Pok@mon!,high,corrigé d'après le chinois + naturalisé en français,oui,oui,,
D0622,MAIN:0x03B8F9,Dialogue en jeu,0x03B8F9,2197,dialogue_19_19,,Pas de Pokémon Insecte ou Feu ici !,"迷你裙:喂,虫系和火系的精灵别带到这里来!",Aren't you the peeping Tom?,high,adapté d'après Pokémon Jaune (FR),oui,oui,,
D0623,MAIN:0x03B919,Dialogue en jeu,0x03B919,2198,dialogue_19_19,,C'est ça !,迷你裙:就是它!,"Sorry, we get a lotof gawkers.",high,corrigé d'après le chinois + naturalisé en français,oui,oui,,
D0624,MAIN:0x03B938,Dialogue en jeu,0x03B938,2199,dialogue_19_19,,"Bienvenue à l'Arène
de Céladopole !
Ne sous-estime pas
les filles !",女孩:欢迎来到彩虹道场!不要以为这里都是女孩子就大意了喔!,Don't bring fire orbug Pok@mon in here,high,corrigé d'après le chinois + naturalisé en français,oui,oui,,
D0625,MAIN:0x03B95F,Dialogue en jeu,0x03B95F,2215,dialogue_19_19,,Pas mal !,女孩:还蛮行的!,Oh! You!,high,corrigé d'après le chinois + naturalisé en français,oui,oui,,
D0626,MAIN:0x03B968,Dialogue en jeu,0x03B968,2216,dialogue_19_19,,Qu'aimes-tu faire ?,大姐姐:你的兴趣是?,Nice to meet you.,high,corrigé d'après le chinois + naturalisé en français,oui,oui,,
D0627,MAIN:0x03B97A,Dialogue en jeu,0x03B97A,2221,dialogue_19_19,,J'ai un rendez-vous arrangé la semaine prochaine...,大姐姐:下个礼拜要相亲...,I have a blind datesoon.,high,corrigé d'après le chinois + naturalisé en français,oui,oui,,
D0628,MAIN:0x03B993,Dialogue en jeu,0x03B993,2227,dialogue_19_19,ERIKA,"ERIKA : Quel beau
temps ! Bienvenue
dans mon Arène.
J'aime les fleurs.
Tu veux combattre ?
Je ne perdrai pas !","佳丽亚:今天天气真好!欢迎光临我是彩虹道场的佳丽亚!兴趣是插花哎呀!讨厌,你是来比赛的吗?我是不会输的!","Hello, I am Erika, leader of this gym.You wish to battle me? Very well, but I shall not lose.",high,corrigé d'après le chinois + naturalisé en français,oui,oui,,
D0629,MAIN:0x03B9F1,Dialogue en jeu,0x03B9F1,2250,dialogue_19_19,ERIKA,ERIKA : Bravo ! Voici le Badge Prisme. Il permet d'utiliser Force !,"佳丽亚:真是强啊!这个彩虹徽章就奉送给您吧,有了这个徽章就能使用怪力术了!",I concede defeat.I confer to you the Rainbow badge. You can use the HM Strength outside ofbattle.,high,adapté d'après les dialogues officiels R/B/J (FR),oui,oui,,
D0630,MAIN:0x03BA58,Dialogue en jeu,0x03BA58,2260,dialogue_19_19,,Je viens de Carmin sur Mer.,阿姨:我是从枯叶市来的,My sister's so im- mature! She drives me nuts!,high,corrigé d'après le chinois + naturalisé en français,oui,oui,,
D0631,MAIN:0x03BA87,Dialogue en jeu,0x03BA87,2267,dialogue_19_19,,"La Poké Flûte
émet un son spécial
inaudible à l'homme
qui réveille
un Pokémon endormi.",大叔:宠物精灵之笛之所以可以叫醒睡着的宠物精灵是因为它可以发出人听不到的特殊声音,I road uphill on Cycling Road from Fuchsia!,high,corrigé d'après le chinois + naturalisé en français,oui,oui,,
D0632,MAIN:0x03BAB6,Dialogue en jeu,0x03BAB6,2274,dialogue_19_19,BEIBEI,"BEIBEI : Je sais tout, jeux vidéo compris ! Cet Évoli est pour toi !","蓓蓓:没有我不知道的事,就连电玩里的世界也一样!这只依布就送给你吧!","I'm looking for a good home for my Eevee, would you like him?",high,corrigé d'après le chinois + naturalisé en français,oui,oui,,
D0633,MAIN:0x03BAF9,Dialogue en jeu,0x03BAF9,2284,dialogue_19_19,,Oh ? Un bouton secret derrière l'affiche ! Essayons !,啊?在海报的后面有秘密按钮!按按看吧!,There's a switch! Let's push it.,high,adapté d'après les dialogues officiels R/B/J (FR),oui,oui,,
D0634,MAIN:0x03BB1B,Dialogue en jeu,0x03BB1B,2289,dialogue_19_19,,"T'es qui ? Comment
t'es entré ici ?",火箭队:你是什么人?如何进到这里来的?,You broke into our operation?,high,adapté d'après Pokémon Jaune (FR),oui,oui,,
D0635,MAIN:0x03BB39,Dialogue en jeu,0x03BB39,2293,dialogue_19_19,,"Tu sous-estimes
la Team Rocket ?!",火箭队:可恶...你竟然小看我们火箭队!,You won't get away with this!,high,corrigé d'après le chinois + naturalisé en français,oui,oui,,
D0636,MAIN:0x03BB57,Dialogue en jeu,0x03BB57,2303,dialogue_19_19,TEAM ROCKET,TEAM ROCKET : Qui ose s'infiltrer ici ?,火箭队:悄悄潜入火箭队的是什么家伙?,Who are you? How'd you get here!?,high,adapté d'après les dialogues officiels R/B/J (FR),oui,oui,,
D0637,MAIN:0x03BB79,Dialogue en jeu,0x03BB79,5472,dialogue_19_19,,"Pas si vite !
Tu ne passeras pas.",火箭队:混蛋别想轻松的向前进!,Oww! Beaten!,high,corrigé d'après le chinois + naturalisé en français,oui,oui,,
D0638,MAIN:0x03BB86,Dialogue en jeu,0x03BB86,2308,dialogue_19_19,,"Le chef dit qu'un
Scope Sylphe révèle
les fantômes.",火箭队:老大说过使用精灵眼镜可看到平时看不到的幽灵...,Do you really thinkyou can reach our Boss?,high,adapté d'après Pokémon Jaune (FR),oui,oui,,
D0639,MAIN:0x03BBB2,Dialogue en jeu,0x03BBB2,2315,dialogue_19_19,,Tu te crois tout permis ?!,火箭队:你太嚣张了!!,I surrender!,high,corrigé d'après le chinois + naturalisé en français,oui,oui,,
D0640,MAIN:0x03BBBF,Dialogue en jeu,0x03BBBF,2316,dialogue_19_19,,Tu viens faire quoi ici ?,火箭队:你到这里的目的是什么,This won't do!,high,corrigé d'après le chinois + naturalisé en français,oui,oui,,
D0641,MAIN:0x03BBCE,Dialogue en jeu,0x03BBCE,2321,dialogue_19_19,,D'accord. Tu peux y aller.,"火箭队:我明白了,请走好",I'll talk! Take theelevator to see my Boss!,high,corrigé d'après le chinois + naturalisé en français,oui,oui,,
D0642,MAIN:0x03BBFA,Dialogue en jeu,0x03BBFA,2326,dialogue_19_19,TEAM ROCKET,TEAM ROCKET : Intrus repéré !,火箭队:发现侵入者!,Intruder alert!,high,adapté d'après les dialogues officiels R/B/J (FR),oui,oui,,
D0643,MAIN:0x03BC0A,Dialogue en jeu,0x03BC0A,2331,dialogue_19_19,TEAM ROCKET,"TEAM ROCKET :
Le Scope Sylphe ?
Je ne sais rien !",火箭队:在找精灵眼镜吗?我不知道,I don't know where the Silph Scope is!,high,adapté d'après les dialogues officiels R/B/J (FR),oui,oui,,
D0644,MAIN:0x03BC31,Dialogue en jeu,0x03BC31,2336,dialogue_19_19,,Défier la Team Rocket est inutile !,火箭队:跟火箭队作对没有前途的!,We heard you were coming!,high,corrigé d'après le chinois + naturalisé en français,oui,oui,,
D0645,MAIN:0x03BC4C,Dialogue en jeu,0x03BC4C,2345,dialogue_19_19,,Le Boss a dérobé ce Scope à Nanjing Tech !,火箭队:精灵眼镜不就是老大在南晶开发部中偷的东西!,What? I lost?,high,corrigé d'après le chinois + naturalisé en français,oui,oui,,
D0646,MAIN:0x03BC5A,Dialogue en jeu,0x03BC5A,2350,dialogue_19_19,,Tu tombes à pic !,大姐头:来的正好!,Stop meddling in our affairs!,high,corrigé d'après le chinois + naturalisé en français,oui,oui,,
D0647,MAIN:0x03BC7A,Dialogue en jeu,0x03BC7A,2351,dialogue_19_19,,"Tu as du cran ?
Va donc trouver
notre Boss !",火箭队:有胆就尽管去找我们老大!!,The Silph Scope's here somwhere.,high,corrigé d'après le chinois + naturalisé en français,oui,oui,,
D0648,MAIN:0x03BC9C,Dialogue en jeu,0x03BC9C,2362,dialogue_19_19,,"Je ne sais rien, moi !",火箭队:真的不知道!,"No, Why..?",high,corrigé d'après le chinois + naturalisé en français,oui,oui,,
D0649,MAIN:0x03BCA7,Dialogue en jeu,0x03BCA7,2368,dialogue_19_19,,100e client ! Eau Fraîche offerte !,"营业员:您是我们这里新开店的一百位幸运顾客,本店特别送您一支矿泉水做纪念!!",Hi! Would you care for some lemonade? It'll quench your thirst!,high,corrigé d'après le chinois + naturalisé en français,oui,oui,,
D0650,MAIN:0x03BCE8,Dialogue en jeu,0x03BCE8,2369,dialogue_19_19,,Eau Fraîche reçue !,得到矿泉水,Got Lemonade!,high,corrigé d'après le chinois + naturalisé en français,oui,oui,,
D0651,MAIN:0x03BCF6,Dialogue en jeu,0x03BCF6,2370,dialogue_19_19,XIAOHONG,"XIAOHONG : C'est moi, la graphiste qui t'a dessiné !","小红:我是绘图师,画你的人就是我喔!",My friend and I aretrading Pok@mon!,high,corrigé d'après le chinois + naturalisé en français,oui,oui,,
D0652,MAIN:0x03BD1A,Dialogue en jeu,0x03BD1A,2375,dialogue_19_19,KAMEIYU,"KAMEIYU : Le scénario, c'est moi ! Pikachu est mignon, non ?",卡美优:我是写剧本的...比卡丘很可爱吧!,Caught Pok@mon are given ID numbers.,high,corrigé d'après le chinois + naturalisé en français,oui,oui,,
D0653,MAIN:0x03BD3F,Dialogue en jeu,0x03BD3F,2378,dialogue_19_19,WEI CUNFU,WEI CUNFU : Je suis le programmeur. Enchanté !,"魏村夫:我吗?我是程序师,多多关照!",My buddy's sending me her Kangaskhan!,high,corrigé d'après le chinois + naturalisé en français,oui,oui,,
D0654,MAIN:0x03BD65,Dialogue en jeu,0x03BD65,2379,dialogue_19_19,BOSS,"BOSS : La tâche est
rude : les attraper
tous ! Courage !
Une fois ta quête
achevée, préviens
Kameiyu.","BOSS:哎呀!我是BOSS!要集全所有的宠物精灵很难,不过好好加油吧!如果全部集全的话就去告诉卡美优吧!",I heard you can seeghosts using Silph Co.'s Silph Scope!,high,corrigé d'après le chinois + naturalisé en français,oui,oui,,
D0655,MAIN:0x03BD9E,Dialogue en jeu,0x03BD9E,5872,dialogue_19_19,,...,修女:......,Urrg...Awaa...graa,high,corrigé d'après le chinois + naturalisé en français,oui,oui,,
D0656,MAIN:0x03BDB1,Dialogue en jeu,0x03BDB1,2389,dialogue_19_19,,"Qu'ai-je fait ?
Pardon... J'étais
possédée !",修女:啊?我做了什么?对不起!被邪恶的力量附身而暴乱...,Huh?What am I doing,high,corrigé d'après le chinois + naturalisé en français,oui,oui,,
D0657,MAIN:0x03BDC5,Dialogue en jeu,0x03BDC5,2400,dialogue_19_19,,Je ne sais rien !,火箭队:我什么都不知道!,"Are you lost, brat?",high,corrigé d'après le chinois + naturalisé en français,oui,oui,,
D0658,MAIN:0x03BDE2,Dialogue en jeu,0x03BDE2,2402,dialogue_19_19,GIOVANNI,"GIOVANNI : Ha ha !
Bien joué.
Je dirige ce QG
de trafic Pokémon.
Tu vas le payer !","老大:哈哈!你真有办法能到这里!这是将世界上的宠物用来交易的火箭队总部,我就是火箭队的老大,我的名字叫沙奇!!想反抗我只有自讨苦吃","So,I must say, I amimpressed you got here!",high,corrigé d'après le chinois + naturalisé en français,oui,oui,,
D0659,MAIN:0x03BE0E,Dialogue en jeu,0x03BE0E,2419,dialogue_19_19,XIAO LI,"XIAO LI : Tu m'as trouvé... Garde ça secret. Tiens, prends ça !","小李:被你发现了...我的事千万不要告诉任何人,这个给你拜托了!","Are you taking the gym challenge too? Here, this'll be helpful!",high,corrigé d'après le chinois + naturalisé en français,oui,oui,,
D0660,MAIN:0x03BE50,Dialogue en jeu,0x03BE50,2424,dialogue_19_19,CS02,CS02 : Vol reçue !,得到特技02飞天,Got HM 02 Fly,high,adapté d'après les dialogues officiels R/B/J (FR),oui,oui,,
D0661,MAIN:0x03BE5E,Dialogue en jeu,0x03BE5E,2430,dialogue_19_19,JAMES,"JAMES : Cette fois, tu vas prendre cher !",火箭队:好大的胆子还敢到这里来捣乱!!,"Jesse: Aha! I smella little brat! James:Hold it rightthere, brat! Our Boss is over here! Meowth: You better not disturb him!",high,adapté d'après Pokémon Jaune (FR),oui,oui,,
D0662,MAIN:0x03BEE1,Dialogue en jeu,0x03BEE1,2444,dialogue_19_19,JAMES,"JAMES :
T'as pas honte ?",小次郎:真是不要脸,"Like always...Team Rocket, Blast off at the speed of light!...Again...",high,corrigé d'après le chinois + naturalisé en français,oui,oui,,
D0663,MAIN:0x03BF2D,Dialogue en jeu,0x03BF2D,2454,dialogue_19_19,GIOVANNI,"GIOVANNI :
Im... impossible !
Tu tiens vraiment
à tes Pokémon ?
Ça me dépasse...
J'ai fort à faire.
Je pars !","老大:怎...怎么可能?你相当珍惜和爱护宠物精灵啊,我是无法理解...正好我还有要事就不奉陪了!(老大隐掉)",I see you raise Pok@mon with utmostcare. A child like you would never understand what I hope to achieve. I shall step aside this time! I hope we meet again...,high,corrigé d'après le chinois + naturalisé en français,oui,oui,,
D0664,MAIN:0x03BFD6,Dialogue en jeu,0x03BFD6,2474,dialogue_19_19,,Scope Sylphe reçu !,得到精灵眼镜,Got Silph Scope!,high,adapté d'après les dialogues officiels R/B/J (FR),oui,oui,,
D0665,MAIN:0x03BFE7,Dialogue en jeu,0x03BFE7,5873,dialogue_19_19,,Maudissons-le ensemble...,修女:一起诅咒吧...,Kekeke...Kwaaah!,high,corrigé d'après le chinois + naturalisé en français,oui,oui,,
D0666,MAIN:0x03BFF8,Dialogue en jeu,0x03BFF8,2480,dialogue_19_19,,Hein ? Que m'est-il arrivé ?,修女:啊?我是怎么了?,Hwa! I'm saved!,high,corrigé d'après le chinois + naturalisé en français,oui,oui,,
D0667,MAIN:0x03C008,Dialogue en jeu,0x03C008,2485,dialogue_19_19,,Ton âme... Donne-la-moi !,修女:把灵魂交...出来!,Begone evil spirit!,high,corrigé d'après le chinois + naturalisé en français,oui,oui,,
D0668,MAIN:0x03C01C,Dialogue en jeu,0x03C01C,2490,dialogue_19_19,,Je suis épuisée...,修女:我是累了...,The spirit left.,high,corrigé d'après le chinois + naturalisé en français,oui,oui,,
D0669,MAIN:0x03C02D,Dialogue en jeu,0x03C02D,5874,dialogue_19_19,,"Ouh...
Un Spectre...",神婆:呜呜...幽灵...,Kwaaah!,high,corrigé d'après le chinois + naturalisé en français,oui,oui,,
D0670,MAIN:0x03C035,Dialogue en jeu,0x03C035,2491,dialogue_19_19,,Hein ? Qu'est-ce que c'est...,神婆:啊?这是...,We need the Silph Scope!,high,corrigé d'après le chinois + naturalisé en français,oui,oui,,
D0671,MAIN:0x03C04F,Dialogue en jeu,0x03C04F,5878,dialogue_19_19,,Tu vas gagner ?,修女:你能赢吗?,Huhuhu...,high,corrigé d'après le chinois + naturalisé en français,oui,oui,,
D0672,MAIN:0x03C059,Dialogue en jeu,0x03C059,2492,dialogue_19_19,,Hein ? Que m'est-il arrivé ?,修女:啊?我是怎么了?,May the souls of Pok@mon rest in peace...,high,corrigé d'après le chinois + naturalisé en français,oui,oui,,
D0673,MAIN:0x03C088,Dialogue en jeu,0x03C088,5479,dialogue_19_19,,Bon sang...,神婆:可恶...,Join...Us...,high,corrigé d'après le chinois + naturalisé en français,oui,oui,,
D0674,MAIN:0x03C096,Dialogue en jeu,0x03C096,2493,dialogue_19_19,,"Tout tourne...
Suis-je anémique ?","神婆:晕晕的,我难道贫血吗?",Step in the magic circle to heal yourPok@mon.,high,corrigé d'après le chinois + naturalisé en français,oui,oui,,
D0675,MAIN:0x03C0C5,Dialogue en jeu,0x03C0C5,2501,dialogue_19_19,,Un zombie...,修女:僵尸啊...,Ghost! Kwaaaaah!,high,corrigé d'après le chinois + naturalisé en français,oui,oui,,
D0676,MAIN:0x03C0D6,Dialogue en jeu,0x03C0D6,6617,dialogue_19_19,,"Je garde
cette affiche. Si
tu me gênes, tu vas
le regretter !","火箭队:我是在这里看守这张海报的,妨碍我的话可是要尝到苦头的哦!",NON TRADUIT — texte chinois conservé dans la ROM anglaise,high,corrigé d'après le chinois + naturalisé en français,oui,oui,,
D0677,MAIN:0x03C114,Dialogue en jeu,0x03C114,6635,dialogue_19_19,,"Not' cachette va
être découverte !
J'va prév'nir eul
chef !","火箭队:可恶,这样下去的话火箭队的基地会被发现的!要赶快和老大联络才行!",NON TRADUIT — texte chinois conservé dans la ROM anglaise,high,adapté d'après Pokémon Jaune (FR),oui,oui,,
D0678,MAIN:0x03C15A,Dialogue en jeu,0x03C15A,2502,dialogue_19_19,,"Ça y est, j'ai repris mes esprits.",修女:我的意识恢复了,Was I dreaming?,high,corrigé d'après le chinois + naturalisé en français,oui,oui,,
D0679,MAIN:0x03C16A,Dialogue en jeu,0x03C16A,2503,dialogue_19_19,,Kang'er... Kang'er...,修女:康儿...康儿...,Give me your soul!,high,corrigé d'après le chinois + naturalisé en français,oui,oui,,
D0680,MAIN:0x03C17D,Dialogue en jeu,0x03C17D,2504,dialogue_19_19,,Je tremble...,修女:颤抖了...,I was possessed.,high,corrigé d'après le chinois + naturalisé en français,oui,oui,,
D0681,MAIN:0x03C18E,Dialogue en jeu,0x03C18E,6644,dialogue_19_19,,Quelle tristesse...,修女:伤心啊...,Zombies!,high,corrigé d'après le chinois + naturalisé en français,oui,oui,,
D0682,MAIN:0x03C197,Dialogue en jeu,0x03C197,2505,dialogue_19_19,,Quelque chose est sorti de moi...,修女:有什么从我身体里飞出...,Huh? What?,high,corrigé d'après le chinois + naturalisé en français,oui,oui,,
D0683,MAIN:0x03C1A2,Dialogue en jeu,0x03C1A2,5879,dialogue_19_19,,Hi hi... Hi hi...,神婆:嘻嘻...嘻嘻...,Urgah...Urff...,high,corrigé d'après le chinois + naturalisé en français,oui,oui,,
D0684,MAIN:0x03C1B2,Dialogue en jeu,0x03C1B2,2506,dialogue_19_19,,"Hi hi...
Que m'arrive-t-il ?",神婆:嘻嘻...我到底是怎么了?,I was controlled by evil spirits.,high,corrigé d'après le chinois + naturalisé en français,oui,oui,,
D0685,MAIN:0x03C1D6,Dialogue en jeu,0x03C1D6,5480,dialogue_19_19,,Partez... Quittez ce lieu !,离开!离开这里!...,Begone...intruders.,high,corrigé d'après le chinois + naturalisé en français,oui,oui,,
D0686,MAIN:0x03C1EA,Dialogue en jeu,0x03C1EA,2511,dialogue_19_19,,"Le Scope Sylphe
a révélé la vraie
nature du Spectre !",使用精灵眼镜看穿幽灵的真正身份!,The Silph Scope identified the Marowak ghost.,high,corrigé d'après le chinois + naturalisé en français,oui,oui,,
D0687,MAIN:0x03C21F,Dialogue en jeu,0x03C21F,2517,dialogue_19_19,SACHA,SACHA : Le fantôme était en fait la douce mère d'Osselait...,小智:原来幽灵的真正身份是温柔的可拉可拉的妈妈...,The Ghost was the restless soul of Cubone's mother! Her soul was calmedand she departed tothe afterlife.,high,corrigé d'après le chinois + naturalisé en français,oui,oui,,
D0688,MAIN:0x03C28D,Dialogue en jeu,0x03C28D,2525,dialogue_19_19,JESSIE,"JESSIE : Pas bouger ! Le vieux s'est plaint, alors on l'a enfermé !",火箭队:这个吉野老头真难缠!不打败我们是救不了吉野老头的!,"Jessie: Stop right there! Meowth: Grampa herewanted to complain,so we're setting him straight. James: So render yourself invisible,or prepare to fight!",high,adapté d'après Pokémon Jaune (FR),oui,oui,,
D0689,MAIN:0x03C33F,Dialogue en jeu,0x03C33F,2541,dialogue_19_19,JAMES,"JAMES :
Tu vas voir !",小次郎:你给我记住,Looks like Team Rocket's blasting off again!,high,corrigé d'après le chinois + naturalisé en français,oui,oui,,
D0690,MAIN:0x03C370,Dialogue en jeu,0x03C370,2547,dialogue_19_19,M. FUJI,"M. FUJI :
Tu viens m'aider ?
Merci.
Je suis venu
apaiser l'âme
de la mère
d'Osselait.
Elle est en paix.
Rentrons.","吉野:你是来救我的吗?谢谢你...我是来告诫可拉可拉的母亲嘎拉嘎拉之灵而来的,看样子嘎拉嘎拉到天国去了!真要感谢你们特地来这!那现在跟我一起回家",Fuji:Heh? You came to save me? Thank you. I came here tocalm the soul of Cubone's mother. I think her spirit isat rest and moved on. I must thank you. Follow me to my home.,high,adapté d'après les dialogues officiels R/B/J (FR),oui,oui,,
D0691,MAIN:0x03C424,Dialogue en jeu,0x03C424,2553,dialogue_19_19,M. FUJI,"M. FUJI :
Aime tes Pokémon,
sinon ton Pokédex
restera incomplet.
Tiens, prends ceci.","吉野:小智在完成精灵图鉴的时候如果不对精灵们付出爱心想完成是很困难的...也不知该如何帮助你,这给你吧!","Here Ash, I think this Pok@Flute willhelp you on your quest.",high,corrigé d'après le chinois + naturalisé en français,oui,oui,,
D0692,MAIN:0x03C464,Dialogue en jeu,0x03C464,2566,dialogue_19_19,M. FUJI,"M. FUJI :
La Poké Flûte
réveille un Pokémon
qui dort.
Essaie-la !","吉野:吹起宠物精灵笛就算是熟睡的精灵也会跳起,遇到睡着的精灵使用看看吧!",The Pok@Flute will wake any sleeping Pok@mon.,high,adapté d'après les dialogues officiels R/B/J (FR),oui,oui,,
D0693,MAIN:0x03C493,Dialogue en jeu,0x03C493,2576,dialogue_19_19,GARDE,"GARDE : J'ai soif.
Cette Eau Fraîche
est pour moi ?
Merci ! Safrania
t'est ouverte !",守卫:好渴啊...想喝水...什么?这个矿泉水真的要送给我??好吧为了答谢你就特别的放你过去吧...,"Boy! I'm parched! Huh?I can have thisdrink? Thanks! If you want to go to Saffron, you can goon through.",high,adapté d'après les dialogues officiels R/B/J (FR),oui,oui,,
D0694,MAIN:0x03C4FE,Dialogue en jeu,0x03C4FE,2582,dialogue_19_19,,"Hé, gamin !
Ne traîne pas ici !",火箭队:在那边的小鬼别到这里徘徊!!,What are you doing here kid!?,high,corrigé d'après le chinois + naturalisé en français,oui,oui,,
D0695,MAIN:0x03C51C,Dialogue en jeu,0x03C51C,2592,dialogue_19_19,TEAM ROCKET,"TEAM ROCKET :
Le Boss convoite
la Sylphe SARL !",火箭队:老大想侵占这栋新力公司...,Silph Co.will mergewith Team Rocket!,high,corrigé d'après le chinois + naturalisé en français,oui,oui,,
D0696,MAIN:0x03C541,Dialogue en jeu,0x03C541,2597,dialogue_19_19,,Je suis l'un des quatre frères Rocket !,火箭队:我就是火箭队四兄弟之一!,Go home kid!,high,corrigé d'après le chinois + naturalisé en français,oui,oui,,
D0697,MAIN:0x03C54E,Dialogue en jeu,0x03C54E,2598,dialogue_19_19,,"Contrôler Sylphe SARL, c'est vendre les Pokémon au prix fort !",火箭队:如果控制了新力就能把宠物精灵卖个好价钱!,You're good.,high,corrigé d'après le chinois + naturalisé en français,oui,oui,,
D0698,MAIN:0x03C55B,Dialogue en jeu,0x03C55B,2603,dialogue_19_19,,Quel casse-pieds !,"火箭队:妨碍我的家伙,太可恶了!!",Kids aren't allowedin here!,high,corrigé d'après le chinois + naturalisé en français,oui,oui,,
D0699,MAIN:0x03C577,Dialogue en jeu,0x03C577,2604,dialogue_19_19,,J'ai eu tort...,火箭队:我错了...,Why do you fight us?,high,corrigé d'après le chinois + naturalisé en français,oui,oui,,
D0700,MAIN:0x03C58E,Dialogue en jeu,0x03C58E,2605,dialogue_19_19,,Un individu suspect !,火箭队:发现可疑的家伙!!,That's far enough kid!,high,corrigé d'après le chinois + naturalisé en français,oui,oui,,
D0701,MAIN:0x03C5A6,Dialogue en jeu,0x03C5A6,2606,dialogue_19_19,TEAM ROCKET,"TEAM ROCKET : T'es qui, toi ?",火箭队:你到底是什么人?,I work for Silph and Team Rocket!,high,corrigé d'après le chinois + naturalisé en français,oui,oui,,
D0702,MAIN:0x03C5CA,Dialogue en jeu,0x03C5CA,2611,dialogue_19_19,,T'as réussi à venir jusqu'ici...,火箭队:能来到这里你还真有办法...,"Quit messing with us,kid!",high,corrigé d'après le chinois + naturalisé en français,oui,oui,,
D0703,MAIN:0x03C5E5,Dialogue en jeu,0x03C5E5,2616,dialogue_19_19,,"Bravo ! Le bureau
du Président reste
inaccessible.","火箭队:我真要夸奖你能顺利到这来,但社长室可没这么容易让你过去",I give up!,high,corrigé d'après le chinois + naturalisé en français,oui,oui,,
D0704,MAIN:0x03C5F0,Dialogue en jeu,0x03C5F0,2623,dialogue_19_19,,"Toi, je t'ai jamais vu ici !",火箭队:没见过的家伙,I was a scientist for Silph.,high,corrigé d'après le chinois + naturalisé en français,oui,oui,,
D0705,MAIN:0x03C60E,Dialogue en jeu,0x03C60E,2625,dialogue_19_19,,"Tu me crois fini ?
Je t'empêcherai
de gagner !",火箭队:打倒我你就满足了吗?我是不会让你赢的,"Team Rocket said ifI helped them, theywould let me study Pok@mon!",high,corrigé d'après le chinois + naturalisé en français,oui,oui,,
D0706,MAIN:0x03C650,Dialogue en jeu,0x03C650,2639,dialogue_19_19,,La Team Rocket contrôle la Sylphe SARL !,火箭队:这个新力公司被我们火箭队占据了!!,Intruder spotted!,high,corrigé d'après le chinois + naturalisé en français,oui,oui,,
D0707,MAIN:0x03C662,Dialogue en jeu,0x03C662,2644,dialogue_19_19,,"Vive
la Team Rocket !",火箭队:火箭队万岁!,Who are you?,high,corrigé d'après le chinois + naturalisé en français,oui,oui,,
D0708,MAIN:0x03C66F,Dialogue en jeu,0x03C66F,2645,dialogue_19_19,,"Encore toi ?
Tu viens semer
le trouble ?",火箭队:又是你在这里捣乱!?,We have control of Silph Co.!,high,corrigé d'après le chinois + naturalisé en français,oui,oui,,
D0709,MAIN:0x03C68D,Dialogue en jeu,0x03C68D,2652,dialogue_19_19,,Tu peux regarder...,火箭队:请随便看...,Boss has been afterthis place!,high,corrigé d'après le chinois + naturalisé en français,oui,oui,,
D0710,MAIN:0x03C6AC,Dialogue en jeu,0x03C6AC,2661,dialogue_19_19,,Tu veux quoi ?,火箭队:你想干什么?,My Pok@mon are my loyal soldiers!,high,corrigé d'après le chinois + naturalisé en français,oui,oui,,
D0711,MAIN:0x03C6CF,Dialogue en jeu,0x03C6CF,2662,dialogue_19_19,,Sale morveux !,火箭队:可恶的家伙,Darn these weak Pok@mon!,high,corrigé d'après le chinois + naturalisé en français,oui,oui,,
D0712,MAIN:0x03C6EB,Dialogue en jeu,0x03C6EB,2663,dialogue_19_19,,Le Boss est là. Rien à craindre !,大姐头:老大已经在这里我们就没有什么好害怕的!!,Show Team Rocket a little respect!,high,corrigé d'après le chinois + naturalisé en français,oui,oui,,
D0713,MAIN:0x03C70E,Dialogue en jeu,0x03C70E,2668,dialogue_19_19,,Employée de Sylphe SARL. Je suis aussi de la Team Rocket !,大姐头:我是新力的社员同时也是火箭队的一员,Disrespectful brat!,high,corrigé d'après le chinois + naturalisé en français,oui,oui,,
D0714,MAIN:0x03C722,Dialogue en jeu,0x03C722,2669,dialogue_19_19,,La Team Rocket contrôle la Sylphe SARL !,火箭队:新力已经是我们的了,There shouldn't be any children here!,high,adapté d'après Pokémon Jaune (FR),oui,oui,,
D0715,MAIN:0x03C748,Dialogue en jeu,0x03C748,2674,dialogue_19_19,,"Me frappe pas ! Moi aussi, on m'a forcé...","火箭队:别打我,我也是被逼的...",It's a long way to our boss!,high,corrigé d'après le chinois + naturalisé en français,oui,oui,,
D0716,MAIN:0x03C765,Dialogue en jeu,0x03C765,2684,dialogue_19_19,RÉGIS,RÉGIS : Sacha ! Je savais que tu viendrais. La Team Rocket t'a ralenti ? Peu importe ! Montre tes progrès !,小茂:等你很久了小智!!我就知道在这等你会出现的!好像被火箭队为难了!反正与我无关!!让我看看你底有没有变强!,"What kept you Ash? Haha! I guess Team Rocket slowed you down! I saw you in Saffron,so I wantedto see if you got better!",high,adapté d'après les dialogues officiels R/B/J (FR),oui,oui,,
D0717,MAIN:0x03C7DF,Dialogue en jeu,0x03C7DF,2690,dialogue_19_19,RÉGIS,"RÉGIS : Je file
au Conseil des 4 !
Fais de ton mieux.
À plus, Sacha !",小茂:开玩笑...那小智我先走了...我还要去精灵联盟挑战最强的四天王啊!!小智你也要加油喔!再见了!!,"Well,Ash!I'm movingon up,I'm going to the Pok@mon League to boot out the Elite Four! Good luck to ya Ash! Smell ya later!",high,adapté d'après les dialogues officiels R/B/J (FR),oui,oui,,
D0718,MAIN:0x03C861,Dialogue en jeu,0x03C861,2700,dialogue_19_19,,"Moi, je compte
parmi les quatre
frères Rocket !",火箭队:我也是火箭队四兄弟其中之一!,I heard a kid was wandering around.,high,corrigé d'après le chinois + naturalisé en français,oui,oui,,
D0719,MAIN:0x03C886,Dialogue en jeu,0x03C886,2707,dialogue_19_19,,"Tant pis !
Mon cadet vengera
cet affront !","火箭队:算了,我弟弟会为我报仇的!",Blast it!,high,corrigé d'après le chinois + naturalisé en français,oui,oui,,
D0720,MAIN:0x03C890,Dialogue en jeu,0x03C890,2716,dialogue_19_19,,Tu m'crois faible ?,火箭队:你敢小看我?,You dare betray us?,high,corrigé d'après le chinois + naturalisé en français,oui,oui,,
D0721,MAIN:0x03C8A4,Dialogue en jeu,0x03C8A4,2717,dialogue_19_19,,Sous-estime-moi !,火箭队:小看就小看吧,You traitor!,high,corrigé d'après le chinois + naturalisé en français,oui,oui,,
D0722,MAIN:0x03C8B1,Dialogue en jeu,0x03C8B1,2718,dialogue_19_19,,On dit qu'un gamin rôde dans le coin !,火箭队:刚刚有消息说有小孩在这附近徘徊!,Oh ho! I smell a rat!,high,corrigé d'après le chinois + naturalisé en français,oui,oui,,
D0723,MAIN:0x03C8C9,Dialogue en jeu,0x03C8C9,2721,dialogue_19_19,,"Ne résiste pas
à la Team Rocket...",火箭队:不要反抗火箭队的好...,You are a skilled trainer!,high,corrigé d'après le chinois + naturalisé en français,oui,oui,,
D0724,MAIN:0x03C8E5,Dialogue en jeu,0x03C8E5,2730,dialogue_19_19,JAMES,"JAMES : Avorton !
Notre Boss est
en réunion !
Ne le dérange pas !",火箭队:等等!老大在谈重要的事不能让你去打扰!,Jessie: Stop right there twerp! Jessie:Render your-self invisible or prepare to fight! Meowth:That's right,high,adapté d'après Pokémon Jaune (FR),oui,oui,,
D0725,MAIN:0x03C958,Dialogue en jeu,0x03C958,2749,dialogue_19_19,SACHA,"SACHA :
Qui êtes-vous ?",小智:你们是?,Team Rocket: Looks like Team Rocket's blasting off again!,high,corrigé d'après le chinois + naturalisé en français,oui,oui,,
D0726,MAIN:0x03C992,Dialogue en jeu,0x03C992,2766,dialogue_19_19,GIOVANNI,"GIOVANNI : Sacha !
Encore toi...
Le PDG et moi
parlons affaires.
Ne t'en mêle pas,
gamin. Gare à toi !",老大:哦?小智啊?又见面了...我现在在和新力的社员谈工作的事情.大人的世界小孩千万别插嘴!不然会很难看的!,Ash! We meet again!The President and Iare discussing a vital proposition. Keep your nose out of grown up matters...or experience a world of pain!,high,adapté d'après les dialogues officiels R/B/J (FR),oui,oui,,
D0727,MAIN:0x03CA26,Dialogue en jeu,0x03CA26,2772,dialogue_19_19,GIOVANNI,"GIOVANNI : Zut !
La Sylphe m'échappe
mais la Team Rocket
est éternelle !
Tous les Pokémon
sont à nous !
Retiens ça, Sacha.
Je reviendrai !",老大:混蛋!没办法只好暂时放弃新力!我们火箭队是不灭的!所有的怪兽是为我们火箭队而存在的!小智你千万不要忘了!我先走了!!,"Blast! You ruined our plans for SilphBut, Team Rocket will never fall! Ash! All Pok@mon exist for Team Rocket! I shall return!",high,adapté d'après les dialogues officiels R/B/J (FR),oui,oui,,
D0728,MAIN:0x03CAB3,Dialogue en jeu,0x03CAB3,2778,dialogue_19_19,SECRÉTAIRE,SECRÉTAIRE : Merci ! Le PDG et moi te sommes reconnaissants.,秘书:呀真是谢谢你的相救!我和社长充满感激啊!,Thank you for resc-uing us! We admire your courage.,high,adapté d'après les dialogues officiels R/B/J (FR),oui,oui,,
D0729,MAIN:0x03CAE7,Dialogue en jeu,0x03CAE7,2788,dialogue_19_19,,Ronflex s'éveille !,使用精灵笛唤醒睡着的卡比兽,The Pok@mon woke up,high,adapté d'après les dialogues officiels R/B/J (FR),oui,oui,,
D0730,MAIN:0x03CAFB,Dialogue en jeu,0x03CAFB,2789,dialogue_19_19,,Ce coin est réputé pour la pêche.,钓鱼者:这里是有名的钓鱼区,I got a bite here!,high,corrigé d'après le chinois + naturalisé en français,oui,oui,,
D0731,MAIN:0x03CB0E,Dialogue en jeu,0x03CB0E,2790,dialogue_19_19,,Tu n'aimes pas pêcher ?,钓鱼者:你不喜欢钓鱼吗?,Just a small fry!,high,corrigé d'après le chinois + naturalisé en français,oui,oui,,
D0732,MAIN:0x03CB20,Dialogue en jeu,0x03CB20,2791,dialogue_19_19,,Plein de Pokémon vivent dans l'eau !,钓鱼者:水上也有很多精灵哦,Fishing's a waitinggame!,high,corrigé d'après le chinois + naturalisé en français,oui,oui,,
D0733,MAIN:0x03CB39,Dialogue en jeu,0x03CB39,2800,dialogue_19_19,,Les Pokémon Eau sont les plus mignons !,钓鱼者:水系精灵最可爱!,That one got away!,high,corrigé d'après le chinois + naturalisé en français,oui,oui,,
D0734,MAIN:0x03CB4C,Dialogue en jeu,0x03CB4C,2801,dialogue_19_19,,Les Pokémon Eau sont magnifiques !,女孩:水系精灵好漂亮,You like fishing?,high,corrigé d'après le chinois + naturalisé en français,oui,oui,,
D0735,MAIN:0x03CB5E,Dialogue en jeu,0x03CB5E,5880,dialogue_19_19,,"Tu les trouves moches, peut-être ?",女孩:你不喜欢吗?,Ouch!,high,corrigé d'après le chinois + naturalisé en français,oui,oui,,
D0736,MAIN:0x03CB64,Dialogue en jeu,0x03CB64,2802,dialogue_19_19,,"Tu vois pas
que je pêche ?",钓鱼者:你看不到我在钓鱼吗?,I would rather be working!,high,corrigé d'après le chinois + naturalisé en français,oui,oui,,
D0737,MAIN:0x03CB80,Dialogue en jeu,0x03CB80,2803,dialogue_19_19,,"Laisse tomber...
Tous les poissons
ont fui !",钓鱼者:算了...鱼都让你吓跑了,It's not easy...,high,corrigé d'après le chinois + naturalisé en français,oui,oui,,
D0738,MAIN:0x03CB91,Dialogue en jeu,0x03CB91,2804,dialogue_19_19,,J'ai une belle prise. Tu veux voir ?,"钓鱼者:我有好动西,要看吗",You never know whatyou'll catch!,high,adapté d'après Pokémon Jaune (FR),oui,oui,,
D0739,MAIN:0x03CBB2,Dialogue en jeu,0x03CBB2,5485,dialogue_19_19,,L'Eau bat le Feu !,钓鱼者:水系精灵克火系的哦,Lost it!,high,corrigé d'après le chinois + naturalisé en français,oui,oui,,
D0740,MAIN:0x03CBBB,Dialogue en jeu,0x03CBBB,2809,dialogue_19_19,,"Ici, mes Pokémon
n'ont presque aucun
rival !",电气团:在这里我的精灵难碰敌手,Electricity is my specialty!,high,corrigé d'après le chinois + naturalisé en français,oui,oui,,
D0741,MAIN:0x03CBD9,Dialogue en jeu,0x03CBD9,2820,dialogue_19_19,,Je me suis fait avoir...,电气团:居然栽跟头了...,Water conducts electricity.,high,corrigé d'après le chinois + naturalisé en français,oui,oui,,
D0742,MAIN:0x03CBF5,Dialogue en jeu,0x03CBF5,2821,dialogue_19_19,,Je ne demande rien.,侦察员:我什么要求都没有,Water calms my mind,high,corrigé d'après le chinois + naturalisé en français,oui,oui,,
D0743,MAIN:0x03CC09,Dialogue en jeu,0x03CC09,2826,dialogue_19_19,,Je ne suis pas louche !,侦察员:我不是可疑的人哪,Pok@mon battles arerelaxing as well.,high,corrigé d'après le chinois + naturalisé en français,oui,oui,,
D0744,MAIN:0x03CC2E,Dialogue en jeu,0x03CC2E,2827,dialogue_19_19,,"Dégage !
Je te connais pas !",女孩:随便的人走开,I saw a large Pok@-mon sleeping here!,high,corrigé d'après le chinois + naturalisé en français,oui,oui,,
D0745,MAIN:0x03CC54,Dialogue en jeu,0x03CC54,2828,dialogue_19_19,,"Pardon, je t'avais mal jugé.","女孩:对不起,误会你了",Snorlax love to nap,high,corrigé d'après le chinois + naturalisé en français,oui,oui,,
D0746,MAIN:0x03CC68,Dialogue en jeu,0x03CC68,2829,dialogue_19_19,,La vitesse avant tout !,捉鸟人:速度才是一切,Bird Watcher Vs. Pok@mon Kid!,high,corrigé d'après le chinois + naturalisé en français,oui,oui,,
D0747,MAIN:0x03CC88,Dialogue en jeu,0x03CC88,2830,dialogue_19_19,,"Même battu,
je ne change pas !",捉鸟人:失败了我的想法也不变!,You beat me at Pok@mon.,high,corrigé d'après le chinois + naturalisé en français,oui,oui,,
D0748,MAIN:0x03CCA0,Dialogue en jeu,0x03CCA0,2840,dialogue_19_19,,"Rien qu'à te voir,
j'en salive !",大姐姐:你的样子让我的口水都流出来了,"Sure,I'll play withyou!",high,corrigé d'après le chinois + naturalisé en français,oui,oui,,
D0749,MAIN:0x03CCB8,Dialogue en jeu,0x03CCB8,2841,dialogue_19_19,,J'avais tort...,大姐姐:我知错了...,You little brute!,high,corrigé d'après le chinois + naturalisé en français,oui,oui,,
D0750,MAIN:0x03CCCA,Dialogue en jeu,0x03CCCA,2842,dialogue_19_19,,"Quoi ?
Je te plais pas ?","大姐姐:你说什么,我没有魅力吗?",I'm told I'm good for a kid!,high,corrigé d'après le chinois + naturalisé en français,oui,oui,,
D0751,MAIN:0x03CCE8,Dialogue en jeu,0x03CCE8,2847,dialogue_19_19,,Tu as raison.,大姐姐:你说的是对的,Ohh! I lost!,high,corrigé d'après le chinois + naturalisé en français,oui,oui,,
D0752,MAIN:0x03CCF5,Dialogue en jeu,0x03CCF5,2848,dialogue_19_19,,"Toi, encore !",女孩:又是你!!,Your Badges are so cool!,high,corrigé d'après le chinois + naturalisé en français,oui,oui,,
D0753,MAIN:0x03CD0E,Dialogue en jeu,0x03CD0E,2849,dialogue_19_19,,"C'est le destin !
On se revoit !",女孩:我们还真有缘啊,You're very strong!,high,corrigé d'après le chinois + naturalisé en français,oui,oui,,
D0754,MAIN:0x03CD22,Dialogue en jeu,0x03CD22,2854,dialogue_19_19,,Arrête de tourner devant moi !,女孩:别在我眼前走来走去,Want to battle withme?,high,corrigé d'après le chinois + naturalisé en français,oui,oui,,
D0755,MAIN:0x03CD39,Dialogue en jeu,0x03CD39,2859,dialogue_19_19,,J'ai exagéré...,女孩:我不该欺人太甚,It's over already?,high,corrigé d'après le chinois + naturalisé en français,oui,oui,,
D0756,MAIN:0x03CD4C,Dialogue en jeu,0x03CD4C,2860,dialogue_19_19,,"Je suis spécialiste
des Pokémon Vol.",捉鸟人:我是鸟类训练专家,I always go with bird Pok@mon!,high,corrigé d'après le chinois + naturalisé en français,oui,oui,,
D0757,MAIN:0x03CD6D,Dialogue en jeu,0x03CD6D,2866,dialogue_19_19,,"Tes Pokémon
battent les miens.",捉鸟人:你的精灵的确比我强,I wish I could fly.,high,corrigé d'après le chinois + naturalisé en français,oui,oui,,
D0758,MAIN:0x03CD81,Dialogue en jeu,0x03CD81,2867,dialogue_19_19,,"T'as battu l'aîné ?
Je m'incline pas !",捉鸟人:别以为打败了我大哥我就服你!!,The wind's blowing my way!,high,corrigé d'après le chinois + naturalisé en français,oui,oui,,
D0759,MAIN:0x03CD9C,Dialogue en jeu,0x03CD9C,2872,dialogue_19_19,,Plus rien à dire.,捉鸟人:我无话可说了,I'm beat.,high,corrigé d'après le chinois + naturalisé en français,oui,oui,,
D0760,MAIN:0x03CDA6,Dialogue en jeu,0x03CDA6,2873,dialogue_19_19,,Tu aimes la vitesse ? Suis-moi !,暴走族:你喜欢速度吗?一起来吧,What're you lookin'at?,high,corrigé d'après le chinois + naturalisé en français,oui,oui,,
D0761,MAIN:0x03CDBD,Dialogue en jeu,0x03CDBD,2874,dialogue_19_19,,J'aurais pas dû insister.,暴走族:不该强人所难的,Get lost!,high,corrigé d'après le chinois + naturalisé en français,oui,oui,,
D0762,MAIN:0x03CDC7,Dialogue en jeu,0x03CDC7,2879,dialogue_19_19,,"Envole-toi,
mon Pokémon !",捉鸟人:飞吧!我的精灵!!,My bird Pok@mon want to fight!,high,corrigé d'après le chinois + naturalisé en français,oui,oui,,
D0763,MAIN:0x03CDE9,Dialogue en jeu,0x03CDE9,2884,dialogue_19_19,,Tout est fini...,捉鸟人:什么都完了...,My bird combo lost?,high,corrigé d'après le chinois + naturalisé en français,oui,oui,,
D0764,MAIN:0x03CDFD,Dialogue en jeu,0x03CDFD,2885,dialogue_19_19,,Tu es allé au Parc Safari ?,捉鸟人:你去过狩猎区吗,My birds are the best!,high,corrigé d'après le chinois + naturalisé en français,oui,oui,,
D0765,MAIN:0x03CE16,Dialogue en jeu,0x03CE16,5405,dialogue_19_19,,"Le Parc regorge
de Pokémon rares...",捉鸟人:那里有很多珍贵的精灵...,Oh man!,high,corrigé d'après le chinois + naturalisé en français,oui,oui,,
D0766,MAIN:0x03CE1E,Dialogue en jeu,0x03CE1E,2886,dialogue_19_19,,"Le type Vol domine
le type Insecte !",大婶婶:鸟类精灵是虫系精灵的克星!,My Pok@mon wish to meet you!,high,corrigé d'après le chinois + naturalisé en français,oui,oui,,
D0767,MAIN:0x03CE3B,Dialogue en jeu,0x03CE3B,2894,dialogue_19_19,,"Ah, tu avais donc
compris !",大婶婶:原来你懂这个道理啊,"Wow,You totally won",high,corrigé d'après le chinois + naturalisé en français,oui,oui,,
D0768,MAIN:0x03CE4F,Dialogue en jeu,0x03CE4F,2900,dialogue_19_19,,Tu m'as cherché !,捉鸟人:你得罪我了,My bird Pok@mon areready!,high,corrigé d'après le chinois + naturalisé en français,oui,oui,,
D0769,MAIN:0x03CE69,Dialogue en jeu,0x03CE69,2901,dialogue_19_19,,Ce n'est rien...,捉鸟人:没事...,Not ready yet.,high,corrigé d'après le chinois + naturalisé en français,oui,oui,,
D0770,MAIN:0x03CE78,Dialogue en jeu,0x03CE78,2902,dialogue_19_19,,T'es trop mignon !,大姐姐:好可爱的样子哦,"Sure, I'll fight!",high,adapté d'après Pokémon Jaune (FR),oui,oui,,
D0771,MAIN:0x03D088,Dialogue en jeu,0x03D088,2908,dialogue_19_19,ORNITHOLOGUE,"ORNITHOLOGUE :
Des Pokémon rares
vivent ici...",捉鸟人:那里有很多珍贵的精灵...,NON TRADUIT — texte chinois conservé dans la ROM anglaise,high,corrigé d'après le chinois + naturalisé en français,oui,oui,,
D0772,MAIN:0x03D0A7,Dialogue en jeu,0x03D0A7,2913,dialogue_19_19,,Ne pars pas ! Reste discuter avec moi !,"大姐姐:不要走吧,陪姐姐我说说话嘛","Win,lose,it doesn'tmatter.",high,corrigé d'après le chinois + naturalisé en français,oui,oui,,
D0773,MAIN:0x03D0C2,Dialogue en jeu,0x03D0C2,2914,dialogue_19_19,,Je vais t'apprendre les bonnes manières !,暴走族:老子要教训你,"C'mon, Let's go!",high,corrigé d'après le chinois + naturalisé en français,oui,oui,,
D0774,MAIN:0x03D0D3,Dialogue en jeu,0x03D0D3,2915,dialogue_19_19,,J'adore les gens forts !,暴走族:我最喜欢有实力的人!,Arrg! Get lost!,high,corrigé d'après le chinois + naturalisé en français,oui,oui,,
D0775,MAIN:0x03D0E3,Dialogue en jeu,0x03D0E3,2916,dialogue_19_19,,J'ai un Pokémon rare.,捉鸟人:我有只珍贵的精灵,Can your Pok@mon fly?,high,corrigé d'après le chinois + naturalisé en français,oui,oui,,
D0776,MAIN:0x03D0FB,Dialogue en jeu,0x03D0FB,2917,dialogue_19_19,,"Alors ? Pas mal, hein ?",捉鸟人:怎么样?不错吧...,Best way to travel!,high,corrigé d'après le chinois + naturalisé en français,oui,oui,,
D0777,MAIN:0x03D10F,Dialogue en jeu,0x03D10F,2918,dialogue_19_19,,"Enchantée !
À nous deux !",女孩:请多关照,Do you use TMs?,high,corrigé d'après le chinois + naturalisé en français,oui,oui,,
D0778,MAIN:0x03D11F,Dialogue en jeu,0x03D11F,5486,dialogue_19_19,,Je m'incline !,女孩:输的心服口服,"Aww,bummer!",high,corrigé d'après le chinois + naturalisé en français,oui,oui,,
D0779,MAIN:0x03D12B,Dialogue en jeu,0x03D12B,2927,dialogue_19_19,,Aïe ! Tu m'as touchée !,"女孩:糟了,你碰了我一下!",I use TMs I bought!,high,corrigé d'après le chinois + naturalisé en français,oui,oui,,
D0780,MAIN:0x03D13F,Dialogue en jeu,0x03D13F,2929,dialogue_19_19,,Et si je tombais enceinte ?,女孩:要是怀孕了怎么办...,HMs are harder to get.,high,corrigé d'après le chinois + naturalisé en français,oui,oui,,
D0781,MAIN:0x03D157,Dialogue en jeu,0x03D157,2930,dialogue_19_19,,Ta tête m'agace !,暴走族:偶看你不惯!,I need to burn time,high,corrigé d'après le chinois + naturalisé en français,oui,oui,,
D0782,MAIN:0x03D16B,Dialogue en jeu,0x03D16B,6646,dialogue_19_19,ORNITHOLOGUE,"ORNITHOLOGUE : Avec mes attaques en rafale, tu n'as aucune chance !",捉鸟人:拥有连续攻击能力的我你没有胜算,NON TRADUIT — texte chinois conservé dans la ROM anglaise,high,corrigé d'après le chinois + naturalisé en français,oui,oui,,
D0783,MAIN:0x03D191,Dialogue en jeu,0x03D191,6651,dialogue_19_19,ORNITHOLOGUE,ORNITHOLOGUE : J'ai encore parlé trop vite...,捉鸟人:又说大话了,NON TRADUIT — texte chinois conservé dans la ROM anglaise,high,corrigé d'après le chinois + naturalisé en français,oui,oui,,
D0784,MAIN:0x03D1A4,Dialogue en jeu,0x03D1A4,2935,dialogue_19_19,,Je m'y suis fait. Ça va.,"暴走族:现在看惯了,没事",What? You!,high,corrigé d'après le chinois + naturalisé en français,oui,oui,,
D0785,MAIN:0x03D1AF,Dialogue en jeu,0x03D1AF,2936,dialogue_19_19,,T'as vraiment pas l'air honnête !,暴走族:看你的样子一定不像好人!!,Pok@mon fight? Cool,high,corrigé d'après le chinois + naturalisé en français,oui,oui,,
D0786,MAIN:0x03D1C3,Dialogue en jeu,0x03D1C3,2937,dialogue_19_19,,"Tu es loyal, non ?",暴走族:你应该很讲义气吧!,Blown away!,high,corrigé d'après le chinois + naturalisé en français,oui,oui,,
D0787,MAIN:0x03D1CF,Dialogue en jeu,0x03D1CF,2938,dialogue_19_19,,Tu es mon 52e petit ami.,大姐姐:你是我第五十二任男朋友,Have you heard of legendary Pok@mon?,high,corrigé d'après le chinois + naturalisé en français,oui,oui,,
D0788,MAIN:0x03D1F5,Dialogue en jeu,0x03D1F5,2939,dialogue_19_19,,"Bon, je te laisse partir...","大姐姐:算了,放过你吧...",There's 3 legendarybirds!,high,corrigé d'après le chinois + naturalisé en français,oui,oui,,
D0789,MAIN:0x03D20F,Dialogue en jeu,0x03D20F,2940,dialogue_19_19,,"T'as vu ma force ?
Alors, dégage !",捉鸟人:明白我的力量还不滚,You don't stand a chance!,high,corrigé d'après le chinois + naturalisé en français,oui,oui,,
D0790,MAIN:0x03D22A,Dialogue en jeu,0x03D22A,2941,dialogue_19_19,,Bonne route ! Ha ha !,"捉鸟人:请您慢走,哈哈",Not good enough!,high,corrigé d'après le chinois + naturalisé en français,oui,oui,,
D0791,MAIN:0x03D23B,Dialogue en jeu,0x03D23B,2942,dialogue_19_19,,Pourquoi ce drôle de regard ?,女孩:谁叫你这么看人家的?,"Oh,you're cute!",high,corrigé d'après le chinois + naturalisé en français,oui,oui,,
D0792,MAIN:0x03D24B,Dialogue en jeu,0x03D24B,2947,dialogue_19_19,,"Dommage, j'ai déjà un petit ami...",女孩:可惜我有男朋友了...,I forgive you!,high,corrigé d'après le chinois + naturalisé en français,oui,oui,,
D0793,MAIN:0x03D25A,Dialogue en jeu,0x03D25A,2948,dialogue_19_19,,"Je suis un pro
des Pokémon Vol.",捉鸟人:我是专业捉鸟人,What's cool?TradingPok@mon!,high,corrigé d'après le chinois + naturalisé en français,oui,oui,,
D0794,MAIN:0x03D276,Dialogue en jeu,0x03D276,2966,dialogue_19_19,,Je vais à la Ligue cette année !,捉鸟人:今年我要参加精灵联盟大赛啊,I trade with my friends.,high,corrigé d'après le chinois + naturalisé en français,oui,oui,,
D0795,MAIN:0x03D292,Dialogue en jeu,0x03D292,2980,dialogue_19_19,,"Hé, Champion !
Ici, les murs
sont invisibles !
Repère les trous !",裁判:浅红道馆是栋有机关的房子.用眼睛是看不到墙的,Yo Champ! This GYM has invisible wallsYou have to find the gaps in them.,high,adapté d'après les dialogues officiels R/B/J (FR),oui,oui,,
D0796,MAIN:0x03D2DD,Dialogue en jeu,0x03D2DD,2985,dialogue_19_19,,"Tu n'as rien
à faire ici !",忍者:这里不是你能来的!,Strategy is key!,high,corrigé d'après le chinois + naturalisé en français,oui,oui,,
D0797,MAIN:0x03D2EE,Dialogue en jeu,0x03D2EE,2986,dialogue_19_19,,"Belle technique
de ninja !",忍者:你的忍术很厉害!,Good strategy!,high,corrigé d'après le chinois + naturalisé en français,oui,oui,,
D0798,MAIN:0x03D2FD,Dialogue en jeu,0x03D2FD,2987,dialogue_19_19,,"La force brute ?
Ça ne suffit pas !
La technique,
voilà le secret !",忍者:光只是力量强是没用的!你知道吗?最强的是技术!!,Can you beat my techniques?,high,corrigé d'après le chinois + naturalisé en français,oui,oui,,
D0799,MAIN:0x03D31C,Dialogue en jeu,0x03D31C,2992,dialogue_19_19,,"Apparemment,
t'as compris.",忍者:看来你已明白了,I like poison and sleep techniques.,high,corrigé d'après le chinois + naturalisé en français,oui,oui,,
D0800,MAIN:0x03D341,Dialogue en jeu,0x03D341,2999,dialogue_19_19,,Le Champion de cette Arène est fort. Sois prudent.,"忍者:这个道馆的首领很厉害,你最好小心",I joined to become a ninja!,high,corrigé d'après le chinois + naturalisé en français,oui,oui,,
D0801,MAIN:0x03D35D,Dialogue en jeu,0x03D35D,3000,dialogue_19_19,,Je me suis inquiété pour rien...,忍者:看来是我多心了...,I'll keep training under Koga!,high,corrigé d'après le chinois + naturalisé en français,oui,oui,,
D0802,MAIN:0x03D37C,Dialogue en jeu,0x03D37C,3005,dialogue_19_19,,"Tu as l'air
sûr de toi !",忍者:你看来很有自信啊!,I study the way of the Ninja!,high,corrigé d'après le chinois + naturalisé en français,oui,oui,,
D0803,MAIN:0x03D39A,Dialogue en jeu,0x03D39A,3006,dialogue_19_19,,"Enfin un combat
sérieux !
Depuis le temps !",忍者:我很久没这么认真了,I still have a lot to learn.,high,corrigé d'après le chinois + naturalisé en français,oui,oui,,
D0804,MAIN:0x03D3B7,Dialogue en jeu,0x03D3B7,3013,dialogue_19_19,,"Voyons si tu peux
passer !",忍者:看你能过我这关吗?,Stop right there!,high,corrigé d'après le chinois + naturalisé en français,oui,oui,,
D0805,MAIN:0x03D3C9,Dialogue en jeu,0x03D3C9,3018,dialogue_19_19,,Tu as réussi...,忍者:你过关了...,I'm impressed!,high,corrigé d'après le chinois + naturalisé en français,oui,oui,,
D0806,MAIN:0x03D3D8,Dialogue en jeu,0x03D3D8,3023,dialogue_19_19,,"Je rêvais de devenir ninja, alors j'ai rejoint cette Arène.",忍者:我对忍者充满幻想才进入这个浅红道馆的,Master Koga comes from a long line ofninjas!,high,corrigé d'après le chinois + naturalisé en français,oui,oui,,
D0807,MAIN:0x03D406,Dialogue en jeu,0x03D406,3026,dialogue_19_19,,T'es très fort !,忍者:你的确很强大,What do you descendfrom?,high,corrigé d'après le chinois + naturalisé en français,oui,oui,,
D0808,MAIN:0x03D41F,Dialogue en jeu,0x03D41F,3028,dialogue_19_19,KOGA,"KOGA : Un gamin
ose me défier ?
Le poison tue.
Découvre son art !",乔:你这种小子就想向我挑战?自讨苦吃!!中了毒就只有死路一条!!让你知道毒的艺术!!,I shall show you true terror as a ninja master!,high,corrigé d'après le chinois + naturalisé en français,oui,oui,,
D0809,MAIN:0x03D453,Dialogue en jeu,0x03D453,3036,dialogue_19_19,KOGA,KOGA : Bien joué ! Prends le Badge Âme. Tu peux utiliser Surf hors combat !,"乔:你小子有一套,那么这个浅红徽章就交给你了,有了浅红徽章就能在大海中使用冲浪术了!",The Soulbadge lets you use Surf out- side of battle. Congratulations.,high,corrigé d'après le chinois + naturalisé en français,oui,oui,,
D0810,MAIN:0x03D49D,Dialogue en jeu,0x03D49D,3046,dialogue_19_19,,"Bienvenue au Parc
Safari ! Ici vivent
des Pokémon rares.
Entrée : 500 $.
Ça te dit ?","服务员:欢迎来到狩猎场!在这广大的狩猎广场有很多特有的宠物精灵,一次500元!要进去吗?","Welcome to the Safari Zone! For $500,you can catch all the Pok@mon youwant!",high,adapté d'après les dialogues officiels R/B/J (FR),oui,oui,,
D0811,MAIN:0x03D4EF,Dialogue en jeu,0x03D4EF,3057,dialogue_19_19,,À la prochaine !,是嘛!那下次再来啊!,Come again!,high,corrigé d'après le chinois + naturalisé en français,oui,oui,,
D0812,MAIN:0x03D4FB,Dialogue en jeu,0x03D4FB,3062,dialogue_19_19,,"Ça fera 500 $.
Bonne chance !",那么请进收您500元!祝您好运!!,That'll be $500!,high,adapté d'après les dialogues officiels R/B/J (FR),oui,oui,,
D0813,MAIN:0x03D50C,Dialogue en jeu,0x03D50C,3067,dialogue_19_19,,"Tu as trouvé
la Cabane Secrète !
Voici ton prix !","男孩:这里是最深处平时都没有人会来,我就送件礼物给你吧!",Congratulations!Youfound the Secret House!,high,adapté d'après les dialogues officiels R/B/J (FR),oui,oui,,
D0814,MAIN:0x03D539,Dialogue en jeu,0x03D539,3076,dialogue_19_19,,CS03 obtenue !,得到特技03冲浪术,Got HM03!,high,corrigé d'après le chinois + naturalisé en français,oui,oui,,
D0815,MAIN:0x03D543,Dialogue en jeu,0x03D543,3077,dialogue_19_19,CS03,"CS03 : Surf !
Un Pokémon te porte
sur l'eau.
Elle ne s'use pas !","男孩:特技03是冲浪术,你可以坐在宠物精灵身上通过水面!而且这个技能机器是用后也不会消失的!能拿到这么好的奖品你还真是幸运!",HM03 is Surf! Pok@-mon can carry you across water using Surf!,high,adapté d'après les dialogues officiels R/B/J (FR),oui,oui,,
D0816,MAIN:0x03D582,Dialogue en jeu,0x03D582,3089,dialogue_19_19,,Dent d'Or obtenue !,得到金牙,Gold Teeth!,high,corrigé d'après le chinois + naturalisé en français,oui,oui,,
D0817,MAIN:0x03D58E,Dialogue en jeu,0x03D58E,3090,dialogue_19_19,,"Ma Dent d'Or ?
Où est-elle donc ?
Je l'ai peut-être
perdue...
au Parc Safari ?",园长:哎呀我的金牙不知道到哪里去了...不会掉到狩猎区去了吧...,Hif fuff hefifoo! Heff hee fwee!,high,corrigé d'après le chinois + naturalisé en français,oui,oui,,
D0818,MAIN:0x03D5B0,Dialogue en jeu,0x03D5B0,3102,dialogue_19_19,,"Mes Dents d'Or !
Merci ! Secret :
sans mon dentier,
j'avais honte
au bureau. Voici
ta récompense !","园长:那个是我的金牙!!抱歉真是谢谢你的帮助!不要对任何人说哦,我的假牙丢了连办公室都不敢去露脸呢!为了谢谢你给你个好东西!",(Ash gave the teethto the Warden). Thanks kid! No one could understand a word I said. Here take this!,high,corrigé d'après le chinois + naturalisé en français,oui,oui,,
D0819,MAIN:0x03D61A,Dialogue en jeu,0x03D61A,3125,dialogue_19_19,,CS04 obtenue !,得到秘传04怪力术,Got HM04!,high,corrigé d'après le chinois + naturalisé en français,oui,oui,,
D0820,MAIN:0x03D624,Dialogue en jeu,0x03D624,3126,dialogue_19_19,CS04,"CS04 : Force !
Bouge les rochers !","园长:秘传04是怪力术,能推开挡路的大石头!!",Strength lets Pok@-mon move boulders!,high,adapté d'après les dialogues officiels R/B/J (FR),oui,oui,,
D0821,MAIN:0x03D64A,Dialogue en jeu,0x03D64A,3139,dialogue_19_19,,"Allons, ne fais pas cette tête.",游泳女:不要愁眉苦脸的,I love swimming!,high,corrigé d'après le chinois + naturalisé en français,oui,oui,,
D0822,MAIN:0x03D65B,Dialogue en jeu,0x03D65B,3144,dialogue_19_19,,Sors avec moi !,游泳女:和我约会吧,Belly flop!,high,corrigé d'après le chinois + naturalisé en français,oui,oui,,
D0823,MAIN:0x03D667,Dialogue en jeu,0x03D667,3145,dialogue_19_19,,Je ne t'ai jamais vu par ici.,游泳男:没见过的面孔,What's beyond the horizon?,high,corrigé d'après le chinois + naturalisé en français,oui,oui,,
D0824,MAIN:0x03D683,Dialogue en jeu,0x03D683,3146,dialogue_19_19,,Tu es le meilleur Dresseur que j'aie vu !,游泳男:你是我见过最强的训练师,I see islands!,high,corrigé d'après le chinois + naturalisé en français,oui,oui,,
D0825,MAIN:0x03D692,Dialogue en jeu,0x03D692,3151,dialogue_19_19,,"Encore un regard ?
Je te frappe !",游泳女:再看我揍你!,Swimming's great!,high,corrigé d'après le chinois + naturalisé en français,oui,oui,,
D0826,MAIN:0x03D6A4,Dialogue en jeu,0x03D6A4,3159,dialogue_19_19,,Je ne recommencerai plus !,游泳女:我不敢了!,Sunburns aren't!,high,corrigé d'après le chinois + naturalisé en français,oui,oui,,
D0827,MAIN:0x03D6B5,Dialogue en jeu,0x03D6B5,3160,dialogue_19_19,,Ha ha ha...,游泳男:哈哈哈...,"I swam here,but I'mtired.",high,corrigé d'après le chinois + naturalisé en français,oui,oui,,
D0828,MAIN:0x03D6CF,Dialogue en jeu,0x03D6CF,3161,dialogue_19_19,,Ce n'est rien.,游泳男:没什么,I'm exhausted...,high,corrigé d'après le chinois + naturalisé en français,oui,oui,,
D0829,MAIN:0x03D6E0,Dialogue en jeu,0x03D6E0,3162,dialogue_19_19,,Tu ne passeras pas.,游泳男:说什么也不能让你过去,These waters are treacherous!,high,corrigé d'après le chinois + naturalisé en français,oui,oui,,
D0830,MAIN:0x03D700,Dialogue en jeu,0x03D700,3163,dialogue_19_19,,Je plaisantais !,游泳男:和你开玩笑的,I got a cramp!,high,corrigé d'après le chinois + naturalisé en français,oui,oui,,
D0831,MAIN:0x03D70F,Dialogue en jeu,0x03D70F,3164,dialogue_19_19,,Tu m'as vraiment énervé !,游泳男:你惹火了我!,I look at the sea to forget.,high,corrigé d'après le chinois + naturalisé en français,oui,oui,,
D0832,MAIN:0x03D72D,Dialogue en jeu,0x03D72D,5881,dialogue_19_19,,Ma flamme est éteinte...,游泳男:我的火灭了...,Ooh!,high,corrigé d'après le chinois + naturalisé en français,oui,oui,,
D0833,MAIN:0x03D732,Dialogue en jeu,0x03D732,3169,dialogue_19_19,,...,游泳女,"Oh,I love your ride",high,corrigé d'après le chinois + naturalisé en français,oui,oui,,
D0834,MAIN:0x03D746,Dialogue en jeu,0x03D746,3170,dialogue_19_19,,...,游泳女,Must be fun to rideyour Pok@mon!,high,corrigé d'après le chinois + naturalisé en français,oui,oui,,
D0835,MAIN:0x03D767,Dialogue en jeu,0x03D767,3175,dialogue_19_19,,"Ne te moque pas
de moi !",游泳男:不要和我开玩笑,I have to warm up before swimming!,high,corrigé d'après le chinois + naturalisé en français,oui,oui,,
D0836,MAIN:0x03D78B,Dialogue en jeu,0x03D78B,3176,dialogue_19_19,,Désolé...,游泳男:对不起...,All warmed up!,high,corrigé d'après le chinois + naturalisé en français,oui,oui,,
D0837,MAIN:0x03D79A,Dialogue en jeu,0x03D79A,3177,dialogue_19_19,,Certains Pokémon Eau ont une Défense élevée.,游泳男:水系精灵也有防御力高的哦,The water's shallowhere.,high,corrigé d'après le chinois + naturalisé en français,oui,oui,,
D0838,MAIN:0x03D7B3,Dialogue en jeu,0x03D7B3,5882,dialogue_19_19,,Même la Défense cède devant toi...,"游泳男:不错,高防御你都有办法对付...",Spash!,high,corrigé d'après le chinois + naturalisé en français,oui,oui,,
D0839,MAIN:0x03D7BA,Dialogue en jeu,0x03D7BA,3178,dialogue_19_19,,Tu vas comprendre !,游泳男:我怎么都要让你知道...,I love floating.,high,corrigé d'après le chinois + naturalisé en français,oui,oui,,
D0840,MAIN:0x03D7CB,Dialogue en jeu,0x03D7CB,3179,dialogue_19_19,PRÉSIDENT,"PRÉSIDENT :
Merci, mon garçon !
Tu m'as sauvé !
Juste à temps !
Je ne l'oublierai !
Prends ce cadeau !","社长:少年!谢谢你救了我,在我最需要帮助的时候救了我!这恩情我不会忘的...对了!这礼物可不能忘了!就给你这个好吗?",I have to thank youin some way! Maybe this will do!,high,corrigé d'après le chinois + naturalisé en français,oui,oui,,
D0841,MAIN:0x03D801,Dialogue en jeu,0x03D801,3197,dialogue_19_19,,Toujours pas d'excuses ?,空手道:还不想说道歉吗?,I hear you're good!Show me!,high,corrigé d'après le chinois + naturalisé en français,oui,oui,,
D0842,MAIN:0x03D81D,Dialogue en jeu,0x03D81D,3198,dialogue_19_19,,Les meilleurs combattants du pays sont ici !,空手道:这里是全国格斗家所聚集的道馆啊!,I give up,high,adapté d'après les dialogues officiels R/B/J (FR),oui,oui,,
D0843,MAIN:0x03D827,Dialogue en jeu,0x03D827,6656,dialogue_19_19,TEAM ROCKET,"TEAM ROCKET :
Dégage, morveux !",火箭队:小鬼滚一边去!!,NON TRADUIT — texte chinois conservé dans la ROM anglaise,high,corrigé d'après le chinois + naturalisé en français,oui,oui,,
D0844,MAIN:0x03D83E,Dialogue en jeu,0x03D83E,3206,dialogue_19_19,,Master Ball reçue !,得到大师球,Recieved MasterballThat will catch anyPok@mon without fail! Use it wisely,high,adapté d'après les dialogues officiels R/B/J (FR),oui,oui,,
D0845,MAIN:0x03D88B,Dialogue en jeu,0x03D88B,3211,dialogue_19_19,,Tu viens défier notre dojo ?,跆拳道:你想踢馆啊?,Our Master's a pro!,high,corrigé d'après le chinois + naturalisé en français,oui,oui,,
D0846,MAIN:0x03D89F,Dialogue en jeu,0x03D89F,3216,dialogue_19_19,,"Seul le type Psy
nous fait peur !",空手道:格斗家害怕的是超能力,Judge! 1 point!,high,adapté d'après les dialogues officiels R/B/J (FR),oui,oui,,
D0847,MAIN:0x03D8AF,Dialogue en jeu,0x03D8AF,3220,dialogue_19_19,,"Tu serais fort ? Alors, aucune pitié !","跆拳道:听说你很强,那我就不客气了!!",Nothing scares me!,high,corrigé d'après le chinois + naturalisé en français,oui,oui,,
D0848,MAIN:0x03D8C2,Dialogue en jeu,0x03D8C2,3225,dialogue_19_19,,"Notre Maître ?
Le dieu du combat !
Tu veux le défier ?
Prépare-toi !","空手道:大当家是格斗家之神,想挑战你要有相当的觉悟啊!",Only psychic power scares us!,high,corrigé d'après le chinois + naturalisé en français,oui,oui,,
D0849,MAIN:0x03D8E0,Dialogue en jeu,0x03D8E0,5883,dialogue_19_19,,"Les pierres ?
Même pas peur !",空手道:硬的东西一点都不可怕!,Hoargh!,high,adapté d'après les dialogues officiels R/B/J (FR),oui,oui,,
D0850,MAIN:0x03D8E8,Dialogue en jeu,0x03D8E8,3235,dialogue_19_19,,"Seul le type Psy
nous fait peur !",空手道:格斗家害怕的是超能力,"Ow,Stubbed fingers!",high,adapté d'après les dialogues officiels R/B/J (FR),oui,oui,,
D0851,MAIN:0x03D8FC,Dialogue en jeu,0x03D8FC,3239,dialogue_19_19,,"Numéro 2 du dojo,
c'est moi !
Tu nous défies ?
Impardonnable !
En garde !","二当家:我是这个道馆的二当家,你想踢馆!那不能饶恕你!!看招",Take your shoes off,high,corrigé d'après le chinois + naturalisé en français,oui,oui,,
D0852,MAIN:0x03D910,Dialogue en jeu,0x03D910,3248,dialogue_19_19,,"Attends le Maître !
Tu vas dérouiller !",二当家:看大当家怎么对付你!!,You wait 'til you see our master!,high,adapté d'après les dialogues officiels R/B/J (FR),oui,oui,,
D0853,MAIN:0x03D933,Dialogue en jeu,0x03D933,3253,dialogue_19_19,LE GRAND MAÎTRE,"LE GRAND MAÎTRE :
Tu le regretteras !","大当家:我是这个道馆的大当家,你会后悔的!",I am the Karate Master! Expect no mercy!,high,adapté d'après les dialogues officiels R/B/J (FR),oui,oui,,
D0854,MAIN:0x03D960,Dialogue en jeu,0x03D960,3262,dialogue_19_19,,"J'ai perdu...
Épargne l'enseigne.
Choisis ton prix :
Kicklee ou Tygnon ?","大当家:我输了...你千万别摘我的招牌,不如我送给你我最珍贵的怪兽吧...你是喜欢空手道还是跆拳道??","Indeed I have lost!As your trophy, I will give you a prized Fighting Pok@mon! Whichever one you like!",high,corrigé d'après le chinois + naturalisé en français,oui,oui,,
D0855,MAIN:0x03D9CD,Dialogue en jeu,0x03D9CD,3281,dialogue_19_19,,Tygnon reçu !,得到艾比郎,Got Hitmonchan!,high,adapté d'après les dialogues officiels R/B/J (FR),oui,oui,,
D0856,MAIN:0x03D9DD,Dialogue en jeu,0x03D9DD,3282,dialogue_19_19,,Kicklee reçu !,得到沙瓦郎,Got Hitmonlee!,high,adapté d'après les dialogues officiels R/B/J (FR),oui,oui,,
D0857,MAIN:0x03D9EC,Dialogue en jeu,0x03D9EC,3288,dialogue_19_19,,"Hé, Champion !
Les Pokémon Psy
de Morgane ignorent
le type Combat !",裁判:未来的冠军!娜梅的精灵是使用超能力的...格斗系的攻击是没用的!,Yo Champ! Sabrina'sPok@mon are Psychictypes.Fighting Pok@mon have no chance!,high,adapté d'après les dialogues officiels R/B/J (FR),oui,oui,,
D0858,MAIN:0x03DA39,Dialogue en jeu,0x03DA39,3294,dialogue_19_19,,"Morgane est jeune,
mais dirige l'Arène
de Safrania !",超能力:娜梅年纪轻轻就掌管这个金黄道馆实力不容小看!,Sabrina's young butvery strong!,high,adapté d'après les dialogues officiels R/B/J (FR),oui,oui,,
D0859,MAIN:0x03DA59,Dialogue en jeu,0x03DA59,3299,dialogue_19_19,,"Safrania avait deux
Arènes. L'Arène
voisine a perdu...","超能力:告诉你吧,曾经金黄市有两个道馆,隔壁的道馆在比赛中输了...",I lost my concentr-ation!,high,corrigé d'après le chinois + naturalisé en français,oui,oui,,
D0860,MAIN:0x03DA73,Dialogue en jeu,0x03DA73,3314,dialogue_19_19,,"La force seule
ne suffit pas !",精神师:你知道吗?精灵只靠力量是不会赢的!,Power alone isn't enough!,high,adapté d'après les dialogues officiels R/B/J (FR),oui,oui,,
D0861,MAIN:0x03DA8E,Dialogue en jeu,0x03DA8E,3319,dialogue_19_19,,Comment ai-je pu perdre ?,超能力:我怎么会输呢?,Sabrina wiped out the Karate Master next door!,high,corrigé d'après le chinois + naturalisé en français,oui,oui,,
D0862,MAIN:0x03DABF,Dialogue en jeu,0x03DABF,3324,dialogue_19_19,,"Le pouvoir Psy, c'est une force invisible !",精神师:使用看不到的力量就是使用不超能力!,Does our unseen power scare you?,high,corrigé d'après le chinois + naturalisé en français,oui,oui,,
D0863,MAIN:0x03DAE3,Dialogue en jeu,0x03DAE3,3329,dialogue_19_19,,Comment est-ce possible ?,超能力:有这样的事?,I never foresaw this!,high,corrigé d'après le chinois + naturalisé en français,oui,oui,,
D0864,MAIN:0x03DAFC,Dialogue en jeu,0x03DAFC,3334,dialogue_19_19,,"Morgane est encore
plus jeune que moi.",超能力:娜梅比我还年轻啊...,"Sabrina is younger,but I respect her.",high,corrigé d'après le chinois + naturalisé en français,oui,oui,,
D0865,MAIN:0x03DB22,Dialogue en jeu,0x03DB22,3339,dialogue_19_19,,"Face à Morgane,
il faut de grands
pouvoirs Psy !",超能力:想赢娜梅的话必须要有强大的念力!,The one of strongerwill wins!,high,corrigé d'après le chinois + naturalisé en français,oui,oui,,
D0866,MAIN:0x03DB40,Dialogue en jeu,0x03DB40,3346,dialogue_19_19,,"Le Pokémon reflète
le caractère
de son Dresseur.",超能力:精灵性格会像主人你知道吗?,We're famous for our psychics!,high,corrigé d'après le chinois + naturalisé en français,oui,oui,,
D0867,MAIN:0x03DB61,Dialogue en jeu,0x03DB61,3353,dialogue_19_19,,"Hmm...
Tu as donc compris.",超能力:嗯...看来你明白啊,I foresaw this loss,high,corrigé d'après le chinois + naturalisé en français,oui,oui,,
D0868,MAIN:0x03DB75,Dialogue en jeu,0x03DB75,3359,dialogue_19_19,,Tu veux voir Morgane ?,超能力:你想见娜梅吧,I can read your mind!,high,adapté d'après les dialogues officiels R/B/J (FR),oui,oui,,
D0869,MAIN:0x03DB8E,Dialogue en jeu,0x03DB8E,3360,dialogue_19_19,,Je te laisse passer.,超能力:我不会阻止你的,You want Sabrina's Gym badge!I see it!,high,corrigé d'après le chinois + naturalisé en français,oui,oui,,
D0870,MAIN:0x03DBB5,Dialogue en jeu,0x03DBB5,3361,dialogue_19_19,,"Oh ? Apprendre
les pouvoirs Psy
ne te tente pas ?","精神师:哦,你不想学超能力吗?",Our Pok@mon shall fight!,high,corrigé d'après le chinois + naturalisé en français,oui,oui,,
D0871,MAIN:0x03DBCF,Dialogue en jeu,0x03DBCF,3366,dialogue_19_19,,"Si tu ne veux pas apprendre, tant pis...",超能力:不想学就算了...,I lost after all!,high,corrigé d'après le chinois + naturalisé en français,oui,oui,,
D0872,MAIN:0x03DBE1,Dialogue en jeu,0x03DBE1,3368,dialogue_19_19,MORGANE,"MORGANE :
J'avais prédit
ta venue.
Je suis médium
et hais le combat.
Vois mes pouvoirs !","娜梅:我有预感你会来,我是超能力少女,我不喜欢战斗,不过我可以让你看看我的厉害!","I had a vision of your arrival! I dislike fighting, but I will show youmy powers!",high,adapté d'après les dialogues officiels R/B/J (FR),oui,oui,,
D0873,MAIN:0x03DC38,Dialogue en jeu,0x03DC38,3374,dialogue_19_19,MORGANE,MORGANE : Le Badge Marais et la CT40 sont à toi ! Vague Psy inflige de gros dégâts psychiques.,娜梅:好吧金色徽章就给你吧!还有技能机器40也拿去吧.技能机器40是精神波动!强大的念力使对方受到巨大的伤害,A loss is a loss. You have earned theMarshbadge. Please take this TM too.,high,corrigé d'après le chinois + naturalisé en français,oui,oui,,
D0874,MAIN:0x03DC83,Dialogue en jeu,0x03DC83,3380,dialogue_19_19,,Badge Marais reçu !,得到金色徽章,Got TM 40!,high,adapté d'après les dialogues officiels R/B/J (FR),oui,oui,,
D0875,MAIN:0x03DC8E,Dialogue en jeu,0x03DC8E,3381,dialogue_19_19,,CT40 reçue !,得到技能机器40,That TM teaches Psybeam.,high,adapté d'après les dialogues officiels R/B/J (FR),oui,oui,,
D0876,MAIN:0x03DCAA,Dialogue en jeu,0x03DCAA,3382,dialogue_19_19,MORGANE,"MORGANE :
Encore toi ? Pff !",娜梅:你还有什么事嘛!讨厌!,All people have Psychic power. Theyjust don't know it.,high,corrigé d'après le chinois + naturalisé en français,oui,oui,,
D0877,MAIN:0x03DCE4,Dialogue en jeu,0x03DCE4,5893,dialogue_19_19,,Je crois que tu as compris !,游泳男:我想你已经知道了!,Yowch!,high,corrigé d'après le chinois + naturalisé en français,oui,oui,,
D0878,MAIN:0x03DCEB,Dialogue en jeu,0x03DCEB,3388,dialogue_19_19,,Hein ? J'entends mal !,滑雪男:什么我耳朵不好!,I tried diving for Pok@mon.,high,corrigé d'après le chinois + naturalisé en français,oui,oui,,
D0879,MAIN:0x03DD07,Dialogue en jeu,0x03DD07,3393,dialogue_19_19,,"Cette fois,
j'ai bien entendu.",滑雪男:现在听到了,You have to fish for Pok@mon!,high,corrigé d'après le chinois + naturalisé en français,oui,oui,,
D0880,MAIN:0x03DD27,Dialogue en jeu,0x03DD27,3403,dialogue_19_19,,Déjà allé aux Îles Écume ?,滑雪女:你到过双子岛吗?,Seafoam's a quiet getaway.,high,corrigé d'après le chinois + naturalisé en français,oui,oui,,
D0881,MAIN:0x03DD43,Dialogue en jeu,0x03DD43,3408,dialogue_19_19,,On raconte qu'un Pokémon légendaire vivrait là...,滑雪女:传说里面有传说中的精灵...,Quit it!,high,corrigé d'après le chinois + naturalisé en français,oui,oui,,
D0882,MAIN:0x03DD4C,Dialogue en jeu,0x03DD4C,3409,dialogue_19_19,,Encore toi ?,成熟姐姐:又是你?,Wait! Be careful!,high,corrigé d'après le chinois + naturalisé en français,oui,oui,,
D0883,MAIN:0x03DD5E,Dialogue en jeu,0x03DD5E,3410,dialogue_19_19,,Tu ne veux pas sortir avec moi ?,"成熟姐姐:如何,不想和我约会吗",Watch out for Tentacool!,high,corrigé d'après le chinois + naturalisé en français,oui,oui,,
D0884,MAIN:0x03DD77,Dialogue en jeu,0x03DD77,3419,dialogue_19_19,ARTIKODIN,ARTIKODIN : ...,急冻鸟:......,Articuno: Gyaoo!,high,corrigé d'après le chinois + naturalisé en français,oui,oui,,
D0885,MAIN:0x03DD88,Dialogue en jeu,0x03DD88,3420,dialogue_19_19,,T'es trop mignon !,游泳女:好可爱的样子,Can't you swim?,high,corrigé d'après le chinois + naturalisé en français,oui,oui,,
D0886,MAIN:0x03DD98,Dialogue en jeu,0x03DD98,5493,dialogue_19_19,,Ah bon ? Dommage...,游泳女:是吗?太可惜了...,Torpedoed!,high,corrigé d'après le chinois + naturalisé en français,oui,oui,,
D0887,MAIN:0x03DDA3,Dialogue en jeu,0x03DDA3,3421,dialogue_19_19,,Je suis plus beau que toi !,游泳男:我比你长的帅!,Are you on vacationtoo?,high,corrigé d'après le chinois + naturalisé en français,oui,oui,,
D0888,MAIN:0x03DDBB,Dialogue en jeu,0x03DDBB,3422,dialogue_19_19,,"En fait,
t'es le plus beau !",游泳男:原来你长的比我还帅啊!,No mercy at all!,high,corrigé d'après le chinois + naturalisé en français,oui,oui,,
D0889,MAIN:0x03DDCC,Dialogue en jeu,0x03DDCC,3423,dialogue_19_19,,La mer est la source de toute vie.,游泳男:大海是所有生命的源泉,Check out my buff physique!,high,corrigé d'après le chinois + naturalisé en français,oui,oui,,
D0890,MAIN:0x03DDE9,Dialogue en jeu,0x03DDE9,3424,dialogue_19_19,,"J'ai compris !
Tu avais raison.",游泳男:我明白了!你说的都是对的,I should buff my Pok@mon up too!,high,corrigé d'après le chinois + naturalisé en français,oui,oui,,
D0891,MAIN:0x03DE0C,Dialogue en jeu,0x03DE0C,3425,dialogue_19_19,,Où vas-tu ?,游泳女:你要去哪里?,I rode my Pok@mon here!,high,corrigé d'après le chinois + naturalisé en français,oui,oui,,
D0892,MAIN:0x03DE25,Dialogue en jeu,0x03DE25,5410,dialogue_19_19,,Va où tu veux. Ça m'est égal.,游泳女:你去哪里我管不着...,Oh no!,high,corrigé d'après le chinois + naturalisé en français,oui,oui,,
D0893,MAIN:0x03DE2C,Dialogue en jeu,0x03DE2C,3430,dialogue_19_19,,Cesse de me fixer !,游泳女:不要盯着人家看!,My boyfriend gave me pearls!,high,corrigé d'après le chinois + naturalisé en français,oui,oui,,
D0894,MAIN:0x03DE4A,Dialogue en jeu,0x03DE4A,3431,dialogue_19_19,,"Vas-y, regarde tant que tu veux.",游泳女:请随便看,They grew inside a Cloyster!,high,corrigé d'après le chinois + naturalisé en français,oui,oui,,
D0895,MAIN:0x03DE67,Dialogue en jeu,0x03DE67,3440,dialogue_19_19,,Que veux-tu ?,游泳女:你想干什么?,I'm swimming to Cinnabar Island!,high,corrigé d'après le chinois + naturalisé en français,oui,oui,,
D0896,MAIN:0x03DE8B,Dialogue en jeu,0x03DE8B,3441,dialogue_19_19,,"Finalement, fais comme tu veux.",游泳女:想干什么都可以啦,I'm so disappointed,high,corrigé d'après le chinois + naturalisé en français,oui,oui,,
D0897,MAIN:0x03DE9F,Dialogue en jeu,0x03DE9F,3446,dialogue_19_19,,On joue ensemble ?,游泳男:和我一起玩吧!,Cinnabar has a lab for Pok@mon.,high,corrigé d'après le chinois + naturalisé en français,oui,oui,,
D0898,MAIN:0x03DEBF,Dialogue en jeu,0x03DEBF,3455,dialogue_19_19,,Désolé... Je sais que tu es occupé.,"游泳男:对不起,我知道你很忙",Cinnabar is a volc-anic island!,high,corrigé d'après le chinois + naturalisé en français,oui,oui,,
D0899,MAIN:0x03DEDF,Dialogue en jeu,0x03DEDF,3461,dialogue_19_19,,Salut ! J'étudie les fossiles rares. T'aurais un fossile pour moi ?,博士:我一直都在研究珍贵的化石你有不错的化石吗?,"Hi,I study Pok@mon!You have a fossil for me?",high,adapté d'après les dialogues officiels R/B/J (FR),oui,oui,,
D0900,MAIN:0x03DF87,Dialogue en jeu,0x03DF87,3466,dialogue_19_19,,"Fossile Nautile !
Celui d'Amonita !
Je le ressusciterai
avec ma machine.
Confie-le-moi !",博士:啊?这个是古代菊石兽的化石!!如果使用我的再生机器一定可以让他复活!!把化石交给我吧,Oh! That's a Helix Fossil! It is a fossil of Omanyte!,high,corrigé d'après le chinois + naturalisé en français,oui,oui,,
D0901,MAIN:0x03DFC0,Dialogue en jeu,0x03DFC0,3479,dialogue_19_19,,Amonita revit !,再生机器再生出菊石兽,My Resurrection machine will give Omanyte new life!,high,corrigé d'après le chinois + naturalisé en français,oui,oui,,
D0902,MAIN:0x03DFF8,Dialogue en jeu,0x03DFF8,3488,dialogue_19_19,,Amonita reçu !,得到菊石兽,Got Omanyte!,high,adapté d'après les dialogues officiels R/B/J (FR),oui,oui,,
D0903,MAIN:0x03E005,Dialogue en jeu,0x03E005,3489,dialogue_19_19,,"Fossile Dôme !
Il contient Kabuto.
Je le ressusciterai
avec ma machine.
Confie-le-moi !",博士:啊?这个是古代化石盔的化石!!如果使用我的再生机器一定可以让他复活!!把化石交给我吧,Oh! That's a Dome Fossil! It is a fossil of Kabuto!,high,corrigé d'après le chinois + naturalisé en français,oui,oui,,
D0904,MAIN:0x03E03E,Dialogue en jeu,0x03E03E,3502,dialogue_19_19,,"Ma machine va
réanimer Kabuto !",再生机器再生出化石盔,My Resurrection machine will give Kabuto new life!,high,adapté d'après les dialogues officiels R/B/J (FR),oui,oui,,
D0905,MAIN:0x03E076,Dialogue en jeu,0x03E076,3507,dialogue_19_19,,Kabuto reçu !,得到化石盔,Got Kabuto!,high,adapté d'après les dialogues officiels R/B/J (FR),oui,oui,,
D0906,MAIN:0x03E082,Dialogue en jeu,0x03E082,3513,dialogue_19_19,,Je me croyais seul.,小偷:这种地方没想到还有人,Who're you!?,high,corrigé d'après le chinois + naturalisé en français,oui,oui,,
D0907,MAIN:0x03E08F,Dialogue en jeu,0x03E08F,3514,dialogue_19_19,,J'avais tort...,小偷:我知道错了...,I don't know about a key!,high,corrigé d'après le chinois + naturalisé en français,oui,oui,,
D0908,MAIN:0x03E0A9,Dialogue en jeu,0x03E0A9,3515,dialogue_19_19,,Le volcan a détruit ce laboratoire.,研究员:这个研究所被火山给毁了,My Mentor used to live here.,high,corrigé d'après le chinois + naturalisé en français,oui,oui,,
D0909,MAIN:0x03E0C7,Dialogue en jeu,0x03E0C7,3520,dialogue_19_19,,Il doit encore y avoir des Pokémon rares ici...,研究员:这里面应该有珍稀的精灵...,He discovered a NewPok@mon and named it Mew.,high,corrigé d'après le chinois + naturalisé en français,oui,oui,,
D0910,MAIN:0x03E0F5,Dialogue en jeu,0x03E0F5,3525,dialogue_19_19,,Tu fais quoi ici ?,研究员:你来干什么,We used Mew's DNA to create a clone!,high,corrigé d'après le chinois + naturalisé en français,oui,oui,,
D0911,MAIN:0x03E11B,Dialogue en jeu,0x03E11B,3526,dialogue_19_19,,Visite librement.,研究员:请随便参观,"We named the new Pok@mon, Mewtwo.",high,corrigé d'après le chinois + naturalisé en français,oui,oui,,
D0912,MAIN:0x03E13F,Dialogue en jeu,0x03E13F,3532,dialogue_19_19,,Quelle imprudence !,研究员:真不小心...,Mewtwo is far too powerful.We failed to curb its vicioustendencies...,high,corrigé d'après le chinois + naturalisé en français,oui,oui,,
D0913,MAIN:0x03E186,Dialogue en jeu,0x03E186,3542,dialogue_19_19,,"Zut !
Tu m'as trouvé !",小偷:糟了!被发现了,This place is huge!,high,corrigé d'après le chinois + naturalisé en français,oui,oui,,
D0914,MAIN:0x03E19A,Dialogue en jeu,0x03E19A,3543,dialogue_19_19,,Épargne-moi !,小偷:放过我吧,I wonder where my partner went.,high,corrigé d'après le chinois + naturalisé en français,oui,oui,,
D0915,MAIN:0x03E1BB,Dialogue en jeu,0x03E1BB,3549,dialogue_19_19,,"Salut !
Champion en herbe !
Auguste maîtrise
les Pokémon Feu !",裁判:未来的冠军!热情的阿桂是炎系的行家,Yo Champ! Blaine isa fire Pok@mon pro!Douse his spirits with water!,high,adapté d'après Pokémon Jaune (FR),oui,oui,,
D0916,MAIN:0x03E200,Dialogue en jeu,0x03E200,3563,dialogue_19_19,,"Les Pokémon Feu,
j'adore ça !",研究员:反正就是喜欢炎系的精灵!,I'll tell you how to get to Blaine ifyou beat me!,high,corrigé d'après le chinois + naturalisé en français,oui,oui,,
D0917,MAIN:0x03E233,Dialogue en jeu,0x03E233,3569,dialogue_19_19,,Je brûle...,研究员:烧起来了...,These computers operate the doors.,high,corrigé d'après le chinois + naturalisé en français,oui,oui,,
D0918,MAIN:0x03E259,Dialogue en jeu,0x03E259,3574,dialogue_19_19,,"Le type Feu est
le plus fort !",研究员:火系是最强的!!,"I'll win, I have studied hard!",high,corrigé d'après le chinois + naturalisé en français,oui,oui,,
D0919,MAIN:0x03E27A,Dialogue en jeu,0x03E27A,3575,dialogue_19_19,,"J'ai encore tant
à étudier...",研究员:还需要多做点研究...,Waah! My Studies!,high,corrigé d'après le chinois + naturalisé en français,oui,oui,,
D0920,MAIN:0x03E28C,Dialogue en jeu,0x03E28C,3581,dialogue_19_19,,Tu crois pouvoir passer ?,研究员:能过我这关吗?,I just like using fire Pok@mon!,high,corrigé d'après le chinois + naturalisé en français,oui,oui,,
D0921,MAIN:0x03E2AD,Dialogue en jeu,0x03E2AD,3586,dialogue_19_19,,Ha ha ! Tu peux passer.,研究员:哈哈你可以过去了,Too hot to handle!,high,corrigé d'après le chinois + naturalisé en français,oui,oui,,
D0922,MAIN:0x03E2C0,Dialogue en jeu,0x03E2C0,3587,dialogue_19_19,,"Chacun a ses goûts.
Tu les connais ?",研究员:你知道精灵喜欢什么吗?,Fire's weak againstwater!,high,corrigé d'après le chinois + naturalisé en français,oui,oui,,
D0923,MAIN:0x03E2DA,Dialogue en jeu,0x03E2DA,3593,dialogue_19_19,,Comment est-ce possible...,研究员:怎么会...,Fire melts ice!,high,corrigé d'après le chinois + naturalisé en français,oui,oui,,
D0924,MAIN:0x03E2EA,Dialogue en jeu,0x03E2EA,3594,dialogue_19_19,,"J'ai vu beaucoup
d'Arènes. Celle-ci
est parfaite
pour un vol !",小偷:去过许多道馆这个道馆最适合偷了,I know why Blaine'sa trainer!,high,corrigé d'après le chinois + naturalisé en français,oui,oui,,
D0925,MAIN:0x03E308,Dialogue en jeu,0x03E308,3607,dialogue_19_19,,Quelle chaleur !,小偷:好热,A fiery bird helpedBlaine off a mount-ain when he was lost!,high,corrigé d'après le chinois + naturalisé en français,oui,oui,,
D0926,MAIN:0x03E347,Dialogue en jeu,0x03E347,3617,dialogue_19_19,,J'étais voleur. J'ai changé de vie.,"小偷:以前我是小偷,如今金盆洗手了",This is my favoritegym of all!,high,corrigé d'après le chinois + naturalisé en français,oui,oui,,
D0927,MAIN:0x03E366,Dialogue en jeu,0x03E366,3618,dialogue_19_19,,Ha ha ! Tu peux passer.,小偷:哈哈你可以过去了,Yowza! Too hot!,high,corrigé d'après le chinois + naturalisé en français,oui,oui,,
D0928,MAIN:0x03E376,Dialogue en jeu,0x03E376,3620,dialogue_19_19,AUGUSTE,AUGUSTE : Je suis le fougueux Champion de Cramois'Île ! Admire mes Pokémon Feu !,阿桂:我是热情的男子汉!!这个火焰之岛红莲岛道馆的馆主就是我!!看看我的火焰精灵的厉害!,I am Cinnabar Gym Leader Blaine! My Pok@mon will incin-erate all those whochallenge me!,high,corrigé d'après le chinois + naturalisé en français,oui,oui,,
D0929,MAIN:0x03E3D0,Dialogue en jeu,0x03E3D0,3626,dialogue_19_19,AUGUSTE,"AUGUSTE : Bravo !
Le Badge Volcan
augmente l'Attaque
de tes Pokémon.",阿桂:哈哈你更适合拥有红色徽章!我输的心服口服...红色徽章能提高你所有精灵的攻击力,I've burnt out! Youearned the Volcano Badge! Congratulations!,high,corrigé d'après le chinois + naturalisé en français,oui,oui,,
D0930,MAIN:0x03E41A,Dialogue en jeu,0x03E41A,3647,dialogue_19_19,,Mon équipe de Magicarpe est imbattable !,游泳男:我的鲤鱼王队伍天下无双!,I'm in a triathlon meet!,high,corrigé d'après le chinois + naturalisé en français,oui,oui,,
D0931,MAIN:0x03E433,Dialogue en jeu,0x03E433,3652,dialogue_19_19,,"Quelle défaite
cuisante...",游泳男:真糟糕...大败了,Man I'm beat!,high,corrigé d'après le chinois + naturalisé en français,oui,oui,,
D0932,MAIN:0x03E441,Dialogue en jeu,0x03E441,3658,dialogue_19_19,,"Encore un peu :
Bourg Palette est
tout près...",游泳男:再过去就是真新镇了...,The sea cleanses the body and soul!,high,corrigé d'après le chinois + naturalisé en français,oui,oui,,
D0933,MAIN:0x03E467,Dialogue en jeu,0x03E467,3673,dialogue_19_19,,"Bourg Palette ?
C'est chez toi !",游泳男:你的家就在真新镇啊,I like mountains as well.,high,corrigé d'après le chinois + naturalisé en français,oui,oui,,
D0934,MAIN:0x03E483,Dialogue en jeu,0x03E483,3685,dialogue_19_19,,"Rien qu'à te voir,
tu m'énerves !",游泳男:我看见你的样子就不爽,I caught all my Pok@mon at sea!,high,corrigé d'après le chinois + naturalisé en français,oui,oui,,
D0935,MAIN:0x03E4A6,Dialogue en jeu,0x03E4A6,3686,dialogue_19_19,,"Même battu, je ne changerai pas d'avis !",游泳男:别以为你打败我就会改口!!,Where'd you catch your Pok@Mon?,high,corrigé d'après le chinois + naturalisé en français,oui,oui,,
D0936,MAIN:0x03E4C7,Dialogue en jeu,0x03E4C7,3691,dialogue_19_19,,"Tu te crois fort ?
Je vais te casser
les dents !","游泳男:不自量力的家伙,看我打的你满地找牙!!",Ahh! Feel the sun and the wind!,high,corrigé d'après le chinois + naturalisé en français,oui,oui,,
D0937,MAIN:0x03E4E8,Dialogue en jeu,0x03E4E8,3700,dialogue_19_19,,J'avais tort...,游泳男:我错了...,I'm sunburnt to a crisp!,high,corrigé d'après le chinois + naturalisé en français,oui,oui,,
D0938,MAIN:0x03E502,Dialogue en jeu,0x03E502,3701,dialogue_19_19,,"Salut ! Ça te dit, un combat ?","游泳女:你好,比试一?",Swimming's great exercise!,high,corrigé d'après le chinois + naturalisé en français,oui,oui,,
D0939,MAIN:0x03E51F,Dialogue en jeu,0x03E51F,3706,dialogue_19_19,,C'est rageant...,游泳女:真不甘心,It sure wears me out though.,high,corrigé d'après le chinois + naturalisé en français,oui,oui,,
D0940,MAIN:0x03E53E,Dialogue en jeu,0x03E53E,3709,dialogue_19_19,,"Halte !
Tu restes ici !",空手道:我不会让你再前进的!,Rrrroar!I'm workingmyself into a rage!,high,corrigé d'après le chinois + naturalisé en français,oui,oui,,
D0941,MAIN:0x03E565,Dialogue en jeu,0x03E565,3713,dialogue_19_19,,"Tu vises la Ligue ?
Quel courage !
N'aie pas peur.",空手道:目标是精灵联盟啊!有志气的小孩!训兽师:不要怕,Grr! I'm still not worthy!,high,corrigé d'après le chinois + naturalisé en français,oui,oui,,
D0942,MAIN:0x03E580,Dialogue en jeu,0x03E580,3720,dialogue_19_19,DOMPTEUR,"DOMPTEUR : Sans PV, le Boss te bat ! KARATÉKA : Ma rage est au comble !",训兽师:没有体力是不能赢老大的!空手道:我的愤怒已到最高点!,Karate is the ultimate form of martial arts!,high,corrigé d'après le chinois + naturalisé en français,oui,oui,,
D0943,MAIN:0x03E5B4,Dialogue en jeu,0x03E5B4,3725,dialogue_19_19,KARATÉKA,"KARATÉKA : Je dois
progresser...
DOMPTEUR :
Je les comprends !",空手道:练习还不够啊...训兽师:我与精灵之间的沟通是最在行的!,If my Pok@mon were as good at karate as I...,high,corrigé d'après le chinois + naturalisé en français,oui,oui,,
D0944,MAIN:0x03E5E2,Dialogue en jeu,0x03E5E2,3737,dialogue_19_19,DOMPTEUR,DOMPTEUR : Je t'en prie... KARATÉKA : Viens !,训兽师:请...空手道:来吧!!,Pok@mon and I make wonderful music together!,high,corrigé d'après le chinois + naturalisé en français,oui,oui,,
D0945,MAIN:0x03E612,Dialogue en jeu,0x03E612,3743,dialogue_19_19,KARATÉKA,KARATÉKA : Si j'étais fort comme le Boss ! DOMPTEUR : On s'en va !,空手道:如果我能像老大那么强就好了!训兽师:差不多该走了!,Do you know the identity of our GymLeader?,high,corrigé d'après le chinois + naturalisé en français,oui,oui,,
D0946,MAIN:0x03E640,Dialogue en jeu,0x03E640,3748,dialogue_19_19,DOMPTEUR,DOMPTEUR : Bats notre Boss et file à la Ligue ! GIOVANNI : Ha ha ! Encore toi...,"训兽师:如果你能胜我们老大的话就能朝精灵联盟前进!老大:哈哈,又见面了...",Heh! You must be running out of steam by now!,high,corrigé d'après le chinois + naturalisé en français,oui,oui,,
D0947,MAIN:0x03E674,Dialogue en jeu,0x03E674,3749,dialogue_19_19,SACHA,"SACHA :
Tu diriges
la Team Rocket
et l'Arène ?",小智:火箭队的老大??难道你是这个道馆的主人?,You need power to keep up with our Gym Leader!,high,corrigé d'après le chinois + naturalisé en français,oui,oui,,
D0948,MAIN:0x03E6A6,Dialogue en jeu,0x03E6A6,3750,dialogue_19_19,ROCKET,ROCKET : Tu nous as mis au chômage ! Impardonnable !,火箭队:等等!你居然害我们失业了我们不会饶恕你的!!,Your Pok@mon will cower at my power!,high,corrigé d'après le chinois + naturalisé en français,oui,oui,,
D0949,MAIN:0x03E6CC,Dialogue en jeu,0x03E6CC,3751,dialogue_19_19,SACHA,"SACHA :
Qui êtes-vous ?",小智:你们是?,Wait! I was just careless.,high,corrigé d'après le chinois + naturalisé en français,oui,oui,,
D0950,MAIN:0x03E6E9,Dialogue en jeu,0x03E6E9,3752,dialogue_19_19,,"Tu sais au moins
qui je suis ?
KARATÉKA : Un vrai
Dresseur remporte
ses victoires
avec élégance !",训兽师:该死!你知道我是谁吗?空手道:真正强的训练家连赢的方法都很漂亮!,"Viridian Gym was closed for a long time, but now our Leader is back!",high,corrigé d'après le chinois + naturalisé en français,oui,oui,,
D0951,MAIN:0x03E732,Dialogue en jeu,0x03E732,3776,dialogue_19_19,,"Le Boss va être furieux... TOPDRESSEUR : Moi, je suis un génie !","空手道:我输了,老大会生气的...训兽师:我是天才!",You can go onto thePok@mon League onlyby defeating our Gym Leader!,high,corrigé d'après le chinois + naturalisé en français,oui,oui,,
D0952,MAIN:0x03E777,Dialogue en jeu,0x03E777,6668,dialogue_19_19,,"Ici, les gamins sont interdits !",研究员:这里不是你这种小孩能来的,NON TRADUIT — texte chinois conservé dans la ROM anglaise,high,corrigé d'après le chinois + naturalisé en français,oui,oui,,
D0953,MAIN:0x03E797,Dialogue en jeu,0x03E797,6677,dialogue_19_19,,Cramois'Île n'est plus très loin.,成熟姐姐:在这不远就是红莲镇了,NON TRADUIT — texte chinois conservé dans la ROM anglaise,high,corrigé d'après le chinois + naturalisé en français,oui,oui,,
D0954,MAIN:0x03E82C,Dialogue en jeu,0x03E82C,6680,dialogue_19_19,,Le volcan entre souvent en éruption à Cramois'Île.,成熟姐姐:红莲镇经常会有火山爆发的情况,NON TRADUIT — texte chinois conservé dans la ROM anglaise,high,corrigé d'après le chinois + naturalisé en français,oui,oui,,
D0955,MAIN:0x03E853,Dialogue en jeu,0x03E853,6691,dialogue_19_19,,"Ici, on étudie
chaque jour
les Pokémon.",研究员:在这每天都有对精灵的研究,NON TRADUIT — texte chinois conservé dans la ROM anglaise,high,corrigé d'après le chinois + naturalisé en français,oui,oui,,
D0956,MAIN:0x03E874,Dialogue en jeu,0x03E874,6692,dialogue_19_19,,"Ce fossile trouvé
au Mont Sélénite
semble précieux !",小孩:我在观月山发现的化石好象是珍贵的化石!,NON TRADUIT — texte chinois conservé dans la ROM anglaise,high,corrigé d'après le chinois + naturalisé en français,oui,oui,,
D0957,MAIN:0x03E8A0,Dialogue en jeu,0x03E8A0,3788,dialogue_19_19,GIOVANNI,"GIOVANNI : Ha ha ! Tu as trouvé ma cachette. Aucune pitié ! Je suis Giovanni, le plus puissant Dresseur !","老大:哈哈,这里是我藏身的地方!既然被你发现那就没办法了.我可不会手下留情的!再让你尝尝最强的训练师我沙奇的厉害!!","This is my hideout!I planned to resur-rect Team Rocket here! But, you havecaught me again! Sobe it! I'm not holding back! You shall face Giovannithe greatest trainer!",high,corrigé d'après le chinois + naturalisé en français,oui,oui,,
D0958,MAIN:0x03E954,Dialogue en jeu,0x03E954,3798,dialogue_19_19,GIOVANNI,"GIOVANNI :
J'ai perdu. Prends
le Badge Terre.
Tu seras un grand
Dresseur !
Je reprends
mon entraînement.
Je dissous
la Team Rocket
pour le moment.
À bientôt !","老大:虽然不想承认但我还是输了,按照约定这个黑色徽章就交给你了,你一定能成为一位厉害的训练家.我想从今起重新开始我的精灵修行之旅!想暂时解散火箭队!有缘的话我们再见吧!","Ha! That was truly an intense fight! You've earned the Earth Badge! It is proof of your mastery as a Pok@mon trainer! With it, you can enter the Pok@mon League! Having lostI cannot face my underlings! Team Rocket is finished forever! I will dedicate my life tothe study of Pok@mon! Let us meet again someday!Farewell!",high,corrigé d'après le chinois + naturalisé en français,oui,oui,,
D0959,MAIN:0x03EAB4,Dialogue en jeu,0x03EAB4,3832,dialogue_19_19,JAMES,JAMES : Un mauvais tour vous attend !,小次郎:那我就大发慈悲的告诉你们!,"Jessie:Hold it runtWe can't allow TeamRocket to lose likethis! James: You've been quite a thorn in our side, but Team Rocket will never be defeated! Meowth: Meowth! We'll show you who's boss!",high,adapté d'après la devise française de l'anime,oui,oui,,
D0960,MAIN:0x03EB91,Dialogue en jeu,0x03EB91,6701,dialogue_19_19,,Même le type Feu a ses faiblesses...,研究员:火系还是有弱点啊...,NON TRADUIT — texte chinois conservé dans la ROM anglaise,high,corrigé d'après le chinois + naturalisé en français,oui,oui,,
D0961,MAIN:0x03EC21,Dialogue en jeu,0x03EC21,6707,dialogue_19_19,,Le Feu craint l'Eau et domine la Glace.,研究员:火对水确实没办法但比冰系要强,NON TRADUIT — texte chinois conservé dans la ROM anglaise,high,corrigé d'après le chinois + naturalisé en français,oui,oui,,
D0962,MAIN:0x03EC46,Dialogue en jeu,0x03EC46,3838,dialogue_19_19,JESSIE,"JESSIE :
Préservons le monde
de la dévastation !",武藏:为了防止世界被破坏,James: I can't believe it! Team Rocket defeated by this brat! Jessie: You may have won this time!But we'll be back! Meowth: Meowth! Youhaven't heard the last of us!,high,adapté d'après la devise française de l'anime,oui,oui,,
D0963,MAIN:0x03ECFD,Dialogue en jeu,0x03ECFD,6714,dialogue_19_19,,"Futur Champion ! Même moi, j'ignore qui est le Champion à Jadielle...",裁判:未来的冠军!这个常青道馆的首领是谁我也不知道...,NON TRADUIT — texte chinois conservé dans la ROM anglaise,high,corrigé d'après le chinois + naturalisé en français,oui,oui,,
D0964,MAIN:0x03F033,Dialogue en jeu,0x03F033,5179,dialogue_19_19,,Tu es vraiment coriace...,你真是个难缠的人......,Take care of 'em,high,corrigé d'après le chinois + naturalisé en français,oui,oui,,
D0965,MAIN:0x03F27B,Dialogue en jeu,0x03F27B,244,dialogue_19_19,MAMAN,"MAMAN : C'est vrai.
Tous les garçons
partent un jour.
La télé l'a dit !
Le Prof te cherche.
Il est à côté.","妈妈:是嘛男孩子都是志在四方嘛!...嗯,电视上都是这么说的!对了,隔壁的大木博士在找你呢","Mother: Right, All boys leave home someday, It said soon TV. PROF.OAK, next dooris looking for you.",high,adapté d'après les dialogues officiels R/B/J (FR),oui,oui,,
D0966,MAIN:0x03F2EE,Dialogue en jeu,0x03F2EE,254,dialogue_19_19,PROF. CHEN,"PROF. CHEN : Régis ? Déjà là ? Je t'avais dit d'attendre. Sacha, cette Poké Ball contient ton Pokémon. Prends-la !","大木:喔?小茂你已经来啦?我不是叫你稍后再来嘛...既然来啦就再等一下吧!喔...小智在那有个圆圆的球吧,那里有宠物精灵是要给你的!拿去吧!","Hmm? Gary? Why are you here already? Isaid for you to come by later...Ah,whatever! Just waitthere.Look,Ash! Do you see that ball on the table? It's called a Pok@ball. It holds a Pok@mon inside.You may haveit! Go on,take it!",high,adapté d'après Pokémon Jaune (FR),oui,oui,,
D0967,MAIN:0x03F3D2,Dialogue en jeu,0x03F3D2,287,dialogue_19_19,,"Bienvenue !
Au Centre Pokémon,
nous soignons
tes Pokémon !",欢迎!到精灵中心可以恢复精灵的体力.,Welcome to our Pok@mon Center! We heal your Pok@mon back to perfect health!,high,adapté d'après les dialogues officiels R/B/J (FR),oui,oui,,
D0968,MAIN:0x03F426,Dialogue en jeu,0x03F426,260,dialogue_19_19,PROF. CHEN,"PROF. CHEN :
Sacha, Régis !
J'ai une mission :
le Pokédex recense
chaque Pokémon vu.
Ils sont à vous !","大木:小茂啊,正好我有事要麻烦你们,桌上的东西是我做的宠物精灵图鉴,可自动将发现的精灵资料记录起来并增加页数,是一本方便的资料图鉴啊!小智小茂!这就交给你们保管了!","Oak:Oh right! I have a request of you two.Here's my new invention, the Pok@dex.It records data on Pok@mon you've seen or caught.Take them with you! To make acomplete guide on all Pok@mon in the world...That was mydream! But, I'm tooold! I can't do it!So,I want you two to fulfill my dreamfor me! Get moving,you two! This is a great undertaking in Pok@mon history!",high,corrigé d'après le chinois + naturalisé en français,oui,oui,,
D0969,MAIN:0x03F5A3,Dialogue en jeu,0x03F5A3,293,dialogue_19_19,,"Il dort ?
Attendons un peu.",女孩:老爷爷怎在这睡着了?真没办法!只好等到睡醒了,Old Man:Ouch! Girl:I'm sorry my grandfather injuredhis back and can't move.,high,corrigé d'après le chinois + naturalisé en français,oui,oui,,
D0970,MAIN:0x03F5F5,Dialogue en jeu,0x03F5F5,304,dialogue_19_19,,"Je vais te montrer
mes talents !",捉虫少年:让你见识一下,You have Pok@mon! Come on! Let's battle'em!,high,corrigé d'après le chinois + naturalisé en français,oui,oui,,
D0971,RESTORED:0x033137,Dialogue restauré,0x033137,,dialogue_19_19,JESSIE,"JESSIE :
La Team Rocket
traverse l'espace !
Sa fin est proche !",武藏:我们是穿过银河系的即将解散的火箭队!,ABSENT — dialogue supprimé de la ROM anglaise,source directe,restauré d'après le chinois + naturalisé en français,oui,oui,,
D0972,RESTORED:0x033139,Dialogue restauré,0x033139,,dialogue_19_19,JAMES,JAMES : Trou noir ! Aucun lendemain !,"小次郎:黑洞,没有明天的黑色在等着我们!",ABSENT — dialogue supprimé de la ROM anglaise,source directe,restauré d'après le chinois + naturalisé en français,oui,oui,,
D0973,RESTORED:0x03313B,Dialogue restauré,0x03313B,,dialogue_19_19,MIAOUSS,MIAOUSS : C'est ça !,喵喵:就是这样!!,ABSENT — dialogue supprimé de la ROM anglaise,source directe,restauré d'après le chinois + naturalisé en français,oui,oui,,
D0974,RESTORED:0x03313D,Dialogue restauré,0x03313D,,dialogue_19_19,JAMES,JAMES : Pourquoi toujours pareil...,小次郎:怎么没次都这样...,ABSENT — dialogue supprimé de la ROM anglaise,source directe,restauré d'après le chinois + naturalisé en français,oui,oui,,
D0975,RESTORED:0x03313F,Dialogue restauré,0x03313F,,dialogue_19_19,JESSIE,JESSIE : C'est affreux...,武藏:好讨厌的感觉哟...,ABSENT — dialogue supprimé de la ROM anglaise,source directe,restauré d'après le chinois + naturalisé en français,oui,oui,,
D0976,RESTORED:0x033141,Dialogue restauré,0x033141,,dialogue_19_19,MIAOUSS,MIAOUSS : Miaouss...,喵喵:喵...,ABSENT — dialogue supprimé de la ROM anglaise,source directe,restauré d'après le chinois + naturalisé en français,oui,oui,,
D0977,RESTORED:0x033193,Dialogue restauré,0x033193,,dialogue_19_19,SACHA,SACHA : Mewtwo ?,小智:超梦?,ABSENT — dialogue supprimé de la ROM anglaise,source directe,restauré d'après le chinois + naturalisé en français,oui,oui,,
D0978,RESTORED:0x033195,Dialogue restauré,0x033195,,dialogue_19_19,OLGA,"OLGA :
La Team Rocket
a cloné Mewtwo
avec l'ADN de Mew.
Tu l'as trouvé.
Juste à temps !
Je file à la Ligue.
Viens nous défier !","加纳:是火箭队干的好事,他们用梦幻的遗传基因克隆出来的精灵...幸好你及时发现了才没有造成大的轰动!我也该返回联盟了那么随时欢迎你到联盟挑战!",ABSENT — dialogue supprimé de la ROM anglaise,source directe,restauré d'après le chinois + naturalisé en français,oui,oui,,
D0979,RESTORED:0x033197,Dialogue restauré,0x033197,,dialogue_19_19,SACHA,"SACHA :
Compte sur moi !",小智:一定会的!,ABSENT — dialogue supprimé de la ROM anglaise,source directe,restauré d'après le chinois + naturalisé en français,oui,oui,,
D0980,RESTORED:0x033199,Dialogue restauré,0x033199,,dialogue_19_19,OLGA,"OLGA :
Un ami m'a donné
ce Ticket Mystik.
La Ligue m'occupe.
C'est ton cadeau !","加纳:啊,对了!我有件礼物要送给你!朋友给我的梦幻旅行船票...但我因为还有联盟的事情没时间去作为答谢就送给你了.",ABSENT — dialogue supprimé de la ROM anglaise,source directe,restauré d'après le chinois + naturalisé en français,oui,oui,,
D0981,RESTORED:0x0331B3,Dialogue restauré,0x0331B3,,dialogue_19_19,JESSIE,"JESSIE :
Nous revoilà !",武藏:既然你诚心诚意的问了,ABSENT — dialogue supprimé de la ROM anglaise,source directe,restauré d'après le chinois + adapté d'après la devise française de l'anime,oui,oui,,
D0982,RESTORED:0x0331B5,Dialogue restauré,0x0331B5,,dialogue_19_19,JAMES,JAMES : Un mauvais tour vous attend !,小次郎:那我就大发慈悲的告诉你们!,ABSENT — dialogue supprimé de la ROM anglaise,source directe,restauré d'après le chinois + adapté d'après la devise française de l'anime,oui,oui,,
D0983,RESTORED:0x0331B7,Dialogue restauré,0x0331B7,,dialogue_19_19,JESSIE,"JESSIE :
Préservons le monde
de la dévastation !",武藏:为了防止世界被破坏,ABSENT — dialogue supprimé de la ROM anglaise,source directe,restauré d'après le chinois + adapté d'après la devise française de l'anime,oui,oui,,
D0984,RESTORED:0x0331B9,Dialogue restauré,0x0331B9,,dialogue_19_19,JAMES,"JAMES : Peuples du monde, ralliez notre nation !",小次郎:为了维护世界的和平.,ABSENT — dialogue supprimé de la ROM anglaise,source directe,restauré d'après le chinois + adapté d'après la devise française de l'anime,oui,oui,,
D0985,RESTORED:0x0331BB,Dialogue restauré,0x0331BB,,dialogue_19_19,JESSIE,JESSIE : Écrasons amour et vérité !,武藏:坚持爱与真实的罪恶,ABSENT — dialogue supprimé de la ROM anglaise,source directe,restauré d'après le chinois + adapté d'après la devise française de l'anime,oui,oui,,
D0986,RESTORED:0x0331BD,Dialogue restauré,0x0331BD,,dialogue_19_19,JAMES,"JAMES :
Notre pouvoir
s'étend jusqu'à
la Voie Lactée !",小次郎:最有魅力的反派人物!,ABSENT — dialogue supprimé de la ROM anglaise,source directe,restauré d'après le chinois + adapté d'après la devise française de l'anime,oui,oui,,
D0987,RESTORED:0x0331BF,Dialogue restauré,0x0331BF,,dialogue_19_19,JESSIE,JESSIE : Jessie !,武藏:武藏!,ABSENT — dialogue supprimé de la ROM anglaise,source directe,restauré d'après le chinois + adapté d'après la devise française de l'anime,oui,oui,,
D0988,RESTORED:0x0331C1,Dialogue restauré,0x0331C1,,dialogue_19_19,JAMES,JAMES : James !,小次郎:小次郎!,ABSENT — dialogue supprimé de la ROM anglaise,source directe,restauré d'après le chinois + adapté d'après la devise française de l'anime,oui,oui,,
D0989,RESTORED:0x0331C3,Dialogue restauré,0x0331C3,,dialogue_19_19,JESSIE,"JESSIE :
La Team Nanjing,
plus rapide
que la lumière !",武藏:我们是穿过银河系的南晶队!,ABSENT — dialogue supprimé de la ROM anglaise,source directe,restauré d'après le chinois + adapté d'après la devise française de l'anime,oui,oui,,
D0990,RESTORED:0x0331C5,Dialogue restauré,0x0331C5,,dialogue_19_19,JAMES,"JAMES : Rendez-vous, sinon guerre à vous !","小次郎:白洞,白色的明天在等着我们!",ABSENT — dialogue supprimé de la ROM anglaise,source directe,restauré d'après le chinois + adapté d'après la devise française de l'anime,oui,oui,,
D0991,RESTORED:0x0331C7,Dialogue restauré,0x0331C7,,dialogue_19_19,MIAOUSS,"MIAOUSS : Miaouss, oui la guerre !",喵喵:说的对!喵...,ABSENT — dialogue supprimé de la ROM anglaise,source directe,restauré d'après le chinois + adapté d'après la devise française de l'anime,oui,oui,,
D0992,RESTORED:0x0331C9,Dialogue restauré,0x0331C9,,dialogue_19_19,JAMES,"JAMES : Nouveau Boss, on a changé !","小次郎:我们现在跟了新的老大,已经不是从前的我们了!!",ABSENT — dialogue supprimé de la ROM anglaise,source directe,restauré d'après le chinois + naturalisé en français,oui,oui,,
D0993,RESTORED:0x0331D1,Dialogue restauré,0x0331D1,,dialogue_19_19,JAMES,"JAMES : Tu es fort.
Pourtant,
notre nouveau chef,
Kameiyu, te battra
avec ses Pokémon !
Ha ha !","小次郎:尽管你的实力非常强,但是碰上我们新老大卡美优的精灵只有落败的份!哈哈哈",ABSENT — dialogue supprimé de la ROM anglaise,source directe,restauré d'après le chinois + naturalisé en français,oui,oui,,
D0994,RESTORED:0x038313,Dialogue restauré,0x038313,,dialogue_19_19,JAMES,JAMES : Un mauvais tour vous attend !,小次郎:那我就大发慈悲的告诉你们!,ABSENT — dialogue supprimé de la ROM anglaise,source directe,restauré d'après le chinois + adapté d'après la devise française de l'anime,oui,oui,,
D0995,RESTORED:0x038315,Dialogue restauré,0x038315,,dialogue_19_19,JESSIE,"JESSIE :
Préservons le monde
de la dévastation !",武藏:为了防止世界被破坏,ABSENT — dialogue supprimé de la ROM anglaise,source directe,restauré d'après le chinois + adapté d'après la devise française de l'anime,oui,oui,,
D0996,RESTORED:0x038317,Dialogue restauré,0x038317,,dialogue_19_19,JAMES,"JAMES : Peuples du monde, ralliez notre nation !",小次郎:为了维护世界的和平.,ABSENT — dialogue supprimé de la ROM anglaise,source directe,restauré d'après le chinois + adapté d'après la devise française de l'anime,oui,oui,,
D0997,RESTORED:0x038319,Dialogue restauré,0x038319,,dialogue_19_19,JESSIE,JESSIE : Écrasons amour et vérité !,武藏:坚持爱与真实的罪恶,ABSENT — dialogue supprimé de la ROM anglaise,source directe,restauré d'après le chinois + adapté d'après la devise française de l'anime,oui,oui,,
D0998,RESTORED:0x03831B,Dialogue restauré,0x03831B,,dialogue_19_19,JAMES,"JAMES :
Notre pouvoir
s'étend jusqu'à
la Voie Lactée !",小次郎:最有魅力的反派人物!,ABSENT — dialogue supprimé de la ROM anglaise,source directe,restauré d'après le chinois + adapté d'après la devise française de l'anime,oui,oui,,
D0999,RESTORED:0x03831D,Dialogue restauré,0x03831D,,dialogue_19_19,JESSIE,JESSIE : Jessie !,武藏:武藏!,ABSENT — dialogue supprimé de la ROM anglaise,source directe,restauré d'après le chinois + adapté d'après la devise française de l'anime,oui,oui,,
D1000,RESTORED:0x03831F,Dialogue restauré,0x03831F,,dialogue_19_19,JAMES,JAMES : James !,小次郎:小次郎!,ABSENT — dialogue supprimé de la ROM anglaise,source directe,restauré d'après le chinois + adapté d'après la devise française de l'anime,oui,oui,,
D1001,RESTORED:0x038321,Dialogue restauré,0x038321,,dialogue_19_19,JESSIE,"JESSIE :
La Team Rocket,
plus rapide
que la lumière !",武藏:我们是穿过银河系的火箭队!,ABSENT — dialogue supprimé de la ROM anglaise,source directe,restauré d'après le chinois + adapté d'après la devise française de l'anime,oui,oui,,
D1002,RESTORED:0x038323,Dialogue restauré,0x038323,,dialogue_19_19,JAMES,"JAMES : Rendez-vous, sinon guerre à vous !","小次郎:白洞,白色的明天在等着我们!",ABSENT — dialogue supprimé de la ROM anglaise,source directe,restauré d'après le chinois + adapté d'après la devise française de l'anime,oui,oui,,
D1003,RESTORED:0x038325,Dialogue restauré,0x038325,,dialogue_19_19,MIAOUSS,"MIAOUSS : Miaouss, oui la guerre !",喵喵:说的对!喵...,ABSENT — dialogue supprimé de la ROM anglaise,source directe,restauré d'après le chinois + adapté d'après la devise française de l'anime,oui,oui,,
D1004,RESTORED:0x038347,Dialogue restauré,0x038347,,dialogue_19_19,FILLETTE,FILLETTE : Tu as fait tes preuves.,迷你裙:我承认你了,POINTEUR ERRONÉ — texte affiché : NON TRADUIT — texte chinois conservé dans la ROM anglaise,source directe,restauré d'après le chinois + naturalisé en français,oui,oui,,
D1005,RESTORED:0x03834B,Dialogue restauré,0x03834B,,dialogue_19_19,GARÇON,GARÇON : Pas mal !,谈判小子:有两下子,POINTEUR ERRONÉ — texte affiché : Got Charmander!,source directe,restauré d'après le chinois + naturalisé en français,oui,oui,,
D1006,RESTORED:0x03834F,Dialogue restauré,0x03834F,,dialogue_19_19,FILLETTE,"FILLETTE :
Je te surveillerai.",迷你裙:我今后就关注你吧,POINTEUR ERRONÉ — texte affiché : I saw trainers fromall over!,source directe,restauré d'après le chinois + naturalisé en français,oui,oui,,
D1007,RESTORED:0x038353,Dialogue restauré,0x038353,,dialogue_19_19,SCOUT,"SCOUT :
Tu es le premier
à nous avoir tous
battus !",侦察员:你是第一个打败我们的,POINTEUR ERRONÉ — texte affiché : I'm off to see Bill,source directe,restauré d'après le chinois + naturalisé en français,oui,oui,,
D1008,RESTORED:0x03AF94,Dialogue restauré,0x03AF94,,dialogue_19_19,SACHA,"SACHA :
Qui êtes-vous ?",小智:你们是?,ABSENT — dialogue supprimé de la ROM anglaise,source directe,restauré d'après le chinois + naturalisé en français,oui,oui,,
D1009,RESTORED:0x03AF96,Dialogue restauré,0x03AF96,,dialogue_19_19,JESSIE,"JESSIE :
Nous revoilà !",武藏:既然你诚心诚意的问了,ABSENT — dialogue supprimé de la ROM anglaise,source directe,restauré d'après le chinois + adapté d'après la devise française de l'anime,oui,oui,,
D1010,RESTORED:0x03AF98,Dialogue restauré,0x03AF98,,dialogue_19_19,JAMES,JAMES : Un mauvais tour vous attend !,小次郎:那我就大发慈悲的告诉你们!,ABSENT — dialogue supprimé de la ROM anglaise,source directe,restauré d'après le chinois + adapté d'après la devise française de l'anime,oui,oui,,
D1011,RESTORED:0x03AF9A,Dialogue restauré,0x03AF9A,,dialogue_19_19,JESSIE,"JESSIE :
Préservons le monde
de la dévastation !",武藏:为了防止世界被破坏,ABSENT — dialogue supprimé de la ROM anglaise,source directe,restauré d'après le chinois + adapté d'après la devise française de l'anime,oui,oui,,
D1012,RESTORED:0x03AF9C,Dialogue restauré,0x03AF9C,,dialogue_19_19,JAMES,"JAMES : Peuples du monde, ralliez notre nation !",小次郎:为了维护世界的和平.,ABSENT — dialogue supprimé de la ROM anglaise,source directe,restauré d'après le chinois + adapté d'après la devise française de l'anime,oui,oui,,
D1013,RESTORED:0x03AF9E,Dialogue restauré,0x03AF9E,,dialogue_19_19,JESSIE,JESSIE : Écrasons amour et vérité !,武藏:坚持爱与真实的罪恶,ABSENT — dialogue supprimé de la ROM anglaise,source directe,restauré d'après le chinois + adapté d'après la devise française de l'anime,oui,oui,,
D1014,RESTORED:0x03AFA0,Dialogue restauré,0x03AFA0,,dialogue_19_19,JAMES,"JAMES :
Notre pouvoir
s'étend jusqu'à
la Voie Lactée !",小次郎:最有魅力的反派人物!,ABSENT — dialogue supprimé de la ROM anglaise,source directe,restauré d'après le chinois + adapté d'après la devise française de l'anime,oui,oui,,
D1015,RESTORED:0x03AFA2,Dialogue restauré,0x03AFA2,,dialogue_19_19,JESSIE,JESSIE : Jessie !,武藏:武藏!,ABSENT — dialogue supprimé de la ROM anglaise,source directe,restauré d'après le chinois + adapté d'après la devise française de l'anime,oui,oui,,
D1016,RESTORED:0x03AFA4,Dialogue restauré,0x03AFA4,,dialogue_19_19,JAMES,JAMES : James !,小次郎:小次郎!,ABSENT — dialogue supprimé de la ROM anglaise,source directe,restauré d'après le chinois + adapté d'après la devise française de l'anime,oui,oui,,
D1017,RESTORED:0x03AFA6,Dialogue restauré,0x03AFA6,,dialogue_19_19,JESSIE,"JESSIE :
La Team Rocket,
plus rapide
que la lumière !",武藏:我们是穿过银河系的火箭队!,ABSENT — dialogue supprimé de la ROM anglaise,source directe,restauré d'après le chinois + adapté d'après la devise française de l'anime,oui,oui,,
D1018,RESTORED:0x03AFA8,Dialogue restauré,0x03AFA8,,dialogue_19_19,JAMES,"JAMES : Rendez-vous, sinon guerre à vous !","小次郎:白洞,白色的明天在等着我们!",ABSENT — dialogue supprimé de la ROM anglaise,source directe,restauré d'après le chinois + adapté d'après la devise française de l'anime,oui,oui,,
D1019,RESTORED:0x03AFAA,Dialogue restauré,0x03AFAA,,dialogue_19_19,MIAOUSS,"MIAOUSS : Miaouss, oui la guerre !",喵喵:说的对!喵...,ABSENT — dialogue supprimé de la ROM anglaise,source directe,restauré d'après le chinois + adapté d'après la devise française de l'anime,oui,oui,,
D1020,RESTORED:0x03AFAC,Dialogue restauré,0x03AFAC,,dialogue_19_19,JAMES,JAMES : C'est l'heure de régler nos vieux comptes !,小次郎:现在就让我们算清旧帐吧!!,ABSENT — dialogue supprimé de la ROM anglaise,source directe,restauré d'après le chinois + naturalisé en français,oui,oui,,
D1021,RESTORED:0x03AFB0,Dialogue restauré,0x03AFB0,,dialogue_19_19,TEAM ROCKET,"TEAM ROCKET :
À la vitesse
du son...",武藏:好讨厌的感觉哟...,ABSENT — dialogue supprimé de la ROM anglaise,source directe,restauré d'après le chinois + adapté d'après Pokémon Jaune (FR),oui,oui,,
D1022,RESTORED:0x03AFB2,Dialogue restauré,0x03AFB2,,dialogue_19_19,MIAOUSS,MIAOUSS : Miaouss...,喵喵:喵...,ABSENT — dialogue supprimé de la ROM anglaise,source directe,restauré d'après le chinois + naturalisé en français,oui,oui,,
D1023,RESTORED:0x03AFEA,Dialogue restauré,0x03AFEA,,dialogue_19_19,SACHA,"SACHA :
Qui êtes-vous ?",小智:你们是?,ABSENT — dialogue supprimé de la ROM anglaise,source directe,restauré d'après le chinois + naturalisé en français,oui,oui,,
D1024,RESTORED:0x03AFEC,Dialogue restauré,0x03AFEC,,dialogue_19_19,JESSIE,"JESSIE :
Nous revoilà !",武藏:既然你诚心诚意的问了,ABSENT — dialogue supprimé de la ROM anglaise,source directe,restauré d'après le chinois + adapté d'après la devise française de l'anime,oui,oui,,
D1025,RESTORED:0x03AFEE,Dialogue restauré,0x03AFEE,,dialogue_19_19,JAMES,JAMES : Un mauvais tour vous attend !,小次郎:那我就大发慈悲的告诉你们!,ABSENT — dialogue supprimé de la ROM anglaise,source directe,restauré d'après le chinois + adapté d'après la devise française de l'anime,oui,oui,,
D1026,RESTORED:0x03AFF0,Dialogue restauré,0x03AFF0,,dialogue_19_19,JESSIE,"JESSIE :
Préservons le monde
de la dévastation !",武藏:为了防止世界被破坏,ABSENT — dialogue supprimé de la ROM anglaise,source directe,restauré d'après le chinois + adapté d'après la devise française de l'anime,oui,oui,,
D1027,RESTORED:0x03AFF2,Dialogue restauré,0x03AFF2,,dialogue_19_19,JAMES,"JAMES : Peuples du monde, ralliez notre nation !",小次郎:为了维护世界的和平.,ABSENT — dialogue supprimé de la ROM anglaise,source directe,restauré d'après le chinois + adapté d'après la devise française de l'anime,oui,oui,,
D1028,RESTORED:0x03AFF4,Dialogue restauré,0x03AFF4,,dialogue_19_19,JESSIE,JESSIE : Écrasons amour et vérité !,武藏:坚持爱与真实的罪恶,ABSENT — dialogue supprimé de la ROM anglaise,source directe,restauré d'après le chinois + adapté d'après la devise française de l'anime,oui,oui,,
D1029,RESTORED:0x03AFF6,Dialogue restauré,0x03AFF6,,dialogue_19_19,JAMES,"JAMES :
Notre pouvoir
s'étend jusqu'à
la Voie Lactée !",小次郎:最有魅力的反派人物!,ABSENT — dialogue supprimé de la ROM anglaise,source directe,restauré d'après le chinois + adapté d'après la devise française de l'anime,oui,oui,,
D1030,RESTORED:0x03AFF8,Dialogue restauré,0x03AFF8,,dialogue_19_19,JESSIE,JESSIE : Jessie !,武藏:武藏!,ABSENT — dialogue supprimé de la ROM anglaise,source directe,restauré d'après le chinois + adapté d'après la devise française de l'anime,oui,oui,,
D1031,RESTORED:0x03AFFA,Dialogue restauré,0x03AFFA,,dialogue_19_19,JAMES,JAMES : James !,小次郎:小次郎!,ABSENT — dialogue supprimé de la ROM anglaise,source directe,restauré d'après le chinois + adapté d'après la devise française de l'anime,oui,oui,,
D1032,RESTORED:0x03AFFC,Dialogue restauré,0x03AFFC,,dialogue_19_19,JESSIE,"JESSIE :
La Team Rocket,
plus rapide
que la lumière !",武藏:我们是穿过银河系的火箭队!,ABSENT — dialogue supprimé de la ROM anglaise,source directe,restauré d'après le chinois + adapté d'après la devise française de l'anime,oui,oui,,
D1033,RESTORED:0x03AFFE,Dialogue restauré,0x03AFFE,,dialogue_19_19,JAMES,"JAMES : Rendez-vous, sinon guerre à vous !","小次郎:白洞,白色的明天在等着我们!",ABSENT — dialogue supprimé de la ROM anglaise,source directe,restauré d'après le chinois + adapté d'après la devise française de l'anime,oui,oui,,
D1034,RESTORED:0x03B000,Dialogue restauré,0x03B000,,dialogue_19_19,MIAOUSS,"MIAOUSS : Miaouss, oui la guerre !",喵喵:说的对!喵...,ABSENT — dialogue supprimé de la ROM anglaise,source directe,restauré d'après le chinois + adapté d'après la devise française de l'anime,oui,oui,,
D1035,RESTORED:0x03B004,Dialogue restauré,0x03B004,,dialogue_19_19,TEAM ROCKET,"TEAM ROCKET :
À la vitesse
d'un gros vélo...",武藏:好讨厌的感觉哟...,ABSENT — dialogue supprimé de la ROM anglaise,source directe,restauré d'après le chinois + adapté d'après Pokémon Jaune (FR),oui,oui,,
D1036,RESTORED:0x03B006,Dialogue restauré,0x03B006,,dialogue_19_19,MIAOUSS,MIAOUSS : Miaouss...,喵喵:喵...,ABSENT — dialogue supprimé de la ROM anglaise,source directe,restauré d'après le chinois + naturalisé en français,oui,oui,,
D1037,RESTORED:0x03CF3E,Dialogue restauré,0x03CF3E,,dialogue_19_19,JESSIE,"JESSIE :
Nous revoilà !",武藏:既然你诚心诚意的问了,ABSENT — dialogue supprimé de la ROM anglaise,source directe,restauré d'après le chinois + adapté d'après la devise française de l'anime,oui,oui,,
D1038,RESTORED:0x03CF40,Dialogue restauré,0x03CF40,,dialogue_19_19,JAMES,JAMES : Un mauvais tour vous attend !,小次郎:那我就大发慈悲的告诉你们!,ABSENT — dialogue supprimé de la ROM anglaise,source directe,restauré d'après le chinois + adapté d'après la devise française de l'anime,oui,oui,,
D1039,RESTORED:0x03CF42,Dialogue restauré,0x03CF42,,dialogue_19_19,JESSIE,"JESSIE :
Préservons le monde
de la dévastation !",武藏:为了防止世界被破坏,ABSENT — dialogue supprimé de la ROM anglaise,source directe,restauré d'après le chinois + adapté d'après la devise française de l'anime,oui,oui,,
D1040,RESTORED:0x03CF44,Dialogue restauré,0x03CF44,,dialogue_19_19,JAMES,"JAMES : Peuples du monde, ralliez notre nation !",小次郎:为了维护世界的和平.,ABSENT — dialogue supprimé de la ROM anglaise,source directe,restauré d'après le chinois + adapté d'après la devise française de l'anime,oui,oui,,
D1041,RESTORED:0x03CF46,Dialogue restauré,0x03CF46,,dialogue_19_19,JESSIE,JESSIE : Écrasons amour et vérité !,武藏:坚持爱与真实的罪恶,ABSENT — dialogue supprimé de la ROM anglaise,source directe,restauré d'après le chinois + adapté d'après la devise française de l'anime,oui,oui,,
D1042,RESTORED:0x03CF48,Dialogue restauré,0x03CF48,,dialogue_19_19,JAMES,"JAMES :
Notre pouvoir
s'étend jusqu'à
la Voie Lactée !",小次郎:最有魅力的反派人物!,ABSENT — dialogue supprimé de la ROM anglaise,source directe,restauré d'après le chinois + adapté d'après la devise française de l'anime,oui,oui,,
D1043,RESTORED:0x03CF4A,Dialogue restauré,0x03CF4A,,dialogue_19_19,JESSIE,JESSIE : Jessie !,武藏:武藏!,ABSENT — dialogue supprimé de la ROM anglaise,source directe,restauré d'après le chinois + adapté d'après la devise française de l'anime,oui,oui,,
D1044,RESTORED:0x03CF4C,Dialogue restauré,0x03CF4C,,dialogue_19_19,JAMES,JAMES : James !,小次郎:小次郎!,ABSENT — dialogue supprimé de la ROM anglaise,source directe,restauré d'après le chinois + adapté d'après la devise française de l'anime,oui,oui,,
D1045,RESTORED:0x03CF4E,Dialogue restauré,0x03CF4E,,dialogue_19_19,JESSIE,"JESSIE :
La Team Rocket,
plus rapide
que la lumière !",武藏:我们是穿过银河系的火箭队!,ABSENT — dialogue supprimé de la ROM anglaise,source directe,restauré d'après le chinois + adapté d'après la devise française de l'anime,oui,oui,,
D1046,RESTORED:0x03CF50,Dialogue restauré,0x03CF50,,dialogue_19_19,JAMES,"JAMES : Rendez-vous, sinon guerre à vous !","小次郎:白洞,白色的明天在等着我们!",ABSENT — dialogue supprimé de la ROM anglaise,source directe,restauré d'après le chinois + adapté d'après la devise française de l'anime,oui,oui,,
D1047,RESTORED:0x03CF52,Dialogue restauré,0x03CF52,,dialogue_19_19,MIAOUSS,"MIAOUSS : Miaouss, oui la guerre !",喵喵:说的对!喵...,ABSENT — dialogue supprimé de la ROM anglaise,source directe,restauré d'après le chinois + adapté d'après la devise française de l'anime,oui,oui,,
D1048,RESTORED:0x03CF54,Dialogue restauré,0x03CF54,,dialogue_19_19,TEAM ROCKET,TEAM ROCKET : ... Ça craint...,小次郎:果然和平常一样...,ABSENT — dialogue supprimé de la ROM anglaise,source directe,restauré d'après le chinois + adapté d'après Pokémon Jaune (FR),oui,oui,,
D1049,RESTORED:0x03CF56,Dialogue restauré,0x03CF56,,dialogue_19_19,TEAM ROCKET,"TEAM ROCKET :
À la vitesse
d'une voiture !",武藏:好讨厌的感觉哟...,ABSENT — dialogue supprimé de la ROM anglaise,source directe,restauré d'après le chinois + adapté d'après Pokémon Jaune (FR),oui,oui,,
D1050,RESTORED:0x03CF58,Dialogue restauré,0x03CF58,,dialogue_19_19,MIAOUSS,"MIAOUSS :
En gros...",喵喵:喵...,ABSENT — dialogue supprimé de la ROM anglaise,source directe,restauré d'après le chinois + adapté d'après Pokémon Jaune (FR),oui,oui,,
D1051,RESTORED:0x03D07A,Dialogue restauré,0x03D07A,,dialogue_19_19,JAMES,"JAMES : Peuples du monde, ralliez notre nation !",小次郎:为了维护世界的和平.,ABSENT — dialogue supprimé de la ROM anglaise,source directe,restauré d'après le chinois + adapté d'après la devise française de l'anime,oui,oui,,
D1052,RESTORED:0x03D07C,Dialogue restauré,0x03D07C,,dialogue_19_19,JESSIE,JESSIE : Écrasons amour et vérité !,武藏:坚持爱与真实的罪恶,ABSENT — dialogue supprimé de la ROM anglaise,source directe,restauré d'après le chinois + adapté d'après la devise française de l'anime,oui,oui,,
D1053,RESTORED:0x03D07E,Dialogue restauré,0x03D07E,,dialogue_19_19,JAMES,"JAMES :
Notre pouvoir
s'étend jusqu'à
la Voie Lactée !",小次郎:最有魅力的反派人物!,ABSENT — dialogue supprimé de la ROM anglaise,source directe,restauré d'après le chinois + adapté d'après la devise française de l'anime,oui,oui,,
D1054,RESTORED:0x03D080,Dialogue restauré,0x03D080,,dialogue_19_19,JESSIE,JESSIE : Jessie !,武藏:武藏!,ABSENT — dialogue supprimé de la ROM anglaise,source directe,restauré d'après le chinois + adapté d'après la devise française de l'anime,oui,oui,,
D1055,RESTORED:0x0348F1,Dialogue restauré,0x0348F1,,dialogue_19_19,,Anti-Para reçu !,得到解麻药,TEXTE MUTUALISÉ — texte affiché : A S.Heal!,source directe,restauré d'après le chinois + naturalisé en français,oui,oui,,
