offset_hex,line,layout,max_len,source_en,fr_text,fr_len,overflow
0x0301C4,6029,,17,<0A><B0A7><B0A8><B0A9><B0AA><B0AB><B0AC><B0AD><B0AE>,(c) Nanjing - tous droits réservés.,35,YES
0x0301EB,5819,,4,Go! ,Vas-y! ,7,YES
0x030230,120,,16,000000000Oh No! ,000000000Oh non! ,17,YES
0x03024E,122,,19,00000000was caught!,00000000est capturé!,20,YES
0x030290,125,,24,Trainer blocked the ball,Le Dresseur bloque la Poké Ball!,32,YES
0x0302EE,130,,11,is poisoned,est empoisonné,14,YES
0x030381,6031,,16,0000<B0DC><B7AE><B8D8><B0F8><BBA2><B9C7>,subit des dégâts du poison grave !,34,YES
0x030392,6032,,13,<0A><B3EE><B8AC><B0CE><B0EC><B3A9><B0B2>,a trop peur pour agir !,23,YES
0x0303A1,5820,,5, Rose, Monte,6,YES
0x0303C8,6033,,13,000<BBA4><B9D4><B0F9><BBA5><B0F8>,a fortement baissé !,20,YES
0x0303E6,6034,,4,<B0D8><B0D8>,Merci,5,YES
0x0303EB,6035,,4,<B0D8><B0D8>,Merci,5,YES
0x030417,5821,,5,Wow! ,Ouah! ,6,YES
0x03041D,5420,,10,Oh!A Wild ,Oh!Sauvage ,11,YES
0x030458,6039,,6,<B0C3><B4C3><B1F9>,veut apprendre,14,YES
0x030479,146,,11,Which move?,Quelle attaque?,15,YES
0x0304C2,6042,,12,<BAB7><B6B8><B0F8><B6C6><BBA7><B0E4>,concentre la lumière du soleil !,32,YES
0x0304CF,6043,,11,<0A><B6C6><BBA7><B0E4><BBA8><B0A4>,libère l'énergie solaire !,26,YES
0x0304DB,6044,,11,<0A><BBA9><B0DB><B0F8><B3BB><B0F9>,s'enfouit sous terre !,22,YES
0x0304E7,6045,,9,<0A><BBA4><B9D4><B4AB><B4AC>,attaque rapidement !,20,YES
0x0304F1,6046,,9,<0A><BBAA><B6B8><B0E3><B3EC>,accumule de l'énergie !,23,YES
0x0304FB,6047,,9,<0A><B6C0><B0E3><B1D1><B4AC>,frappe de toutes ses forces !,29,YES
0x030505,6048,,9,<0A><BBAA><B6B8><B0E3><B3EC>,accumule de l'énergie !,23,YES
0x03050F,6049,,9,<0A><B6C0><B0E3><B1D1><B4AC>,frappe de toutes ses forces !,29,YES
0x030519,6050,,9,<0A><BBAA><B6B8><B0CF><B4F1>,cesse d'accumuler de l'énergie !,32,YES
0x030523,6051,,9,<0A><B1AC><B1E5><B8AF><B1A2>,s'envole haut dans le ciel !,28,YES
0x03052D,6052,,9,<0A><BBAB><B4B9><B1D1><B4AC>,frappe au péril de sa vie !,27,YES
0x030537,6053,,9,<0A><BBAA><B6B8><B6DD><B0E3>,concentre une force mystique !,30,YES
0x030541,6054,,9,<0A><B6DD><B0E3><BBA8><B0A4>,libère sa force mystique !,26,YES
0x03054B,6055,,9,<0A><B6EC><B2D7><B3E5><B0FC>,prévoit une attaque !,21,YES
0x030555,6056,,17,<0A><B4A9><B0DB><B6EC><B2D7><B3E5><B0FC><B4AB><B4AC>,subit l'attaque Prescience !,28,YES
0x030567,6057,,7,<0A><B9B3><B8AB><B0F8>,dévore le rêve de,17,YES
0x030575,6059,,7,<0A><B2F4><BAF0><B0F8>,entre en colère !,17,YES
0x03057D,6060,,9,<0A><B4A9><B0DB><B9BA><B9BB>,est maudit !,12,YES
0x0305F5,5426,,9,   00Item,   00Objet,10,YES
0x030621,5824,,5,Acc.:,Préc.:,6,YES
0x03062E,5825,,5,Wild ,Sauv. ,6,YES
0x030646,179,,18,Send another PKMN?,Envoyer un Pokémon?,19,YES
0x030659,180,,6,Yes No,Oui Non,7,YES
0x03067D,151,,16,000Grew to level,000Monte au niv. ,17,YES
0x03068E,5422,,15,0000000already ,0000000déjà     ,16,YES
0x0306C9,181,,13,Recovered HP!,PV restaurés !,14,YES
0x0306D7,6063,,9,<B0CE><B0EC><B3A9><B0B2>!,ne peut pas agir !,18,YES
0x0306E1,6064,,10,<0A><B1D1><B4AC><BAC5><B8BC>!,K.O. en un coup !,17,YES
0x0306EC,6065,,8,<0A><B3EF><B8B9><B0F8>!,s'est enfui !,13,YES
0x0306F5,6066,,8,<0A><B0CE><B0EC><B3EF>!,ne peut pas fuir !,18,YES
0x0306FE,6067,,11,<0A><B0DC><B8D8><B9B5><BBB2><B0F8>,n'est plus empoisonné !,23,YES
0x03070B,182,,8,Woke up!,se réveille!,12,YES
0x030714,6068,,11,<0A><B2ED><B5FA><B9B5><BBB2><B0F8>,n'est plus paralysé !,21,YES
0x030720,6069,,11,<0A><BAE7><B9C7><B9B5><BBB2><B0F8>,n'est plus brûlé !,18,YES
0x030738,6070,,11,<0A><BAE8><BAD4><B9B5><BBB2><B0F8>,n'est plus gelé !,17,YES
0x030744,6071,,11,<0A><B7AE><B8D8><B9B5><BBB2><B0F8>,n'est plus gravement empoisonné !,33,YES
0x030750,6072,,11,<0A><B3EE><B8AC><B9B5><BBB2><B0F8>,n'a plus peur !,15,YES
0x03076B,185,,9,00Trainer,00Dresseur,10,YES
0x03077A,6073,,7,000<B3C7><B0C3>,Requis :,8,YES
0x030782,6074,,9,<0A><B4D0><B4BC><B3D1><B3D2>,Badge Cascade,13,YES
0x03078C,6075,,9,<0A><B7EB><B4BC><B3D1><B3D2>,Badge Foudre,12,YES
0x0307A0,6077,,9,<0A><B6CA><B8FD><B3D1><B3D2>,Badge Prisme,12,YES
0x0307AA,6078,,9,<0A><B4BB><B4BC><B3D1><B3D2>,Badge Roche,11,YES
0x0307B9,6079,,10,<0A><B0CE><B0EC><B0DC><B8D8>!,ne peut pas être empoisonné !,29,YES
0x0307C4,6080,,10,<0A><B0CE><B0EC><BAE7><B9C7>!,ne peut pas être brûlé !,24,YES
0x0307CF,6081,,10,<0A><B0CE><B0EC><BAE8><BAD4>!,ne peut pas être gelé !,23,YES
0x03081F,5429,,12,00Party Full,00Équipe plei,13,YES
0x03082C,221,dialogue_intro_17_19,106,Hello there!     Welcome to the     world of Pok@mon!  My name is OAK!    People call me the Pok@mon PROF!,"PROF. CHEN :\nBien le bonjour !\nBienvenue !\nVoici le monde\ndes Pokémon !\nMoi, c'est Chen,\nle Prof Pokémon !\nIci vivent\ndes créatures\nappelées Pokémon !",187,YES
0x030898,152,pokedex_13x4,46,It uses the  bulb on it's back to storeenergy.,Il stocke de l'énergie dans le bulbe de son dos.,50,YES
0x030919,155,,19,00000000Don't have!,00000000Pas en stock!,21,YES
0x03092D,207,,11,No Pokemon!,Pas de Pokémon,14,YES
0x03094A,6061,,9,0<B4A9><B0DB><B9BA><B9BB>,est maudit !,12,YES
0x030955,156,,29,00000000000000000Regained HP!,00000000000000000PV restaurés !,31,YES
0x030F83,5557,,10,Secret Key,Clé Secrète,11,YES
0x0310FB,5835,,5,Ember,Flammèche,9,YES
0x031101,5896,,6,<B0C7><B0C9><B0CB>,Roue de Feu,11,YES
0x031108,5897,,6,<B0CD><B0CF><B0D1>,Poing de Feu,12,YES
0x03110F,5898,,8,<B0D3><B0D5><B0D7><B0D9>,Lance-Flamme,12,YES
0x031118,5899,,6,<B0DB><B0DD><B0DF>,Feu Sacré,9,YES
0x03111F,5900,,6,<B0E1><B0E3><B0E5>,Déflagration,12,YES
0x031126,5602,,5,Erupt,Éruption,8,YES
0x03112C,5603,,4,Wisp,Feu Follet,10,YES
0x031138,5901,,6,<B561><B563><B565>,Pistolet à O,12,YES
0x031142,5902,,6,<B0E7><B0E9><B0EB>,Vibraqua,8,YES
0x031149,5903,,6,<B0ED><B0EF><B0F1>,Bulles d'O,10,YES
0x031150,5904,,6,<B567><B569><B56B>,Octazooka,9,YES
0x03115A,5905,,6,<B0F3><B0F5><B0F7>,Pince-Masse,11,YES
0x031166,5906,,6,<B56D><B56F><B571>,Hydrocanon,10,YES
0x031170,5907,,6,<B0F9><B0FB><B0FD>,Tourniquet,10,YES
0x031177,5605,,5,Clamp,Claquoir,8,YES
0x03118F,5909,,6,<B1A9><B1AB><B1AD>,Onde de Choc,12,YES
0x031196,5606,,5,Spark,Étincelle,9,YES
0x03119C,5910,,8,<B1AF><B1B1><B1B3><B1B5>,Poing-Éclair,12,YES
0x0311AE,5912,,6,<B1BF><B1C1><B1C3>,Élecanon,8,YES
0x0311B5,5913,,6,<B1C5><B1C7><B1C9>,Électacle,9,YES
0x0311BC,5607,,7,Thunder,Fatal-Foudre,12,YES
0x0311C4,5914,,8,<B1CB><B1CD><B1CF><B1D1>,Cage-Éclair,11,YES
0x0311CD,5608,,6,Avsorb,Vol-Vie,7,YES
0x0311D4,5915,,6,<B1D3><B1D5><B1D7>,Méga-Sangsue,12,YES
0x0311DB,5916,,6,<B1D9><B1DB><B1DD>,Feuille Magik,13,YES
0x0311E2,5917,,4,<B573><B575>,Fouet Lianes,12,YES
0x0311EC,5918,,6,<B1DF><B1E1><B1E3>,Tranch'Herbe,12,YES
0x0311F3,5919,,6,<B1E5><B1E7><B1E9>,Poing Dard,10,YES
0x0311FA,5920,,4,<B577><B579>,Canon Graine,12,YES
0x031204,5921,,6,<B1EB><B1ED><B1EF>,Lance-Soleil,12,YES
0x03120B,5922,,6,<B1F1><B1F3><B1F5>,Végé-Attaque,12,YES
0x031212,5923,,8,<B1F7><B1F9><B1FB><B1FD>,Siffl'Herbe,11,YES
0x03121B,5924,,8,<B1FF><B101><B103><B105>,Poudre Dodo,11,YES
0x03122A,5925,,6,<B107><B109><B10B>,Para-Spore,10,YES
0x031231,5926,,6,<B10D><B10F><B111>,Poudreuse,9,YES
0x031238,4846,,8,Icy Wind,Vent Glace,10,YES
0x031241,5927,,6,<B113><B115><B117>,Brise Glacée,12,YES
0x031248,5928,,6,<B57B><B57D><B57F>,Poing-Glace,11,YES
0x031252,4847,,8,Ice Beam,Laser Glace,11,YES
0x031264,5929,,6,<B119><B11B><B11D>,Glaciation,10,YES
0x03126B,4849,,8,Mud Slap,Coud'Boue,9,YES
0x031274,4850,,8,Mud Shot,Tir de Boue,11,YES
0x03127D,5612,,3,Dig,Tunnel,6,YES
0x031281,5930,,4,<B581><B583>,Massd'Os,8,YES
0x031292,5932,,10,0000<B129><B12B><B12D>,0000Osmerang,12,YES
0x0312A9,5933,,6,<B133><B135><B137>,Jet de Sable,12,YES
0x0312B0,5934,,6,<B139><B13B><B13D>,Jet-Pierres,11,YES
0x0312B7,5935,,4,<B585><B587>,Tomberoche,10,YES
0x0312C1,5936,,8,<B13F><B141><B143><B145>,Pouvoir Antique,15,YES
0x0312CA,5937,,6,<B147><B149><B14B>,Éboulement,10,YES
0x0312D1,5938,,6,<B14D><B14F><B151>,Vampirisme,10,YES
0x0312D8,5939,,6,<B153><B155><B157>,Double-Dard,11,YES
0x0312DF,5940,,6,<B159><B15B><B15D>,Vent Argenté,12,YES
0x0312E6,5941,,6,<B15F><B161><B163>,Rayon Signal,12,YES
0x0312ED,5942,,4,<B589><B58B>,Mégacorne,9,YES
0x0312F7,5943,,4,<B58D><B58F>,Lumi-Queue,10,YES
0x031301,5944,,6,<B165><B167><B169>,Sécrétion,9,YES
0x031308,5945,,10,0000<B16F><B171><B173>,0000Dard-Venin,14,YES
0x031313,5836,,4,Smog,Purédpois,9,YES
0x031318,5837,,4,Acid,Acide,5,YES
0x03131D,5946,,6,<B175><B177><B179>,Queue-Poison,12,YES
0x031324,5947,,6,<B17B><B17D><B17F>,Crochet Venin,13,YES
0x03132B,5617,,6,Sludge,Détritus,8,YES
0x031332,5948,,6,<B181><B183><B185>,Bomb-Beurk,10,YES
0x031339,5949,,10,0000<B18B><B18D><B18F>,0000Gaz Toxik,13,YES
0x031353,5950,,6,<B191><B193><B195>,Éclate-Roc,10,YES
0x03135A,5951,,6,<B197><B199><B19B>,Poing-Karaté,12,YES
0x031361,5952,,6,<B3E1><B3E3><B3E5>,Double Pied,11,YES
0x031368,5618,,7,Revenge,Vendetta,8,YES
0x031370,5953,,8,<B3E7><B3E9><B3EB><B3ED>,Mawashi Geri,12,YES
0x031379,5954,,6,<B3EF><B3F1><B3F3>,Corps Perdu,11,YES
0x031380,5955,,8,<B3F5><B3F7><B3F9><B3FB>,Frappe Atlas,12,YES
0x031389,5956,,6,<B3FD><B3FF><B301>,Casse-Brique,12,YES
0x031390,5957,,8,<B303><B305><B307><B309>,Stratopercut,12,YES
0x031399,5958,,6,<B30B><B30D><B30F>,Coup-Croix,10,YES
0x0313A0,5959,,8,<B311><B313><B315><B317>,Dynamopoing,11,YES
0x0313A9,5960,,8,<B319><B31B><B31D><B31F>,Poing Boost,11,YES
0x0313B2,5961,,6,<B321><B323><B325>,Mitra-Poing,11,YES
0x0313B9,5619,,4,Peck,Picpic,6,YES
0x0313BE,5620,,4,Gust,Tornade,7,YES
0x0313C3,5962,,6,<B327><B329><B32B>,Tranch'Air,10,YES
0x0313CA,5963,,6,<B32D><B32F><B331>,Cru-Aile,8,YES
0x0313D1,5964,,6,<B333><B335><B337>,Aéropique,9,YES
0x0313DC,5965,,6,<B339><B33B><B33D>,Bec Vrille,10,YES
0x0313EA,5966,,6,<B33F><B341><B343>,Aéroblast,9,YES
0x0313F8,5968,,6,<B591><B593><B595>,Choc Mental,11,YES
0x031402,4852,,8,Psy Beam,Rafale Psy,10,YES
0x03140B,5969,,4,<B597><B599>,Ball'Brume,10,YES
0x031415,5970,,6,<B59B><B59D><B59F>,Choc Psy,8,YES
0x03141F,5971,,8,<B34B><B34D><B34F><B351>,Psykoud'Boul,12,YES
0x031430,5972,,6,<B353><B355><B357>,Dévorêve,8,YES
0x031437,5973,,6,<B7E5><B7E7><B7E9>,Psycho-Boost,12,YES
0x03144A,5623,,4,Rest,Repos,5,YES
0x031458,5974,,4,<B7EB><B7ED>,Plénitude,9,YES
0x03146A,5843,,4,Lick,Léchouille,10,YES
0x03146F,5625,,8,Astonish,Étonnement,10,YES
0x031478,5975,,6,<B359><B35B><B35D>,Poing Ombre,11,YES
0x03147F,5976,,6,<B401><B403><B405>,Ball'Ombre,10,YES
0x031486,5977,,6,<B407><B409><B40B>,Griffe Ombre,12,YES
0x03148D,5978,,8,<B40D><B40F><B411><B413>,Onde Folie,10,YES
0x03149E,5979,,6,<B415><B417><B419>,Draco-Rage,10,YES
0x0314A5,5980,,6,<B41B><B41D><B41F>,Dracosouffle,12,YES
0x0314AC,5981,,6,<B421><B423><B425>,Draco-Griffe,12,YES
0x0314B3,5982,,6,<B427><B429><B42B>,Draco-Choc,10,YES
0x0314BA,5983,,6,<B42D><B42F><B431>,Danse Draco,11,YES
0x0314C1,5984,,6,<B7EF><B7F1><B7F3>,Sabotage,8,YES
0x0314D2,5627,,4,Bite,Morsure,7,YES
0x0314D7,5628,,6,Crunch,Mâchouille,10,YES
0x0314DE,5986,,6,<B439><B43B><B43D>,Griffe Acier,12,YES
0x0314E5,5987,,6,<B43F><B441><B443>,Aile d'Acier,12,YES
0x0314EC,5988,,4,<B7F5><B7F7>,Queue de Fer,12,YES
0x0314F6,5989,,6,<B445><B447><B449>,Poing Météore,13,YES
0x0314FD,5990,,8,<B44B><B44D><B44F><B451>,Mur de Fer,10,YES
0x031506,4853,,6,Splash,Trempette,9,YES
0x03150D,5991,,6,<B453><B455><B457>,Tour Rapide,11,YES
0x031523,5630,,5,Pound,Écras'Face,10,YES
0x031529,5992,,6,<B459><B45B><B45D>,Vive-Attaque,12,YES
0x031541,5631,,3,Cut,Coupe,5,YES
0x031545,5632,,5,Swift,Météores,8,YES
0x03154B,5633,,5,Stomp,Écrasement,10,YES
0x031551,5993,,6,<B501><B503><B505>,Éclate Griffe,13,YES
0x031558,5994,,6,<B507><B509><B50B>,Puissance Cachée,16,YES
0x03155F,5995,,6,<B50D><B50F><B511>,Croc de Mort,12,YES
0x031566,5996,,6,<B513><B515><B517>,Coupe-Vent,10,YES
0x03156D,5997,,6,<B519><B51B><B51D>,Damoclès,8,YES
0x031574,5998,,6,<B51F><B521><B523>,Ultralaser,10,YES
0x03157B,5999,,8,<B525><B527><B529><B52B>,Destruction,11,YES
0x031584,5634,,7,Explode,Explosion,9,YES
0x03158C,6000,,8,<B52D><B52F><B531><B533>,Guillotine,10,YES
0x031595,6001,,6,<B535><B537><B539>,Empal'Korne,11,YES
0x03159C,5635,,4,Sing,Berceuse,8,YES
0x0315A1,6002,,4,<B7F9><B7FB>,Grobisou,8,YES
0x0315AB,6003,,6,<B53B><B53D><B53F>,Ultrason,8,YES
0x0315B2,6004,,6,<B541><B543><B545>,Danse-Lames,11,YES
0x0315B9,5637,,5,Growl,Rugissement,11,YES
0x0315BF,5638,,7,Bulk-up,Gonflette,9,YES
0x0315C7,6005,,8,<B547><B549><B54B><B54D>,Boul'Armure,11,YES
0x0315D7,6006,,4,<B7FD><B7FF>,Mimi-Queue,10,YES
0x0315E1,5640,,5,Charm,Charme,6,YES
0x0315E7,6007,,6,<B54F><B551><B553>,Brouillard,10,YES
0x03160A,5642,,4,Roar,Hurlement,9,YES
0x03160F,6009,,6,<B701><B703><B705>,Cyclone,7,YES
0x03163B,6010,,6,<B55B><B55D><B55F>,Poudre Toxik,12,YES
0x03176F,4870,,8,MaxEther,Huile Max,9,YES
0x0317B5,5537,,3,Map,Carte,5,YES
0x0317CF,5540,,10,S.S.Ticket,Passe Bateau,12,YES
0x0317E3,5542,,10,SilphScope,Scope Sylphe,12,YES
0x0317EE,5543,,9,Pok@Flute,Poké Flûte,10,YES
0x031A15,4880,,14,Catch  Pok@mon,Capturer Pokémon,16,YES
0x031A24,4881,,18,Catch  Pok@mon100%,Capture Pokémon100%,19,YES
0x031A5D,4884,,26,00000000000000Restore20 HP,00000000000000Restaure 20PV,27,YES
0x031ACE,4890,,13,Cures  Freeze,Guérit le  Gel,14,YES
0x031ADC,5548,,11,Cures  Burn,Guérit Brulr,12,YES
0x031AE8,4891,,22,00Heal   PKMN   Status,00Guérit Statut Pokémon,23,YES
0x031B54,4895,,18,Evolve ThunderPKMN,Évol. Pokémon Foudre,20,YES
0x031B67,4896,,18,Evolve Grass  PKMN,Évol. Pokémon Plante,20,YES
0x031B7A,4897,,18,Evolve Normal PKMN,Évol. Pokémon Normal,20,YES
0x031BA0,4899,,10,Town   Map,Carte Ville,11,YES
0x031BBC,5550,,13,Pok@monFossil,Fossile Pokémon,15,YES
0x031BE8,4902,,20,Lets   you seeGhosts,Permet de voir les fantômes,27,YES
0x031C36,5847,,4,Will,Clément,7,YES
0x031C3B,4939,,11,Jr.Trainer>,Dresseur JR>,12,YES
0x031C47,5552,,7,Juggler,Jongleur,8,YES
0x031C61,5553,,5,Twins,Jumelles,8,YES
0x031CA1,6087,,7,<0A><B0CA><B0E3><B1AE>,CS Force,8,YES
0x031CA9,6088,,7,<0A><B4BE><B0E4><B1AE>,CS Flash,8,YES
0x031E6A,4912,,4,Gary,Régis,5,YES
0x031E6F,4913,,5,Brock,Pierre,6,YES
0x031E75,4914,,5,Misty,Ondine,6,YES
0x031E7B,4915,,8,Lt.Surge,Major Bob,9,YES
0x031E97,4919,,6,Blaine,Auguste,7,YES
0x031EC2,4925,,13,Jesse & James,Jessie & James,14,YES
0x031EF3,5505,,7,Psychic,Kinésiste,9,YES
0x031EFB,5506,,4,Lass,Fillette,8,YES
0x031F26,5508,,9,Scientist,Scientifique,12,YES
0x031F30,5509,,5,Hiker,Montagnard,10,YES
0x031F7E,4932,,11,Jr.Trainer=,Dresseur JR=,12,YES
0x031FCE,5518,,11,Bird Keeper,Ornithologue,12,YES
0x031FDA,5519,,5,Biker,Motard,6,YES
0x031FF1,4937,,8,Prof.Oak,Prof.Chen,9,YES
0x032161,5851,,5,Skier,Skieuse,7,YES
0x03216F,6013,,10,<B76B><B76D><B76F><B771>  ,Plateau Indigo,14,YES
0x0321AF,4946,pokedex_13x4,45,It withdraws into its     shell when indanger,Il rentre dans sa carapace face au danger.,49,YES
0x032211,4948,pokedex_13x4,50,A very brutalPok@mon with powerful jetson its back,Ce Pokémon brutal a de puissants jets dorsaux.,52,YES
0x032275,4950,pokedex_13x4,45,It hides in  grass and    bushes to eatleaves,Il se cache dans l'herbe pour manger des feuilles.,52,YES
0x0322D3,4952,pokedex_13x4,45,It will oftenkick up sand to protect   itself,Il projette du sable pour se protéger lui-même,47,YES
0x03236A,4955,pokedex_13x4,46,Moves quietlyand eats the eggs of bird Pok@mon,Il mange les oeufs des Pokémon oiseaux.,47,YES
0x032399,4956,pokedex_13x4,46,The markings on its belly serve as a   warning,Ses motifs ventraux avertissent ses ennemis.,51,YES
0x0323C8,4957,pokedex_13x4,50,Its tail actsas a ground  to guard it  from shocks,Sa queue évacue les décharges dans le sol.,51,YES
0x032420,4959,pokedex_13x4,48,Its venomous barbs render this Pok@mon dangerous,Ses piquants venimeux le rendent dangereux.,49,YES
0x0324E0,4964,pokedex_13x4,49,"As it grows, its tails    split to formmore tails","En grandissant, ses queues se multiplient.",51,YES
0x032512,4966,pokedex_13x4,50,When angered it will infl-ate to an en-ormous size,Quand en colère il gonfle à une taille énorme,52,YES
0x032545,4967,pokedex_13x4,45,Lives in darkplaces. Uses sound waves  to see,Il vit dans le noir et voit avec des ultrasons.,49,YES
0x0325A7,4970,pokedex_13x4,44,It absorbs   energy from  the roots of trees,Il absorbe l'énergie des racines des arbres,45,YES
0x032609,4973,pokedex_13x4,45,A team of diglets that cantrigger earthquakes,Un groupe de Taupiqueur peut causer des séismes.,51,YES
0x03276A,4982,pokedex_13x4,45,It can throw punches that sends its foeflying,Ses poings projettent ses ennemis au loin.,47,YES
0x0328C2,4991,pokedex_13x4,44,"While 2 headssleep, one   head stays   awake",Quand 2 têtes dorment une tête reste éveillée,47,YES
0x032924,4993,pokedex_13x4,47,"Smells so aw-ful, it can  cause people to faint",Son odeur affreuse peut faire perdre connaissance.,52,YES
0x032A17,4998,pokedex_13x4,47,It'll self-  destruct withvery little  stimulus,Il peut exploser au moindre stimulus.,48,YES
0x032AAF,5002,pokedex_13x4,47,Its bones are1000 times   stronger thana humans,Ses os sont mille fois plus durs que les nôtres.,50,YES
0x032B47,5006,pokedex_13x4,45,Its identity is swathed byseaweed like vines.,Des lianes d'algues cachent son identité.,48,YES
0x032BA7,5008,pokedex_13x4,44,"If in danger,it will sprayink from its mouth","En danger, il projette de l'encre par la bouche.",49,YES
0x032D32,5018,pokedex_13x4,45,It may mutateif exposed toelemental    stones,Il peut muter au contact de pierres élémentaires.,52,YES
0x032D60,5019,pokedex_13x4,48,It's tail is often mist-  aken for a   mermaid's,Sa queue est souvent prise pour celle d'une sirène.,52,YES
0x032E93,5027,pokedex_13x4,48,Thought to bea myth till  it was recen-tly found,"Pris pour un mythe, il fut découvert récemment.",49,YES
0x032F5E,5032,pokedex_13x4,39,Rainbows are said to form when it flies,On dit qu'il crée des arcs-en-ciel en volant.,49,YES
0x032FD0,5036,pokedex_13x4,49,"According to myth,it crea-ted Earth's  continents","Selon le mythe, il créa les continents.",50,YES
0x033060,5432,,3,Cut,Coupe,5,YES
0x033095,6014,,10,<B707><B709><B70B>    ,Bourg Palette,13,YES
0x0330AB,6016,,10,<B715><B717><B719><B71B>  ,Forêt de Jade,13,YES
0x0330C1,717,,10,Mt.Moon   ,Mont Sélénite,13,YES
0x0330F8,6022,,9,<B741><B743><B745><B747> ,Céladopole,10,YES
0x033102,6023,,10,<B749><B74B><B74D><B74F><B751>,Carmin sur Mer,14,YES
0x033118,6025,,10,<B75B><B75D><B75F><B761>  ,Cramois'Île,11,YES
0x033123,6026,,10,<B763><B765><B767><B769>  ,Route Victoire,14,YES
0x0331EF,5303,dialogue_19_19,27,0Are you good enoughfor me?,Tu as dû en baver pour arriver jusqu'ici !,49,YES
0x03320B,5377,dialogue_19_19,24,I never wanted to  lose!,"À toi de jouer, maintenant.",30,YES
0x033224,5308,dialogue_19_19,19,I can see your good,"Toi aussi, tu viens défier la Ligue ?",36,YES
0x033238,5365,dialogue_19_19,26,"I concede, you're  better.",Tu pourrais devenir Champion !,29,YES
0x03326D,5397,dialogue_19_19,10,Well done!,J'étais prêt !,14,YES
0x033290,5382,dialogue_19_19,14,I got whipped.,Tu vises haut !,15,YES
0x03331B,6099,dialogue_19_19,121,"<0A><B0B6><B1EC>:<B1C2><B2BE><B0C2><B1D1><B0F0><B6C6><B1BE><B4A5><B0F8>,<B0DE><B5E0>!<B0CE><B3D4><B0C5><B0EE><B2DA><B0BC><B5F7><B5DC><B1D7><B1C8><BBD4><B0A1><B0A2><B3CE><B3CF>...<B0C5><B2BD><B0C2><B0C8><B2C5><B2C6><B1D1><B0F9><B2B2><B3EB><B1B4>!<B1C2><B0C8><B3A4><B5C0><B1D5><B0F8><B2AC>,<B0B9><B1C2><B6E0><B7C3><B0F8>!<B0FB><B1F9><B0F8>...","RÉGIS : Zut !\nJ'étais distrait.\nÀ ce niveau, jamais\ntu ne gagneras\nla Ligue.\nEntraîne-toi !\nJe trace. À plus !",132,YES
0x033395,6108,dialogue_19_19,39,<0A><B3DF><B3E0>:<B2AC>!<B0C5><B0C6><B0BC><B0BC><B9DB><B0C2><B3CE><B3CF><B3D1><B3D2>!<B2D8><B3DA><B3D4><B0BE>!,GARDE : Oh !\nTes Badges de Ligue\nsont authentiques !\nTu peux passer !,73,YES
0x0333FF,5320,dialogue_19_19,37,This is the final  test for trainers!,"Tu t'es bien battu, mais tu t'arrêtes ici !",43,YES
0x033425,5383,dialogue_19_19,16,I need to train.,Dire que j'ai perdu...,27,YES
0x03344F,5451,dialogue_19_19,13,Unbelievable!,"Finalement, non... Tu veux m'épouser ?",38,YES
0x03345D,5321,dialogue_19_19,33,I heard about a    young prodigy.,Pourquoi sont-ils\ntous si faibles ?,36,YES
0x03347F,5349,dialogue_19_19,31,You really beat    Team Rocket?,Je manque sûrement d'amour pour eux...,38,YES
0x03353B,3863,dialogue_19_19,71,"Here at the Pok@monLeague, you have toface the Elite Fourin succession.",Tu vas affronter\nles quatre membres\ndu Conseil des 4.\nVise la victoire !,75,YES
0x0336E4,3902,dialogue_19_19,48,My job is done! Go face your next     challenge!,J'ai perdu...\nBien joué !\nLa suite t'attend.,56,YES
0x033861,3935,dialogue_19_19,146,I heard about you Ilead the Elite FourI am Lance the dra-gon tamer! Dragon'spowers are superiorReady to lose? YourLeague challenge   ends with me!,"Moi, c'est PETER !\nJe dirige\nle Conseil des 4 !\nLes dragons sont\ndes êtres sacrés.\nDurs à capturer,\nils sont presque\ninvincibles !\nLe glas sonne...\nTu vas perdre !",186,YES
0x033CB1,4028,dialogue_19_19,62,"Ash,Lorelei was    looking for you,shewent to Cerulean   cave.",MAMAN : Étrange phénomène près d'Azuria. Olga enquête...,67,YES
0x033CF0,6114,dialogue_19_19,105,"00000000000<B3FC><B3FD>:<B1F5><B0C2><B9FA><B9FB>,<B1E1><B1AD><B4F7><B0BC><B2FC><BDAB><B0E9><B0EA><B0CE><B0B8><B0AD><B0DF><B2F5><B0B8><B3CE><B3CF><B0EF><B3DB><B2DE><B2C5><B1BF><B3FB><B0F2>...<B2FC><BDAB><B1B4><B1B5><B0C7><B4CF><B4D0><B4D1><BDF6><BDAA><BCEC><B3D6><B0C7><B0F8>...","ARBITRE :\nDésolé.\nOlga est absente,\nalors la Ligue\nsuspend les défis.\nElle enquête\nà Azuria...",125,YES
0x033D5B,5856,dialogue_19_19,11,MewTwo:....,MEWTWO : ...,12,YES
0x033FC5,6127,dialogue_19_19,57,"<0A><B2FC><BDAB>:<B0C5><B0DB><B3D5><B0C2><B2AF><B1E6><B2B5><B0C1>?...<B1B4><B0BE>,<B1C2><B3F1><B0F8><B2AB><B3FE><B0F9><B1D1><B0BA><B9EA><BAF1><B3DD><B3DE><B0BE>",OLGA : Tu es fort.\nZ'est bien.\nJ'ai perdu.\nPasse à la suite !,75,YES
0x0340C1,6146,dialogue_19_19,167,"<0A><BADE><B1DF>:<B1C2><B0C2><B7B2><B0AF><B1E1><B1AD><B4F7><BADE><B1DF>,<B1F1><B1E7><B1F5><B2D5><B2D6><B0BC><B1BE><B1C3><B1C4><B1C5><B0D0><B2C4><B5F2><B0C5>!<B1BE><B1C3><B1C4><B1C5><B0DF><B3DD><B0C2><B0D0><B2C4><B2C9><B0BC><B1DD><B2B5>!<B2F5><B0B8><B0FD><B0CE><B0A4><B0FC><B0F8>,<B0E4><B2BE><B0C2><B2B4><B0C0><B0C1><B0A1><B0A2><B2F1><B2F2><B0C2><B0CE><B0F1><B0BC>!<B0A1><B0A2><B0C2><B0C3><B1A8><B0FC><B0F2><B4B7><B0BC>!<B2CB><B1C2><B0FC><B7DB><B0C5><B1F5><B2BA><B0BC><B0F2><B4B7><B0BE>!",AGATHA :\nConseil des 4 !\nCHEN mise sur toi.\nCe vieux machin\nétait fort et beau.\nMais le Pokédex\nne suffit pas :\nles Pokémon\nservent au combat !\nMontre-moi\nce que tu vaux !,206,YES
0x034169,6159,dialogue_19_19,157,"<0A><BAF4><B6A6><BBCF>:<B0C5><B0C2><B0B6><B0B7>?<B1C2><B0C2><B6D9><B0AF><B1E1><B1AD><B4F7><BADE><B1DF><BAF4><B6A6><BBCF>,<B0C5><B6B9><B3B3><B2D7><B1A4><B6D9><B0C2><B6DD><BCB3><B6F2><B1E7><B0DC><B0BC><B1C9><B0C1>,<B3F7><B4A7><B2C0><B3A8><B6A3><B6D8><B0BC><B1B4><B1D2><B0C2><B1AD><B0F9><B6A7><B1D1>!<B1D1><BAFD><B0BC><B4AB><B4AC><B0E7><B6D9><B0AF><B0C2><B2B6><B1A8><B0BC>!<B1D9><B1DA><B0BE>,<B1C2><B1F9><B2CB><B0C5><BCBB><B1C7><BBD0><BBC0><B3EF><B8B9><B0BC>!","PETER :\nJe dirige\nle Conseil des 4 !\nLes dragons sont\ndes êtres sacrés.\nDurs à capturer,\nils sont presque\ninvincibles !\nLe glas sonne...\nTu vas perdre !",186,YES
0x034207,6171,dialogue_19_19,118,<0A><BAF4><B6A6><BBCF>:<B4A4><B2AA><B4A7><B3D4><B3A8><B0C5><B0BC><B4BF><B1AE><B1D1><B9D7>!<B0CE><B3D4><B0C3><B1D7><B2EA><B0EA><B1F5><B2BA><B0BC><B4A1><B4A2><B2AB><B6B9><B3B3><B3DE><B5BB><B4A1><B4A2><B0BC><B9EA><BAF1><B0CF><B6A2><B0BF><B4A8><B0BC><B2DE><B2C5><B2DF>!!<B1F0><B2B2><B0C5><B2BB><B1D1><B7D4><B0CF><B6A2><B1C2><B2EF><B1E1><B1AD><B4F7>!,"PETER : Bien joué !\nMais pour être\nle vrai Champion,\nbats le Dresseur\nqui nous a vaincus.\nIl t'attend\ndans la salle\nsuivante !",143,YES
0x03456E,6191,dialogue_19_19,117,"<0A><B1BE><B1C3><B1C4><B1C5>:<B0B6><B0B7>,<B0C5><B2A5><B3D4><BAB4><BBC8><B0BC><B0F2><B4B7>!<B1CE><B1FE><B6C9><B2EA><B0EA><B3CE><B3CF><B4A1><B4A2>!<B0B8><BDE7><B2F8><B2F9><B0F9><B0B6><B0B7><B0BC><B3B1><B9B1><B2A1><B0A1><B0A2><B0BC><B3B1><B9B1><B0BE>!<B0C9><B1C2><B1D1><B0E8><B2A3><B1BF><B0BE>,<B0C5><B1DB><B1DB><B1D1><B2B1><B3F7><B1D7><B0C5>","PROF. CHEN : Bravo,\nSacha !\nTe voilà Champion\nde la Ligue !\nNotons vos noms.\nPuis rentrons :\nta mère t'attend.",131,YES
0x0345E4,6200,dialogue_19_19,113,"<0A><B1DB><B1DB>:<B1C2><B1F1><B1E7><B0C5><B0C3><B0C7><B6CA><B8FD><B4D1><B0BC><B0A7><B0A8><BDE0><B4BF><B1D9><B2F4><B6C1><B3FB><B0F2><B3B1><B1C1><B2C2><B6A8><B8EE><B0BC><B2DE><B2C5><B2DF>!<B1F1><B1E7><B1F0><B0BC><B0A1><B0A2><BDFA><B6C9><B2BD><B2B6><B0AE><B1B6><B2B5><B0CF><B6A2><B3D4>,<B0C5><B8F9><B4B1><B0C3><B0B6><B0DD><B2AC>...","MAMAN : Kameiyu, chez Nanjing Tech à Céladopole, aurait des Pokémon invaincus. Tu vas le défier ? Prudence...",125,YES
0x0347A2,4110,dialogue_19_19,26,Please take care   of Mew!,KAMEIYU : Bravo ! Le Pokédex de Kanto est complet. Ce Mew est à toi !,68,YES
0x034862,4116,dialogue_19_19,16,Great job Champ!,"ARBITRE : Bravo,\nChampion !",29,YES
0x034873,4117,dialogue_19_19,19,Farewell traveller!,"KAMEIYU : D'accord, je m'avoue vaincu ! Content ?",47,YES
0x034887,4118,dialogue_19_19,45,00000000000000000000000000Take care of Eevee!,BEIBEI : Tu es vraiment formidable !,50,YES
0x0348B5,4119,dialogue_19_19,37,Your Pok@mon can   fly you anywhere. ,XIAO LI : Arrête !\nOu j'appelle\nla police !,49,YES
0x034927,4130,dialogue_19_19,6,<B2C1><B0DB><B3E6>,Rien obtenu.,12,YES
0x03492F,4131,dialogue_19_19,11,A Pok@ball!,Poké Ball reçue !,17,YES
0x03493B,4132,dialogue_19_19,13,A Great Ball!,Super Ball reçue !,18,YES
0x034949,4133,dialogue_19_19,9,UltraBall,Hyper Ball reçue !,18,YES
0x034953,6211,dialogue_19_19,10,<B2C1><B0DB><B1BE><B2DF><B0BD>,Master Ball reçue !,19,YES
0x03495F,4134,dialogue_19_19,9,A Potion!,Potion reçue !,14,YES
0x034969,5855,dialogue_19_19,9,S.Potion!,Super Potion\nreçue !,26,YES
0x034973,4135,dialogue_19_19,13,00A H.Potion!,Hyper Potion\nreçue !,26,YES
0x034981,6212,dialogue_19_19,14,00<B2C1><B0DB><B3F2><B1BE><B9C7><BBB9>,Potion Max reçue !,18,YES
0x034990,4136,dialogue_19_19,12,An Antidote!,Antidote reçu !,15,YES
0x0349B3,5448,dialogue_19_19,11,00Ice Heal!,Antigel reçu !,14,YES
0x0349BF,6213,dialogue_19_19,12,00<B2C1><B0DB><BAE7><B9C7><BBB9>,Anti-Brûle reçu !,17,YES
0x0349CC,4138,dialogue_19_19,13,0A Full Heal!,Total Soin reçu !,17,YES
0x0349DA,4139,dialogue_19_19,10,0A Revive!,Rappel reçu !,13,YES
0x0349E5,6214,dialogue_19_19,12,00<B2C1><B0DB>PP<B4C7><B4C8>,PP Plus reçu !,14,YES
0x0349F2,6215,dialogue_19_19,11,<0A><B2C1><B0DB>PP<B3F2><B1BE>,PP Max reçu !,13,YES
0x0349FF,4140,dialogue_19_19,13,A Rare Candy!,Super Bonbon reçu !,19,YES
0x034A0D,4141,dialogue_19_19,11,Fire Stone!,Pierre Feu reçue !,18,YES
0x034A19,4142,dialogue_19_19,11,Water Stone,Pierre Eau reçue !,18,YES
0x034A25,4143,dialogue_19_19,11,Thun.Stone!,Pierre Foudre\nreçue !,26,YES
0x034A31,4144,dialogue_19_19,11,Leaf Stone!,Pierre Plante\nreçue !,26,YES
0x034A3D,4145,dialogue_19_19,11,Moon Stone!,Pierre Lune reçue !,19,YES
0x034A49,6216,dialogue_19_19,8,<B2C1><B0DB><B2E0><B2E1>,Colis Chen reçu !,17,YES
0x034A52,6218,dialogue_19_19,13,<0A><B2C1><B0DB><B0A1><B0A2><B2F1><B2F2>,Pokédex reçu !,14,YES
0x034A60,6219,dialogue_19_19,9,<0A><B2C1><B0DB><B3BB><B2F1>,Carte reçue !,13,YES
0x034A6A,6220,dialogue_19_19,13,<0A><B2C1><B0DB><BADE><B1B2><B5AB><B1B2>,Nautile reçu !,14,YES
0x034A78,6222,dialogue_19_19,13,<0A><B2C1><B0DB><BADF><BBBE><B5AB><B1B2>,Fossile Dôme reçu !,19,YES
0x034A86,6223,dialogue_19_19,9,<0A><B2C1><B0DB><B6F6><B6F7>,Passe Bateau reçu !,19,YES
0x034A90,6224,dialogue_19_19,11,<0A><B2C1><B0DB><B8E9><B8EA><B5F7>,Eau Fraîche reçue !,19,YES
0x034A9C,6225,dialogue_19_19,13,<0A><B2C1><B0DB><B0A1><B0A2><B6EE><B8D1>,Scope Sylphe reçu !,19,YES
0x034AAA,6226,dialogue_19_19,11,<0A><B2C1><B0DB><B0A1><B0A2><B8DF>,Poké Flûte reçue !,18,YES
0x034AB6,6227,dialogue_19_19,9,<0A><B2C1><B0DB><B7BB><B9F9>,Dent d'Or reçue !,17,YES
0x034AC0,6228,dialogue_19_19,13,<0A><B2C1><B0DB><B1D6><B9ED><B6F6><B6F7>,Ticket Mystik\nreçu !,25,YES
0x034ACE,6229,dialogue_19_19,11,<0A><B2C1><B0DB><B1A9><B1AA><B1AB>,CS01 : Coupe !,14,YES
0x034ADA,6230,dialogue_19_19,11,<0A><B2C1><B0DB><B1AC><B1AD><B1AE>,CS02 : Vol !,12,YES
0x034C03,6231,dialogue_19_19,5,<B0D2><B0D3>!,Bienvenue !,11,YES
0x034C09,6232,dialogue_19_19,35,<0A><B0D2><B0D3>!<B0DB><B0A1><B0A2><B0DC><B0DD><B0DE><B0DF><B0E0><B0E1><B0A1><B0A2><B0BC><B0E2><B0E3>.,"Bienvenue !\nAu Centre Pokémon,\nnous soignons tous\nles Pokémon !",70,YES
0x034C2D,6238,dialogue_19_19,29,<0A><B7C5><B0BC><B0A1><B0A2><B1C0><B0A1><B6DD><B0F8>!!<B0D2><B0D3><B0E4><B0E5>!!,Merci !\nToute ton équipe\na la super pêche !\nÀ bientôt !,68,YES
0x034C4B,6244,dialogue_19_19,41,"<0A><B0E7><B0CE><B0E8>,<B0E9><B0EA><B0EB><B0EC><B0AD><B0ED><B0EE><B0BF><B0EF><B0F0><B0CE><B0EC><B0F1><B0E7><B0F2>...","Désolé, les combats\nne sont pas encore\ndisponibles ici...",56,YES
0x034C75,6249,dialogue_19_19,32,<0A><B0F3><B0F4><B0EB><B0F5><B0F6><B0F7><B0F8>...<B0F9><B0FA><B0FB><B0FC><B0FD><B0FD><B0BE>,La machine de Troc\nest aussi en panne.\nReviens plus tard.,56,YES
0x034C96,6254,dialogue_19_19,15,<0A><B0D2><B0D3>!<B0D4><B0D5><B0D6><B0D7>?,Salut !\nJe peux t'aider ?,36,YES
0x034CA6,6256,dialogue_19_19,11,<0A><B0D8><B0D8><B0D9><B0DA>!!,Merci !\nÀ bientôt !,30,YES
0x034D3A,5211,dialogue_19_19,17,jump   from them.,Un Pokémon choyé\ns'attachera à toi.,37,YES
0x034DE5,5240,dialogue_19_19,56,"This GYM is always closed, I wonder   who the Leader is?",Cette Arène Pokémon\nreste fermée.\nQui est donc\nle Champion ?,70,YES
0x034E1E,5367,dialogue_19_19,19,I like this museum.,Un os de dragon !\nJe l'ai trouvé !,35,YES
0x034E32,5368,dialogue_19_19,32,0My Dad loves       Pok@mon too.,Une Potion soigne les Pokémon épuisés.,46,YES
0x034E55,6257,dialogue_19_19,23,<0A><B0B6><B8BB><B6E5><B3F7><B0B6><B3A8><B3DD><B9F9><B3F7><B3ED><B3EE>,"Rattata est petit,\nmais ses crocs\nsont redoutables !",56,YES
0x034E6D,6262,dialogue_19_19,28,"<0A><B3CA><B3CB><B4D8><B4D9><B0C2><B1AD><B2AA><B0BC><B4D3><BDFE>,<B0B6><B0DD><B2AC>",La Forêt de Jade\nest un vrai\nlabyrinthe.\nSois prudent !,71,YES
0x034EB8,6267,dialogue_19_19,54,<B0AE><B0BC><B0A1><B0A2><B2BE><B0B8><B4D8><B4D9><B1CB><B9AB><B4FB><BDB8><B1C9><B4E0><B0C3><B2C1><B0DB><B2CC><B0C8><B0BC><B0A1><B0A2><B2AB><B0C3><B0C8><B7C3><B7C3>,Certains Pokémon\nvivent seulement\ndans les forêts\nou les grottes.\nExplore partout\npour les trouver !,113,YES
0x034EEF,6272,dialogue_19_19,40,"<0A><B1E7><B0E8><B1B2><B6DC><B8E9><B1F8><B3F7><B5AC><B0BC>,<B0A1><B0A2><B1A8><B4BE><B0E4><B1AE><B0EC><B0FD><B4C4><B0BE>","Cette grotte est\ntrès sombre.\nAvec Flash,\nun Pokémon peut\nl'éclairer.",87,YES
0x034F18,5385,dialogue_19_19,31,Poliwrath is my    best friend!,Ah... Ces machines\nsont captivantes...,38,YES
0x034F38,5256,dialogue_19_19,45,000000000000000Did you check out  the Museum?,Les Scouts d'ici\nsont forts.\nMais Pierre est\nredoutable !,69,YES
0x034F66,4206,dialogue_19_19,24,Welcome to Pewter  City.,Pas de Pokémon\nsauvage au jardin !,38,YES
0x034F7F,4216,dialogue_19_19,27,This road leads to Route 3.,"Ce Pokémon, je l'ai eu par échange.",34,YES
0x034F9B,4221,dialogue_19_19,33,I heard Team Rocketis at Mt.Moon!,Certains Pokémon\nn'obéissent pas...\nUn Badge aiderait !,57,YES
0x034FBD,4228,dialogue_19_19,16,Tickets are 50$.,L'enfant paie 50 $. Tu veux visiter ?,36,YES
0x034FCE,4233,dialogue_19_19,17,Enjoy your visit!,50 $ reçus. Merci !,19,YES
0x034FE0,6279,dialogue_19_19,6,<B0FB><B0FC><B2AC>,À bientôt !,11,YES
0x035035,4240,dialogue_19_19,18,See ya around kid!,Tu peux voyager\navec six Pokémon.,36,YES
0x035077,6280,dialogue_19_19,68,"000000<B6C6><B0CE><B8E7><B0F8>,<B0EE><B1BF><B2B5><B1B6><B5EF><B0F8>!<B0C2><B5A2><B5A3><B5A4><B5A5><B0BC>!<B1D8><B1A7><B0C2><B5EC><B4B0><B0F6><B0C6><B5A2><B5A3><B5A4><B2B6><B2B7><B2B8>!",Ces pauvres gens\nont été volés.\nL'odieuse\nTeam Rocket\nest derrière tout\nça. Même la police\na du mal à lutter !,133,YES
0x0350BD,4256,dialogue_19_19,24,Welcome to Ceruleancity!,"Toi aussi, tu as des Pokémon ? Entraîne-les bien !",57,YES
0x035106,4261,dialogue_19_19,27,I care for injured Pok@mon.,"Rouler à vélo, c'est un vrai plaisir !",47,YES
0x035122,6293,dialogue_19_19,22,0000<B1C2><B0BC><B2F3><B3A9><BCB2><B3F7><B9D3><B7EE><B2DD>,Mon vélo est magnifique !,31,YES
0x03513A,4266,dialogue_19_19,25,Why would they do  this!?,La Team Rocket fait\ncreuser les Pokémon\npour une raison...\nPas nette !,68,YES
0x0351AC,6303,dialogue_19_19,30,<0A><B1C2><B2CE><B0C2><B6A3><B6D8><B0CE><B1B4><B1C2><B0BC><B7FC><BEA7><B6AD><B1DF>...,Je n'arrive pas\nà bien élever\nmon Bulbizarre...,55,YES
0x0351CB,6312,dialogue_19_19,26,<0A><B2CB><B0A1><B0A2><B3DE><B5AB><B2F1><B2F2><B0DE><B0DF><B2FB><B2FC>...,Fais évoluer\ntes Pokémon :\nle Pokédex avance !,57,YES
0x0351E6,6317,dialogue_19_19,30,<0A><B1F1><B1E7><BDE3><BDE4><B2D6><B0A4><B2F5><B3D4><B8BD><B0A2><B0A1><B0A2><B1EB>...,Des Pokémon Spectre\nseraient apparus\nà Lavanville...,53,YES
0x03523F,5283,dialogue_19_19,57,I think they are   spirits of Pok@mon the Rockets killed.,Des spectres rôdent\nà la Tour Pokémon.\nCe sont sûrement\ndes Pokémon tués\npar la Team Rocket.,95,YES
0x035279,4276,dialogue_19_19,26,Do you believe in  Ghosts?,Tu crois vraiment\naux spectres ?,33,YES
0x035294,4280,dialogue_19_19,37,May the souls of   Pok@mon rest easy.,Jamais je ne pardonnerai à la Team Rocket d'avoir tué la mère d'Osselait !,88,YES
0x0352BA,4281,dialogue_19_19,19,Get out of the way!,La ville est\nen état de siège !,37,YES
0x0352CE,6322,dialogue_19_19,21,0<B0A1><B0A2><B8BE><B0AE><B3F7><B0C8><B8BD><B0A2><B1A9><B1C6>,La Tour Pokémon\nabrite beaucoup\nde Spectres.,50,YES
0x035335,6337,dialogue_19_19,31,<0A><B8B8><B1F8><B2CE><B2B5><B0DE><B0DF><B8BF><B8C0><B0DE><B8BB><B0DE><B8BB><B0BC><B0A2><B8C6>,M. Fuji peut\napaiser l'âme\nd'Osselait.,49,YES
0x035355,4282,dialogue_19_19,26,Silph Co. is very  famous.,La Team Rocket...\nQuels sales types !,38,YES
0x035370,4283,dialogue_19_19,38,The Rockets just   came and took over!,Tu vas défier la Team Rocket ? Bravo !,45,YES
0x035397,4284,dialogue_19_19,29,There's two gyms inthis city.,J'ai vu le chef de la Team Rocket entrer ici...,51,YES
0x0353B5,4293,dialogue_19_19,30,That group needs tobe stopped.,Je t'admire !\nJe suis avec toi !,37,YES
0x0353D4,4301,dialogue_19_19,27,I lost my money    betting!,J'ai vu ton combat. T'es très fort !,35,YES
0x0353F0,4302,dialogue_19_19,66,They must have     targeted Silph Co. for their Pok@mon  products.,"Kameiyu, de Nanjing Tech, aurait des Pokémon légendaires...",71,YES
0x035433,4307,dialogue_19_19,57,00Welcome! You can   exchange coins for prizes next door.,Bienvenue !\nÉchange tes jetons\ncontre un prix.\nSans Boîte Jeton...,76,YES
0x03546D,4323,dialogue_19_19,24,I'm having a great time!,J'adore jouer !\nLe temps file...,35,YES
0x0354AB,6342,dialogue_19_19,53,"<B7C5><B0DE><B0DF><B1A8><B3F5><B2C1><B0BC><B4B6><BDBB><BEB2><B0F4><B0A3><B0A1><B0A2><B2DD>...<B0CE><B3A9>,<B0C5><B2B6><B0AE><B4B6><BDBB><BEB2>...","Échange tes jetons\ncontre des Pokémon.\nSans Boîte Jeton,\nimpossible !",69,YES
0x035500,4342,dialogue_19_19,27,My Pok@mon keep me company.,"Quand mes Pokémon faiblissent, j'achète des soins.",57,YES
0x03551C,4343,dialogue_19_19,28,I got my Koffing inCinnabar!,Tiens... Il y aurait un sous-sol sous le Casino.,53,YES
0x035556,4352,dialogue_19_19,19,00Thanks again kid!,Encore une victoire\naujourd'hui...\nHa ha !,45,YES
0x03556A,4357,dialogue_19_19,29,We're careful aboutpollution!,Je bâtissais ici quand des Pokémon m'ont attaqué !,53,YES
0x035588,4362,dialogue_19_19,19,Have you met Bill? ,"Selon la rumeur,\nle Conseil des 4\ndu Plateau Indigo\nest redoutable.",72,YES
0x03559C,4372,dialogue_19_19,26,00I just adore my    Seel!,Le Président\nn'en finit plus\nquand il parle\nde Pokémon...,70,YES
0x0355B7,4377,dialogue_19_19,37,Hmph! My Pikachu isbetter than yours!,Tadmorv vient\nde la boue marine.\nTu le savais ?,52,YES
0x035638,4400,dialogue_19_19,38,You should raise   your Pok@mon evenly,Un Pokémon légendaire serait au Parc Safari...,55,YES
0x035685,4409,dialogue_19_19,36,I couldn't under-  stand the warden.,Combien d'espèces\nde Pokémon vivent\ndans ce monde ?,53,YES
0x0356CF,4420,dialogue_19_19,34,00The Safari Zone hasrare Pok@mon.,Le vieux maître du dojo est redoutable !,50,YES
0x0356F2,4421,dialogue_19_19,44,Scientists conduct experiments in thathouse.,Surpris ? Cela fait des années qu'on vit ici !,47,YES
0x03571F,4430,dialogue_19_19,19,Blaine's an odd man,"Aujourd'hui,\nje suis à plat...\nTrop fatigué...",53,YES
0x035780,4454,dialogue_19_19,34,Eevee can evolve to1 of 3 Pok@mon.,Mon fossile revit !\nDu Mont Sélénite !,37,YES
0x0357A3,4469,dialogue_19_19,35,People bring us Pok@mon to examine.,La technologie\na fait des progrès\nincroyables !,51,YES
0x0357C7,4474,dialogue_19_19,23,Dr.Fuji founded ourlab.,Évoli aurait plus\nde trois formes\nd'évolution...,52,YES
0x0357DF,4485,dialogue_19_19,38,Let me know if you find another fossil,"Salut, futur Champion... Bonne chance !",46,YES
0x035806,4488,dialogue_19_19,29,Victory Road sure  was tough!,Le Conseil des 4\nest redoutable.\nSois prudent...,53,YES
0x035824,4495,dialogue_19_19,40,00000000000This is the final  challenge!,Le type Dragon est\nredoutable.\nSes points faibles\nsont très rares.,73,YES
0x035874,4515,dialogue_19_19,31,0000Bill has lots of   Pok@mon!,Mon grand-père\nvoudrait échanger\ndes Pokémon.,50,YES
0x0358AD,4520,dialogue_19_19,15,Hit the button!,Un interrupteur s'est activé !,33,YES
0x0358BD,4525,dialogue_19_19,20,0Go ahead and choose,"Ce beau fossile,\ntu n'en veux pas ?!",38,YES
0x0358D2,6349,dialogue_19_19,34,"00<B1A7><B1A8><B0CA><B0CB><B0BC><B2B5><B0CE><B8CF>,<BCC6><B3F6><B2AB><B0AE><B1B4><B0AE><B0F7>!","Selon le Dresseur, les Pokémon servent le bien ou le mal !",57,YES
0x0358F6,4535,dialogue_19_19,36,No! Super Potions  are all sold out!,Certains exploitent\nleurs Pokémon.\nLes pires ?\nLa Team Rocket !,73,YES
0x03591B,4541,dialogue_19_19,29,This shop has many Antidotes.,Tout est trop cher.\nPersonne ne réagit.,38,YES
0x0359A3,4572,dialogue_19_19,19,Got Navel Rock Pass,Ticket Mystik\nreçu !,25,YES
0x0359B7,6356,dialogue_19_19,38,0000<B0CE><B2D7><B2AF><B1E6><B0F0><B7CD><B1FB><B1FC><B0BF><B1F9><B5B4><B2AA><BEBD><B0A4><B0A1><B0A2><B1EB>,"Un Pokémon surgit\nparfois des herbes,\nsans prévenir.",52,YES
0x0359DE,6361,dialogue_19_19,35,<0A><B0DB><B1BE><B3BA><B4D1><B0BF><B0C7><B1F9><B4BA><B0D1><B3F7><B0C8><B8EE><BEBE><B0BC><B2DE><B2C5><B2DF>,"Dans les grandes\nvilles, tu verras\nd'excellents\nDresseurs.",67,YES
0x035A02,6366,dialogue_19_19,36,"<0A><B0C5><B0C7><B3D4><B7BB><BAC2><B4D1><B0D7>,<B1F1><B1E7><B0B9><B0BF><B0AE><B3F7><B8AF><B0BC><B1BE><BEB4>",Tu es déjà allé\nà Safrania ?\nSes immeubles\nseraient immenses !,76,YES
0x035A27,6371,dialogue_19_19,55,"<0A><B1C2><B0F6><B1D7><B6A9><B0AE><B6F2><B1E7><B0DC><B0BC><B0A1><B0A2>,<B0DE><B0C2><B0DB><B3D5><B4C2><B7D0><B1F2><B0AE><B6F2><B1E7><B0DC><B0BC><B0A1><B0A2><B1EB>?",J'aimerais avoir\nun Pokémon\nlégendaire...\nOù en trouver ?,72,YES
0x035A9F,6385,dialogue_19_19,42,<0A><B0AE><B1AC><B3A9><B0AF><B0BC><B0A1><B0A2><B2AB><B0EC><B8DD><B1C2><B1AC><B3B7><B5CD><B1E2><B0BC><B3BA><B4D1><B0F8>...,"Grâce à Vol,\nun Pokémon t'emmène\nau loin.",46,YES
0x035ACA,6390,dialogue_19_19,15,<0A><B6C9><B1AD><B0C2><B0BA><B1B4><B1AD><B4AA>,Il fait beau\naujourd'hui !,32,YES
0x035ADA,6395,dialogue_19_19,29,"<0A><B0DD><B7AB><B0CE><B2DC>,<B5EF><B5EF><B2E6><B2E7><B0C5><B1C2><BEBF><B5DD><B0F8>!",Je suis ravie !\nEntre nous...\nje suis amoureuse !,57,YES
0x035AF8,6402,dialogue_19_19,44,"<0A><B1BE><B6FC><B3F7><B5B6><B5B7><B2AC>,<B1FE><B3F6><B1F9><B1AF><B1B0><B1AE><B0BC><B1EF><B2AB><B0EC><BEC0><BEC1><B1BE><B6FC><B0F8>","La mer est immense.\nAvec Surf,\ntraverse-la !",51,YES
0x035B25,6407,dialogue_19_19,50,<0A><B0C5><B1F1><B3D4><B0D7>?<B0B8><B6E1><B6E2><B4D1><B1E5><B0BC><B6E4><B6E5><B4B2><B6E6><B1E5><B1C0><B0C2><B0AE><B0FE><B0BC><B2DE><B2C5><B2DF><B1EB>,"Tu connais\nl'Océane,\nà Carmin sur Mer ?\nCe paquebot de luxe\naccueille de riches\nDresseurs.",105,YES
0x035B58,6412,dialogue_19_19,35,<0A><B0B8><B6CF><B2CD><B6DC><B1E5><B0BC><B2BC><B1E5><B9E3><BEC2><B1F9><B0AE><B6D3><B6D3><B0A4><B2F5><B1EB>,"La nuit,\non peut parfois\nvoir des Mélofée\nau Mont Sélénite.",74,YES
0x035B7C,6422,dialogue_19_19,46,<0A><B7B5><B1B2><B1BE><B7B6><B0C5><B2D7><B1A4><B0D7>?<B1C2><B3EA><B8B6><B0F0><B2AB><B0C2><B0B8><B7B5><B1B2><B1BE><B7B6><B4CE><B3A9><B1EB>,Tu connais Hoenn ?\nJe m'y entraînais\ndans ma jeunesse.,55,YES
0x035BAB,6431,dialogue_19_19,35,<0A><B0B8><B0A1><B0A2><B0E2><B0E3><BCDD><B0F9><B0BC><B0F0><B7CD><B0C3><B1F3><B1F4><B1A7><B1A8><B9C7><BBB9>,"Quand un Pokémon\na peu de PV,\nutilise vite\nune Potion !",69,YES
0x035BCF,6436,dialogue_19_19,34,"<0A><B1C2><B0CE><B5E6><B5E5><B2D0><B1E6><B6CC><B0DA><B0A1><B0A2>,<B0C3><B2FC><B1F4><B4C3><B2C6><B1EB>",Je ne sais pas\nbien m'occuper\ndes Pokémon.\nIl me reste tant\nà apprendre !,89,YES
0x035BF2,4573,dialogue_19_19,24,I can't enter the  city!,Mes Pokémon\nn'obéissent pas...\nUn Badge aiderait !,57,YES
0x035C0B,6447,dialogue_19_19,59,00000000000000000<B0B8><B0EE><B0BA><B3BB><B7B8><B3F2><B2C9><B0BC><B2DE><B2C5><B2DF><B0C2><B1B2><B7FE><B8AF><B4EF><B0BC><B1E1><B1BE><B1AD><B4F7>,Le Conseil des 4\nréunit l'élite\ndes Dresseurs\nde la région.\nIl siège\nau Plateau Indigo.,113,YES
0x035C48,4584,dialogue_19_19,30,Do you want to see my Pok@mon?,J'aimerais avoir un Pokémon aussi obéissant !,49,YES
0x035C67,6461,dialogue_19_19,31,00000000000<B1C2><B1D7><B3C1><B5F7>...<B5F1><B0C4><B1C2><B5F7>?,J'ai soif...\nQui a de l'eau\npour moi ?,48,YES
0x035C87,6470,dialogue_19_19,21,<0A><B2CA><B0B2>!<B1C1><B0C5><B2CA><B0B2><B0C5><B2BD><B0B2>?,Ne bouge pas !\nJe l'ai déjà dit...\nTu bouges encore ?!,57,YES
0x035C9D,6481,dialogue_19_19,35,<0A><B0FD><B0C5><B0BC><B2DA><B1DF><B1D1><B2B1><B0C2><B0BA><B0F8><B0CE><B0E8><B0BC><B2DE><B2C5><B2DF><B0BE>,"À te voir,\ntu dois être\nun sacré Dresseur !",57,YES
0x035D0E,4601,dialogue_19_19,32,Ash's Pok@mon are  fully healed!,Je sens une force mystérieuse...,33,YES
0x035D2F,4602,dialogue_19_19,18,The door's locked!,Une serrure\ncodée...,27,YES
0x035D42,4612,dialogue_19_19,17,Found Key to Gym!,Mot de passe obtenu !,27,YES
0x035D54,4613,dialogue_19_19,16,Opened the door!,Un mécanisme vient de s'activer...,34,YES
0x035D65,4614,dialogue_19_19,53,000000000000000000000You don't have all Eight Badges.,"Il te manque\nquelques Badges.\nObtiens-les tous,\npuis reviens !",71,YES
0x035DAC,4620,dialogue_19_19,18,0Not enough money.,"Désolé, tu n'as pas\nassez d'argent !",35,YES
0x035F34,4629,,8,Pok@ball,Poké Ball,9,YES
0x035FCD,5454,,9,Bulbasaur,Bulbizarre,10,YES
0x035FD7,5455,,7,Ivysaur,Herbizarre,10,YES
0x035FDF,5456,,8,Venusaur,Florizarre,10,YES
0x03602E,5657,,7,Metapod,Chrysacier,10,YES
0x036041,5658,,6,Weedle,Aspicot,7,YES
0x036048,5659,,6,Kakuna,Coconfort,9,YES
0x03604F,5660,,8,Beedrill,Dardargnan,10,YES
0x036058,5661,,6,Pidgey,Roucool,7,YES
0x036069,5663,,7,Pidgeot,Roucarnage,10,YES
0x036082,5665,,7,Spearow,Piafabec,8,YES
0x03608A,5666,,6,Fearow,Rapasdepic,10,YES
0x0360B6,5164,,9,Sandslash,Sablaireau,10,YES
0x036102,5670,,8,Clefable,Mélodelfe,9,YES
0x036132,5675,,5,Zubat,Nosferapti,10,YES
0x036138,5676,,6,Golbat,Nosferalto,10,YES
0x03613F,5677,,6,Oddish,Mystherbe,9,YES
0x036146,5678,,5,Gloom,Ortide,6,YES
0x036165,5680,,7,Venonat,Mimitoss,8,YES
0x036176,5682,,7,Diglett,Taupiqueur,10,YES
0x03617E,5683,,7,Dugtrio,Triopikeur,10,YES
0x036186,5684,,6,Meowth,Miaouss,7,YES
0x036195,5685,,7,Psyduck,Psykokwak,9,YES
0x03619D,5686,,7,Golduck,Akwakwak,8,YES
0x0361A5,5687,,6,Mankey,Férosinge,9,YES
0x0361AC,5688,,8,Primeape,Colossinge,10,YES
0x036201,5693,,7,Machoke,Machopeur,9,YES
0x036209,5694,,7,Machamp,Mackogneur,10,YES
0x036247,5698,,7,Geodude,Racaillou,9,YES
0x03624F,5699,,8,Graveler,Gravalanch,10,YES
0x036258,5700,,5,Golem,Grolem,6,YES
0x036277,5702,,7,Slowbro,Flagadoss,9,YES
0x0362AA,5704,,4,Seel,Otaria,6,YES
0x0362AF,5705,,7,Dewgong,Lamantine,9,YES
0x0362B7,5706,,6,Grimer,Tadmorv,7,YES
0x0362BE,5707,,3,Muk,Grotadmorv,10,YES
0x0362CB,5709,,8,Cloyster,Crustabri,9,YES
0x0362D4,5710,,6,Gastly,Fantominus,10,YES
0x0362DB,5711,,7,Haunter,Spectrum,8,YES
0x0362E3,5712,,6,Gengar,Ectoplasma,10,YES
0x0362EF,5713,,7,Drowzee,Soporifik,9,YES
0x0362F7,5714,,5,Hypno,Hypnomade,9,YES
0x036304,5715,,7,Kingler,Krabboss,8,YES
0x03630C,5716,,7,Voltorb,Voltorbe,8,YES
0x036332,5719,,6,Cubone,Osselait,8,YES
0x036339,5720,,7,Marowak,Ossatueur,9,YES
0x036356,5723,,9,Lickitung,Excelangue,10,YES
0x036370,5726,,7,Rhyhorn,Rhinocorne,10,YES
0x036378,5727,,6,Rhydon,Rhinoféros,10,YES
0x03637F,5728,,7,Chansey,Leveinard,9,YES
0x036387,5729,,7,Tangela,Saquedeneu,10,YES
0x03639A,5731,,6,Horsea,Hypotrempe,10,YES
0x0363A1,5732,,6,Seadra,Hypocéan,8,YES
0x0363A8,5733,,7,Goldeen,Poissirène,10,YES
0x0363B0,5734,,7,Seaking,Poissoroy,9,YES
0x0363CF,5170,,7,Scyther,Insécateur,10,YES
0x0363D7,5738,,4,Jynx,Lippoutou,9,YES
0x0363ED,5740,,6,Pinsir,Scarabrute,10,YES
0x0363FB,5741,,8,Magikarp,Magicarpe,9,YES
0x03640D,5743,,6,Lapras,Lokhlass,8,YES
0x036414,5744,,5,Ditto,Métamorph,9,YES
0x036449,5749,,7,Omastar,Amonistar,9,YES
0x036474,5752,,8,Articuno,Artikodin,9,YES
0x03647D,5753,,6,Zapdos,Électhor,8,YES
0x03648C,5755,,7,Dratini,Minidraco,9,YES
0x03649E,5757,,9,Dragonite,Dracolosse,10,YES
0x03651B,4640,,12,Fell asleep!,S'est endormi!,14,YES
0x036665,4676,dialogue_19_19,66,Oh good! You and   your Pok@mon are   looking great! Takecare now!,"Ah, bien !\nTon équipe et toi\navez la forme !\nSois prudent !",71,YES
0x036837,4754,dialogue_19_19,27,Our Chairman loves Pok@mon!,Ton Pikachu est adorable !,29,YES
0x0368BC,4761,dialogue_19_19,52,Diglets dug this   cave that goes to  Viridian City.,Les Taupiqueur\nont creusé\njusqu'à Argenta !,55,YES
0x03692B,4775,dialogue_19_19,36,It never hurts to  have extra items!,"Tous les jours,\non étudie ici\nles Pokémon.",50,YES
0x036A79,5050,pokedex_13x4,47,It may stick out its stin-ger to poisonan enemy,Il sort son dard pour empoisonner ses ennemis.,51,YES
0x036AA9,5052,pokedex_13x4,43,It constantlyflies around in search of prey,Il vole sans cesse à la recherche de proies,45,YES
0x036BA6,5060,pokedex_13x4,44,"If its claws break,they'llgrow back in a day",Ses griffes cassées repoussent en un jour.,47,YES
0x036BD3,5062,pokedex_13x4,50,This Pok@mon prefers phys-ical attacks like biting,Il préfère les attaques au contact et les morsures.,52,YES
0x036C3A,5065,pokedex_13x4,48,"If it senses danger,it'll attack using its horns",S'il sent le danger il attaque avec ses cornes,49,YES
0x036D6B,5071,pokedex_13x4,43,It oozes nec-tar from its mouth to lureprey,Il suinte du nectar pour attirer ses proies.,46,YES
0x036F64,5087,pokedex_13x4,47,A strong swi-mmer that canbeat championswimmers,Ce puissant nageur bat même les champions.,49,YES
0x037130,5100,pokedex_13x4,47,Its hooves   are 10 times harder than  diamonds,Ses sabots sont 10 fois plus durs que les diamants,51,YES
0x0371C3,5103,pokedex_13x4,47,They appear  frequently   when sunspotsflare up,Les taches solaires le font apparaître.,50,YES
0x037259,5108,pokedex_13x4,45,Thrives by   sucking up   polluted     sludge,Il prospère en aspirant les boues polluées,47,YES
0x0372BA,5111,pokedex_13x4,48,"For protect- ion,it shootsspikes from  its shell",Il tire des pics de sa coquille pour se défendre.,51,YES
0x037385,5116,pokedex_13x4,48,"Its claw has up to 10,000 lbs of crush-ing power","Sa pince broie avec une force de 4,5 tonnes.",50,YES
0x0373B6,5117,pokedex_13x4,47,Stores elect-ric energy   within its   own body,Il stocke de l'électricité dans son propre corps,51,YES
0x03741A,5119,pokedex_13x4,48,It skillfullyweilds its   bone like a  boomerang,Il manie habilement son os comme un boomerang.,52,YES
0x03744B,5121,pokedex_13x4,48,This Pok@mon destroys its opponents w/ its kicks,Ses coups de pied terrassent ses rivaux.,50,YES
0x0374B0,5123,pokedex_13x4,48,Its tongue is7 ft. long   and can causeparalysis,Sa langue de 2m de long peut causer la paralysie,51,YES
0x037516,5125,pokedex_13x4,47,It grows by  absorbing gasdust and alsobacteria,"Gaz, poussière et bactéries le font grandir.",52,YES
0x037618,5133,pokedex_13x4,45,"Born in a volcano,its bodyis covered inflames","Né au volcan, son corps est couvert de flammes.",47,YES
0x037646,5134,pokedex_13x4,46,It uses its  large pinsersto crush its enemies,Ses grandes pinces écrasent ses ennemis.,47,YES
0x037675,5135,pokedex_13x4,49,Horribly weakand unrelia- ble. Is foundeverywhere,"Très faible et peu fiable, il vit partout.",51,YES
0x03773F,5141,pokedex_13x4,49,A programmed Pok@mon that can move in  cyberspace,"Programmé, il voyage dans le cyberespace.",51,YES
0x03780A,5145,pokedex_13x4,45,Mystical birdsaid to app- ear during   storms,Oiseau mystique qui apparaît dans les tempêtes.,52,YES
0x0378C9,5150,pokedex_13x4,44,Volcanos are said to eruptwhen Entei   barks,Son cri ferait entrer les volcans en éruption.,51,YES
0x037994,4151,dialogue_19_19,188,"No! After all that work to become     champ, it's over   already? Why did I lose? I never made mistakes raising myPok@mon!...Darn it!You're the league  champ, although I  hate to admit it.","RÉGIS :\nQuoi ? Déjà fini ?\nJ'ai tout donné,\nmais j'ai perdu...\nTant d'efforts...\nEt je perds ?\nMon entraînement\nétait parfait !\nBon... Tu es\nle Champion.\nJ'ai du mal\nà l'admettre...",224,YES
0x037BEF,4190,dialogue_19_19,56,"The cave is pitch  black, a Pok@mon   could light it up.","Cette grotte est\ntrès sombre.\nAvec Flash,\nun Pokémon peut\nl'éclairer.",87,YES
0x03805C,6490,dialogue_19_19,17,<0A><B0A7><B0A8><B0A9><B0AA><B0AB><B0AC><B0AD><B0AE>,NANJING TECH. TOUS DROITS RÉSERVÉS.,35,YES
0x03806F,4792,dialogue_19_19,16,Turned on the PC,Le PC s'allume...,17,YES
0x038092,4794,dialogue_19_19,19,"Go ahead,it's yours",PROF. CHEN :\nCette Poké Ball\nabrite un Pokémon.\nIl est pour toi !,74,YES
0x0380A6,4800,dialogue_19_19,30,"Ash,take good care of Pikachu.",PROF. CHEN :\nRapproche-toi\nde tes Pokémon.,53,YES
0x0380C5,4811,dialogue_19_19,23,Hello! May I help  you?,Salut !\nJe peux t'aider ?,36,YES
0x0380DD,6492,dialogue_19_19,15,0000<B0CE><B0CF><B0CE><B0D0><B0D1>!,Un combat suffit :\nnous voilà amis !,36,YES
0x0380EE,4815,dialogue_19_19,14,"Good job, kid!",MAJOR BOB : Battu ! Prends le Badge Foudre et ceci !,54,YES
0x038122,1665,dialogue_19_19,13,Got Squirtle!,Carapuce reçu !,15,YES
0x038149,4826,dialogue_19_19,36,"Sorry, the Trading Center is closed.","Désolé, impossible de combattre ici pour le moment...",55,YES
0x038173,4827,dialogue_19_19,32,"Sorry, the Cable   Club's closed",Même la machine\nd'échange est\nen panne...\nReviens plus tard.,75,YES
0x0381A5,6502,dialogue_19_19,8,0<B0FE><B0CE><B0F1>!,Pas assez d'argent !,29,YES
0x0381D2,4832,dialogue_19_19,13,0Used HM CUT!,Sacha utilise\nCoupe !,26,YES
0x0381F6,6509,dialogue_19_19,17,<0A><B0B6><B0B7><B1A7><B1A8><B0F8><B1AF><B1B0><B1AE>,Sacha utilise Surf !,25,YES
0x038208,6515,dialogue_19_19,17,<0A><B0B6><B0B7><B1A7><B1A8><B0F8><B0CA><B0E3><B1AE>,Sacha utilise Force !,26,YES
0x03821A,6521,dialogue_19_19,21,<0A><B0EE><B1B1><B1B2><B1B3><B1B4><B1B5><B0EC><B1B6><B1B7><B0B2>,On peut sans doute\npousser ce rocher.,37,YES
0x038230,4836,dialogue_19_19,23,This tree can be   cut!,Cet arbre peut être\ncoupé !,26,YES
0x038445,313,dialogue_19_19,177," <B0C5><B1B4>!<B0D2><B0D3><B0C5><B0E4><B0E5><B0C0><B0C1><B0A1><B0A2><B0BC><B1BC><B1BD>!<B1BE><B1BF><B1C0><B1C1><B1C2><B1BE><B1C3><B1C4><B1C5>,<B0B8><B0EE><B1BC><B1BD><B1C6><B1C7><B1B6><B1C8><B0EA><B0C0><B0C1><B0A1><B0A2><B0BC><B1C9><B0C1>!<B0EE><B1C9><B0C1><B1B6><B1CA><B0EA><B0C0><B0C1>,<B1CB><B1A7><B1A8><B1CC><B0E7><B0F2><B1CD><B1CD>.<B1CE><B1C2><B0C2><B1CF><B1D0><B0EE><B0C0><B0C1><B0A1><B0A2><B0BC>!<B0B6><B0B7>,<B1D1><B0BA><B1D2><B1D3><B1CC><B0C5><B0BC><B1D4><B1D5>,<B1D6><B1D7><B1D8><B1D2><B1D9><B1DA>!","PROF. CHEN :\nBien le bonjour !\nBienvenue !\nVoici le monde\nmagique\ndes Pokémon !\nMon nom est Chen,\nle Prof Pokémon !\nDes Pokémon\nvivent partout.\nCertains sont\nnos compagnons.\nD'autres les font\ncombattre.\nMoi, je les étudie.\nSacha !\nTa quête commence !\nRêves et aventures\nt'attendent !",355,YES
0x0384F8,319,dialogue_19_19,32,YO ASH! Gramps     isn't around!,"RÉGIS : Hé, Sacha !\nPépé n'est pas là !\nPour un Pokémon,\nj'ai rappliqué !",73,YES
0x0385D6,343,dialogue_19_19,28,Hey! Gramps! What  about me?,RÉGIS : Pépé ! C'est pas juste ! Et moi ?,46,YES
0x0385F3,349,dialogue_19_19,44,"Be patient Gary,   I'll give you one  later.","PROF. CHEN :\nPatience, Régis.\nTu l'auras bientôt.",57,YES
0x038620,355,dialogue_19_19,46,"Humph! I'll get a  better Pok@mon thanyou,Ash!",RÉGIS : Pff ! J'aurai un meilleur Pokémon que toi !,55,YES
0x03864F,360,dialogue_19_19,32,No way Ash! I want this Pok@mon!,RÉGIS : Non !\nIl est à moi !,33,YES
0x038670,365,dialogue_19_19,25,Gary! What are you doing?,PROF. CHEN :\nRégis !\nQue fais-tu ?,51,YES
0x03868A,370,dialogue_19_19,23,"Gramps,I want this one!","RÉGIS :\nPépé, je le veux !",37,YES
0x038715,382,dialogue_19_19,46,"Oak:Ash, this is a Pok@mon I caught   earlier.",PROF. CHEN :\nJe l'ai capturé.\nIl craint encore\nles humains.,69,YES
0x0387A0,410,dialogue_19_19,82,Okay! I'll make my Pok@mon fight to   toughen it up! Ash!Gramps! Smell you  later!,"RÉGIS : Ton Pokémon est fort ! Je vais entraîner le mien ailleurs. À plus, Sacha ! Salut, Papy !",101,YES
0x038862,6529,dialogue_19_19,29,"00000<B2CE><B1EE><B1EE>:<B0C5><B1CD><B1CD>,<B1F1><B1F1><B1C2><B0BC><B1EF>",Attends un peu. Écoute-moi.,30,YES
0x038880,6532,dialogue_19_19,15,<0A><B2CE><B1EE><B1EE>:<B0C5><B2BD><B0C7>?,Tu veux quand même\ny aller ?,28,YES
0x0388BD,1584,dialogue_19_19,32,"00000Oh,Ash! How is     Pikachu?",PROF. CHEN : Pikachu t'apprécie. Tu feras un bon Dresseur !,67,YES
0x038916,1593,dialogue_19_19,46,Ah! This is the    custom Pok@ball I  ordered!,Sacha remet\nle Colis Chen\nau Prof. Chen !,53,YES
0x038945,424,dialogue_19_19,10,Thank you!,CHEN : Ma Poké Ball spéciale ! Merci. J'ai une mission.,55,YES
0x038950,426,dialogue_19_19,42,Gary:Gramps! What  did you call me    for?,RÉGIS : Papy !\nMon Pokémon a\ngrandi ! Regarde !,56,YES
0x03898D,440,dialogue_19_19,38,Gary:Okay Gramps!  Leave it all to me!,PROF. CHEN :\nMon rêve : finir\nle Pokédex complet.\nJe suis trop vieux.\nPrenez le relais !,94,YES
0x038A46,476,dialogue_19_19,71,"Gary's Sis:Grandpa asked you to run anerrand? Here,this  will help you!","SŒUR DE RÉGIS :\nPépé t'envoie\nen course ?\nTiens, ça t'aidera.",76,YES
0x038AA1,484,dialogue_19_19,76,"Old man:Ahhh! I'm  feeling much betternow! Hm? Oh! Sure, you can go through!","Quel mal de tête...\nJe te bloquais ?\nPour le Pokédex,\nachète\ndes Poké Balls !",92,YES
0x038AEE,502,dialogue_19_19,20,00000000It's locked!,L'Arène est fermée à clé.,25,YES
0x038C50,524,dialogue_19_19,27,Hey! You have a    Pikachu!,"Tu vises le titre ?\nAlors, bats-moi !",36,YES
0x038CA8,543,dialogue_19_19,29,"Hey,wait up! What'sthe Hurry?","Toi aussi, t'es\nDresseur ? Alors,\nbattons-nous !",52,YES
0x038CC6,548,dialogue_19_19,17,You're very good!,Tu es vraiment fort...,26,YES
0x038CD8,553,dialogue_19_19,29,Hey!You scared the bugs away!,Ne te défile pas ! Viens te battre !,36,YES
0x038D11,559,dialogue_19_19,17,You're very good!,Tu refuses donc\nde nous suivre...,36,YES
0x038D7A,596,dialogue_19_19,36,You're a trainer   right? Follow me!,Tu es Dresseur ?\nPierre cherche\nun adversaire.\nSuis-moi !,67,YES
0x038D9F,601,dialogue_19_19,31,Brock's looking forchallengers.,"Si tu es prêt,\nva défier Pierre !",37,YES
0x038E2C,613,dialogue_19_19,51,Wait! You're light years away from    facing Brock!,Défier Pierre ?\nTu es à dix mille\nannées-lumière !,54,YES
0x038E60,624,dialogue_19_19,37,"Darn,Light years isdistance,not time!",Tu es fort. Pierre l'est encore plus !,38,YES
0x038E86,634,dialogue_19_19,119,I'm Brock!I believein strong defense  and determination! Do you still wish  to face me? Fine   then! Show me your best!,"PIERRE : Je suis\nChampion d'Argenta.\nMes Pokémon Roche\nsont très solides !\nMême si je perds,\nje me battrai.\nEn garde !",124,YES
0x038F82,661,dialogue_19_19,14,Recieved TM35!,PIERRE : Ce Badge renforce tes Pokémon. Flash marche hors combat. Tiens !,83,YES
0x038FCA,675,dialogue_19_19,67,A TM can only be   used once.So choosewho you use it on  carefully.,PIERRE : Chaque CT\nsert une fois.\nChoisis bien !\nCT35 : Armure\nmonte la Défense.,93,YES
0x03900E,697,dialogue_19_19,95,You seem to be verygifted as a        trainer.Go to the  GYM in Cerulean andtest your strength.,"PIERRE : Élevage ou combat, chacun sa voie. Pour progresser, va défier l'Arène d'Azuria !",105,YES
0x03906E,707,dialogue_19_19,47,"Just as I thought, you're Champion    Material!",Je le savais ! Tu as l'étoffe d'un Champion !,48,YES
0x0390BD,719,dialogue_19_19,12,You're mean!,"Arrête de fixer,\nou je te frappe !",36,YES
0x0390CA,729,dialogue_19_19,35,Hey! I met you in  Viridian Forest!,Hé ! On s'est vus\ndans la Forêt\nde Jade !,47,YES
0x0390EE,734,dialogue_19_19,18,You beat me again!,"Ici, les Pokémon\ndiffèrent de ceux\nde la forêt.",50,YES
0x039101,741,dialogue_19_19,31,Are you a Pok@mon  Trainer too?,"Les shorts, c'est\npratique ! Essaie !",38,YES
0x039121,747,dialogue_19_19,37,Are you storing    Pok@mon on the PC?,"Après six Pokémon, les suivants sont envoyés au PC.",52,YES
0x039147,756,dialogue_19_19,31,You can fight my   new Pok@mon!,"Tu es Dresseur ?\nAlors, en garde !",36,YES
0x0391D2,575,dialogue_19_19,27,Do you like bug    Pok@mon?,Ma nouvelle prise\nva t'affronter !,35,YES
0x039215,586,dialogue_19_19,23,Eek! Did you touch me!?,Aah ! Tu m'as touchée ?!,29,YES
0x0392A6,785,dialogue_19_19,62,Have I got a deal  for you! How about a Magikarp for just500$?,Bonjour l'ami !\nJ'ai une super\naffaire !\nUn Magicarpe :\njuste 500 $ !\nQu'en dis-tu ?,109,YES
0x0392E5,5398,dialogue_19_19,10,Too bad...,Ah bon ? Dommage...,19,YES
0x039303,791,dialogue_19_19,48,I saw suspicious   men this cave.What about you?,"Un homme suspect\nrôde dans le coin.\nEt toi, t'es qui ?",56,YES
0x039334,796,dialogue_19_19,36,I'm sure they're   from Team Rocket!,On m'a bien eu !\nC'était un membre\nde la Team Rocket !,57,YES
0x039359,801,dialogue_19_19,43,I'm waiting for my friends to find me here.,Quoi ? J'attends mes amis perdus dans la grotte !,54,YES
0x039385,806,dialogue_19_19,43,I heard there are  very rare fossils  here.,Je suis venue\npour les fossiles\nrares cachés ici.,55,YES
0x0393B1,811,dialogue_19_19,36,"We,Team Rocket,are Pok@mon gansters!","TEAM ROCKET :\nMafia Pokémon,\nforte et redoutée !",57,YES
0x0393D6,816,dialogue_19_19,22,Darn it all! I blewit!,Tu me fais encore plus peur...,31,YES
0x0393ED,821,dialogue_19_19,22,Mt.Moon's big isn'tit?,Cette grotte est immense !,28,YES
0x039404,826,dialogue_19_19,27,How do you get out of here?,C'est immense... Où est la sortie ?,34,YES
0x039440,836,dialogue_19_19,34,I came here to showoff my Pok@mon.,Mais où sont donc\nles Pokémon rares ?,38,YES
0x039463,841,dialogue_19_19,19,Whoa!You scared me!,Oh ! Un gamin !\nTu m'as fait peur !,38,YES
0x03949D,851,dialogue_19_19,37,We're pulling a bigjob here!Get lost!,"On a du travail !\nRentre chez toi,\ngamin !",45,YES
0x0394F0,862,dialogue_19_19,35,Kids should leave  grown-ups alone!,"Fourrer ton nez\ndans les affaires\ndes adultes,\nc'est dangereux !",74,YES
0x039540,868,dialogue_19_19,43,Stop!I found these fossils! They're   mine!,Stop ! J'ai trouvé ces deux fossiles. Ils sont à moi !,54,YES
0x03956C,873,dialogue_19_19,28,What! Don't sneak  up on me!,Ne me surprends pas\ncomme ça !,29,YES
0x0395AE,881,dialogue_19_19,54,"Okay,I'll share!   We'll each take 1! No being greedy!","Bon, partageons :\nun fossile chacun.\nPas question\nde tout garder !",73,YES
0x039660,910,dialogue_19_19,55,Jesse:Stop right   there!That fossil  is Team Rocket's!,TEAM ROCKET : Hop là ! Ce fossile est à la Team Rocket ! Rends-toi ou mange ta baffe !,86,YES
0x0396C5,933,dialogue_19_19,32,Meowth: Meeouth!   That's right!,JESSIE :\nNous revoilà !,33,YES
0x0396E6,939,dialogue_19_19,22,Jesse:A brat beat  us?,TEAM ROCKET : ??? Ce mioche a gagné ?,38,YES
0x0396FD,941,dialogue_19_19,29,James:Such a dread-ful twerp!,TEAM ROCKET :\nLa Team Rocket...,36,YES
0x039861,978,dialogue_19_19,19,I'm 1st!Let's do it,Ton adversaire ?\nC'est moi !,30,YES
0x039875,982,dialogue_19_19,36,Misty won't lose tosomeone like you!,Ondine est forte. Elle ne perdra pas contre toi !,50,YES
0x03989A,987,dialogue_19_19,34,I'm more than good enough for you!,Je peux te battre seule. Pas besoin d'Ondine !,48,YES
0x0398D1,5324,dialogue_19_19,101,Misty:Pro Trainers have a policy aboutPok@mon.Mine is an all-out offensive  approach! What's   yours?,ONDINE : Ma méthode\nest simple : miser\nsur le type Eau !\nÀ toi d'affronter\nla plus belle fille\ndu monde !,105,YES
0x039AC6,1061,dialogue_19_19,46,Beat us 5 trainers and win a prize!   I'm 1st!,Bats 5 Dresseurs !\nUn prix t'attend.\nTu peux gagner ?,54,YES
0x039AF5,1066,dialogue_19_19,35,"I did my best, I   have no regrets.",Pas mal ! Tu peux tous nous battre ?,37,YES
0x039B19,1075,dialogue_19_19,18,I'm 2nd! Let's go!,Je suis deuxième !\nLe vrai combat\ncommence !,48,YES
0x039B2C,1080,dialogue_19_19,24,No.3! I won't be   easy!,Quatrième ! Tu veux te faire remarquer ?,49,YES
0x039B45,1083,dialogue_19_19,19,I'm No.4!Tired Yet?,Troisième ! Tu vas\nen baver !,29,YES
0x039B59,1095,dialogue_19_19,16,No.5! Get ready!,Je suis cinquième\net dernier !\nEn garde !,48,YES
0x039B6A,1100,dialogue_19_19,27,Congrats!You earneda prize!,Bravo ! Le cadeau\npromis est à toi !,37,YES
0x039B86,1105,dialogue_19_19,14,Got Moonstone!,Pierre Lune reçue !,19,YES
0x039B95,1111,dialogue_19_19,62,"By the way, want tojoin TEAM ROCKET?  Fine! You'll regretthis!",La Team Rocket utilise les Pokémon pour étendre son territoire. Rejoins-nous !,90,YES
0x039BD4,1118,dialogue_19_19,19,Arrgh!You are good!,Quel gâchis !\nTu aurais brillé\nchez la Team Rocket,57,YES
0x039BE8,1125,dialogue_19_19,30,I saw you fight at the bridge!,Je t'ai vu combattre depuis les hautes herbes.,56,YES
0x039C17,1140,dialogue_19_19,74,I'm looking for a  good home for my   Charmander.Can you take care of him?,"Je l'élève mal.\nJe vais relâcher\nce Salamèche...\nSi tu t'en occupes,\nil est à toi.",89,YES
0x039C62,1145,dialogue_19_19,26,"Oh,I'll release himthen...","Alors, je vais\nle relâcher...",33,YES
0x039C7D,1150,dialogue_19_19,17,Take care of him.,C'est vrai ? Merci beaucoup !,29,YES
0x039C8F,1157,dialogue_19_19,33,I'm still fired up after Mt.Moon!,Encore en forme après avoir franchi le Mont Sélénite ?,56,YES
0x039CC0,1163,dialogue_19_19,31,Trainers come here to practice!,"Ici, les Dresseurs\ns'entraînent !",33,YES
0x039CF2,1173,dialogue_19_19,37,Goin' to see Bill? Let's fight first!,Tu vas chez Léo ? Affronte-moi d'abord !,47,YES
0x039D31,1183,dialogue_19_19,9,Ya got me,J'ai perdu...,13,YES
0x039D74,1151,dialogue_19_19,15,Got Charmander!,Salamèche reçu !,16,YES
0x039D84,1193,dialogue_19_19,35,I went to a party  on the S.S.ANNE!,Au bal de l'Océane\navec mon père !\nJaloux ?,46,YES
0x039DA8,1200,dialogue_19_19,28,I saw trainers fromall over!,L'Océane est pleine de Dresseurs redoutables !,51,YES
0x039DE5,1216,dialogue_19_19,19,I'm off to see Bill,Tu veux passer ? Alors bats-moi !,35,YES
0x039E21,1219,dialogue_19_19,29,I knew I had to    fight you!,Je pressentais\nqu'on se battrait.,37,YES
0x039E3F,1224,dialogue_19_19,19,I knew I'd lose too,Je pressentais\nque je perdrais...,37,YES
0x039E53,1229,dialogue_19_19,37,I'm jealous of my  friend's Clefairy!,Mes amies ont\nde jolis Pokémon...\nC'est pas juste !,55,YES
0x039E79,1236,dialogue_19_19,23,Do you have one    too?,"Du Mont Sélénite ?\nMoi, je veux\nun Mélofée...",51,YES
0x039E91,1246,dialogue_19_19,160,Hiya!I'm a Pok@Mon!I'm not. I'm Bill! I messed up an exp-eriment and turned into a Pok@mon! Canyou help me out?Youjust go to my PC   and start the cell program!,"LÉO : Salut !\nMoi, Léo,\nle Pokémaniac !\nTu doutes ?\nUne expérience\nratée m'a fusionné\navec un Pokémon.\nAide-moi.\nJe prends place\nau Téléporteur.\nSur ce PC, lance\nla séparation !",224,YES
0x039F32,5462,dialogue_19_19,12,Run Program.,Léo est sauvé !,15,YES
0x039F3F,1252,dialogue_19_19,60,"Yeehah!Thanks bud!Ihave to thank you! Here, maybe this'lldo.","LÉO : Merci !\nTu viens voir\nma collection ?\nTiens, prends ça !",75,YES
0x039F7C,1258,dialogue_19_19,15,Got S.S.Ticket!,Passe Bateau obtenu !,27,YES
0x039F8C,1260,dialogue_19_19,104,"They invited me,   but I can't stand  fancy do's. So, whydon't you go? All  the passengers are trainers!","LÉO : L'Océane est\nà Carmin, pleine\nde Dresseurs.\nJ'ai une invitation\nmais je hais\nles fêtes.\nVas-y à ma place !",132,YES
0x039FF5,1266,dialogue_19_19,9,Have fun!,"LÉO : Ma collection ! 150 espèces sont connues, peut-être plus. J'attends ici un Pokémon légendaire...",127,YES
0x039FFF,1272,dialogue_19_19,60,What! I'm just an  innocent bystander!Don't you believe  me?,"Hé ! Défense d'entrer ! Moi, louche ? Je ne fais que passer.",68,YES
0x03A03C,1282,dialogue_19_19,27,Ok! I'll leave     quietly!,Pitié ! Je ne recommencerai plus ! Je file...,55,YES
0x03A058,1283,dialogue_19_19,47,"I'm on guard duty. Gee, I'm thirsty   though...",Je monte la garde.\nMais j'ai soif !\nPassage interdit !,56,YES
0x03A0AD,1291,dialogue_19_19,16,You're too good!,Tu me plais déjà davantage...,31,YES
0x03A0D2,1299,dialogue_19_19,18,I didn't start it!,"Cette fois, tu m'as\ndonné une leçon !",36,YES
0x03A0E5,1305,dialogue_19_19,17,"Me? Ok,I'll play!","Je suis mignonne, non ?",24,YES
0x03A109,1307,dialogue_19_19,29,There aren't many  bugs here.,J'ai capturé\nun super Pokémon.\nViens te battre !,55,YES
0x03A169,1328,dialogue_19_19,19,(Whisper Whisper..),C'était un simple\nmalentendu.,30,YES
0x03A17D,1335,dialogue_19_19,23,I just lost to somekid!,Je suis de mauvais\npoil !,25,YES
0x03A195,1339,dialogue_19_19,17,I just can't win.,Ça m'énerve\nencore plus...,33,YES
0x03A1A7,1349,dialogue_19_19,28,Welcome to the     S.S.Anne!,L'Océane accoste\nà Carmin sur Mer\nune fois par an.,54,YES
0x03A1C4,1360,dialogue_19_19,33,"Excuse me, do you  have a ticket?",MATELOT : Bienvenue sur l'Océane ! Votre passe ?,51,YES
0x03A1E6,1365,dialogue_19_19,19,"Ok, Welcome aboard!",Merci !\nBienvenue à bord !,37,YES
0x03A216,1373,dialogue_19_19,30,You should be nice to freinds!,Va donc à Hoenn\nun de ces jours !,36,YES
0x03A235,1377,dialogue_19_19,28,I got Pok@mon from all over!,Les garçons d'ici sont tous timides.,37,YES
0x03A252,1382,dialogue_19_19,24,Oh No! You hurt    them!,Les gamins comme\ntoi m'énervent !,35,YES
0x03A26B,1386,dialogue_19_19,23,I love Pok@mon! Do you?,Ne sous-estime pas mes Pokémon !,32,YES
0x03A283,1391,dialogue_19_19,18,Wow! You're great!,Je dois encore\nm'entraîner...,33,YES
0x03A2B7,1396,dialogue_19_19,25,Humph! You rude    child!,Légendes de Johto :\ntu connais ?,31,YES
0x03A2EB,1410,dialogue_19_19,12,You sank me!,Je me suis bien amusé.,25,YES
0x03A388,1438,dialogue_19_19,11,Good fight!,Sacré Dresseur !,16,YES
0x03A44D,1466,dialogue_19_19,18,"Urf, I Feel Ill...",Et me voilà encore\ngros !,25,YES
0x03A460,1471,dialogue_19_19,87,"Bonjour Ash! Were  you really invited?How's your Pok@Dex?I already have 40  kinds, pal!","RÉGIS : Sacha !\nToi aussi, invité ?\nMon Pokédex compte\nplus de 40 espèces.\nVoyons tes progrès.",95,YES
0x03A4B8,1489,dialogue_19_19,75,There's an old man here who can teach CUT! It's really   usefull! Smell ya!,"RÉGIS : À bord,\nle maître de Coupe\na le mal de mer !\nVa le voir.\nÀ plus !",84,YES
0x03A504,1507,dialogue_19_19,18,Urrp! I'm Seasick!,Beurk...\nJ'ai le mal\nde mer !,46,YES
0x03A517,5463,dialogue_19_19,13,"(Rub,rub,rub)","Merci, ça va mieux ! Coupe ? Je suis épuisé... Apprends-la plutôt à un Pokémon.",89,YES
0x03A525,1512,dialogue_19_19,18,The S.S.ANNE left.,L'Océane est partie.,26,YES
0x03A538,1517,dialogue_19_19,28,This is no place   for kids!,Même tes Pokémon\nne suffisent pas :\nt'es trop jeune !,55,YES
0x03A555,1522,dialogue_19_19,38,My Squirtle keeps  getting in trouble.,AGENT JENNY :\nCe Carapuce faisait\nn'importe quoi.\nJe l'ai capturé !,74,YES
0x03A57C,1528,dialogue_19_19,95,"Hey Champ! Lt.Surgeloves electric Pok@mon,avoid birds andwater pok@mon! And beware of paralysis","Hé, Champion ! Major Bob, le Ricain Survolté, a la meilleure équipe Électrik d'Amérique ! Évite Eau et Vol !",126,YES
0x03A5DC,1534,dialogue_19_19,50,"I'm sorry,but you  need a ticket to   come aboard.","Les passagers\nde l'Océane\nsont tous riches !\nNe traîne pas ici,\ngamin !",83,YES
0x03A60F,1545,dialogue_19_19,10,Got Eevee!,Évoli reçu !,12,YES
0x03A6AC,1562,dialogue_19_19,31,Lt.Surge was my CO.in the army!,Le Major Bob est\nmilitaire. Tu veux\nt'engager ?,49,YES
0x03A7BD,6556,dialogue_19_19,26,0000000<B7B4><B1C5>:<B5E6><B3EA><B1C2><B0C3><B0C7><B7C1><B5FB>,Je voyagerai l'an prochain.,28,YES
0x03A7D8,6558,dialogue_19_19,27,"<0A><B7B4><B1C5>:<B1C0><B1D1><B3D3><B3EA><B7C2><B0F8>,<B7C3><B0CE><B0B2><B0F8>",Je suis trop vieux pour marcher loin.,37,YES
0x03A7F4,6566,dialogue_19_19,18,"<0A><B5F7><B1A3>:<B0B6><B1DF>,<B2CA><B7C4><B5C1>!","Ne traîne pas ici, gamin !",26,YES
0x03A807,6572,dialogue_19_19,25,"<0A><B5F7><B1A3>:<B1C2><B2DC><B0F8>,<B2D8><B7C5><B5C2><B3A2><B7C6><B6DB>",J'avais tort. Visite à ta guise.,37,YES
0x03A8A5,1660,dialogue_19_19,24,Please treat him   well.,"Prends soin de lui,\ns'il te plaît !",34,YES
0x03A91B,1673,dialogue_19_19,19,"Win, Lose, or Draw!",Mes Pokémon sont invincibles !,32,YES
0x03A92F,1678,dialogue_19_19,26,To live is to      gamble!,Enfin... seulement chez moi.,28,YES
0x03A94A,1679,dialogue_19_19,12,No cheating!,J'ai sommeil...,15,YES
0x03A957,1680,dialogue_19_19,25,Huh? That's not    right!,Pourquoi m'empêcher de dormir ?,30,YES
0x03A971,1681,dialogue_19_19,29,"I'm new,but I thinkI can win!",On a quelque chose sur le visage ?,34,YES
0x03A98F,1690,dialogue_19_19,19,My Pok@mon couldn't,"Oui, toi ! Arrête de nous dévisager !",38,YES
0x03A9A3,1693,dialogue_19_19,26,I have never won   before.,Traite tes Pokémon avec amour.,30,YES
0x03A9D1,1699,dialogue_19_19,24,Fwahaha! I've neverlost!,"RÉGIS : À bord,\nle maître de Coupe\nest un vieux.\nIl a le mal\nde mer !\nVa voir. À plus !",112,YES
0x03A9F7,1705,dialogue_19_19,4,raw!,SACHA :\nJe vais vous masser\nle dos !,46,YES
0x03A9FC,1715,dialogue_19_19,25,I'm the best in my class!,"Hé ! C'est quoi,\nces manières ?",33,YES
0x03AA38,1720,dialogue_19_19,28,My Pok@mon should  be ready!,Comment peux-tu faire ça ?,29,YES
0x03AA91,1723,dialogue_19_19,15,I had a chance!,"Je n'ai rien vu. Allez, file !",32,YES
0x03AAA1,1724,dialogue_19_19,24,Careful! I am on   fire!,Réglons ça aujourd'hui !,32,YES
0x03AABA,1725,dialogue_19_19,17,I've burnt out...,Tu as eu\nde la chance...,34,YES
0x03AB01,1732,dialogue_19_19,37,I think you need a Flute to wake him.,J'ai mal au ventre.\nPas de dispute\naujourd'hui.,50,YES
0x03AB27,1743,dialogue_19_19,52,"A fainted Pok@mon  can't fight,but canstill use HMs.","D'après la rumeur,\nles Taupiqueur ont\ncreusé ce tunnel\njusqu'à Jadielle !",75,YES
0x03AB5C,1754,dialogue_19_19,69,I'm Prof.Oaks Aide!I was sent to give you an HM05! Here  you are Ash!,Certains Pokémon apprennent Flash avec la CS05. Utile dans les grottes !,75,YES
0x03ABA2,1761,dialogue_19_19,9,Got HM05!,CS05 obtenue !,14,YES
0x03ABCB,1769,dialogue_19_19,16,You deceived me!,"Tu es fort, j'aime ça !",23,YES
0x03AC24,1784,dialogue_19_19,18,"Go,my bug Pok@mon!",Te revoir ici ? Quelle surprise !,36,YES
0x03AC37,1787,dialogue_19_19,11,You bug me!,Encore plus fort !,18,YES
0x03AC43,1788,dialogue_19_19,19,"Haha! Come on,dude!","Attention, ou ça va\nmal finir !",30,YES
0x03AC57,1802,dialogue_19_19,24,Haha! You beat me  fair!,"Alors, comment vas-tu ? Ha ha...",36,YES
0x03AC84,1808,dialogue_19_19,18,You sure got guts!,"Cette fois, je suis\nfichu...",27,YES
0x03ACCD,1822,dialogue_19_19,38,Who's that with    those cool Pok@mon?,Tous tes efforts\nsont vains.\nJe suis trop fort !,57,YES
0x03ACF4,1831,dialogue_19_19,13,Keep walking!,Mais... C'est pas\npossible !,29,YES
0x03AD1E,5470,dialogue_19_19,10,Too tough!,Encore perdu...,15,YES
0x03AD43,1837,dialogue_19_19,24,I need to train    more.,Tu aurais pu y aller mollo !,32,YES
0x03AD5C,1838,dialogue_19_19,29,I've never won a   badge yet.,Tu as osé venir\ndans ce noir !,33,YES
0x03AD8B,1857,dialogue_19_19,18,This cave is long!,J'ai perdu quelque chose.,25,YES
0x03AD9E,1858,dialogue_19_19,17,Doh! You won kid!,Je dois le trouver.,19,YES
0x03ADB0,1869,dialogue_19_19,23,I'll leave ya cryinkid!,"Moi, je n'ai pas peur du noir.",32,YES
0x03ADC8,1859,dialogue_19_19,7,I give!,Tu n'es pas n'importe qui.,33,YES
0x03ADF0,1861,dialogue_19_19,14,You play hard!,"Tu me protèges, d'accord ?",29,YES
0x03AE18,5403,dialogue_19_19,11,Fired away!,Désolé...\nJe m'en mêle pas.,36,YES
0x03AE24,1867,dialogue_19_19,30,You have a Pok@dex?I want one!,Je passe mes journées à travailler ici. Quel ennui !,69,YES
0x03AE43,1868,dialogue_19_19,13,Thanks again!,LÉO : Merci...,14,YES
0x03B058,1879,dialogue_19_19,15,I'm so jealous!,"Demain, ça ira\nmieux... pas vrai ?",38,YES
0x03B08A,1884,dialogue_19_19,18,I want to go home!,Je t'avais prévenu. Pas touche !,31,YES
0x03B09D,1887,dialogue_19_19,18,Pok@mon fight! Go!,"La montagne, ça endurcit !",29,YES
0x03B0B0,1888,dialogue_19_19,10,Game over!,Je m'en doutais !,17,YES
0x03B0BB,1893,dialogue_19_19,15,I'll fight you!,Je cherche un petit ami.,23,YES
0x03B0FB,1900,dialogue_19_19,27,"I'm an artist,not afighter.",Les Pokémon peuvent évoluer en gagnant des niveaux !,51,YES
0x03B117,1905,dialogue_19_19,26,Maybe I'm lost in  here...,Les Pokémon Roche\nsont imbattables !,37,YES
0x03B144,1907,dialogue_19_19,27,I came this far forPok@mon!,Je viens de rompre avec ma copine.,34,YES
0x03B160,1908,dialogue_19_19,19,You looked harmless,Je suis de mauvaise humeur.,26,YES
0x03B1FF,1924,dialogue_19_19,14,Got Bulbasaur!,"Alors, prends soin\nde Bulbizarre !",34,YES
0x03B20E,1929,dialogue_19_19,16,Oh...too bad... ,Bulbizarre reçu !,17,YES
0x03B21F,1931,dialogue_19_19,19,It's too dark here!,"Désolé, je me suis trompé !",27,YES
0x03B233,1932,dialogue_19_19,16,Can you beat me?,Ne te balade pas partout.,27,YES
0x03B244,1933,dialogue_19_19,18,Oops! Out-muscled!,"Si ça s'écroule,\non est fichus !",34,YES
0x03B267,1942,dialogue_19_19,27,We dress as Pok@monfor fun!,Ravi d'avoir fait ta connaissance.,35,YES
0x03B2AE,1959,dialogue_19_19,19,That's a tough hike,J'adore distribuer des coups !,30,YES
0x03B2C2,1964,dialogue_19_19,17,I'm not up to it!,Je ne recommencerai plus...,26,YES
0x03B2D4,5866,dialogue_19_19,15,Ha-hahah-ah-ha!,Tu veux voir de quoi je suis capable ?,47,YES
0x03B2F8,1974,dialogue_19_19,23,I love the mountainair!,Ma Défense est imbattable !,31,YES
0x03B310,1983,dialogue_19_19,24,That cleared my    head!,Tu as percé\nma Défense ?!,32,YES
0x03B329,1993,dialogue_19_19,37,People pay a lot   for Cubone skulls.,C'est bizarre...\nOù est donc passé\nM. Fuji ?,47,YES
0x03B390,2011,dialogue_19_19,49,This town's known  as the grave site  of Pok@mon.,"Pour de l'argent,\nla Team Rocket\nest prête à tout.",55,YES
0x03B3C2,2030,dialogue_19_19,28,Did you come to payrespects?,Cette Tour apaise l'âme des Pokémon disparus.,47,YES
0x03B3DF,6604,dialogue_19_19,11,<B0EC><B1EA><B0DB><B0EE><B0BF>?,Tu as réussi\nà trouver\ncet endroit ?,51,YES
0x03B3EB,6605,dialogue_19_19,44,<0A><B2CF><B1DE>:<B1C2><B0F6><B0C2><B1F1><B1E7><B3C8><B0CD><B0A4><B2F5><B0F8><B6F2><B1E7><B0DC><B0BC><B0A1><B0A2><B1F2><B0FC><B0BC>,On raconte qu'un Pokémon légendaire est apparu par ici. Je suis venue voir.,76,YES
0x03B427,2036,dialogue_19_19,34,There are spirits  up to mischief!,EXORCISTE :\nUne âme erre\nplus haut...,50,YES
0x03B5C8,2098,dialogue_19_19,31,Ghost: Get out...  Get...Out...,"Là-haut,\nles Pokémon\nsont terrifiés...",55,YES
0x03B5E8,2103,dialogue_19_19,27,Such an adorable   Pok@mon!,Tu sais combien le poison est terrifiant ?,50,YES
0x03B604,2106,dialogue_19_19,28,Don't be so mean toClefairy!,Le poison réduit\npeu à peu tes PV.,36,YES
0x03B64D,2114,dialogue_19_19,24,Meowth is so cute! Meow!,J'adore Miaouss...\nMiaou !,26,YES
0x03B687,2119,dialogue_19_19,43,We must look silly standing here like this.,Même un Pokémon ordinaire peut être unique.,45,YES
0x03B6B3,2120,dialogue_19_19,37,Saffron's guard    won't let us pass!,"Comme tu es banal,\ntes Pokémon le sont\nforcément aussi !",55,YES
0x03B6D9,2125,dialogue_19_19,26,You need a strategyto win!,Pas de chance aujourd'hui.,31,YES
0x03B754,2137,dialogue_19_19,27,How are you with   Pok@mon?,Je ne supporte plus tous ces Tadmorv !,37,YES
0x03B770,2146,dialogue_19_19,13,Ow! Meltdown!,Merci d'avoir maté\nces Tadmorv !,32,YES
0x03B77E,2152,dialogue_19_19,19,I'm a gambling dude,Rien de plus beau\nque les flammes !,36,YES
0x03B792,2158,dialogue_19_19,14,Came up short!,Je me suis un peu trop échauffé...,35,YES
0x03B7A1,2159,dialogue_19_19,19,All right! Let's go,Regarde\nmon Mélofée !,32,YES
0x03B7B5,2160,dialogue_19_19,18,Drat! You're good.,Tu n'as pas été hypnotisé ?,30,YES
0x03B7C8,2166,dialogue_19_19,31,Welcome to Celadon Pok@mon Gym!,Héhé ! Cette Arène\nest terrible !\nY'a plein d'meufs !,57,YES
0x03B7E8,2171,dialogue_19_19,12,You're mean!,"Pfff ! Erika va\ngagner, c'est sûr !",38,YES
0x03B7F5,6607,dialogue_19_19,63,"00<B2CF><B1DE>:<B0DE><B8BB><B0DE><B8BB><B0BC><B1DB><B1DB><B2AB><B0C2><B0B8><B3EF><B0A4><B0FC><B0BC><B0F0><B7CD><B1B6><B5A2><B5A3><B5A4><B8BC><B0F8>,<B1C2><B0F6><B0FD><B0DB><B0F8>!",La mère d'Osselait\nfuyait. J'ai vu\nla Team Rocket\nla tuer !,66,YES
0x03B851,2176,dialogue_19_19,19,I was getting bored,Que des femmes !\nQuel ennui mortel !,38,YES
0x03B865,2181,dialogue_19_19,10,My makeup!,Quel ennui...,13,YES
0x03B870,2182,dialogue_19_19,33,Grass Pok@mon are  easy to raise!,Les Pokémon Plante\ns'élèvent bien !,35,YES
0x03B8D8,2189,dialogue_19_19,32,I didn't have my   best Pok@mon!,Tu ne matais pas ? Les voyeurs sont partout !,47,YES
0x03B8F9,2196,dialogue_19_19,31,Aren't you the     peeping Tom?,Pas de Pokémon Insecte ou Feu ici !,43,YES
0x03B938,2198,dialogue_19_19,38,Don't bring fire orbug Pok@mon in here,Bienvenue à l'Arène\nde Céladopole !\nNe sous-estime pas\nles filles !,69,YES
0x03B95F,2214,dialogue_19_19,8,Oh! You!,Pas mal !,9,YES
0x03B968,2215,dialogue_19_19,17,Nice to meet you.,Qu'aimes-tu faire ?,19,YES
0x03B97A,2220,dialogue_19_19,24,I have a blind datesoon.,J'ai un rendez-vous arrangé la semaine prochaine...,50,YES
0x03B993,2226,dialogue_19_19,93,"Hello, I am Erika, leader of this gym.You wish to battle me? Very well, but I shall not lose.",ERIKA : Quel beau\ntemps ! Bienvenue\ndans mon Arène.\nJ'aime les fleurs.\nTu veux combattre ?\nJe ne perdrai pas !,114,YES
0x03BA87,2266,dialogue_19_19,46,I road uphill on   Cycling Road from  Fuchsia!,La Poké Flûte\német un son spécial\ninaudible à l'homme\nqui réveille\nun Pokémon endormi.,95,YES
0x03BAB6,2273,dialogue_19_19,66,"I'm looking for a  good home for my   Eevee, would you   like him?","BEIBEI : Je sais tout, jeux vidéo compris ! Cet Évoli est pour toi !",71,YES
0x03BAF9,2283,dialogue_19_19,33,There's a switch!  Let's push it.,Oh ? Un bouton secret derrière l'affiche ! Essayons !,67,YES
0x03BB1B,2288,dialogue_19_19,29,You broke into our operation?,T'es qui ? Comment\nt'es entré ici ?,35,YES
0x03BB39,2292,dialogue_19_19,29,You won't get away with this!,Tu sous-estimes\nla Team Rocket ?!,36,YES
0x03BB57,2302,dialogue_19_19,33,Who are you? How'd you get here!?,TEAM ROCKET : Qui ose s'infiltrer ici ?,43,YES
0x03BB79,5471,dialogue_19_19,12,Oww! Beaten!,Pas si vite !\nTu ne passeras pas.,38,YES
0x03BB86,2307,dialogue_19_19,43,Do you really thinkyou can reach our  Boss?,Le chef dit qu'un\nScope Sylphe révèle\nles fantômes.,51,YES
0x03BBB2,2314,dialogue_19_19,12,I surrender!,Tu te crois tout permis ?!,28,YES
0x03BBBF,2315,dialogue_19_19,14,This won't do!,Tu viens faire quoi ici ?,24,YES
0x03BBFA,2325,dialogue_19_19,15,Intruder alert!,TEAM ROCKET : Intrus repéré !,34,YES
0x03BC0A,2330,dialogue_19_19,38,I don't know where the Silph Scope is!,TEAM ROCKET :\nLe Scope Sylphe ?\nJe ne sais rien !,55,YES
0x03BC31,2335,dialogue_19_19,26,We heard you were  coming!,Défier la Team Rocket est inutile !,47,YES
0x03BC4C,2344,dialogue_19_19,13,What? I lost?,Le Boss a dérobé ce Scope à Nanjing Tech !,44,YES
0x03BC7A,2350,dialogue_19_19,33,The Silph Scope's  here somwhere.,Tu as du cran ?\nVa donc trouver\nnotre Boss !,50,YES
0x03BC9C,2361,dialogue_19_19,10,"No, Why..?","Je ne sais rien, moi !",24,YES
0x03BCE8,2368,dialogue_19_19,13,Got Lemonade!,Eau Fraîche reçue !,19,YES
0x03BCF6,2369,dialogue_19_19,35,My friend and I aretrading Pok@mon!,"XIAOHONG : C'est moi, la graphiste qui t'a dessiné !",55,YES
0x03BD1A,2374,dialogue_19_19,36,Caught Pok@mon are given ID numbers.,"KAMEIYU : Le scénario, c'est moi ! Pikachu est mignon, non ?",70,YES
0x03BD3F,2377,dialogue_19_19,37,My buddy's sending me her Kangaskhan!,WEI CUNFU : Je suis le programmeur. Enchanté !,48,YES
0x03BD65,2378,dialogue_19_19,56,I heard you can seeghosts using Silph Co.'s Silph Scope!,"BOSS : La tâche est\nrude : les attraper\ntous ! Courage !\nUne fois ta quête\nachevée, préviens\nKameiyu.",103,YES
0x03BDB1,2388,dialogue_19_19,19,Huh?What am I doing,Qu'ai-je fait ?\nPardon... J'étais\npossédée !,48,YES
0x03BDE2,2401,dialogue_19_19,43,"So,I must say, I amimpressed you got  here!",GIOVANNI : Ha ha !\nBien joué.\nJe dirige ce QG\nde trafic Pokémon.\nTu vas le payer !,93,YES
0x03BE0E,2418,dialogue_19_19,65,"Are you taking the gym challenge too? Here, this'll be   helpful!","XIAO LI : Tu m'as trouvé... Garde ça secret. Tiens, prends ça !",68,YES
0x03BE50,2423,dialogue_19_19,13,Got HM 02 Fly,CS02 : Vol reçue !,18,YES
0x03BFD6,2473,dialogue_19_19,16,Got Silph Scope!,Scope Sylphe reçu !,19,YES
0x03BFE7,5872,dialogue_19_19,16,Kekeke...Kwaaah!,Maudissons-le ensemble...,30,YES
0x03BFF8,2479,dialogue_19_19,15,Hwa! I'm saved!,Hein ? Que m'est-il arrivé ?,27,YES
0x03C008,2484,dialogue_19_19,19,Begone evil spirit!,Ton âme... Donne-la-moi !,33,YES
0x03C01C,2489,dialogue_19_19,16,The spirit left.,Je suis épuisée...,18,YES
0x03C02D,5873,dialogue_19_19,7,Kwaaah!,Ouh...\nUn Spectre...,32,YES
0x03C035,2490,dialogue_19_19,25,We need the Silph  Scope!,Hein ? Qu'est-ce que c'est...,31,YES
0x03C04F,5877,dialogue_19_19,9,Huhuhu...,Tu vas gagner ?,15,YES
0x03C0D6,6616,dialogue_19_19,61,"<B5A2><B5A3><B5A4>:<B1C2><B0C2><B0B8><B0EE><B0BF><B0FD><B3DF><B0EE><B6F9><B6FC><B9A3><B0BC>,<B3C5><B3C6><B1C2><B0BC><B1EF><B0DE><B0C2><B0C3><B7EA><B0DB><B3C0><B1B3><B0BC><B2DD>!","Je garde\ncette affiche. Si\ntu me gênes, tu vas\nle regretter !",71,YES
0x03C15A,2501,dialogue_19_19,15,Was I dreaming?,"Ça y est, j'ai repris mes esprits.",38,YES
0x03C16A,2502,dialogue_19_19,18,Give me your soul!,Kang'er... Kang'er...,29,YES
0x03C18E,6643,dialogue_19_19,8,Zombies!,Quelle tristesse...,19,YES
0x03C197,2504,dialogue_19_19,10,Huh? What?,Quelque chose est sorti de moi...,34,YES
0x03C1A2,5878,dialogue_19_19,15,Urgah...Urff...,Hi hi... Hi hi...,17,YES
0x03C1B2,2505,dialogue_19_19,35,I was controlled   by evil spirits.,Hi hi...\nQue m'arrive-t-il ?,38,YES
0x03C1D6,5479,dialogue_19_19,19,Begone...intruders.,Partez... Quittez ce lieu !,28,YES
0x03C1EA,2510,dialogue_19_19,52,The Silph Scope    identified the     Marowak ghost.,Le Scope Sylphe\na révélé la vraie\nnature du Spectre !,57,YES
0x03C424,2552,dialogue_19_19,63,"Here Ash, I think  this Pok@Flute willhelp you on your   quest.","M. FUJI :\nAime tes Pokémon,\nsinon ton Pokédex\nrestera incomplet.\nTiens, prends ceci.",95,YES
0x03C464,2565,dialogue_19_19,46,The Pok@Flute will wake any sleeping  Pok@mon.,M. FUJI :\nLa Poké Flûte\nréveille un Pokémon\nqui dort.\nEssaie-la !,87,YES
0x03C4FE,2581,dialogue_19_19,29,What are you doing here kid!?,"Hé, gamin !\nNe traîne pas ici !",38,YES
0x03C51C,2591,dialogue_19_19,36,Silph Co.will mergewith Team Rocket!,TEAM ROCKET :\nLe Boss convoite\nla Sylphe SARL !,54,YES
0x03C541,2596,dialogue_19_19,12,Go home kid!,Je suis l'un des quatre frères Rocket !,46,YES
0x03C54E,2597,dialogue_19_19,12,You're good.,"Contrôler Sylphe SARL, c'est vendre les Pokémon au prix fort !",63,YES
0x03C58E,2604,dialogue_19_19,23,That's far enough  kid!,Un individu suspect !,28,YES
0x03C5CA,2610,dialogue_19_19,26,"Quit messing with  us,kid!",T'as réussi à venir jusqu'ici...,31,YES
0x03C5E5,2615,dialogue_19_19,10,I give up!,Bravo ! Le bureau\ndu Président reste\ninaccessible.,51,YES
0x03C650,2638,dialogue_19_19,17,Intruder spotted!,La Team Rocket contrôle la Sylphe SARL !,44,YES
0x03C662,2643,dialogue_19_19,12,Who are you?,Vive\nla Team Rocket !,35,YES
0x03C66F,2644,dialogue_19_19,29,We have control of Silph Co.!,Encore toi ?\nTu viens semer\nle trouble ?,50,YES
0x03C6EB,2662,dialogue_19_19,34,Show Team Rocket a little respect!,Le Boss est là. Rien à craindre !,36,YES
0x03C70E,2667,dialogue_19_19,19,Disrespectful brat!,Employée de Sylphe SARL. Je suis aussi de la Team Rocket !,57,YES
0x03C722,2668,dialogue_19_19,37,There shouldn't be any children here!,La Team Rocket contrôle la Sylphe SARL !,44,YES
0x03C748,2673,dialogue_19_19,28,It's a long way to our boss!,"Me frappe pas ! Moi aussi, on m'a forcé...",46,YES
0x03C765,2683,dialogue_19_19,121,"What kept you Ash? Haha! I guess Team Rocket slowed you  down! I saw you in Saffron,so I wantedto see if you got  better!",RÉGIS : Sacha ! Je savais que tu viendrais. La Team Rocket t'a ralenti ? Peu importe ! Montre tes progrès !,127,YES
0x03C861,2699,dialogue_19_19,36,I heard a kid was  wandering around.,"Moi, je compte\nparmi les quatre\nfrères Rocket !",53,YES
0x03C886,2706,dialogue_19_19,9,Blast it!,Tant pis !\nMon cadet vengera\ncet affront !,51,YES
0x03C8A4,2716,dialogue_19_19,12,You traitor!,Sous-estime-moi !,17,YES
0x03C8B1,2717,dialogue_19_19,23,Oh ho! I smell a   rat!,On dit qu'un gamin rôde dans le coin !,38,YES
0x03C8C9,2720,dialogue_19_19,27,You are a skilled  trainer!,Ne résiste pas\nà la Team Rocket...,38,YES
0x03CA26,2771,dialogue_19_19,140,"Blast! You ruined  our plans for SilphBut, Team Rocket   will never fall!   Ash! All Pok@mon   exist for Team     Rocket! I shall    return!","GIOVANNI : Zut !\nLa Sylphe m'échappe\nmais la Team Rocket\nest éternelle !\nTous les Pokémon\nsont à nous !\nRetiens ça, Sacha.\nJe reviendrai !",148,YES
0x03CAB3,2777,dialogue_19_19,51,Thank you for resc-uing us! We admire your courage.,SECRÉTAIRE : Merci ! Le PDG et moi te sommes reconnaissants.,72,YES
0x03CAFB,2788,dialogue_19_19,18,I got a bite here!,Ce coin est réputé pour la pêche.,33,YES
0x03CB0E,2789,dialogue_19_19,17,Just a small fry!,Tu n'aimes pas pêcher ?,27,YES
0x03CB20,2790,dialogue_19_19,24,Fishing's a waitinggame!,Plein de Pokémon vivent dans l'eau !,38,YES
0x03CB39,2799,dialogue_19_19,18,That one got away!,Les Pokémon Eau sont les plus mignons !,47,YES
0x03CB4C,2800,dialogue_19_19,17,You like fishing?,Les Pokémon Eau sont magnifiques !,37,YES
0x03CB5E,5879,dialogue_19_19,5,Ouch!,"Tu les trouves moches, peut-être ?",38,YES
0x03CB64,2801,dialogue_19_19,27,I would rather be  working!,Tu vois pas\nque je pêche ?,33,YES
0x03CB80,2802,dialogue_19_19,16,It's not easy...,Laisse tomber...\nTous les poissons\nont fui !,47,YES
0x03CB91,2803,dialogue_19_19,32,You never know whatyou'll catch!,J'ai une belle prise. Tu veux voir ?,44,YES
0x03CBB2,5484,dialogue_19_19,8,Lost it!,L'Eau bat le Feu !,18,YES
0x03CBBB,2808,dialogue_19_19,29,Electricity is my  specialty!,"Ici, mes Pokémon\nn'ont presque aucun\nrival !",45,YES
0x03CC2E,2826,dialogue_19_19,37,I saw a large Pok@-mon sleeping here!,Dégage !\nJe te connais pas !,38,YES
0x03CC54,2827,dialogue_19_19,19,Snorlax love to nap,"Pardon, je t'avais mal jugé.",28,YES
0x03CC88,2829,dialogue_19_19,23,You beat me at Pok@mon.,"Même battu,\nje ne change pas !",37,YES
0x03CCA0,2839,dialogue_19_19,23,"Sure,I'll play withyou!","Rien qu'à te voir,\nj'en salive !",32,YES
0x03CCCA,2841,dialogue_19_19,29,I'm told I'm good  for a kid!,Quoi ?\nJe te plais pas ?,36,YES
0x03CCE8,2846,dialogue_19_19,12,Ohh! I lost!,Tu as raison.,13,YES
0x03CD0E,2848,dialogue_19_19,19,You're very strong!,C'est le destin !\nOn se revoit !,33,YES
0x03CD22,2853,dialogue_19_19,22,Want to battle withme?,Arrête de tourner devant moi !,31,YES
0x03CD4C,2859,dialogue_19_19,32,I always go with   bird Pok@mon!,Je suis spécialiste\ndes Pokémon Vol.,35,YES
0x03CD6D,2865,dialogue_19_19,19,I wish I could fly.,Tes Pokémon\nbattent les miens.,37,YES
0x03CD81,2866,dialogue_19_19,26,The wind's blowing my way!,T'as battu l'aîné ?\nJe m'incline pas !,37,YES
0x03CD9C,2871,dialogue_19_19,9,I'm beat.,Plus rien à dire.,17,YES
0x03CDA6,2872,dialogue_19_19,22,What're you lookin'at?,Tu aimes la vitesse ? Suis-moi !,48,YES
0x03CDBD,2873,dialogue_19_19,9,Get lost!,J'aurais pas dû insister.,28,YES
0x03CDFD,2884,dialogue_19_19,24,My birds are the   best!,Tu es allé au Parc Safari ?,27,YES
0x03CE16,5404,dialogue_19_19,7,Oh man!,Le Parc regorge\nde Pokémon rares...,38,YES
0x03CE1E,2885,dialogue_19_19,28,My Pok@mon wish to meet you!,Le type Vol domine\nle type Insecte !,36,YES
0x03CE3B,2893,dialogue_19_19,19,"Wow,You totally won","Ah, tu avais donc\ncompris !",28,YES
0x03CE69,2900,dialogue_19_19,14,Not ready yet.,Ce n'est rien...,16,YES
0x03D088,2907,dialogue_19_19,30,<B3E7><B8A7><B2B5>:<B0B9><B0BF><B0AE><B3F7><B0C8><B5C5><B6B2><B0BC><B0A1><B0A2>...,ORNITHOLOGUE :\nDes Pokémon rares\nvivent ici...,51,YES
0x03D0A7,2912,dialogue_19_19,26,"Win,lose,it doesn'tmatter.",Ne pars pas ! Reste discuter avec moi !,38,YES
0x03D0C2,2913,dialogue_19_19,16,"C'mon, Let's go!",Je vais t'apprendre les bonnes manières !,48,YES
0x03D0D3,2914,dialogue_19_19,15,Arrg! Get lost!,J'adore les gens forts !,26,YES
0x03D0E3,2915,dialogue_19_19,23,Can your Pok@mon   fly?,J'ai un Pokémon rare.,24,YES
0x03D0FB,2916,dialogue_19_19,19,Best way to travel!,"Alors ? Pas mal, hein ?",25,YES
0x03D10F,2917,dialogue_19_19,15,Do you use TMs?,Enchantée !\nÀ nous deux !,32,YES
0x03D11F,5485,dialogue_19_19,11,"Aww,bummer!",Je m'incline !,14,YES
0x03D12B,2926,dialogue_19_19,19,I use TMs I bought!,Aïe ! Tu m'as touchée !,28,YES
0x03D13F,2928,dialogue_19_19,23,HMs are harder to  get.,Et si je tombais enceinte ?,29,YES
0x03D16B,6645,dialogue_19_19,37,<B3E7><B8A7><B2B5>:<B6A9><B0AE><B6BA><B4D7><B4AB><B4AC><B0EC><B0E3><B0BC><B1C2><B0C5><B2B6><B0AE><B3F9><B3D0>,"ORNITHOLOGUE : Avec mes attaques en rafale, tu n'as aucune chance !",72,YES
0x03D191,6650,dialogue_19_19,18,<0A><B3E7><B8A7><B2B5>:<B5B0><B1E7><B1BE><B1EF><B0F8>,ORNITHOLOGUE : J'ai encore parlé trop vite...,45,YES
0x03D1A4,2934,dialogue_19_19,10,What? You!,Je m'y suis fait. Ça va.,25,YES
0x03D1AF,2935,dialogue_19_19,19,Pok@mon fight? Cool,T'as vraiment pas l'air honnête !,34,YES
0x03D1C3,2936,dialogue_19_19,11,Blown away!,"Tu es loyal, non ?",18,YES
0x03D1F5,2938,dialogue_19_19,25,There's 3 legendarybirds!,"Bon, je te laisse partir...",28,YES
0x03D20F,2939,dialogue_19_19,26,You don't stand a  chance!,"T'as vu ma force ?\nAlors, dégage !",34,YES
0x03D22A,2940,dialogue_19_19,16,Not good enough!,Bonne route ! Ha ha !,23,YES
0x03D23B,2941,dialogue_19_19,15,"Oh,you're cute!",Pourquoi ce drôle de regard ?,30,YES
0x03D24B,2946,dialogue_19_19,14,I forgive you!,"Dommage, j'ai déjà un petit ami...",34,YES
0x03D25A,2947,dialogue_19_19,27,What's cool?TradingPok@mon!,Je suis un pro\ndes Pokémon Vol.,35,YES
0x03D276,2965,dialogue_19_19,27,I trade with my    friends.,Je vais à la Ligue cette année !,32,YES
0x03D292,2979,dialogue_19_19,74,Yo Champ! This GYM has invisible wallsYou have to find   the gaps in them.,"Hé, Champion !\nIci, les murs\nsont invisibles !\nRepère les trous !",75,YES
0x03D2DD,2984,dialogue_19_19,16,Strategy is key!,Tu n'as rien\nà faire ici !,32,YES
0x03D2EE,2985,dialogue_19_19,14,Good strategy!,Belle technique\nde ninja !,29,YES
0x03D2FD,2986,dialogue_19_19,30,Can you beat my    techniques?,"La force brute ?\nÇa ne suffit pas !\nLa technique,\nvoilà le secret !",74,YES
0x03D341,2998,dialogue_19_19,27,I joined to become a ninja!,Le Champion de cette Arène est fort. Sois prudent.,57,YES
0x03D35D,2999,dialogue_19_19,30,I'll keep training under Koga!,Je me suis inquiété pour rien...,31,YES
0x03D37C,3004,dialogue_19_19,29,I study the way of the Ninja!,Tu as l'air\nsûr de toi !,31,YES
0x03D39A,3005,dialogue_19_19,28,I still have a lot to learn.,Enfin un combat\nsérieux !\nDepuis le temps !,55,YES
0x03D3B7,3012,dialogue_19_19,17,Stop right there!,Voyons si tu peux\npasser !,27,YES
0x03D3C9,3017,dialogue_19_19,14,I'm impressed!,Tu as réussi...,15,YES
0x03D3D8,3022,dialogue_19_19,45,Master Koga comes  from a long line ofninjas!,"Je rêvais de devenir ninja, alors j'ai rejoint cette Arène.",69,YES
0x03D41F,3027,dialogue_19_19,51,I shall show you   true terror as a   ninja master!,KOGA : Un gamin\nose me défier ?\nLe poison tue.\nDécouvre son art !,75,YES
0x03D453,3035,dialogue_19_19,73,The Soulbadge lets you use Surf out-  side of battle.    Congratulations.,KOGA : Bien joué ! Prends le Badge Âme. Tu peux utiliser Surf hors combat !,84,YES
0x03D49D,3045,dialogue_19_19,81,"Welcome to the     Safari Zone! For   $500,you can catch all the Pok@mon youwant!",Bienvenue au Parc\nSafari ! Ici vivent\ndes Pokémon rares.\nEntrée : 500 $.\nÇa te dit ?,87,YES
0x03D4EF,3056,dialogue_19_19,11,Come again!,À la prochaine !,16,YES
0x03D4FB,3061,dialogue_19_19,16,That'll be $500!,Ça fera 500 $.\nBonne chance !,33,YES
0x03D50C,3066,dialogue_19_19,44,Congratulations!Youfound the Secret   House!,Tu as trouvé\nla Cabane Secrète !\nVoici ton prix !,54,YES
0x03D539,3075,dialogue_19_19,9,Got HM03!,CS03 obtenue !,14,YES
0x03D543,3076,dialogue_19_19,62,HM03 is Surf! Pok@-mon can carry you  across water using Surf!,CS03 : Surf !\nUn Pokémon te porte\nsur l'eau.\nElle ne s'use pas !,76,YES
0x03D582,3088,dialogue_19_19,11,Gold Teeth!,Dent d'Or obtenue !,19,YES
0x03D58E,3089,dialogue_19_19,33,Hif fuff hefifoo!  Heff hee fwee!,Ma Dent d'Or ?\nOù est-elle donc ?\nJe l'ai peut-être\nperdue...\nau Parc Safari ?,92,YES
0x03D5B0,3101,dialogue_19_19,105,(Ash gave the teethto the Warden).    Thanks kid! No one could understand a word I said. Here  take this!,"Mes Dents d'Or !\nMerci ! Secret :\nsans mon dentier,\nj'avais honte\nau bureau. Voici\nta récompense !",110,YES
0x03D61A,3124,dialogue_19_19,9,Got HM04!,CS04 obtenue !,14,YES
0x03D624,3125,dialogue_19_19,37,Strength lets Pok@-mon move boulders!,CS04 : Force !\nBouge les rochers !,38,YES
0x03D64A,3138,dialogue_19_19,16,I love swimming!,"Allons, ne fais pas cette tête.",30,YES
0x03D65B,3143,dialogue_19_19,11,Belly flop!,Sors avec moi !,15,YES
0x03D667,3144,dialogue_19_19,27,What's beyond the  horizon?,Je ne t'ai jamais vu par ici.,30,YES
0x03D683,3145,dialogue_19_19,14,I see islands!,Tu es le meilleur Dresseur que j'aie vu !,42,YES
0x03D692,3150,dialogue_19_19,17,Swimming's great!,Encore un regard ?\nJe te frappe !,33,YES
0x03D6A4,3158,dialogue_19_19,16,Sunburns aren't!,Je ne recommencerai plus !,25,YES
0x03D700,3162,dialogue_19_19,14,I got a cramp!,Je plaisantais !,16,YES
0x03D72D,5880,dialogue_19_19,4,Ooh!,Ma flamme est éteinte...,29,YES
0x03D79A,3176,dialogue_19_19,24,The water's shallowhere.,Certains Pokémon Eau ont une Défense élevée.,45,YES
0x03D7B3,5881,dialogue_19_19,6,Spash!,Même la Défense cède devant toi...,37,YES
0x03D7BA,3177,dialogue_19_19,16,I love floating.,Tu vas comprendre !,19,YES
0x03D7CB,3178,dialogue_19_19,53,00I have to thank youin some way! Maybe this will do!,"PRÉSIDENT :\nMerci, mon garçon !\nTu m'as sauvé !\nJuste à temps !\nJe ne l'oublierai !\nPrends ce cadeau !",113,YES
0x03D801,3196,dialogue_19_19,27,I hear you're good!Show me!,Toujours pas d'excuses ?,30,YES
0x03D81D,3197,dialogue_19_19,9,I give up,Les meilleurs combattants du pays sont ici !,48,YES
0x03D827,6655,dialogue_19_19,21,<B5A2><B5A3><B5A4>:<B0B6><B7B2><B9E7><B1D1><B4D5><B0C7>!!,"TEAM ROCKET :\nDégage, morveux !",36,YES
0x03D88B,3210,dialogue_19_19,19,Our Master's a pro!,Tu viens défier notre dojo ?,31,YES
0x03D89F,3215,dialogue_19_19,15,Judge! 1 point!,Seul le type Psy\nnous fait peur !,35,YES
0x03D8AF,3219,dialogue_19_19,18,Nothing scares me!,"Tu serais fort ? Alors, aucune pitié !",45,YES
0x03D8C2,3224,dialogue_19_19,29,Only psychic power scares us!,Notre Maître ?\nLe dieu du combat !\nTu veux le défier ?\nPrépare-toi !,70,YES
0x03D8E0,5882,dialogue_19_19,7,Hoargh!,Les pierres ?\nMême pas peur !,34,YES
0x03D8E8,3234,dialogue_19_19,19,"Ow,Stubbed fingers!",Seul le type Psy\nnous fait peur !,35,YES
0x03D8FC,3238,dialogue_19_19,19,Take your shoes off,"Numéro 2 du dojo,\nc'est moi !\nTu nous défies ?\nImpardonnable !\nEn garde !",86,YES
0x03D910,3247,dialogue_19_19,34,You wait 'til you  see our master!,Attends le Maître !\nTu vas dérouiller !,38,YES
0x03DA39,3293,dialogue_19_19,31,Sabrina's young butvery strong!,"Morgane est jeune,\nmais dirige l'Arène\nde Safrania !",51,YES
0x03DA59,3298,dialogue_19_19,25,I lost my concentr-ation!,Safrania avait deux\nArènes. L'Arène\nvoisine a perdu...,56,YES
0x03DA73,3313,dialogue_19_19,26,Power alone isn't  enough!,La force seule\nne suffit pas !,34,YES
0x03DABF,3323,dialogue_19_19,35,Does our unseen    power scare you?,"Le pouvoir Psy, c'est une force invisible !",49,YES
0x03DAE3,3328,dialogue_19_19,24,I never foresaw    this!,Comment est-ce possible ?,29,YES
0x03DAFC,3333,dialogue_19_19,37,"Sabrina is younger,but I respect her.",Morgane est encore\nplus jeune que moi.,38,YES
0x03DB22,3338,dialogue_19_19,29,The one of strongerwill wins!,"Face à Morgane,\nil faut de grands\npouvoirs Psy !",52,YES
0x03DB40,3345,dialogue_19_19,32,We're famous for   our psychics!,Le Pokémon reflète\nle caractère\nde son Dresseur.,54,YES
0x03DB61,3352,dialogue_19_19,19,I foresaw this loss,Hmm...\nTu as donc compris.,38,YES
0x03DB75,3358,dialogue_19_19,24,I can read your    mind!,Tu veux voir Morgane ?,28,YES
0x03DBB5,3360,dialogue_19_19,25,Our Pok@mon shall  fight!,Oh ? Apprendre\nles pouvoirs Psy\nne te tente pas ?,55,YES
0x03DBCF,3365,dialogue_19_19,17,I lost after all!,"Si tu ne veux pas apprendre, tant pis...",44,YES
0x03DBE1,3367,dialogue_19_19,86,"I had a vision of  your arrival! I    dislike fighting,  but I will show youmy powers!",MORGANE :\nJ'avais prédit\nta venue.\nJe suis médium\net hais le combat.\nVois mes pouvoirs !,114,YES
0x03DC38,3373,dialogue_19_19,74,A loss is a loss.  You have earned theMarshbadge. Please take this TM too.,MORGANE : Le Badge Marais et la CT40 sont à toi ! Vague Psy inflige de gros dégâts psychiques.,94,YES
0x03DC83,3379,dialogue_19_19,10,Got TM 40!,Badge Marais reçu !,19,YES
0x03DCE4,5892,dialogue_19_19,6,Yowch!,Je crois que tu as compris !,28,YES
0x03DD07,3392,dialogue_19_19,31,You have to fish   for Pok@mon!,"Cette fois,\nj'ai bien entendu.",37,YES
0x03DD43,3407,dialogue_19_19,8,Quit it!,On raconte qu'un Pokémon légendaire vivrait là...,51,YES
0x03DD5E,3409,dialogue_19_19,24,Watch out for Tentacool!,Tu ne veux pas sortir avec moi ?,36,YES
0x03DD88,3419,dialogue_19_19,15,Can't you swim?,T'es trop mignon !,18,YES
0x03DD98,5492,dialogue_19_19,10,Torpedoed!,Ah bon ? Dommage...,19,YES
0x03DDA3,3420,dialogue_19_19,23,Are you on vacationtoo?,Je suis plus beau que toi !,28,YES
0x03DDBB,3421,dialogue_19_19,16,No mercy at all!,"En fait,\nt'es le plus beau !",38,YES
0x03DDCC,3422,dialogue_19_19,28,Check out my buff  physique!,La mer est la source de toute vie.,42,YES
0x03DDE9,3423,dialogue_19_19,34,I should buff my   Pok@mon up too!,J'ai compris !\nTu avais raison.,35,YES
0x03DE25,5409,dialogue_19_19,6,Oh no!,Va où tu veux. Ça m'est égal.,30,YES
0x03DE4A,3430,dialogue_19_19,28,They grew inside a Cloyster!,"Vas-y, regarde tant que tu veux.",31,YES
0x03DE8B,3440,dialogue_19_19,19,I'm so disappointed,"Finalement, fais comme tu veux.",33,YES
0x03DEBF,3454,dialogue_19_19,31,Cinnabar is a volc-anic island!,Désolé... Je sais que tu es occupé.,36,YES
0x03DEDF,3460,dialogue_19_19,45,"Hi,I study Pok@mon!You have a fossil  for me?",Salut ! J'étudie les fossiles rares. T'aurais un fossile pour moi ?,67,YES
0x03DF87,3465,dialogue_19_19,56,Oh! That's a Helix Fossil! It is a    fossil of Omanyte!,Fossile Nautile !\nCelui d'Amonita !\nJe le ressusciterai\navec ma machine.\nConfie-le-moi !,91,YES
0x03DFF8,3487,dialogue_19_19,12,Got Omanyte!,Amonita reçu !,14,YES
0x03E005,3488,dialogue_19_19,56,Oh! That's a Dome  Fossil! It is a    fossil of Kabuto! ,Fossile Dôme !\nIl contient Kabuto.\nJe le ressusciterai\navec ma machine.\nConfie-le-moi !,91,YES
0x03E076,3506,dialogue_19_19,11,Got Kabuto!,Kabuto reçu !,13,YES
0x03E082,3512,dialogue_19_19,12,Who're you!?,Je me croyais seul.,19,YES
0x03E0A9,3514,dialogue_19_19,29,My Mentor used to  live here.,Le volcan a détruit ce laboratoire.,34,YES
0x03E0C7,3519,dialogue_19_19,45,He discovered a NewPok@mon and named  it Mew.,Il doit encore y avoir des Pokémon rares ici...,50,YES
0x03E186,3541,dialogue_19_19,19,This place is huge!,Zut !\nTu m'as trouvé !,35,YES
0x03E1BB,3548,dialogue_19_19,68,Yo Champ! Blaine isa fire Pok@mon pro!Douse his spirits  with water!,Salut !\nChampion en herbe !\nAuguste maîtrise\nles Pokémon Feu !,74,YES
0x03E259,3573,dialogue_19_19,32,"I'll win, I have   studied hard!",Le type Feu est\nle plus fort !,33,YES
0x03E27A,3574,dialogue_19_19,17,Waah! My Studies!,J'ai encore tant\nà étudier...,31,YES
0x03E2AD,3585,dialogue_19_19,18,Too hot to handle!,Ha ha ! Tu peux passer.,26,YES
0x03E2C0,3586,dialogue_19_19,25,Fire's weak againstwater!,Chacun a ses goûts.\nTu les connais ?,35,YES
0x03E2DA,3592,dialogue_19_19,15,Fire melts ice!,Comment est-ce possible...,30,YES
0x03E2EA,3593,dialogue_19_19,29,I know why Blaine'sa trainer!,J'ai vu beaucoup\nd'Arènes. Celle-ci\nest parfaite\npour un vol !,70,YES
0x03E347,3616,dialogue_19_19,30,This is my favoritegym of all!,J'étais voleur. J'ai changé de vie.,38,YES
0x03E366,3617,dialogue_19_19,15,Yowza! Too hot!,Ha ha ! Tu peux passer.,26,YES
0x03E376,3619,dialogue_19_19,89,I am Cinnabar Gym  Leader Blaine! My  Pok@mon will incin-erate all those whochallenge me!,AUGUSTE : Je suis le fougueux Champion de Cramois'Île ! Admire mes Pokémon Feu !,100,YES
0x03E41A,3646,dialogue_19_19,24,I'm in a triathlon meet!,Mon équipe de Magicarpe est imbattable !,50,YES
0x03E433,3651,dialogue_19_19,13,Man I'm beat!,Quelle défaite\ncuisante...,30,YES
0x03E441,3657,dialogue_19_19,37,The sea cleanses   the body and soul!,Encore un peu :\nBourg Palette est\ntout près...,50,YES
0x03E467,3672,dialogue_19_19,27,I like mountains   as well.,Bourg Palette ?\nC'est chez toi !,35,YES
0x03E4A6,3685,dialogue_19_19,32,Where'd you catch  your Pok@Mon?,"Même battu, je ne changerai pas d'avis !",46,YES
0x03E4C7,3690,dialogue_19_19,32,Ahh! Feel the sun  and the wind!,Tu te crois fort ?\nJe vais te casser\nles dents !,49,YES
0x03E502,3700,dialogue_19_19,28,Swimming's great   exercise!,"Salut ! Ça te dit, un combat ?",30,YES
0x03E565,3712,dialogue_19_19,26,Grr! I'm still not worthy!,Tu vises la Ligue ?\nQuel courage !\nN'aie pas peur.,53,YES
0x03E580,3719,dialogue_19_19,51,Karate is the      ultimate form of   martial arts!,"DOMPTEUR : Sans PV, le Boss te bat ! KARATÉKA : Ma rage est au comble !",72,YES
0x03E5B4,3724,dialogue_19_19,45,If my Pok@mon were as good at karate  as I...,KARATÉKA : Je dois\nprogresser...\nDOMPTEUR :\nJe les comprends !,75,YES
0x03E612,3742,dialogue_19_19,45,Do you know the    identity of our GymLeader?,KARATÉKA : Si j'étais fort comme le Boss ! DOMPTEUR : On s'en va !,80,YES
0x03E640,3747,dialogue_19_19,51,Heh! You must be   running out of     steam by now!,DOMPTEUR : Bats notre Boss et file à la Ligue ! GIOVANNI : Ha ha ! Encore toi...,89,YES
0x03E674,3748,dialogue_19_19,49,You need power to  keep up with our   Gym Leader!,SACHA :\nTu diriges\nla Team Rocket\net l'Arène ?,69,YES
0x03E6A6,3749,dialogue_19_19,37,Your Pok@mon will  cower at my power!,ROCKET : Tu nous as mis au chômage ! Impardonnable !,53,YES
0x03E6CC,3750,dialogue_19_19,28,Wait! I was just   careless.,SACHA :\nQui êtes-vous ?,34,YES
0x03E6E9,3751,dialogue_19_19,72,"Viridian Gym was   closed for a long  time, but now our  Leader is back!",Tu sais au moins\nqui je suis ?\nKARATÉKA : Un vrai\nDresseur remporte\nses victoires\navec élégance !,110,YES
0x03E732,3775,dialogue_19_19,68,You can go onto thePok@mon League onlyby defeating our   Gym Leader!,"Le Boss va être furieux... TOPDRESSEUR : Moi, je suis un génie !",75,YES
0x03E777,6667,dialogue_19_19,31,<B1CF><B1D0><B2D4>:<B0EE><B0BF><B0CE><B0C2><B0C5><B0EE><B6AD><B0B6><B1DE><B0EC><B0FC><B0BC>,"Ici, les gamins sont interdits !",35,YES
0x03E82C,6679,dialogue_19_19,38,<0A><B2EA><B9CE><B3B8><B3B8>:<B5CE><B5CF><B2D6><B2A5><B3CA><B1F9><B0AE><B5A2><B6DC><BAD9><B2F4><B0BC><B7AB><BADA>,Le volcan entre souvent en éruption à Cramois'Île.,52,YES
0x03E853,6690,dialogue_19_19,32,<0A><B1CF><B1D0><B2D4>:<B0B8><B0EE><BADB><B1AD><B1C0><B0AE><B0E7><B0A1><B0A2><B0BC><B1CF><B1D0>,"Ici, on étudie\nchaque jour\nles Pokémon.",50,YES
0x03E874,6691,dialogue_19_19,43,<0A><B0B6><B1DE>:<B1C2><B0B8><B6DB><B6CF><B6DC><B2F4><B2F5><B0BC><B5AB><B1B2><B1B4><B8B4><B0C2><B5C5><B6B2><B0BC><B5AB><B1B2>!,Ce fossile trouvé\nau Mont Sélénite\nsemble précieux !,55,YES
0x03EC21,6706,dialogue_19_19,36,<0A><B1CF><B1D0><B2D4>:<B5A2><B0E7><B5F7><B9DB><B5DE><B2B6><B2B7><B2B8><B3A8><B2B2><BAE8><B0AF><B0C3><B2C9>,Le Feu craint l'Eau et domine la Glace.,38,YES
