pointer_reference_hex,chinese_target_hex,chinese_record_index,chinese_text,english_target_hex,english_entry_index,english_offset_hex,english_storage,english_text,fidelity_status,review_note
0x03002B,0x0301C5,1,"
南晶公司版权所有",0x0301C5,1,0x0301C4,graphical_codes,<0A><B0A7><B0A8><B0A9><B0AA><B0AB><B0AC><B0AD><B0AE>,english_graphical_residual,La cible anglaise conserve des codes graphiques.
0x03002D,0x0301D7,2,"
啊!野生的",0x03041D,46,0x03041D,ascii,Oh!A Wild,pending_semantic_review,
0x03002F,0x0301E2,3,"
出来了!",0x0301E1,2,0x0301D7,ascii,Appeared!,pending_semantic_review,
0x030031,0x0301EB,4,"
冲啊!",0x0301EB,3,0x0301EB,ascii,Go!,pending_semantic_review,
0x030033,0x0301F2,5,"
野生的",0x0301F2,4,0x0301F0,graphical_codes,00<B1F8><B1C9><B0BC>,english_graphical_residual,La cible anglaise conserve des codes graphiques.
0x030035,0x0301FA,6,"
不行了!",0x0301F9,5,0x0301F9,ascii,Fainted!,pending_semantic_review,
0x030037,0x030203,7,"
经验值得到了!",0x030AB5,152,0x030AB5,ascii,Experience Gained!,pending_semantic_review,
0x030039,0x030212,8,"
情况不妙快逃!",0x030210,7,0x030210,ascii,Got away safely!,pending_semantic_review,
0x03003B,0x030221,9,"
小智使用了",0x030221,8,0x030221,ascii,Threw a,pending_semantic_review,
0x03003D,0x03022D,10,"
将",0x03022A,9,0x03022A,ascii,Yes!,pending_semantic_review,
0x03003F,0x030231,11,"
抓到了",0x030256,12,0x03024E,ascii,was caught!,pending_semantic_review,
0x030041,0x030239,12,"
不行啊!",0x030239,10,0x030230,ascii,Oh No!,pending_semantic_review,
0x030043,0x030242,13,"
从精灵球中跑出来了",0x030242,11,0x030242,ascii,Broke free!,pending_semantic_review,
0x030045,0x030256,14,"
比试胜负来了!",0x035F05,876,0x035F05,ascii,wants to fight!,pending_semantic_review,
0x030047,0x030265,15,"
使用了",0x030263,13,0x030262,ascii,sent out,pending_semantic_review,
0x030049,0x03026D,16,"
不行!胜负的关键不能逃!",0x03026D,14,0x03026D,ascii,Can't run from trainer,pending_semantic_review,
0x03004B,0x030285,17,"
打败了",0x030ADB,154,0x030ADB,ascii,Defeated,pending_semantic_review,
0x03004D,0x03028D,18,"
小智作为奖金",0x035F3D,880,0x035F3D,ascii,"""I can't believe I lost!""",pending_semantic_review,
0x030051,0x03029F,20,"
不行!这是偷盗行为!",0x030290,15,0x030290,ascii,Trainer blocked the ball,pending_semantic_review,
0x030053,0x0302B3,21,"
请准备应战",0x0302B3,16,0x0302A9,ascii,Your turn!,pending_semantic_review,
0x030055,0x0302BF,22,"
使用",0x0302BF,17,0x0302BF,ascii,used,pending_semantic_review,
0x030057,0x0302C5,23,"
效果一般!",0x0302C5,18,0x0302C5,ascii,Good Hit!,pending_semantic_review,
0x030059,0x0302D0,24,"
效果拔群!",0x035F23,878,0x035F23,ascii,Super effective!,pending_semantic_review,
0x03005B,0x0302DB,25,"
效果不好!",0x0302D0,19,0x0302CF,ascii,Not very effective!,pending_semantic_review,
0x03005D,0x0302E6,26,"
没有效果!",0x0302E6,20,0x0302E4,ascii,Missed!,pending_semantic_review,
0x03005F,0x0302F1,27,"
中毒了",0x0302EE,21,0x0302EE,ascii,is poisoned,pending_semantic_review,
0x030061,0x0302F9,28,"
睡着了",0x03651B,1014,0x03651B,ascii,Fell asleep!,pending_semantic_review,
0x030063,0x030301,29,"
麻痹了",0x035F15,877,0x035F15,ascii,is paralyzed!,pending_semantic_review,
0x030065,0x030309,30,"
被烧伤了",0x030304,23,0x030304,ascii,is burned,pending_semantic_review,
0x030067,0x030313,31,"
混乱了",0x03030E,24,0x03030E,ascii,is confused,pending_semantic_review,
0x030069,0x03031B,32,"
冰冻了",0x03031A,25,0x03031A,ascii,is frozen,pending_semantic_review,
0x03006B,0x030323,33,"
中剧毒了",0x0302FB,22,0x0302FA,ascii,Flinched,pending_semantic_review,
0x03006D,0x03032D,34,"
害怕了",0x0302FB,22,0x0302FA,ascii,Flinched,pending_semantic_review,
0x03006F,0x030335,35,"
中毒了有损伤",0x03032A,26,0x030324,ascii,is hurt due to poison!,pending_semantic_review,
0x030071,0x030343,36,"
睡着了",0x030341,27,0x030341,ascii,is asleep,pending_semantic_review,
0x030073,0x03034B,37,"
麻痹了不能动",0x03650D,1013,0x03650D,ascii,Can't attack!,pending_semantic_review,
0x030075,0x030359,38,"
烧伤了有损伤",0x03034C,28,0x03034B,ascii,is hurt from it's burn!,pending_semantic_review,
0x030077,0x030367,39,"
混乱了攻击自己",0x030367,29,0x030364,ascii,is confused,pending_semantic_review,
0x030079,0x030377,40,"
冰冻了不能动",0x030377,30,0x030373,ascii,is frozen,pending_semantic_review,
0x03007B,0x030385,41,"
中剧毒了损伤",0x030385,31,0x030381,graphical_codes,0000<B0DC><B7AE><B8D8><B0F8><BBA2><B9C7>,english_graphical_residual,La cible anglaise conserve des codes graphiques.
0x03007D,0x030393,42,"
害怕不能行动",0x030393,32,0x030392,graphical_codes,<0A><B3EE><B8AC><B0CE><B0EC><B3A9><B0B2>,english_graphical_residual,La cible anglaise conserve des codes graphiques.
0x03007F,0x0303A1,43,"
上升了",0x0303A1,33,0x0303A1,ascii,Rose,pending_semantic_review,
0x030081,0x0303A9,44,"
迅速上升了",0x03048C,54,0x03048C,ascii,Greatly Rose,pending_semantic_review,
0x030083,0x0303B5,45,"
不能再上升了",0x0303AA,34,0x0303A9,ascii,can't go higher!,pending_semantic_review,
0x030085,0x0303C3,46,"
下降了",0x0303C2,35,0x0303BC,ascii,Fell,pending_semantic_review,
0x030087,0x0303CB,47,"
迅速下降了",0x0303CB,36,0x0303C8,graphical_codes,000<BBA4><B9D4><B0F9><BBA5><B0F8>,english_graphical_residual,La cible anglaise conserve des codes graphiques.
0x030089,0x0303D7,48,"
不能再下降了",0x0303D6,37,0x0303D6,ascii,can't go lower,pending_semantic_review,
0x03008B,0x0303E5,49,"
谢谢",0x0303E6,38,0x0303E6,graphical_codes,<B0D8><B0D8>,english_graphical_residual,La cible anglaise conserve des codes graphiques.
0x03008D,0x0303EB,50,"
谢谢",0x0303EB,39,0x0303EB,graphical_codes,<B0D8><B0D8>,english_graphical_residual,La cible anglaise conserve des codes graphiques.
0x03008F,0x0303F1,51,"
谢谢",0x0303F1,40,0x0303F0,graphical_codes,<0A><B0D8><B0D8>,english_graphical_residual,La cible anglaise conserve des codes graphiques.
0x030091,0x0303F7,52,"
谢谢",0x0303F7,41,0x0303F6,graphical_codes,<0A><B0D8><B0D8>,english_graphical_residual,La cible anglaise conserve des codes graphiques.
0x030093,0x0303FD,53,"
谢谢",0x0303FD,42,0x0303FC,graphical_codes,<0A><B0D8><B0D8>,english_graphical_residual,La cible anglaise conserve des codes graphiques.
0x030095,0x030403,54,"
什么!?",0x030403,43,0x030403,ascii,What?,pending_semantic_review,
0x030097,0x03040B,55,"
的样子...!",0x030409,44,0x030409,ascii,is Evolving!,pending_semantic_review,
0x030099,0x030417,56,"
恭喜!",0x030417,45,0x030417,ascii,Wow!,pending_semantic_review,
0x03009B,0x03041E,57,"
进化成",0x035F57,881,0x035F57,ascii,Evolved into,pending_semantic_review,
0x0300A5,0x03043F,60,"
但是",0x035F85,884,0x035F85,ascii,But it can't learn,pending_semantic_review,
0x0300A7,0x030445,61,"
四个技能已经满了!",0x030445,48,0x03043F,ascii,more than 4 moves!,pending_semantic_review,
0x0300A9,0x030458,62,"
要学会",0x030458,49,0x030458,graphical_codes,<B0C3><B4C3><B1F9>,english_graphical_residual,La cible anglaise conserve des codes graphiques.
0x0300AB,0x030460,63,"
忘记其它的技能吗?",0x035F98,885,0x035F98,ascii,Forget an older move?,pending_semantic_review,
0x0300AD,0x030473,64,"
是否",0x030473,51,0x030467,graphical_codes,000000000000<B0C2><B1A1>,english_graphical_residual,La cible anglaise conserve des codes graphiques.
0x0300AF,0x030479,65,"
忘记哪个技能?",0x030479,52,0x030479,ascii,Which move?,pending_semantic_review,
0x0300B1,0x030488,66,"
将",0x03045F,50,0x03045F,ascii,Forgot,pending_semantic_review,
0x0300B3,0x03048C,67,"
用法完全忘记了!",0x030485,53,0x030485,ascii,And...,pending_semantic_review,
0x0300B5,0x03049D,68,"
而且学会了",0x03049D,55,0x03049A,ascii,Learned,pending_semantic_review,
0x0300B7,0x0304A9,69,"
放弃学习",0x035FAE,886,0x035FAE,ascii,Forget,pending_semantic_review,
0x0300B9,0x0304B3,70,"
吗?",0x0304A9,56,0x0304A9,ascii,?,pending_semantic_review,
0x0300BB,0x0304B8,71,"
没有学习",0x0304B3,57,0x0304AB,ascii,Did not learn,pending_semantic_review,
0x0300BD,0x0304C2,72,"
聚集了太阳光",0x0304C2,58,0x0304C2,graphical_codes,<BAB7><B6B8><B0F8><B6C6><BBA7><B0E4>,english_graphical_residual,La cible anglaise conserve des codes graphiques.
0x0300BF,0x0304D0,73,"
太阳光射出",0x0304D0,59,0x0304CF,graphical_codes,<0A><B6C6><BBA7><B0E4><BBA8><B0A4>,english_graphical_residual,La cible anglaise conserve des codes graphiques.
0x0300C1,0x0304DC,74,"
钻到了地下",0x0304DC,60,0x0304DB,graphical_codes,<0A><BBA9><B0DB><B0F8><B3BB><B0F9>,english_graphical_residual,La cible anglaise conserve des codes graphiques.
0x0300C3,0x0304E8,75,"
迅速攻击",0x0304E8,61,0x0304E7,graphical_codes,<0A><BBA4><B9D4><B4AB><B4AC>,english_graphical_residual,La cible anglaise conserve des codes graphiques.
0x0300C5,0x0304F2,76,"
蓄集力量",0x0304F2,62,0x0304F1,graphical_codes,<0A><BBAA><B6B8><B0E3><B3EC>,english_graphical_residual,La cible anglaise conserve des codes graphiques.
0x0300C7,0x0304FC,77,"
全力一击",0x0304FC,63,0x0304FB,graphical_codes,<0A><B6C0><B0E3><B1D1><B4AC>,english_graphical_residual,La cible anglaise conserve des codes graphiques.
0x0300C9,0x030506,78,"
蓄集力量",0x030506,64,0x030505,graphical_codes,<0A><BBAA><B6B8><B0E3><B3EC>,english_graphical_residual,La cible anglaise conserve des codes graphiques.
0x0300CB,0x030510,79,"
全力一击",0x030510,65,0x03050F,graphical_codes,<0A><B6C0><B0E3><B1D1><B4AC>,english_graphical_residual,La cible anglaise conserve des codes graphiques.
0x0300CD,0x03051A,80,"
蓄集打消",0x03051A,66,0x030519,graphical_codes,<0A><BBAA><B6B8><B0CF><B4F1>,english_graphical_residual,La cible anglaise conserve des codes graphiques.
0x0300CF,0x030524,81,"
飞上高空",0x030524,67,0x030523,graphical_codes,<0A><B1AC><B1E5><B8AF><B1A2>,english_graphical_residual,La cible anglaise conserve des codes graphiques.
0x0300D1,0x03052E,82,"
舍命一击",0x03052E,68,0x03052D,graphical_codes,<0A><BBAB><B4B9><B1D1><B4AC>,english_graphical_residual,La cible anglaise conserve des codes graphiques.
0x0300D3,0x030538,83,"
蓄集神力",0x030538,69,0x030537,graphical_codes,<0A><BBAA><B6B8><B6DD><B0E3>,english_graphical_residual,La cible anglaise conserve des codes graphiques.
0x0300D5,0x030542,84,"
神力射出",0x030542,70,0x030541,graphical_codes,<0A><B6DD><B0E3><BBA8><B0A4>,english_graphical_residual,La cible anglaise conserve des codes graphiques.
0x0300D7,0x03054C,85,"
预知未来",0x03054C,71,0x03054B,graphical_codes,<0A><B6EC><B2D7><B3E5><B0FC>,english_graphical_residual,La cible anglaise conserve des codes graphiques.
0x0300D9,0x030556,86,"
受到预知未来攻击",0x030556,72,0x030555,graphical_codes,<0A><B4A9><B0DB><B6EC><B2D7><B3E5><B0FC><B4AB><B4AC>,english_graphical_residual,La cible anglaise conserve des codes graphiques.
0x0300DB,0x030568,87,"
吃掉了",0x030568,73,0x030567,graphical_codes,<0A><B9B3><B8AB><B0F8>,english_graphical_residual,La cible anglaise conserve des codes graphiques.
0x0300DD,0x030570,88,"
的梦",0x030570,74,0x03056F,graphical_codes,<0A><B0BC><B1D6>,english_graphical_residual,La cible anglaise conserve des codes graphiques.
0x0300DF,0x030576,89,"
发怒了",0x030576,75,0x030575,graphical_codes,<0A><B2F4><BAF0><B0F8>,english_graphical_residual,La cible anglaise conserve des codes graphiques.
0x0300E1,0x03057E,90,"
受到诅咒",0x03057E,76,0x03057D,graphical_codes,<0A><B4A9><B0DB><B9BA><B9BB>,english_graphical_residual,La cible anglaise conserve des codes graphiques.
0x0300E3,0x030588,91,"
战斗",0x030588,77,0x030588,ascii,Fight,pending_semantic_review,
0x0300E5,0x03058E,92,"
背包",0x03058E,78,0x03058E,ascii,Item,pending_semantic_review,
0x0300E7,0x030594,93,"
精灵",0x030594,79,0x030594,ascii,PKMN,pending_semantic_review,
0x0300E9,0x03059A,94,"
逃跑",0x03059A,80,0x030599,ascii,Ru,pending_semantic_review,
0x030115,0x0305FA,116,"
普  通",0x0305FA,82,0x0305F5,ascii,00Item,pending_semantic_review,
0x030117,0x030602,117,"
精灵球",0x030602,83,0x030602,ascii,Balls,pending_semantic_review,
0x030119,0x03060A,118,"
秘传技",0x03060A,84,0x030608,ascii,TM/HMs,pending_semantic_review,
0x03011B,0x030612,119,"
贵  重",0x030611,85,0x030611,ascii,KeyItm,pending_semantic_review,
0x03011D,0x03061A,120,"
威力:",0x03061A,86,0x030618,ascii,PWR :,pending_semantic_review,
0x03011F,0x030621,121,"
命中:",0x030621,87,0x030621,ascii,Acc.:,pending_semantic_review,
0x030121,0x030628,122,"
类型:",0x030628,,,,,unresolved_alignment,
0x030123,0x03062F,123,"
野生",0x03062E,88,0x03062E,ascii,Wild,pending_semantic_review,
0x030125,0x030635,124,"
对手",0x030634,89,0x030634,ascii,Enemy,pending_semantic_review,
0x030127,0x03063B,125,"
命中要害!",0x03063B,90,0x03063B,ascii,Critical!,pending_semantic_review,
0x030129,0x030646,126,"
使用下一个怪兽吗?",0x030646,91,0x030646,ascii,Send another PKMN?,pending_semantic_review,
0x03012B,0x030659,127,"
是  否",0x030659,92,0x030659,ascii,Yes No,pending_semantic_review,
0x03012D,0x030661,128,"
对手要使用",0x035FB6,887,0x035FB6,ascii,Opponent sent out,pending_semantic_review,
0x03012F,0x03066D,129,"
小智要改变怪兽吗?",0x03066D,93,0x030660,ascii,Switch Pok@mon?,pending_semantic_review,
0x030131,0x030680,130,"
等级提升到了",0x030680,94,0x03067D,ascii,Grew to level,pending_semantic_review,
0x030133,0x03068E,131,"
进化中止!",0x035F65,882,0x035F65,ascii,Did not evolve!,pending_semantic_review,
0x030135,0x030699,132,"
已经",0x030695,95,0x03068E,ascii,already,pending_semantic_review,
0x030137,0x03069F,133,"
攻击力",0x03069F,96,0x03069F,ascii,Attack,pending_semantic_review,
0x030139,0x0306A7,134,"
防御力",0x0306A6,97,0x0306A6,ascii,Defense,pending_semantic_review,
0x03013B,0x0306AF,135,"
特攻",0x0306AF,98,0x0306AF,ascii,S.Atk,pending_semantic_review,
0x03013D,0x0306B5,136,"
特防",0x0306B5,99,0x0306B5,ascii,S.DE,pending_semantic_review,
0x03013F,0x0306BB,137,"
速度",0x0306BA,100,0x0306BA,ascii,Speed,pending_semantic_review,
0x030141,0x0306C1,138,"
命中率",0x0306C0,101,0x0306C0,ascii,Accuracy,pending_semantic_review,
0x030143,0x0306C9,139,"
血值有所恢复",0x0306C9,102,0x0306C9,ascii,Recovered HP!,pending_semantic_review,
0x030145,0x0306D7,140,"
不能行动!",0x0306D7,103,0x0306D7,graphical_codes,<B0CE><B0EC><B3A9><B0B2>!,english_graphical_residual,La cible anglaise conserve des codes graphiques.
0x030147,0x0306E2,141,"
一击必杀!",0x0306E2,104,0x0306E1,graphical_codes,<0A><B1D1><B4AC><BAC5><B8BC>!,english_graphical_residual,La cible anglaise conserve des codes graphiques.
0x030149,0x0306ED,142,"
逃跑了!",0x0306ED,105,0x0306EC,graphical_codes,<0A><B3EF><B8B9><B0F8>!,english_graphical_residual,La cible anglaise conserve des codes graphiques.
0x03014B,0x0306F6,143,"
不能逃!",0x0306F6,106,0x0306F5,graphical_codes,<0A><B0CE><B0EC><B3EF>!,english_graphical_residual,La cible anglaise conserve des codes graphiques.
0x03014D,0x0306FF,144,"
中毒解除了",0x0306FF,107,0x0306FE,graphical_codes,<0A><B0DC><B8D8><B9B5><BBB2><B0F8>,english_graphical_residual,La cible anglaise conserve des codes graphiques.
0x03014F,0x03070B,145,"
醒过来了",0x03070B,108,0x03070B,ascii,Woke up!,pending_semantic_review,
0x030151,0x030715,146,"
麻痹解除了",0x030715,109,0x030714,graphical_codes,<0A><B2ED><B5FA><B9B5><BBB2><B0F8>,english_graphical_residual,La cible anglaise conserve des codes graphiques.
0x030153,0x030721,147,"
烧伤解除了",0x030721,110,0x030720,graphical_codes,<0A><BAE7><B9C7><B9B5><BBB2><B0F8>,english_graphical_residual,La cible anglaise conserve des codes graphiques.
0x030155,0x03072D,148,"
混乱解除了",0x03072D,111,0x03072D,ascii,Recovered!,pending_semantic_review,
0x030157,0x030739,149,"
冰冻解除了",0x030739,112,0x030738,graphical_codes,<0A><BAE8><BAD4><B9B5><BBB2><B0F8>,english_graphical_residual,La cible anglaise conserve des codes graphiques.
0x030159,0x030745,150,"
剧毒解除了",0x030745,113,0x030744,graphical_codes,<0A><B7AE><B8D8><B9B5><BBB2><B0F8>,english_graphical_residual,La cible anglaise conserve des codes graphiques.
0x03015B,0x030751,151,"
害怕解除了",0x030751,114,0x030750,graphical_codes,<0A><B3EE><B8AC><B9B5><BBB2><B0F8>,english_graphical_residual,La cible anglaise conserve des codes graphiques.
0x03015D,0x03075D,152,"
得到了",0x03075C,115,0x03075C,ascii,You got,pending_semantic_review,
0x03015F,0x030765,153,"
支付了",0x030765,116,0x030765,ascii,Lost,pending_semantic_review,
0x030161,0x03076D,154,"
和",0x03076D,117,0x03076B,ascii,Trainer,pending_semantic_review,
0x030163,0x030771,155,"
比试失败了",0x030775,118,0x030775,ascii,Won!,pending_semantic_review,
0x030165,0x03077D,156,"
需要",0x03077D,119,0x03077A,graphical_codes,000<B3C7><B0C3>,english_graphical_residual,La cible anglaise conserve des codes graphiques.
0x030167,0x030783,157,"
蓝色徽章",0x030783,120,0x030782,graphical_codes,<0A><B4D0><B4BC><B3D1><B3D2>,english_graphical_residual,La cible anglaise conserve des codes graphiques.
0x030169,0x03078D,158,"
橙色徽章",0x03078D,121,0x03078C,graphical_codes,<0A><B7EB><B4BC><B3D1><B3D2>,english_graphical_residual,La cible anglaise conserve des codes graphiques.
0x03016B,0x030797,159,"
粉红徽章",0x030797,122,0x030796,graphical_codes,<0A><BBB3><B5CE><B3D1><B3D2>,english_graphical_residual,La cible anglaise conserve des codes graphiques.
0x03016D,0x0307A1,160,"
彩虹徽章",0x0307A1,123,0x0307A0,graphical_codes,<0A><B6CA><B8FD><B3D1><B3D2>,english_graphical_residual,La cible anglaise conserve des codes graphiques.
0x03016F,0x0307AB,161,"
灰色徽章",0x0307AB,124,0x0307AA,graphical_codes,<0A><B4BB><B4BC><B3D1><B3D2>,english_graphical_residual,La cible anglaise conserve des codes graphiques.
0x030173,0x0307BA,162,"
不能中毒!",0x0307BA,125,0x0307B9,graphical_codes,<0A><B0CE><B0EC><B0DC><B8D8>!,english_graphical_residual,La cible anglaise conserve des codes graphiques.
0x030175,0x0307C5,163,"
不能烧伤!",0x0307C5,126,0x0307C4,graphical_codes,<0A><B0CE><B0EC><BAE7><B9C7>!,english_graphical_residual,La cible anglaise conserve des codes graphiques.
0x030177,0x0307D0,164,"
不能冰冻!",0x0307D0,127,0x0307CF,graphical_codes,<0A><B0CE><B0EC><BAE8><BAD4>!,english_graphical_residual,La cible anglaise conserve des codes graphiques.
0x030179,0x0307DB,165,"
存放",0x0307DA,128,0x0307DA,ascii,Send,pending_semantic_review,
0x03017B,0x0307E1,166,"
箱子一",0x0307E1,129,0x0307E1,ascii,Box 1,pending_semantic_review,
0x03017D,0x0307E9,167,"
箱子二",0x0307E9,130,0x0307E9,ascii,Box 2,pending_semantic_review,
0x03017F,0x0307F1,168,"
箱子三",0x0307F1,131,0x0307F1,ascii,Box 3,pending_semantic_review,
0x030181,0x0307F9,169,"
箱子四",0x0307F9,132,0x0307F9,ascii,Box 4,pending_semantic_review,
0x030183,0x030801,170,"
箱子五",0x030801,133,0x030801,ascii,Box 5,pending_semantic_review,
0x030185,0x030809,171,"
箱子六",0x030809,134,0x030809,ascii,Box 6,pending_semantic_review,
0x030187,0x030811,172,"
箱子七",0x030811,135,0x030811,ascii,Box 7,pending_semantic_review,
0x030189,0x030819,173,"
箱子八",0x030819,136,0x030819,ascii,Box 8,pending_semantic_review,
0x03018B,0x030821,174,"
携带已满!",0x030821,137,0x03081F,ascii,Party Full,pending_semantic_review,
0x03018D,0x03082C,175,"
你好!欢迎你光临宠物精灵的世界!大家都叫我大木博士,在这世界住着被称为宠物精灵的生物!",0x03082C,138,0x03082C,ascii,Hello there! Welcome to the world of Pok@mon! My name is OAK! People call me the Pok@mon PROF!,pending_semantic_review,
0x03018F,0x030880,176,"
这生物被视为宠物,或使用于对战等等.而我是研究这宠物精灵的!",0x035DCC,874,0x035DCC,ascii,"This world is inhabited by creatures called Pok@mon! For some people, Pok@mon are pets.Others use them for fights. Myself...I study Pok@mon as a profession.",pending_semantic_review,
0x030191,0x0308BB,177,"
小智,一个将属于你的故事,梦想即将开始!",0x035E82,875,0x035E82,ascii,ASH! Your very own Pok@mon legend is about to unfold! A world of dreams & adventureswith Pok@mon awaits! Let's go!,pending_semantic_review,
0x030193,0x0308E2,178,"
买",0x0308E1,142,0x0308E1,ascii,Buy,pending_semantic_review,
0x030195,0x0308E6,179,"
卖",0x0308E5,143,0x0308E5,ascii,Sel,pending_semantic_review,
0x030197,0x0308EA,180,"
欢迎光临",0x0308D4,141,0x0308D3,ascii,Item Shop,pending_semantic_review,
0x030199,0x0308F4,181,"
买几个?",0x0308E9,144,0x0308E9,ascii,How Many?,pending_semantic_review,
0x03019B,0x0308FD,182,"
卖几个?",0x0308E9,144,0x0308E9,ascii,How Many?,pending_semantic_review,
0x03019D,0x030906,183,"
交易成功",0x0308F6,145,0x0308F6,ascii,Thank you!,pending_semantic_review,
0x03019F,0x030910,184,"
无法交易",0x03090C,146,0x030902,ascii,Can't Hold!,pending_semantic_review,
0x0301A1,0x03091A,185,"
钱不够",0x030AC9,153,0x030AC9,ascii,Can't Afford it!,pending_semantic_review,
0x0301A3,0x030922,186,"
未得到图鉴!",0x030921,147,0x030919,ascii,Don't have!,pending_semantic_review,
0x0301A5,0x03092F,187,"
没有精灵",0x03092D,148,0x03092D,ascii,No Pokemon!,pending_semantic_review,
0x0301A7,0x030939,188,"
也有所损伤",0x030939,149,0x030939,ascii,Hit with recoil!,pending_semantic_review,
0x0301A9,0x030945,189,"
攻击",0x0308C7,140,0x0308C7,ascii,Unleashed!,pending_semantic_review,
0x0301AB,0x03094B,190,"
受到诅咒",0x03094B,150,0x03094A,graphical_codes,0<B4A9><B0DB><B9BA><B9BB>,english_graphical_residual,La cible anglaise conserve des codes graphiques.
0x0301AD,0x030955,191,"
撞击",0x030AE5,155,0x030AE5,ascii,Used Struggle!,pending_semantic_review,
0x0301AF,0x03095B,192,"
使用了伤药",0x0364F0,1012,0x0364F0,ascii,Used a Max Potion!,pending_semantic_review,
0x0301B1,0x030967,193,"
血值恢复了",0x030966,151,0x030955,ascii,Regained HP!,pending_semantic_review,
0x030977,0x030ABB,194,"
妙蛙种子",0x035FCD,888,0x035FCD,ascii,Bulbasaur,pending_semantic_review,
0x030979,0x030AC5,195,"
妙蛙草",0x035FD7,889,0x035FD7,ascii,Ivysaur,pending_semantic_review,
0x03097B,0x030ACD,196,"
妙蛙花",0x035FDF,890,0x035FDF,ascii,Venusaur,pending_semantic_review,
0x03097D,0x030AD5,197,"
小火龙",0x035FE8,891,0x035FE8,ascii,Charmander,pending_semantic_review,
0x03097F,0x030ADD,198,"
火恐龙",0x035FF3,892,0x035FF3,ascii,Charmeleon,pending_semantic_review,
0x030981,0x030AE5,199,"
喷火龙",0x035FFE,893,0x035FFE,ascii,Charizard,pending_semantic_review,
0x030983,0x030AED,200,"
杰尼龟",0x036008,894,0x036008,ascii,Squirtle,pending_semantic_review,
0x030985,0x030AF5,201,"
卡米龟",0x036011,895,0x036011,ascii,Wartortle,pending_semantic_review,
0x030987,0x030AFD,202,"
水箭龟",0x03601B,896,0x03601B,ascii,Blastoise,pending_semantic_review,
0x030989,0x030B05,203,"
绿毛虫",0x036025,897,0x036025,ascii,Caterpie,pending_semantic_review,
0x03098B,0x030B0D,204,"
铁甲蛹",0x03602E,898,0x03602E,ascii,Metapod,pending_semantic_review,
0x03098D,0x030B15,205,"
巴大蝴",0x036036,899,0x036036,ascii,Butterfree,pending_semantic_review,
0x03098F,0x030B1D,206,"
独角虫",0x036041,900,0x036041,ascii,Weedle,pending_semantic_review,
0x030991,0x030B25,207,"
铁壳昆",0x036048,901,0x036048,ascii,Kakuna,pending_semantic_review,
0x030993,0x030B2D,208,"
大针蜂",0x03604F,902,0x03604F,ascii,Beedrill,pending_semantic_review,
0x030995,0x030B35,209,"
波波",0x036058,903,0x036058,ascii,Pidgey,pending_semantic_review,
0x030997,0x030B3B,210,"
比比鸟",0x03605F,904,0x03605F,ascii,Pidgeotto,pending_semantic_review,
0x030999,0x030B43,211,"
比雕",0x036069,905,0x036069,ascii,Pidgeot,pending_semantic_review,
0x03099B,0x030B49,212,"
小拉达",0x036071,,,,,unresolved_alignment,
0x03099D,0x030B51,213,"
拉达",0x036079,906,0x036079,ascii,Raticate,pending_semantic_review,
0x03099F,0x030B57,214,"
烈雀",0x036082,907,0x036082,ascii,Spearow,pending_semantic_review,
0x0309A1,0x030B5D,215,"
大嘴雀",0x03608A,908,0x03608A,ascii,Fearow,pending_semantic_review,
0x0309A3,0x030B65,216,"
阿柏蛇",0x036091,909,0x036091,ascii,Ekans,pending_semantic_review,
0x0309A5,0x030B6D,217,"
阿柏怪",0x036097,,,,,unresolved_alignment,
0x0309A7,0x030B75,218,"
皮卡丘",0x03609D,,,,,unresolved_alignment,
0x0309A9,0x030B7D,219,"
雷丘",0x0360A5,,,,,unresolved_alignment,
0x0309AB,0x030B83,220,"
穿山鼠",0x0360AC,910,0x0360AC,ascii,Sandshrew,pending_semantic_review,
0x0309AD,0x030B8B,221,"
穿山王",0x0360B6,911,0x0360B6,ascii,Sandslash,pending_semantic_review,
0x0309AF,0x030B93,222,"
尼多兰",0x0360C0,,,,,unresolved_alignment,
0x0309B1,0x030B9B,223,"
尼多娜",0x0360CA,912,0x0360C9,ascii,Nidorina,pending_semantic_review,
0x0309B3,0x030BA3,224,"
尼多后",0x0360D3,,,,,unresolved_alignment,
0x0309B5,0x030BAB,225,"
尼多朗",0x0360DD,,,,,unresolved_alignment,
0x0309B7,0x030BB3,226,"
尼多力诺",0x0360E7,913,0x0360E6,ascii,Nidorino,pending_semantic_review,
0x0309B9,0x030BBD,227,"
尼多王",0x0360F0,,,,,unresolved_alignment,
0x0309BB,0x030BC5,228,"
皮皮",0x0360F9,914,0x0360F9,ascii,Clefairy,pending_semantic_review,
0x0309BD,0x030BCB,229,"
皮可西",0x036102,915,0x036102,ascii,Clefable,pending_semantic_review,
0x0309BF,0x030BD3,230,"
六尾",0x03610B,916,0x03610B,ascii,Vulpix,pending_semantic_review,
0x0309C1,0x030BD9,231,"
九尾",0x036112,917,0x036112,ascii,Ninetales,pending_semantic_review,
0x0309C3,0x030BDF,232,"
胖丁",0x03611C,918,0x03611C,ascii,Jigglypuff,pending_semantic_review,
0x0309C5,0x030BE5,233,"
胖可西",0x036127,919,0x036127,ascii,Wigglytuff,pending_semantic_review,
0x0309C7,0x030BED,234,"
超音蝠",0x036132,920,0x036132,ascii,Zubat,pending_semantic_review,
0x0309C9,0x030BF5,235,"
大嘴蝠",0x036138,921,0x036138,ascii,Golbat,pending_semantic_review,
0x0309CB,0x030BFD,236,"
走路草",0x03613F,922,0x03613F,ascii,Oddish,pending_semantic_review,
0x0309CD,0x030C05,237,"
臭臭花",0x036146,923,0x036146,ascii,Gloom,pending_semantic_review,
0x0309CF,0x030C0D,238,"
霸王花",0x03614C,924,0x03614C,ascii,Vileplume,pending_semantic_review,
0x0309D1,0x030C15,239,"
派拉斯",0x036156,,,,,unresolved_alignment,
0x0309D3,0x030C1D,240,"
派拉斯特",0x03615C,,,,,unresolved_alignment,
0x0309D5,0x030C27,241,"
毛球",0x036165,925,0x036165,ascii,Venonat,pending_semantic_review,
0x0309D7,0x030C2D,242,"
末入蛾",0x03616D,926,0x03616D,ascii,Venomoth,pending_semantic_review,
0x0309D9,0x030C35,243,"
地鼠",0x036176,927,0x036176,ascii,Diglett,pending_semantic_review,
0x0309DB,0x030C3B,244,"
三地鼠",0x03617E,928,0x03617E,ascii,Dugtrio,pending_semantic_review,
0x0309DD,0x030C43,245,"
喵喵",0x036186,929,0x036186,ascii,Meowth,pending_semantic_review,
0x0309DF,0x030C49,246,"
猫老大",0x03618D,,,,,unresolved_alignment,
0x0309E1,0x030C51,247,"
可达鸭",0x036195,930,0x036195,ascii,Psyduck,pending_semantic_review,
0x0309E3,0x030C59,248,"
哥达鸭",0x03619D,931,0x03619D,ascii,Golduck,pending_semantic_review,
0x0309E5,0x030C61,249,"
猴怪",0x0361A5,932,0x0361A5,ascii,Mankey,pending_semantic_review,
0x0309E7,0x030C67,250,"
火暴猴",0x0361AC,933,0x0361AC,ascii,Primeape,pending_semantic_review,
0x0309E9,0x030C6F,251,"
卡蒂狗",0x0361B5,934,0x0361B5,ascii,Growlithe,pending_semantic_review,
0x0309EB,0x030C77,252,"
风速犬",0x0361BF,935,0x0361BF,ascii,Arcanine,pending_semantic_review,
0x0309ED,0x030C7F,253,"
蚊香蝌蚪",0x0361C8,936,0x0361C8,ascii,Poliwag,pending_semantic_review,
0x0309EF,0x030C89,254,"
蚊香蛙",0x0361D0,937,0x0361D0,ascii,Poliwhirl,pending_semantic_review,
0x0309F1,0x030C91,255,"
快泳蛙",0x0361DA,938,0x0361DA,ascii,Poliwrath,pending_semantic_review,
0x0309F3,0x030C99,256,"
凯西",0x0361E4,,,,,unresolved_alignment,
0x0309F5,0x030C9F,257,"
勇吉拉",0x0361E9,,,,,unresolved_alignment,
0x0309F7,0x030CA7,258,"
胡地",0x0361F1,,,,,unresolved_alignment,
0x0309F9,0x030CAD,259,"
腕力",0x0361FA,939,0x0361FA,ascii,Machop,pending_semantic_review,
0x0309FB,0x030CB3,260,"
豪力",0x036201,940,0x036201,ascii,Machoke,pending_semantic_review,
0x0309FD,0x030CB9,261,"
怪力",0x036209,941,0x036209,ascii,Machamp,pending_semantic_review,
0x0309FF,0x030CBF,262,"
喇叭芽",0x036211,942,0x036211,ascii,Bellsprout,pending_semantic_review,
0x030A01,0x030CC7,263,"
口袋花",0x03621C,943,0x03621C,ascii,Weepinbell,pending_semantic_review,
0x030A03,0x030CCF,264,"
大食花",0x036227,944,0x036227,ascii,Victreebel,pending_semantic_review,
0x030A05,0x030CD7,265,"
玛瑙水母",0x036232,,,,,unresolved_alignment,
0x030A07,0x030CE1,266,"
毒刺水母",0x03623C,,,,,unresolved_alignment,
0x030A09,0x030CEB,267,"
小拳石",0x036247,945,0x036247,ascii,Geodude,pending_semantic_review,
0x030A0B,0x030CF3,268,"
隆隆石",0x03624F,946,0x03624F,ascii,Graveler,pending_semantic_review,
0x030A0D,0x030CFB,269,"
隆隆岩",0x036258,947,0x036258,ascii,Golem,pending_semantic_review,
0x030A0F,0x030D03,270,"
小火马",0x03625E,,,,,unresolved_alignment,
0x030A11,0x030D0B,271,"
烈焰马",0x036265,948,0x036265,ascii,Rapidash,pending_semantic_review,
0x030A13,0x030D13,272,"
呆呆兽",0x03626E,949,0x03626E,ascii,Slowpoke,pending_semantic_review,
0x030A15,0x030D1B,273,"
呆河马",0x036277,950,0x036277,ascii,Slowbro,pending_semantic_review,
0x030A17,0x030D23,274,"
小磁怪",0x03627F,951,0x03627F,ascii,Magnemite,pending_semantic_review,
0x030A19,0x030D2B,275,"
三一磁怪",0x036289,952,0x036289,ascii,Magneton,pending_semantic_review,
0x030A1B,0x030D35,276,"
大葱鸭",0x036292,953,0x036292,ascii,Farfetch'd,pending_semantic_review,
0x030A1D,0x030D3D,277,"
多多",0x03629D,,,,,unresolved_alignment,
0x030A1F,0x030D43,278,"
多多利",0x0362A3,,,,,unresolved_alignment,
0x030A21,0x030D4B,279,"
小海狮",0x0362AA,954,0x0362AA,ascii,Seel,pending_semantic_review,
0x030A23,0x030D53,280,"
白海狮",0x0362AF,955,0x0362AF,ascii,Dewgong,pending_semantic_review,
0x030A25,0x030D5B,281,"
臭泥",0x0362B7,956,0x0362B7,ascii,Grimer,pending_semantic_review,
0x030A27,0x030D61,282,"
臭臭泥",0x0362BE,957,0x0362BE,ascii,Muk,pending_semantic_review,
0x030A29,0x030D69,283,"
大舌贝",0x0362C2,958,0x0362C2,ascii,Shellder,pending_semantic_review,
0x030A2B,0x030D71,284,"
铁甲贝",0x0362CB,959,0x0362CB,ascii,Cloyster,pending_semantic_review,
0x030A2D,0x030D79,285,"
鬼斯",0x0362D4,960,0x0362D4,ascii,Gastly,pending_semantic_review,
0x030A2F,0x030D7F,286,"
鬼斯通",0x0362DB,961,0x0362DB,ascii,Haunter,pending_semantic_review,
0x030A31,0x030D87,287,"
耿鬼",0x0362E3,962,0x0362E3,ascii,Gengar,pending_semantic_review,
0x030A33,0x030D8D,288,"
大岩蛇",0x0362EA,,,,,unresolved_alignment,
0x030A35,0x030D95,289,"
素利普",0x0362EF,963,0x0362EF,ascii,Drowzee,pending_semantic_review,
0x030A37,0x030D9D,290,"
素利拍",0x0362F7,964,0x0362F7,ascii,Hypno,pending_semantic_review,
0x030A39,0x030DA5,291,"
大钳蟹",0x0362FD,,,,,unresolved_alignment,
0x030A3B,0x030DAD,292,"
巨钳蟹",0x036304,965,0x036304,ascii,Kingler,pending_semantic_review,
0x030A3D,0x030DB5,293,"
雷电球",0x03630C,966,0x03630C,ascii,Voltorb,pending_semantic_review,
0x030A3F,0x030DBD,294,"
顽皮弹",0x036314,967,0x036314,ascii,Electrode,pending_semantic_review,
0x030A41,0x030DC5,295,"
蛋蛋",0x03631E,968,0x03631E,ascii,Exeggcute,pending_semantic_review,
0x030A43,0x030DCB,296,"
椰蛋树",0x036328,969,0x036328,ascii,Exeggutor,pending_semantic_review,
0x030A45,0x030DD3,297,"
可拉可拉",0x036332,970,0x036332,ascii,Cubone,pending_semantic_review,
0x030A47,0x030DDD,298,"
嘎拉嘎拉",0x036339,971,0x036339,ascii,Marowak,pending_semantic_review,
0x030A49,0x030DE7,299,"
沙瓦郎",0x036341,972,0x036341,ascii,Hitmonlee,pending_semantic_review,
0x030A4B,0x030DEF,300,"
艾比郎",0x03634B,973,0x03634B,ascii,Hitmonchan,pending_semantic_review,
0x030A4D,0x030DF7,301,"
大舌头",0x036356,974,0x036356,ascii,Lickitung,pending_semantic_review,
0x030A4F,0x030DFF,302,"
瓦斯弹",0x036360,975,0x036360,ascii,Koffing,pending_semantic_review,
0x030A51,0x030E07,303,"
双弹瓦斯",0x036368,976,0x036368,ascii,Weezing,pending_semantic_review,
0x030A53,0x030E11,304,"
铁甲犀牛",0x036370,977,0x036370,ascii,Rhyhorn,pending_semantic_review,
0x030A55,0x030E1B,305,"
铁甲暴龙",0x036378,978,0x036378,ascii,Rhydon,pending_semantic_review,
0x030A57,0x030E25,306,"
吉利蛋",0x03637F,979,0x03637F,ascii,Chansey,pending_semantic_review,
0x030A59,0x030E2D,307,"
蔓藤怪",0x036387,980,0x036387,ascii,Tangela,pending_semantic_review,
0x030A5B,0x030E35,308,"
袋龙",0x03638F,981,0x03638F,ascii,Kangaskhan,pending_semantic_review,
0x030A5D,0x030E3B,309,"
墨海马",0x03639A,982,0x03639A,ascii,Horsea,pending_semantic_review,
0x030A5F,0x030E43,310,"
海刺龙",0x0363A1,983,0x0363A1,ascii,Seadra,pending_semantic_review,
0x030A61,0x030E4B,311,"
角金鱼",0x0363A8,984,0x0363A8,ascii,Goldeen,pending_semantic_review,
0x030A63,0x030E53,312,"
金鱼王",0x0363B0,985,0x0363B0,ascii,Seaking,pending_semantic_review,
0x030A65,0x030E5B,313,"
海星星",0x0363B8,986,0x0363B8,ascii,Staryu,pending_semantic_review,
0x030A67,0x030E63,314,"
宝石海星",0x0363BF,987,0x0363BF,ascii,Starmie,pending_semantic_review,
0x030A69,0x030E6D,315,"
吸盘魔偶",0x0363C7,988,0x0363C7,ascii,Mr.Mime,pending_semantic_review,
0x030A6B,0x030E77,316,"
飞天螳螂",0x0363CF,989,0x0363CF,ascii,Scyther,pending_semantic_review,
0x030A6D,0x030E81,317,"
迷唇姐",0x0363D7,990,0x0363D7,ascii,Jynx,pending_semantic_review,
0x030A6F,0x030E89,318,"
电击兽",0x0363DC,991,0x0363DC,ascii,Electabuz,pending_semantic_review,
0x030A71,0x030E91,319,"
鸭嘴火龙",0x0363E6,,,,,unresolved_alignment,
0x030A73,0x030E9B,320,"
大甲",0x0363ED,992,0x0363ED,ascii,Pinsir,pending_semantic_review,
0x030A75,0x030EA1,321,"
肯泰罗",0x0363F4,,,,,unresolved_alignment,
0x030A77,0x030EA9,322,"
鲤鱼王",0x0363FB,993,0x0363FB,ascii,Magikarp,pending_semantic_review,
0x030A79,0x030EB1,323,"
暴鲤龙",0x036404,994,0x036404,ascii,Gyarados,pending_semantic_review,
0x030A7B,0x030EB9,324,"
乘龙",0x03640D,995,0x03640D,ascii,Lapras,pending_semantic_review,
0x030A7D,0x030EBF,325,"
百变怪",0x036414,996,0x036414,ascii,Ditto,pending_semantic_review,
0x030A7F,0x030EC7,326,"
伊布",0x03641A,997,0x03641A,ascii,Eevee,pending_semantic_review,
0x030A81,0x030ECD,327,"
水精灵",0x036420,998,0x036420,ascii,Vaporeon,pending_semantic_review,
0x030A83,0x030ED5,328,"
雷精灵",0x036429,999,0x036429,ascii,Jolteon,pending_semantic_review,
0x030A85,0x030EDD,329,"
火精灵",0x036431,1000,0x036431,ascii,Flareon,pending_semantic_review,
0x030A87,0x030EE5,330,"
三地龙",0x036439,,,,,unresolved_alignment,
0x030A89,0x030EED,331,"
菊石兽",0x036441,1001,0x036441,ascii,Omanyte,pending_semantic_review,
0x030A8B,0x030EF5,332,"
多刺菊石",0x036449,1002,0x036449,ascii,Omastar,pending_semantic_review,
0x030A8D,0x030EFF,333,"
化石盔",0x036451,1003,0x036451,ascii,Kabuto,pending_semantic_review,
0x030A8F,0x030F07,334,"
镰刀盔",0x036458,,,,,unresolved_alignment,
0x030A91,0x030F0F,335,"
化石翼龙",0x036461,1004,0x036461,ascii,Aerodactyl,pending_semantic_review,
0x030A93,0x030F19,336,"
卡比兽",0x03646C,1005,0x03646C,ascii,Snorlax,pending_semantic_review,
0x030A95,0x030F21,337,"
急冻鸟",0x036474,1006,0x036474,ascii,Articuno,pending_semantic_review,
0x030A97,0x030F29,338,"
闪电鸟",0x03647D,1007,0x03647D,ascii,Zapdos,pending_semantic_review,
0x030A99,0x030F31,339,"
火焰鸟",0x036484,1008,0x036484,ascii,Moltres,pending_semantic_review,
0x030A9B,0x030F39,340,"
迷你龙",0x03648C,1009,0x03648C,ascii,Dratini,pending_semantic_review,
0x030A9D,0x030F41,341,"
哈克龙",0x036494,1010,0x036494,ascii,Dragonair,pending_semantic_review,
0x030A9F,0x030F49,342,"
快龙",0x03649E,1011,0x03649E,ascii,Dragonite,pending_semantic_review,
0x030AA1,0x030F4F,343,"
超梦",0x0364A8,,,,,unresolved_alignment,
0x030AA3,0x030F55,344,"
梦幻",0x0364AF,,,,,unresolved_alignment,
0x030AA5,0x030F5B,345,"
雷皇",0x0364B3,,,,,unresolved_alignment,
0x030AA7,0x030F61,346,"
炎帝",0x0364BA,,,,,unresolved_alignment,
0x030AA9,0x030F67,347,"
水君",0x0364C0,,,,,unresolved_alignment,
0x030AAB,0x030F6D,348,"
路基亚",0x0364C8,,,,,unresolved_alignment,
0x030AAD,0x030F75,349,"
七彩凤凰",0x0364CE,,,,,unresolved_alignment,
0x030AAF,0x030F7F,350,"
海皇牙",0x0364D4,,,,,unresolved_alignment,
0x030AB1,0x030F87,351,"
古拉顿",0x0364DB,,,,,unresolved_alignment,
0x030AB3,0x030F8F,352,"
天空龙",0x0364E3,,,,,unresolved_alignment,
0x030F9B,0x031101,353,"
火炎车",0x031101,159,0x031101,graphical_codes,<B0C7><B0C9><B0CB>,english_graphical_residual,La cible anglaise conserve des codes graphiques.
0x030F9D,0x031109,354,"
炎之拳",0x031108,160,0x031108,graphical_codes,<B0CD><B0CF><B0D1>,english_graphical_residual,La cible anglaise conserve des codes graphiques.
0x030F9F,0x031111,355,"
火炎放射",0x03110F,161,0x03110F,graphical_codes,<B0D3><B0D5><B0D7><B0D9>,english_graphical_residual,La cible anglaise conserve des codes graphiques.
0x030FA1,0x03111B,356,"
神圣火焰",0x031118,162,0x031118,graphical_codes,<B0DB><B0DD><B0DF>,english_graphical_residual,La cible anglaise conserve des codes graphiques.
0x030FA3,0x031125,357,"
大文字烧",0x03111F,163,0x03111F,graphical_codes,<B0E1><B0E3><B0E5>,english_graphical_residual,La cible anglaise conserve des codes graphiques.
0x030FA5,0x03112F,358,"
喷火",0x031126,164,0x031126,ascii,Erupt,pending_semantic_review,
0x030FA7,0x031135,359,"
鬼火",0x03112C,165,0x03112C,ascii,Wisp,pending_semantic_review,
0x030FA9,0x03113B,360,"
泡泡",0x031131,166,0x031131,ascii,Bubble,pending_semantic_review,
0x030FAB,0x031141,361,"
水枪",0x031138,167,0x031138,graphical_codes,<B561><B563><B565>,english_graphical_residual,La cible anglaise conserve des codes graphiques.
0x030FAD,0x031147,362,"
水之波动",0x031142,168,0x031142,graphical_codes,<B0E7><B0E9><B0EB>,english_graphical_residual,La cible anglaise conserve des codes graphiques.
0x030FAF,0x031151,363,"
泡泡光线",0x031149,169,0x031149,graphical_codes,<B0ED><B0EF><B0F1>,english_graphical_residual,La cible anglaise conserve des codes graphiques.
0x030FB1,0x03115B,364,"
墨汁炮",0x031150,170,0x031150,graphical_codes,<B567><B569><B56B>,english_graphical_residual,La cible anglaise conserve des codes graphiques.
0x030FB3,0x031163,365,"
大钳槌",0x03115A,171,0x03115A,graphical_codes,<B0F3><B0F5><B0F7>,english_graphical_residual,La cible anglaise conserve des codes graphiques.
0x030FB5,0x03116B,366,"
冲浪",0x031161,,,,,unresolved_alignment,
0x030FB7,0x031171,367,"
高压水泵",0x031166,172,0x031166,graphical_codes,<B56D><B56F><B571>,english_graphical_residual,La cible anglaise conserve des codes graphiques.
0x030FB9,0x03117B,368,"
喷水",0x031170,173,0x031170,graphical_codes,<B0F9><B0FB><B0FD>,english_graphical_residual,La cible anglaise conserve des codes graphiques.
0x030FBB,0x031181,369,"
贝壳夹",0x031177,174,0x031177,ascii,Clamp,pending_semantic_review,
0x030FBD,0x031189,370,"
躲进贝壳",0x03117D,175,0x03117D,ascii,Withdraw,pending_semantic_review,
0x030FBF,0x031193,371,"
电气",0x031186,176,0x031186,graphical_codes,<B1A1><B1A3><B1A5><B1A7>,english_graphical_residual,La cible anglaise conserve des codes graphiques.
0x030FC1,0x031199,372,"
电击波",0x03118F,177,0x03118F,graphical_codes,<B1A9><B1AB><B1AD>,english_graphical_residual,La cible anglaise conserve des codes graphiques.
0x030FC3,0x0311A1,373,"
电火花",0x031196,178,0x031196,ascii,Spark,pending_semantic_review,
0x030FC5,0x0311A9,374,"
闪电拳",0x03119C,179,0x03119C,graphical_codes,<B1AF><B1B1><B1B3><B1B5>,english_graphical_residual,La cible anglaise conserve des codes graphiques.
0x030FC7,0x0311B1,375,"
十万伏特",0x0311A5,180,0x0311A5,graphical_codes,<B1B7><B1B9><B1BB><B1BD>,english_graphical_residual,La cible anglaise conserve des codes graphiques.
0x030FC9,0x0311BB,376,"
电磁炮",0x0311AE,181,0x0311AE,graphical_codes,<B1BF><B1C1><B1C3>,english_graphical_residual,La cible anglaise conserve des codes graphiques.
0x030FCB,0x0311C3,377,"
高压电击",0x0311B5,182,0x0311B5,graphical_codes,<B1C5><B1C7><B1C9>,english_graphical_residual,La cible anglaise conserve des codes graphiques.
0x030FCD,0x0311CD,378,"
雷电",0x0311BC,183,0x0311BC,ascii,Thunder,pending_semantic_review,
0x030FCF,0x0311D3,379,"
电磁波",0x0311C4,184,0x0311C4,graphical_codes,<B1CB><B1CD><B1CF><B1D1>,english_graphical_residual,La cible anglaise conserve des codes graphiques.
0x030FD1,0x0311DB,380,"
吸取",0x0311CD,185,0x0311CD,ascii,Avsorb,pending_semantic_review,
0x030FD3,0x0311E1,381,"
百力吸取",0x0311D4,186,0x0311D4,graphical_codes,<B1D3><B1D5><B1D7>,english_graphical_residual,La cible anglaise conserve des codes graphiques.
0x030FD5,0x0311EB,382,"
亿力吸取",0x0311DB,187,0x0311DB,graphical_codes,<B1D9><B1DB><B1DD>,english_graphical_residual,La cible anglaise conserve des codes graphiques.
0x030FD7,0x0311F5,383,"
蔓藤鞭",0x0311E2,188,0x0311E2,graphical_codes,<B573><B575>,english_graphical_residual,La cible anglaise conserve des codes graphiques.
0x030FD9,0x0311FD,384,"
飞叶快刀",0x0311EC,190,0x0311EC,graphical_codes,<B1DF><B1E1><B1E3>,english_graphical_residual,La cible anglaise conserve des codes graphiques.
0x030FDB,0x031207,385,"
魔叶斩",0x0311F3,191,0x0311F3,graphical_codes,<B1E5><B1E7><B1E9>,english_graphical_residual,La cible anglaise conserve des codes graphiques.
0x030FDD,0x03120F,386,"
刃叶斩",0x0311FA,192,0x0311FA,graphical_codes,<B577><B579>,english_graphical_residual,La cible anglaise conserve des codes graphiques.
0x030FDF,0x031217,387,"
太阳光线",0x031204,194,0x031204,graphical_codes,<B1EB><B1ED><B1EF>,english_graphical_residual,La cible anglaise conserve des codes graphiques.
0x030FE1,0x031221,388,"
硬化植物",0x03120B,195,0x03120B,graphical_codes,<B1F1><B1F3><B1F5>,english_graphical_residual,La cible anglaise conserve des codes graphiques.
0x030FE3,0x03122B,389,"
草笛",0x031212,196,0x031212,graphical_codes,<B1F7><B1F9><B1FB><B1FD>,english_graphical_residual,La cible anglaise conserve des codes graphiques.
0x030FE5,0x031231,390,"
催眠粉",0x03121B,197,0x03121B,graphical_codes,<B1FF><B101><B103><B105>,english_graphical_residual,La cible anglaise conserve des codes graphiques.
0x030FE7,0x031239,391,"
蘑菇孢子",0x031224,198,0x031224,ascii,Spore,pending_semantic_review,
0x030FE9,0x031243,392,"
麻痹粉",0x03122A,199,0x03122A,graphical_codes,<B107><B109><B10B>,english_graphical_residual,La cible anglaise conserve des codes graphiques.
0x030FEB,0x03124B,393,"
细雪",0x031231,200,0x031231,graphical_codes,<B10D><B10F><B111>,english_graphical_residual,La cible anglaise conserve des codes graphiques.
0x030FED,0x031251,394,"
冰结之风",0x031238,201,0x031238,ascii,Icy Wind,pending_semantic_review,
0x030FEF,0x03125B,395,"
极光光线",0x031241,202,0x031241,graphical_codes,<B113><B115><B117>,english_graphical_residual,La cible anglaise conserve des codes graphiques.
0x030FF1,0x031265,396,"
冷冻拳",0x031248,203,0x031248,graphical_codes,<B57B><B57D><B57F>,english_graphical_residual,La cible anglaise conserve des codes graphiques.
0x030FF3,0x03126D,397,"
冷冻光线",0x031252,204,0x031252,ascii,Ice Beam,pending_semantic_review,
0x030FF5,0x031277,398,"
吹雪",0x03125B,205,0x03125B,ascii,Blizzard,pending_semantic_review,
0x030FF7,0x03127D,399,"
绝对零度",0x031264,206,0x031264,graphical_codes,<B119><B11B><B11D>,english_graphical_residual,La cible anglaise conserve des codes graphiques.
0x030FF9,0x031287,400,"
扔泥",0x03126B,207,0x03126B,ascii,Mud Slap,pending_semantic_review,
0x030FFB,0x03128D,401,"
泥浆喷射",0x031274,208,0x031274,ascii,Mud Shot,pending_semantic_review,
0x030FFD,0x031297,402,"
挖洞",0x03127D,209,0x03127D,ascii,Dig,pending_semantic_review,
0x030FFF,0x03129D,403,"
骨头击",0x031281,210,0x031281,graphical_codes,<B581><B583>,english_graphical_residual,La cible anglaise conserve des codes graphiques.
0x031001,0x0312A5,404,"
地震",0x03128B,212,0x03128B,graphical_codes,<B11F><B121><B123>,english_graphical_residual,La cible anglaise conserve des codes graphiques.
0x031003,0x0312AB,405,"
骨头旋镖",0x031296,213,0x031292,graphical_codes,0000<B129><B12B><B12D>,english_graphical_residual,La cible anglaise conserve des codes graphiques.
0x031005,0x0312B5,406,"
地裂",0x0312A1,214,0x03129D,ascii,Fissure,pending_semantic_review,
0x031007,0x0312BB,407,"
扔沙",0x0312A9,215,0x0312A9,graphical_codes,<B133><B135><B137>,english_graphical_residual,La cible anglaise conserve des codes graphiques.
0x031009,0x0312C1,408,"
落石",0x0312B0,216,0x0312B0,graphical_codes,<B139><B13B><B13D>,english_graphical_residual,La cible anglaise conserve des codes graphiques.
0x03100B,0x0312C7,409,"
岩石封杀",0x0312B7,217,0x0312B7,graphical_codes,<B585><B587>,english_graphical_residual,La cible anglaise conserve des codes graphiques.
0x03100D,0x0312D1,410,"
原始力量",0x0312C1,219,0x0312C1,graphical_codes,<B13F><B141><B143><B145>,english_graphical_residual,La cible anglaise conserve des codes graphiques.
0x03100F,0x0312DB,411,"
岩崩",0x0312CA,220,0x0312CA,graphical_codes,<B147><B149><B14B>,english_graphical_residual,La cible anglaise conserve des codes graphiques.
0x031011,0x0312E1,412,"
吸血",0x0312D1,221,0x0312D1,graphical_codes,<B14D><B14F><B151>,english_graphical_residual,La cible anglaise conserve des codes graphiques.
0x031013,0x0312E7,413,"
双针",0x0312D8,222,0x0312D8,graphical_codes,<B153><B155><B157>,english_graphical_residual,La cible anglaise conserve des codes graphiques.
0x031015,0x0312ED,414,"
银色之风",0x0312DF,223,0x0312DF,graphical_codes,<B159><B15B><B15D>,english_graphical_residual,La cible anglaise conserve des codes graphiques.
0x031017,0x0312F7,415,"
信号光线",0x0312E6,224,0x0312E6,graphical_codes,<B15F><B161><B163>,english_graphical_residual,La cible anglaise conserve des codes graphiques.
0x031019,0x031301,416,"
威力角突",0x0312ED,225,0x0312ED,graphical_codes,<B589><B58B>,english_graphical_residual,La cible anglaise conserve des codes graphiques.
0x03101B,0x03130B,417,"
萤火",0x0312F7,227,0x0312F7,graphical_codes,<B58D><B58F>,english_graphical_residual,La cible anglaise conserve des codes graphiques.
0x03101D,0x031311,418,"
吐丝",0x031301,229,0x031301,graphical_codes,<B165><B167><B169>,english_graphical_residual,La cible anglaise conserve des codes graphiques.
0x03101F,0x031317,419,"
毒针",0x03130C,230,0x031308,graphical_codes,0000<B16F><B171><B173>,english_graphical_residual,La cible anglaise conserve des codes graphiques.
0x031021,0x03131D,420,"
烟雾",0x031313,231,0x031313,ascii,Smog,pending_semantic_review,
0x031023,0x031323,421,"
溶解液",0x031318,232,0x031318,ascii,Acid,pending_semantic_review,
0x031025,0x03132B,422,"
毒尾巴",0x03131D,233,0x03131D,graphical_codes,<B175><B177><B179>,english_graphical_residual,La cible anglaise conserve des codes graphiques.
0x031027,0x031333,423,"
剧毒之牙",0x031324,234,0x031324,graphical_codes,<B17B><B17D><B17F>,english_graphical_residual,La cible anglaise conserve des codes graphiques.
0x031029,0x03133D,424,"
泥攻击",0x03132B,235,0x03132B,ascii,Sludge,pending_semantic_review,
0x03102B,0x031345,425,"
泥爆弹",0x031332,236,0x031332,graphical_codes,<B181><B183><B185>,english_graphical_residual,La cible anglaise conserve des codes graphiques.
0x03102D,0x03134D,426,"
毒烟",0x03133D,237,0x031339,graphical_codes,0000<B18B><B18D><B18F>,english_graphical_residual,La cible anglaise conserve des codes graphiques.
0x03102F,0x031353,427,"
毒粉",0x03163B,340,0x03163B,graphical_codes,<B55B><B55D><B55F>,english_graphical_residual,La cible anglaise conserve des codes graphiques.
0x031031,0x031359,428,"
剧毒",0x031344,238,0x031344,ascii,Toxic,pending_semantic_review,
0x031033,0x03135F,429,"
岩碎",0x03134A,239,0x03134A,ascii,Low Kick,pending_semantic_review,
0x031035,0x031365,430,"
音速拳",0x031353,240,0x031353,graphical_codes,<B191><B193><B195>,english_graphical_residual,La cible anglaise conserve des codes graphiques.
0x031037,0x03136D,431,"
空手切",0x03135A,241,0x03135A,graphical_codes,<B197><B199><B19B>,english_graphical_residual,La cible anglaise conserve des codes graphiques.
0x031039,0x031375,432,"
低踢",0x031361,242,0x031361,graphical_codes,<B3E1><B3E3><B3E5>,english_graphical_residual,La cible anglaise conserve des codes graphiques.
0x03103B,0x03137B,433,"
二段踢",0x031368,243,0x031368,ascii,Revenge,pending_semantic_review,
0x03103D,0x031383,434,"
回旋踢",0x031370,244,0x031370,graphical_codes,<B3E7><B3E9><B3EB><B3ED>,english_graphical_residual,La cible anglaise conserve des codes graphiques.
0x03103F,0x03138B,435,"
当身投",0x031379,245,0x031379,graphical_codes,<B3EF><B3F1><B3F3>,english_graphical_residual,La cible anglaise conserve des codes graphiques.
0x031041,0x031393,436,"
飞踢",0x031380,246,0x031380,graphical_codes,<B3F5><B3F7><B3F9><B3FB>,english_graphical_residual,La cible anglaise conserve des codes graphiques.
0x031043,0x031399,437,"
瓦割",0x031389,247,0x031389,graphical_codes,<B3FD><B3FF><B301>,english_graphical_residual,La cible anglaise conserve des codes graphiques.
0x031045,0x03139F,438,"
天升拳",0x031390,248,0x031390,graphical_codes,<B303><B305><B307><B309>,english_graphical_residual,La cible anglaise conserve des codes graphiques.
0x031047,0x0313A7,439,"
十字切",0x031399,249,0x031399,graphical_codes,<B30B><B30D><B30F>,english_graphical_residual,La cible anglaise conserve des codes graphiques.
0x031049,0x0313AF,440,"
爆裂拳",0x0313A0,250,0x0313A0,graphical_codes,<B311><B313><B315><B317>,english_graphical_residual,La cible anglaise conserve des codes graphiques.
0x03104B,0x0313B7,441,"
蛮力",0x0313A9,251,0x0313A9,graphical_codes,<B319><B31B><B31D><B31F>,english_graphical_residual,La cible anglaise conserve des codes graphiques.
0x03104D,0x0313BD,442,"
气合拳",0x0313B2,252,0x0313B2,graphical_codes,<B321><B323><B325>,english_graphical_residual,La cible anglaise conserve des codes graphiques.
0x03104F,0x0313C5,443,"
啄",0x0313B9,253,0x0313B9,ascii,Peck,pending_semantic_review,
0x031051,0x0313C9,444,"
旋风",0x0313BE,254,0x0313BE,ascii,Gust,pending_semantic_review,
0x031053,0x0313CF,445,"
真空斩",0x0313C3,255,0x0313C3,graphical_codes,<B327><B329><B32B>,english_graphical_residual,La cible anglaise conserve des codes graphiques.
0x031055,0x0313D7,446,"
翅膀拍击",0x0313CA,256,0x0313CA,graphical_codes,<B32D><B32F><B331>,english_graphical_residual,La cible anglaise conserve des codes graphiques.
0x031057,0x0313E1,447,"
燕返",0x0313D1,257,0x0313D1,graphical_codes,<B333><B335><B337>,english_graphical_residual,La cible anglaise conserve des codes graphiques.
0x031059,0x0313E7,448,"
飞天术",0x0313D8,258,0x0313D8,ascii,Fly,pending_semantic_review,
0x03105B,0x0313EF,449,"
钻孔啄",0x0313DC,259,0x0313DC,graphical_codes,<B339><B33B><B33D>,english_graphical_residual,La cible anglaise conserve des codes graphiques.
0x03105D,0x0313F7,450,"
飞跃",0x0313E3,260,0x0313E3,ascii,Bounce,pending_semantic_review,
0x03105F,0x0313FD,451,"
空中爆破",0x0313EA,261,0x0313EA,graphical_codes,<B33F><B341><B343>,english_graphical_residual,La cible anglaise conserve des codes graphiques.
0x031061,0x031407,452,"
神鸟",0x0313F1,262,0x0313F1,graphical_codes,<B345><B347><B349>,english_graphical_residual,La cible anglaise conserve des codes graphiques.
0x031063,0x03140D,453,"
念力",0x0313F8,263,0x0313F8,graphical_codes,<B591><B593><B595>,english_graphical_residual,La cible anglaise conserve des codes graphiques.
0x031065,0x031413,454,"
精神光线",0x031402,264,0x031402,ascii,Psy Beam,pending_semantic_review,
0x031067,0x03141D,455,"
迷雾球",0x03140B,265,0x03140B,graphical_codes,<B597><B599>,english_graphical_residual,La cible anglaise conserve des codes graphiques.
0x031069,0x031425,456,"
神通力",0x031415,266,0x031415,graphical_codes,<B59B><B59D><B59F>,english_graphical_residual,La cible anglaise conserve des codes graphiques.
0x03106B,0x03142D,457,"
预知未来",0x03141F,267,0x03141F,graphical_codes,<B34B><B34D><B34F><B351>,english_graphical_residual,La cible anglaise conserve des codes graphiques.
0x03106D,0x031437,458,"
精神波动",0x031428,268,0x031428,ascii,Psychic,pending_semantic_review,
0x03106F,0x031441,459,"
食梦",0x031430,269,0x031430,graphical_codes,<B353><B355><B357>,english_graphical_residual,La cible anglaise conserve des codes graphiques.
0x031071,0x031447,460,"
精神增压",0x031437,270,0x031437,graphical_codes,<B7E5><B7E7><B7E9>,english_graphical_residual,La cible anglaise conserve des codes graphiques.
0x031073,0x031451,461,"
催眠术",0x031441,271,0x031441,ascii,Hypnosis,pending_semantic_review,
0x031075,0x031459,462,"
睡眠",0x03144A,272,0x03144A,ascii,Rest,pending_semantic_review,
0x031077,0x03145F,463,"
瞬间移动",0x03144F,273,0x03144F,ascii,Teleport,pending_semantic_review,
0x031079,0x031469,464,"
瞑想",0x031458,274,0x031458,graphical_codes,<B7EB><B7ED>,english_graphical_residual,La cible anglaise conserve des codes graphiques.
0x03107B,0x03146F,465,"
高速移动",0x031462,276,0x031462,ascii,Agility,pending_semantic_review,
0x03107D,0x031479,466,"
舌头舔",0x03146A,277,0x03146A,ascii,Lick,pending_semantic_review,
0x03107F,0x031481,467,"
惊吓",0x03146F,278,0x03146F,ascii,Astonish,pending_semantic_review,
0x031081,0x031487,468,"
暗影拳",0x031478,279,0x031478,graphical_codes,<B359><B35B><B35D>,english_graphical_residual,La cible anglaise conserve des codes graphiques.
0x031083,0x03148F,469,"
影子球",0x03147F,280,0x03147F,graphical_codes,<B401><B403><B405>,english_graphical_residual,La cible anglaise conserve des codes graphiques.
0x031085,0x031497,470,"
恶梦",0x031486,281,0x031486,graphical_codes,<B407><B409><B40B>,english_graphical_residual,La cible anglaise conserve des codes graphiques.
0x031087,0x03149D,471,"
怪异光",0x03148D,282,0x03148D,graphical_codes,<B40D><B40F><B411><B413>,english_graphical_residual,La cible anglaise conserve des codes graphiques.
0x031089,0x0314A5,472,"
龙卷",0x031496,283,0x031496,ascii,Twister,pending_semantic_review,
0x03108B,0x0314AB,473,"
龙之怒",0x03149E,284,0x03149E,graphical_codes,<B415><B417><B419>,english_graphical_residual,La cible anglaise conserve des codes graphiques.
0x03108D,0x0314B3,474,"
龙之息吹",0x0314A5,285,0x0314A5,graphical_codes,<B41B><B41D><B41F>,english_graphical_residual,La cible anglaise conserve des codes graphiques.
0x03108F,0x0314BD,475,"
龙之爪",0x0314AC,286,0x0314AC,graphical_codes,<B421><B423><B425>,english_graphical_residual,La cible anglaise conserve des codes graphiques.
0x031091,0x0314C5,476,"
激鳞",0x0314B3,287,0x0314B3,graphical_codes,<B427><B429><B42B>,english_graphical_residual,La cible anglaise conserve des codes graphiques.
0x031093,0x0314CB,477,"
龙之舞",0x0314BA,288,0x0314BA,graphical_codes,<B42D><B42F><B431>,english_graphical_residual,La cible anglaise conserve des codes graphiques.
0x031095,0x0314D3,478,"
打落",0x0314C1,289,0x0314C1,graphical_codes,<B7EF><B7F1><B7F3>,english_graphical_residual,La cible anglaise conserve des codes graphiques.
0x031097,0x0314D9,479,"
追击",0x0314CB,290,0x0314CB,graphical_codes,<B433><B435><B437>,english_graphical_residual,La cible anglaise conserve des codes graphiques.
0x031099,0x0314DF,480,"
齿突",0x0314D2,291,0x0314D2,ascii,Bite,pending_semantic_review,
0x03109B,0x0314E5,481,"
咬碎",0x0314D7,292,0x0314D7,ascii,Crunch,pending_semantic_review,
0x03109D,0x0314EB,482,"
钢之爪",0x0314DE,293,0x0314DE,graphical_codes,<B439><B43B><B43D>,english_graphical_residual,La cible anglaise conserve des codes graphiques.
0x03109F,0x0314F3,483,"
钢之翼",0x0314E5,294,0x0314E5,graphical_codes,<B43F><B441><B443>,english_graphical_residual,La cible anglaise conserve des codes graphiques.
0x0310A1,0x0314FB,484,"
钢之尾",0x0314EC,295,0x0314EC,graphical_codes,<B7F5><B7F7>,english_graphical_residual,La cible anglaise conserve des codes graphiques.
0x0310A3,0x031503,485,"
慧星拳",0x0314F6,297,0x0314F6,graphical_codes,<B445><B447><B449>,english_graphical_residual,La cible anglaise conserve des codes graphiques.
0x0310A5,0x03150B,486,"
铁壁",0x0314FD,298,0x0314FD,graphical_codes,<B44B><B44D><B44F><B451>,english_graphical_residual,La cible anglaise conserve des codes graphiques.
0x0310A7,0x031511,487,"
跳跃",0x031506,299,0x031506,ascii,Splash,pending_semantic_review,
0x0310A9,0x031517,488,"
音速波",0x03150D,300,0x03150D,graphical_codes,<B453><B455><B457>,english_graphical_residual,La cible anglaise conserve des codes graphiques.
0x0310AB,0x03151F,489,"
撞击",0x031514,301,0x031514,ascii,Tackle,pending_semantic_review,
0x0310AD,0x031525,490,"
刀背打",0x03151B,302,0x03151B,ascii,Scratch,pending_semantic_review,
0x0310AF,0x03152D,491,"
抓",0x031523,303,0x031523,ascii,Pound,pending_semantic_review,
0x0310B1,0x031531,492,"
电光石火",0x031529,304,0x031529,graphical_codes,<B459><B45B><B45D>,english_graphical_residual,La cible anglaise conserve des codes graphiques.
0x0310B3,0x03153B,493,"
招财猫",0x031530,305,0x031530,ascii,Pay Day,pending_semantic_review,
0x0310B5,0x031543,494,"
鼾声",0x031538,306,0x031538,ascii,Fake Out,pending_semantic_review,
0x0310B7,0x031549,495,"
居合斩",0x031541,307,0x031541,ascii,Cut,pending_semantic_review,
0x0310B9,0x031551,496,"
流星",0x031545,308,0x031545,ascii,Swift,pending_semantic_review,
0x0310BB,0x031557,497,"
角突",0x03154B,309,0x03154B,ascii,Stomp,pending_semantic_review,
0x0310BD,0x03155D,498,"
崩击之爪",0x031551,310,0x031551,graphical_codes,<B501><B503><B505>,english_graphical_residual,La cible anglaise conserve des codes graphiques.
0x0310BF,0x031567,499,"
秘密力量",0x031558,311,0x031558,graphical_codes,<B507><B509><B50B>,english_graphical_residual,La cible anglaise conserve des codes graphiques.
0x0310C1,0x031571,500,"
必杀门牙",0x03155F,312,0x03155F,graphical_codes,<B50D><B50F><B511>,english_graphical_residual,La cible anglaise conserve des codes graphiques.
0x0310C3,0x03157B,501,"
三角攻击",0x031566,313,0x031566,graphical_codes,<B513><B515><B517>,english_graphical_residual,La cible anglaise conserve des codes graphiques.
0x0310C5,0x031585,502,"
舍身一击",0x03156D,314,0x03156D,graphical_codes,<B519><B51B><B51D>,english_graphical_residual,La cible anglaise conserve des codes graphiques.
0x0310C7,0x03158F,503,"
破坏光线",0x031574,315,0x031574,graphical_codes,<B51F><B521><B523>,english_graphical_residual,La cible anglaise conserve des codes graphiques.
0x0310C9,0x031599,504,"
自爆",0x03157B,316,0x03157B,graphical_codes,<B525><B527><B529><B52B>,english_graphical_residual,La cible anglaise conserve des codes graphiques.
0x0310CB,0x03159F,505,"
大爆炸",0x031584,317,0x031584,ascii,Explode,pending_semantic_review,
0x0310CD,0x0315A7,506,"
尖角钻",0x03158C,318,0x03158C,graphical_codes,<B52D><B52F><B531><B533>,english_graphical_residual,La cible anglaise conserve des codes graphiques.
0x0310CF,0x0315AF,507,"
剪刀断头",0x031595,319,0x031595,graphical_codes,<B535><B537><B539>,english_graphical_residual,La cible anglaise conserve des codes graphiques.
0x0310D1,0x0315B9,508,"
歌唱",0x03159C,320,0x03159C,ascii,Sing,pending_semantic_review,
0x0310D3,0x0315BF,509,"
恶魔之吻",0x0315A1,321,0x0315A1,graphical_codes,<B7F9><B7FB>,english_graphical_residual,La cible anglaise conserve des codes graphiques.
0x0310D5,0x0315C9,510,"
超音波",0x0315AB,323,0x0315AB,graphical_codes,<B53B><B53D><B53F>,english_graphical_residual,La cible anglaise conserve des codes graphiques.
0x0310D7,0x0315D1,511,"
剑舞",0x0315B2,324,0x0315B2,graphical_codes,<B541><B543><B545>,english_graphical_residual,La cible anglaise conserve des codes graphiques.
0x0310D9,0x0315D7,512,"
叫声",0x0315B9,325,0x0315B9,ascii,Growl,pending_semantic_review,
0x0310DB,0x0315DD,513,"
撒娇",0x0315BF,326,0x0315BF,ascii,Bulk-up,pending_semantic_review,
0x0310DD,0x0315E3,514,"
变圆",0x0315C7,327,0x0315C7,graphical_codes,<B547><B549><B54B><B54D>,english_graphical_residual,La cible anglaise conserve des codes graphiques.
0x0310DF,0x0315E9,515,"
变硬",0x0315D0,328,0x0315D0,ascii,Harden,pending_semantic_review,
0x0310E1,0x0315EF,516,"
摇尾巴",0x0315D7,329,0x0315D7,graphical_codes,<B7FD><B7FF>,english_graphical_residual,La cible anglaise conserve des codes graphiques.
0x0310E3,0x0315F7,517,"
挠痒",0x0315E1,331,0x0315E1,ascii,Charm,pending_semantic_review,
0x0310E5,0x0315FD,518,"
烟幕",0x0315E7,332,0x0315E7,graphical_codes,<B54F><B551><B553>,english_graphical_residual,La cible anglaise conserve des codes graphiques.
0x0310E7,0x031603,519,"
闪光",0x0315EE,,,,,unresolved_alignment,
0x0310E9,0x031609,520,"
影分身",0x0315F4,333,0x0315F4,graphical_codes,<B555><B557><B559>,english_graphical_residual,La cible anglaise conserve des codes graphiques.
0x0310EB,0x031611,521,"
自我再生",0x0315FB,334,0x0315FB,ascii,Recover,pending_semantic_review,
0x0310ED,0x03161B,522,"
鼓掌",0x031603,,,,,unresolved_alignment,
0x0310EF,0x031621,523,"
吼叫",0x03160A,335,0x03160A,ascii,Roar,pending_semantic_review,
0x0310F1,0x031627,524,"
吹飞",0x03160F,336,0x03160F,graphical_codes,<B701><B703><B705>,english_graphical_residual,La cible anglaise conserve des codes graphiques.
0x0310F3,0x03162D,525,"
变身",0x031619,337,0x031619,ascii,??????????,pending_semantic_review,
0x0310F5,0x031633,526,"
诅咒",0x031624,338,0x031624,ascii,Counter,pending_semantic_review,
0x0310F7,0x031639,527,"
怪力术",0x03162C,339,0x03162C,ascii,Strength,pending_semantic_review,
0x03164B,0x0316ED,528,"
精灵球",0x035F34,879,0x035F34,ascii,Pok@ball,pending_semantic_review,
0x03164D,0x0316F5,529,"
超级球",0x0316EE,342,0x0316EE,ascii,Grt Ball,pending_semantic_review,
0x03164F,0x0316FD,530,"
超力球",0x0316F7,343,0x0316F7,ascii,UltaBall,pending_semantic_review,
0x031651,0x031705,531,"
大师球",0x031700,344,0x031700,ascii,MstrBall,pending_semantic_review,
0x031653,0x03170D,532,"
伤药",0x031709,345,0x031709,ascii,Potion,pending_semantic_review,
0x031655,0x031713,533,"
好伤药",0x031710,346,0x031710,ascii,S.Potion,pending_semantic_review,
0x031657,0x03171B,534,"
超级伤药",0x031719,347,0x031719,ascii,H.Potion,pending_semantic_review,
0x031659,0x031725,535,"
最大伤药",0x031722,348,0x031722,ascii,M.Potion,pending_semantic_review,
0x03165B,0x03172F,536,"
解毒药",0x03172E,,,,,unresolved_alignment,
0x03165D,0x031737,537,"
解麻药",0x031737,349,0x031737,ascii,P.Heal,pending_semantic_review,
0x03165F,0x03173F,538,"
睡醒药",0x03173F,350,0x03173E,ascii,S.Heal,pending_semantic_review,
0x031661,0x031747,539,"
冰冻药",0x031746,351,0x031746,ascii,Ice Heal,pending_semantic_review,
0x031663,0x03174F,540,"
烧伤药",0x03174F,352,0x03174F,ascii,BurnHeal,pending_semantic_review,
0x031665,0x031757,541,"
万能恢复",0x031758,353,0x031758,ascii,FullHeal,pending_semantic_review,
0x031667,0x031761,542,"
精神药",0x031761,354,0x031761,ascii,Revive,pending_semantic_review,
0x031669,0x031769,543,"
PP提升",0x031769,355,0x031769,ascii,Ether,pending_semantic_review,
0x03166B,0x031771,544,"
PP最大",0x03176F,356,0x03176F,ascii,MaxEther,pending_semantic_review,
0x03166D,0x031779,545,"
神奇糖果",0x031779,357,0x031779,ascii,RareCndy,pending_semantic_review,
0x03166F,0x031783,546,"
火之石",0x031782,358,0x031782,ascii,FireSton,pending_semantic_review,
0x031671,0x03178B,547,"
水之石",0x03178B,359,0x03178B,ascii,WatrSton,pending_semantic_review,
0x031673,0x031793,548,"
雷之石",0x031794,360,0x031794,ascii,ThunSton,pending_semantic_review,
0x031675,0x03179B,549,"
叶之石",0x030F8E,157,0x030F8E,ascii,LeafSton,pending_semantic_review,
0x031677,0x0317A3,550,"
月之石",0x03179D,361,0x03179D,ascii,MoonSton,pending_semantic_review,
0x031679,0x0317AB,551,"
包裹",0x0317A6,362,0x0317A6,ascii,Parcel,pending_semantic_review,
0x03167B,0x0317B1,552,"
精灵图鉴",0x0317AD,,,,,unresolved_alignment,
0x03167D,0x0317BB,553,"
地图",0x0317B5,363,0x0317B5,ascii,Map,pending_semantic_review,
0x03167F,0x0317C1,554,"
菊石化石",0x0317B9,364,0x0317B9,ascii,HelixFosil,pending_semantic_review,
0x031681,0x0317CB,555,"
盔甲化石",0x0317C4,365,0x0317C4,ascii,DomeFossil,pending_semantic_review,
0x031683,0x0317D5,556,"
船票",0x0317CF,366,0x0317CF,ascii,S.S.Ticket,pending_semantic_review,
0x031685,0x0317DB,557,"
矿泉水",0x0317DA,367,0x0317DA,ascii,Lemonade,pending_semantic_review,
0x031687,0x0317E3,558,"
精灵眼镜",0x0317E3,368,0x0317E3,ascii,SilphScope,pending_semantic_review,
0x031689,0x0317ED,559,"
精灵笛",0x0317EE,369,0x0317EE,ascii,Pok@Flute,pending_semantic_review,
0x03168B,0x0317F5,560,"
金牙",0x0317F8,370,0x0317F8,ascii,Gold Teeth,pending_semantic_review,
0x03168D,0x0317FB,561,"
梦幻船票",0x030F83,156,0x030F83,ascii,Secret Key,pending_semantic_review,
0x03168F,0x031805,562,"
居合斩",0x031805,371,0x031803,ascii,Cut HM,pending_semantic_review,
0x031691,0x03180D,563,"
飞天术",0x03180D,372,0x03180D,ascii,Fly HM,pending_semantic_review,
0x031693,0x031815,564,"
冲浪术",0x031815,373,0x031815,ascii,Surf HM,pending_semantic_review,
0x031695,0x03181D,565,"
怪力术",0x03181D,374,0x03181D,ascii,STR HM,pending_semantic_review,
0x031697,0x031825,566,"
闪光术",0x031824,375,0x031824,ascii,Flash HM,pending_semantic_review,
0x031699,0x03182D,567,"
秘传01",0x03182D,376,0x03182D,ascii,TM 01,pending_semantic_review,
0x03169B,0x031835,568,"
秘传02",0x031835,377,0x031835,ascii,TM 02,pending_semantic_review,
0x03169D,0x03183D,569,"
秘传03",0x03183D,378,0x03183D,ascii,TM 03,pending_semantic_review,
0x03169F,0x031845,570,"
秘传04",0x031845,379,0x031845,ascii,TM 04,pending_semantic_review,
0x0316A1,0x03184D,571,"
秘传05",0x03184D,380,0x03184D,ascii,TM 05,pending_semantic_review,
0x0316A3,0x031855,572,"
秘传06",0x031855,381,0x031855,ascii,TM 06,pending_semantic_review,
0x0316A5,0x03185D,573,"
秘传07",0x03185D,382,0x03185D,ascii,TM 07,pending_semantic_review,
0x0316A7,0x031865,574,"
秘传08",0x031865,383,0x031865,ascii,TM 08,pending_semantic_review,
0x0316A9,0x03186D,575,"
秘传09",0x03186D,384,0x03186D,ascii,TM 09,pending_semantic_review,
0x0316AB,0x031875,576,"
秘传10",0x031875,385,0x031875,ascii,TM 10,pending_semantic_review,
0x0316AD,0x03187D,577,"
秘传11",0x03187D,386,0x03187D,ascii,TM 11,pending_semantic_review,
0x0316AF,0x031885,578,"
秘传12",0x031885,387,0x031885,ascii,TM 12,pending_semantic_review,
0x0316B1,0x03188D,579,"
秘传13",0x03188D,388,0x03188D,ascii,TM 13,pending_semantic_review,
0x0316B3,0x031895,580,"
秘传14",0x031895,389,0x031895,ascii,TM 14,pending_semantic_review,
0x0316B5,0x03189D,581,"
秘传15",0x03189D,390,0x03189D,ascii,TM 15,pending_semantic_review,
0x0316B7,0x0318A5,582,"
秘传16",0x0318A5,391,0x0318A5,ascii,TM 16,pending_semantic_review,
0x0316B9,0x0318AD,583,"
秘传17",0x0318AD,392,0x0318AD,ascii,TM 17,pending_semantic_review,
0x0316BB,0x0318B5,584,"
秘传18",0x0318B5,393,0x0318B5,ascii,TM 18,pending_semantic_review,
0x0316BD,0x0318BD,585,"
秘传19",0x0318BD,394,0x0318BD,ascii,TM 19,pending_semantic_review,
0x0316BF,0x0318C5,586,"
秘传20",0x0318C5,395,0x0318C5,ascii,TM 20,pending_semantic_review,
0x0316C1,0x0318CD,587,"
秘传21",0x0318CD,396,0x0318CD,ascii,TM 21,pending_semantic_review,
0x0316C3,0x0318D5,588,"
秘传22",0x0318D5,397,0x0318D5,ascii,TM 22,pending_semantic_review,
0x0316C5,0x0318DD,589,"
秘传23",0x0318DD,398,0x0318DD,ascii,TM 23,pending_semantic_review,
0x0316C7,0x0318E5,590,"
秘传24",0x0318E5,399,0x0318E5,ascii,TM 24,pending_semantic_review,
0x0316C9,0x0318ED,591,"
秘传25",0x0318ED,400,0x0318ED,ascii,TM 25,pending_semantic_review,
0x0316CB,0x0318F5,592,"
秘传26",0x0318F5,401,0x0318F5,ascii,TM 26,pending_semantic_review,
0x0316CD,0x0318FD,593,"
秘传27",0x0318FD,402,0x0318FD,ascii,TM 27,pending_semantic_review,
0x0316CF,0x031905,594,"
秘传28",0x031905,403,0x031905,ascii,TM 28,pending_semantic_review,
0x0316D1,0x03190D,595,"
秘传29",0x03190D,404,0x03190D,ascii,TM 29,pending_semantic_review,
0x0316D3,0x031915,596,"
秘传30",0x031915,405,0x031915,ascii,TM 30,pending_semantic_review,
0x0316D5,0x03191D,597,"
秘传31",0x03191D,406,0x03191D,ascii,TM 31,pending_semantic_review,
0x0316D7,0x031925,598,"
秘传32",0x031925,407,0x031925,ascii,TM 32,pending_semantic_review,
0x0316D9,0x03192D,599,"
秘传33",0x03192D,408,0x03192D,ascii,TM 33,pending_semantic_review,
0x0316DB,0x031935,600,"
秘传34",0x031935,409,0x031935,ascii,TM 34,pending_semantic_review,
0x0316DD,0x03193D,601,"
秘传35",0x03193D,410,0x03193D,ascii,TM 35,pending_semantic_review,
0x0316DF,0x031945,602,"
秘传36",0x031945,411,0x031945,ascii,TM 36,pending_semantic_review,
0x0316E1,0x03194D,603,"
秘传37",0x03194D,412,0x03194D,ascii,TM 37,pending_semantic_review,
0x0316E3,0x031955,604,"
秘传38",0x031955,413,0x031955,ascii,TM 38,pending_semantic_review,
0x0316E5,0x03195D,605,"
秘传39",0x03195D,414,0x03195D,ascii,TM 39,pending_semantic_review,
0x0316E7,0x031965,606,"
秘传40",0x031965,415,0x031965,ascii,TM 40,pending_semantic_review,
0x031971,0x031A19,607,"
可以捕捉精灵的球",0x031A15,417,0x031A15,ascii,Catch Pok@mon,pending_semantic_review,
0x031973,0x031A2B,608,"
比精灵球效果要好的球",0x031A15,417,0x031A15,ascii,Catch Pok@mon,pending_semantic_review,
0x031975,0x031A41,609,"
比超级球效果要好的球",0x031A15,417,0x031A15,ascii,Catch Pok@mon,pending_semantic_review,
0x031977,0x031A57,610,"
一定能捉住精灵的球",0x031A24,418,0x031A24,ascii,Catch Pok@mon100%,pending_semantic_review,
0x031979,0x031A6B,611,"
体力恢复20点",0x031A6B,421,0x031A5D,ascii,Restore20 HP,pending_semantic_review,
0x03197B,0x031A79,612,"
体力恢复50点",0x031A79,422,0x031A78,ascii,Restore50 HP,pending_semantic_review,
0x03197D,0x031A87,613,"
体力恢复200点",0x031A87,423,0x031A86,ascii,Restore200 HP,pending_semantic_review,
0x03197F,0x031A96,614,"
体力完全恢复",0x031A96,424,0x031A95,ascii,RestoreAll HP,pending_semantic_review,
0x031981,0x031AA4,615,"
解除中毒状态",0x031AA4,425,0x031AA4,ascii,Cures Poison,pending_semantic_review,
0x031983,0x031AB2,616,"
解除麻痹状态",0x031AB2,426,0x031AB2,ascii,Cures Paralyz,pending_semantic_review,
0x031985,0x031AC0,617,"
解除沉睡状态",0x031AC1,427,0x031AC1,ascii,Cures sleep,pending_semantic_review,
0x031987,0x031ACE,618,"
解除冰冻状态",0x031ACE,428,0x031ACE,ascii,Cures Freeze,pending_semantic_review,
0x031989,0x031ADC,619,"
解除烧伤状态",0x031ADC,429,0x031ADC,ascii,Cures Burn,pending_semantic_review,
0x03198B,0x031AEA,620,"
恢复所有异常状态",0x031AEA,430,0x031AE8,ascii,Heal PKMN Status,pending_semantic_review,
0x03198D,0x031AFC,621,"
从临死状态恢复体力一半",0x031AFF,431,0x031AFF,ascii,Revive Pok@mon,pending_semantic_review,
0x03198F,0x031B14,622,"
精灵的一项PP值恢复10点",0x031B14,432,0x031B0E,ascii,Restore10PP to1 Move,pending_semantic_review,
0x031991,0x031B2C,623,"
精灵的一项PP值全恢复",0x031B2C,433,0x031B29,ascii,RestoreAll PP 1 Move,pending_semantic_review,
0x031993,0x031B42,624,"
提升精灵等级一级",0x031B42,434,0x031B42,ascii,Pok@monLevelUp1LV,pending_semantic_review,
0x031995,0x031B54,625,"
让特定的精灵进化",0x031A37,419,0x031A37,ascii,Evolve Fire PKMN,pending_semantic_review,
0x031997,0x031B66,626,"
让特定的精灵进化",0x031A4A,420,0x031A4A,ascii,Evolve Water PKMN,pending_semantic_review,
0x031999,0x031B78,627,"
让特定的精灵进化",0x031B54,435,0x031B54,ascii,Evolve ThunderPKMN,pending_semantic_review,
0x03199B,0x031B8A,628,"
让特定的精灵进化",0x031B67,436,0x031B67,ascii,Evolve Grass PKMN,pending_semantic_review,
0x03199D,0x031B9C,629,"
让特定的精灵进化",0x031B7A,437,0x031B7A,ascii,Evolve Normal PKMN,pending_semantic_review,
0x03199F,0x031BAE,630,"
大木博士的包裹",0x031BAE,440,0x031BAB,ascii,Oak's Parcel,pending_semantic_review,
0x0319A1,0x031BBE,631,"
可以查看精灵的资料",0x031B8D,438,0x031B8D,ascii,Pok@monData- Base,pending_semantic_review,
0x0319A3,0x031BD2,632,"
小茂姐姐给的地图",0x031BA0,439,0x031BA0,ascii,Town Map,pending_semantic_review,
0x0319A5,0x031BE4,633,"
古代精灵的化石",0x031BBC,441,0x031BBC,ascii,Pok@monFossil,pending_semantic_review,
0x0319A7,0x031BF4,634,"
古代精灵的化石",0x031BBC,441,0x031BBC,ascii,Pok@monFossil,pending_semantic_review,
0x0319A9,0x031C04,635,"
马沙给的铁达尼号船票",0x031BCA,442,0x031BCA,ascii,Ticket for theSS Anne,pending_semantic_review,
0x0319AB,0x031C1A,636,"
彩虹商店幸运顾客纪念",0x031BE0,443,0x031BE0,ascii,Lemonad,pending_semantic_review,
0x0319AD,0x031C30,637,"
能看见一切灵异现象的眼镜",0x031BE8,444,0x031BE8,ascii,Lets you seeGhosts,pending_semantic_review,
0x0319AF,0x031C4A,638,"
就算是熟睡的精灵也会跳起",0x031BFD,445,0x031BFD,ascii,Wake Asleep Pok@mon,pending_semantic_review,
0x0319B1,0x031C64,639,"
浅红市园长的假牙",0x031C13,446,0x031C13,ascii,SomeoneGold Teeth,pending_semantic_review,
0x0319B3,0x031C76,640,"
梦幻神奇之旅的船票",0x031C27,447,0x031C27,ascii,CinibarGym Key,pending_semantic_review,
0x0319B5,0x031C8A,641,"
居合斩",0x031C8A,457,0x031C87,graphical_codes,000<B1A9><B1AA><B1AB>,english_graphical_residual,La cible anglaise conserve des codes graphiques.
0x0319B7,0x031C92,642,"
飞天术",0x031C92,458,0x031C91,graphical_codes,<0A><B1AC><B1AD><B1AE>,english_graphical_residual,La cible anglaise conserve des codes graphiques.
0x0319B9,0x031C9A,643,"
冲浪术",0x031C9A,459,0x031C99,graphical_codes,<0A><B1AF><B1B0><B1AE>,english_graphical_residual,La cible anglaise conserve des codes graphiques.
0x0319BB,0x031CA2,644,"
怪力术",0x031CA2,460,0x031CA1,graphical_codes,<0A><B0CA><B0E3><B1AE>,english_graphical_residual,La cible anglaise conserve des codes graphiques.
0x0319BD,0x031CAA,645,"
闪光术",0x031CAA,461,0x031CA9,graphical_codes,<0A><B4BE><B0E4><B1AE>,english_graphical_residual,La cible anglaise conserve des codes graphiques.
0x0319BF,0x031CB2,646,"
秘传01",0x031CB2,462,0x031CB2,ascii,TM 01,pending_semantic_review,
0x0319C1,0x031CBA,647,"
秘传02",0x031CBA,463,0x031CBA,ascii,TM 02,pending_semantic_review,
0x0319C3,0x031CC2,648,"
秘传03",0x031CC2,464,0x031CC2,ascii,TM 03,pending_semantic_review,
0x0319C5,0x031CCA,649,"
秘传04",0x031CCA,465,0x031CCA,ascii,TM 04,pending_semantic_review,
0x0319C7,0x031CD2,650,"
秘传05",0x031CD2,466,0x031CD2,ascii,TM 05,pending_semantic_review,
0x0319C9,0x031CDA,651,"
秘传06",0x031CDA,467,0x031CDA,ascii,TM 06,pending_semantic_review,
0x0319CB,0x031CE2,652,"
秘传07",0x031CE2,468,0x031CE2,ascii,TM 07,pending_semantic_review,
0x0319CD,0x031CEA,653,"
秘传08",0x031CEA,469,0x031CEA,ascii,TM 08,pending_semantic_review,
0x0319CF,0x031CF2,654,"
秘传09",0x031CF2,470,0x031CF2,ascii,TM 09,pending_semantic_review,
0x0319D1,0x031CFA,655,"
秘传10",0x031CFA,471,0x031CFA,ascii,TM 10,pending_semantic_review,
0x0319D3,0x031D02,656,"
秘传11",0x031D02,472,0x031D02,ascii,TM 11,pending_semantic_review,
0x0319D5,0x031D0A,657,"
秘传12",0x031D0A,473,0x031D0A,ascii,TM 12,pending_semantic_review,
0x0319D7,0x031D12,658,"
秘传13",0x031D12,474,0x031D12,ascii,TM 13,pending_semantic_review,
0x0319D9,0x031D1A,659,"
秘传14",0x031D1A,475,0x031D1A,ascii,TM 14,pending_semantic_review,
0x0319DB,0x031D22,660,"
秘传15",0x031D22,476,0x031D22,ascii,TM 15,pending_semantic_review,
0x0319DD,0x031D2A,661,"
秘传16",0x031D2A,477,0x031D2A,ascii,TM 16,pending_semantic_review,
0x0319DF,0x031D32,662,"
秘传17",0x031D32,478,0x031D32,ascii,TM 17,pending_semantic_review,
0x0319E1,0x031D3A,663,"
秘传18",0x031D3A,479,0x031D3A,ascii,TM 18,pending_semantic_review,
0x0319E3,0x031D42,664,"
秘传19",0x031D42,480,0x031D42,ascii,TM 19,pending_semantic_review,
0x0319E5,0x031D4A,665,"
秘传20",0x031D4A,481,0x031D4A,ascii,TM 20,pending_semantic_review,
0x0319E7,0x031D52,666,"
秘传21",0x031D52,482,0x031D52,ascii,TM 21,pending_semantic_review,
0x0319E9,0x031D5A,667,"
秘传22",0x031D5A,483,0x031D5A,ascii,TM 22,pending_semantic_review,
0x0319EB,0x031D62,668,"
秘传23",0x031D62,484,0x031D62,ascii,TM 23,pending_semantic_review,
0x0319ED,0x031D6A,669,"
秘传24",0x031D6A,485,0x031D6A,ascii,TM 24,pending_semantic_review,
0x0319EF,0x031D72,670,"
秘传25",0x031D72,486,0x031D72,ascii,TM 25,pending_semantic_review,
0x0319F1,0x031D7A,671,"
秘传26",0x031D7A,487,0x031D7A,ascii,TM 26,pending_semantic_review,
0x0319F3,0x031D82,672,"
秘传27",0x031D82,488,0x031D82,ascii,TM 27,pending_semantic_review,
0x0319F5,0x031D8A,673,"
秘传28",0x031D8A,489,0x031D8A,ascii,TM 28,pending_semantic_review,
0x0319F7,0x031D92,674,"
秘传29",0x031D92,490,0x031D92,ascii,TM 29,pending_semantic_review,
0x0319F9,0x031D9A,675,"
秘传30",0x031D9A,491,0x031D9A,ascii,TM 30,pending_semantic_review,
0x0319FB,0x031DA2,676,"
秘传31",0x031DA2,492,0x031DA2,ascii,TM 31,pending_semantic_review,
0x0319FD,0x031DAA,677,"
秘传32",0x031DAA,493,0x031DAA,ascii,TM 32,pending_semantic_review,
0x0319FF,0x031DB2,678,"
秘传33",0x031DB2,494,0x031DB2,ascii,TM 33,pending_semantic_review,
0x031A01,0x031DBA,679,"
秘传34",0x031DBA,495,0x031DBA,ascii,TM 34,pending_semantic_review,
0x031A03,0x031DC2,680,"
秘传35",0x031DC2,496,0x031DC2,ascii,TM 35,pending_semantic_review,
0x031A05,0x031DCA,681,"
秘传36",0x031DCA,497,0x031DCA,ascii,TM 36,pending_semantic_review,
0x031A07,0x031DD2,682,"
秘传37",0x031DD2,498,0x031DD2,ascii,TM 37,pending_semantic_review,
0x031A09,0x031DDA,683,"
秘传38",0x031DDA,499,0x031DDA,ascii,TM 38,pending_semantic_review,
0x031A0B,0x031DE2,684,"
秘传39",0x031DE2,500,0x031DE2,ascii,TM 39,pending_semantic_review,
0x031A0D,0x031DEA,685,"
秘传40",0x031DEA,501,0x031DEA,ascii,TM 40,pending_semantic_review,
0x031DF6,0x031E70,686,"
小刚",0x031E6F,503,0x031E6F,ascii,Brock,pending_semantic_review,
0x031DF8,0x031E76,687,"
小霞",0x031E75,504,0x031E75,ascii,Misty,pending_semantic_review,
0x031DFA,0x031E7C,688,"
马其斯",0x031E7B,505,0x031E7B,ascii,Lt.Surge,pending_semantic_review,
0x031DFC,0x031E84,689,"
佳丽亚",0x031E84,506,0x031E84,ascii,Erika,pending_semantic_review,
0x031DFE,0x031E8C,690,"
乔",0x031E8A,507,0x031E8A,ascii,Koga,pending_semantic_review,
0x031E00,0x031E90,691,"
娜梅",0x031E8F,508,0x031E8F,ascii,Sabrina,pending_semantic_review,
0x031E02,0x031E96,692,"
阿桂",0x031E97,509,0x031E97,ascii,Blaine,pending_semantic_review,
0x031E04,0x031E9C,693,"
老大",0x031E9E,510,0x031E9E,ascii,Giovanni,pending_semantic_review,
0x031E06,0x031EA2,694,"
加纳",0x031EA7,511,0x031EA7,ascii,Lorelei,pending_semantic_review,
0x031E08,0x031EA8,695,"
西巴",0x031EAF,512,0x031EAF,ascii,Bruno,pending_semantic_review,
0x031E0A,0x031EAE,696,"
菊子",0x031EB5,513,0x031EB5,ascii,Agatha,pending_semantic_review,
0x031E0C,0x031EB4,697,"
瓦它诺",0x031EBC,514,0x031EBC,ascii,Lance,pending_semantic_review,
0x031E0E,0x031EBC,698,"
武藏小次郎",0x031EC2,515,0x031EC2,ascii,Jesse & James,pending_semantic_review,
0x031E10,0x031EC8,699,"
卡美优",0x031ED0,,,,,unresolved_alignment,
0x031E12,0x031ED0,700,"
大当家",0x031ED8,,,,,unresolved_alignment,
0x031E14,0x031ED8,701,"
二当家",0x031EDD,516,0x031EDD,ascii,Lugia2009,pending_semantic_review,
0x031E16,0x031EE0,702,"
捉虫少年",0x031EE7,517,0x031EE7,ascii,Bug Catcher,pending_semantic_review,
0x031E18,0x031EEA,703,"
侦察员",0x031EF3,518,0x031EF3,ascii,Psychic,pending_semantic_review,
0x031E1A,0x031EF2,704,"
迷你裙",0x031EFB,519,0x031EFB,ascii,Lass,pending_semantic_review,
0x031E1C,0x031EFA,705,"
谈判小子",0x031F00,520,0x031F00,ascii,Schoolkid,pending_semantic_review,
0x031E1E,0x031F04,706,"
火箭队",0x031F0A,521,0x031F0A,ascii,Rocket Grunt>,pending_semantic_review,
0x031E20,0x031F0C,707,"
火箭队",0x031F18,522,0x031F18,ascii,Rocket Grunt=,pending_semantic_review,
0x031E22,0x031F14,708,"
研究员",0x031F26,523,0x031F26,ascii,Scientist,pending_semantic_review,
0x031E24,0x031F1C,709,"
大叔",0x031F30,524,0x031F30,ascii,Hiker,pending_semantic_review,
0x031E26,0x031F22,710,"
游泳男",0x031F36,525,0x031F36,ascii,Swimmer>,pending_semantic_review,
0x031E28,0x031F2A,711,"
游泳女",0x031F3F,526,0x031F3F,ascii,Swimmer=,pending_semantic_review,
0x031E2A,0x031F32,712,"
绅士",0x031F48,527,0x031F48,ascii,Gentleman,pending_semantic_review,
0x031E2C,0x031F38,713,"
大胖子",0x031F52,528,0x031F52,ascii,Fire Breather,pending_semantic_review,
0x031E2E,0x031F40,714,"
水手",0x031F60,529,0x031F60,ascii,Sailor,pending_semantic_review,
0x031E30,0x031F46,715,"
士兵",0x031F67,530,0x031F67,ascii,Cool Trainer>,pending_semantic_review,
0x031E32,0x031F4C,716,"
老爷爷",0x031F75,531,0x031F75,ascii,Cue Ball,pending_semantic_review,
0x031E34,0x031F54,717,"
女孩",0x031F7E,532,0x031F7E,ascii,Jr.Trainer=,pending_semantic_review,
0x031E36,0x031F5A,718,"
职员",0x031F8A,533,0x031F8A,ascii,Super Nerd,pending_semantic_review,
0x031E38,0x031F60,719,"
少年",0x031F95,534,0x031F95,ascii,Youngster,pending_semantic_review,
0x031E3A,0x031F66,720,"
女生",0x031F9F,535,0x031F9F,ascii,Teacher,pending_semantic_review,
0x031E3C,0x031F6C,721,"
大姐姐",0x031FA7,536,0x031FA7,ascii,Kimono Girl,pending_semantic_review,
0x031E3E,0x031F74,722,"
修女",0x031FB3,537,0x031FB3,ascii,Channeler,pending_semantic_review,
0x031E40,0x031F7A,723,"
钓鱼者",0x031FBD,538,0x031FBD,ascii,Fisherman,pending_semantic_review,
0x031E42,0x031F82,724,"
电气团",0x031FC7,539,0x031FC7,ascii,Rocker,pending_semantic_review,
0x031E44,0x031F8A,725,"
捉鸟人",0x031FCE,540,0x031FCE,ascii,Bird Keeper,pending_semantic_review,
0x031E46,0x031F92,726,"
暴走族",0x031FDA,541,0x031FDA,ascii,Biker,pending_semantic_review,
0x031E48,0x031F9A,727,"
忍者",0x031FE0,542,0x031FE0,ascii,Ninja,pending_semantic_review,
0x031E4A,0x031FA0,728,"
空手道",0x031FE6,543,0x031FE6,ascii,Black Belt,pending_semantic_review,
0x031E4C,0x031FA8,729,"
跆拳道",0x031FF1,544,0x031FF1,ascii,Prof.Oak,pending_semantic_review,
0x031E4E,0x031FB0,730,"
超能力",0x031FFA,545,0x031FFA,ascii,Cool Trainer=,pending_semantic_review,
0x031E50,0x031FB8,731,"
精神师",0x032008,546,0x032008,ascii,Pok@Maniac,pending_semantic_review,
0x031E52,0x031FC0,732,"
小偷",0x032013,547,0x032013,ascii,Burglar,pending_semantic_review,
0x031E54,0x031FC6,733,"
训兽师",0x031C36,448,0x031C36,ascii,Will,pending_semantic_review,
0x031E56,0x031FCE,734,"
男孩",0x031C3B,449,0x031C3B,ascii,Jr.Trainer>,pending_semantic_review,
0x031E58,0x031FD4,735,"
魔术师",0x031C47,450,0x031C47,ascii,Juggler,pending_semantic_review,
0x031E5A,0x031FDC,736,"
大姐头",0x031C4F,451,0x031C4F,ascii,Rocket Executive=,pending_semantic_review,
0x031E5C,0x031FE4,737,"
双胞胎",0x031C61,452,0x031C61,ascii,Twins,pending_semantic_review,
0x031E5E,0x031FEC,738,"
叔叔",0x031C67,453,0x031C67,ascii,Pok@Fan>,pending_semantic_review,
0x031E60,0x031FF2,739,"
成熟姐姐",0x031C70,454,0x031C70,ascii,Beauty,pending_semantic_review,
0x031E62,0x031FFC,740,"
神婆",0x031C77,455,0x031C77,ascii,Medium,pending_semantic_review,
0x031E64,0x032002,741,"
大婶婶",0x031C7E,456,0x031C7E,ascii,Pok@Fan=,pending_semantic_review,
0x031E66,0x03200A,742,"
滑雪女",0x032161,548,0x032161,ascii,Skier,pending_semantic_review,
0x031E68,0x032012,743,"
滑雪男",0x032167,549,0x032167,ascii,Boarder,pending_semantic_review,
0x03201E,0x032161,744,"
在阳光的照耀下种子慢慢生长",0x030898,139,0x030898,ascii,It uses the bulb on it's back to storeenergy.,pending_semantic_review,
0x032020,0x03217D,745,"
背部能开出美丽的花",0x036950,1032,0x036950,ascii,The bulb on its back has a sweet aroma,pending_semantic_review,
0x032022,0x032191,746,"
花的香气让人心情好",0x036978,1033,0x036978,ascii,It stays on the move to seek sunlightfor energy,pending_semantic_review,
0x032024,0x0321A5,747,"
用尾巴的火焰表达心情",0x03217A,551,0x03217A,ascii,Steam is saidto spout fromit's tail when it rains,pending_semantic_review,
0x032026,0x0321BB,748,"
转动尾巴点燃火焰让周围温度上升",0x0369AA,1034,0x0369AA,ascii,It blows blueand white flames when it's enraged,pending_semantic_review,
0x032028,0x0321DB,749,"
吐出的高温火焰可以烧化岩石",0x0369DE,1035,0x0369DE,ascii,It spits firethat's hot enough to melt boulders,pending_semantic_review,
0x03202A,0x0321F7,750,"
身体有坚硬的外壳可发出强烈的泡沫",0x0321AF,552,0x0321AF,ascii,It withdraws into its shell when indanger,pending_semantic_review,
0x03202C,0x032219,751,"
隐藏在水中等待食物游泳速度很快",0x0321DD,553,0x0321DD,ascii,"To swim fast,it uses its ears to main-tain balance",pending_semantic_review,
0x03202E,0x032239,752,"
背上喷射口像火箭一样喷射厉害水流",0x032211,554,0x032211,ascii,A very brutalPok@mon with powerful jetson its back,pending_semantic_review,
0x032030,0x03225B,753,"
足虽短但很有力量",0x036A13,1036,0x036A13,ascii,Its feet havesuction pads that help it climb trees,pending_semantic_review,
0x032032,0x03226D,754,"
外壳变硬前受到攻击会流出液体",0x032244,555,0x032244,ascii,It hardens its shell to protect its weak body,pending_semantic_review,
0x032034,0x03228B,755,"
能放出毒粉顺利飞行",0x036A46,1037,0x036A46,ascii,Its water- proof wings lets it fly in the rain,pending_semantic_review,
0x032036,0x03229F,756,"
喜欢吃树叶头上长着坚利的针",0x032275,556,0x032275,ascii,It hides in grass and bushes to eatleaves,pending_semantic_review,
0x032038,0x0322BB,757,"
自己几乎不移动危险时会变硬保护",0x036A79,1038,0x036A79,ascii,It may stick out its stin-ger to poisonan enemy,pending_semantic_review,
0x03203A,0x0322DB,758,"
告诉飞行用大的毒针刺敌人",0x0322A3,557,0x0322A3,ascii,It jabs foes with its 3 poisonous stingers,pending_semantic_review,
0x03203C,0x0322F5,759,"
多分布在森林和草地",0x0322D3,558,0x0322D3,ascii,It will oftenkick up sand to protect itself,pending_semantic_review,
0x03203E,0x032309,760,"
拥有属于自己的地盘攻击入侵的敌人",0x036AA9,1039,0x036AA9,ascii,It constantlyflies around in search of prey,pending_semantic_review,
0x032040,0x03232B,761,"
寻找食物的时候贴在水面滑行",0x032301,559,0x032301,ascii,It skims the surface of water to pickoff Magikarp,pending_semantic_review,
0x032042,0x032347,762,"
身体小但移动灵敏",0x036AD5,1040,0x036AD5,ascii,"Very common, if you see itthere may be 40 more near",pending_semantic_review,
0x032044,0x032359,763,"
移动较慢长着厉害的门牙",0x032335,560,0x032335,ascii,"Its feet are webbed, whichit uses to swim and hunt",pending_semantic_review,
0x032046,0x032371,764,"
以虫子为食喜欢整理羽毛",0x036B09,1041,0x036B09,ascii,"Eats bugs in grassy areas,and can fly very quickly",pending_semantic_review,
0x032048,0x032389,765,"
有很大的翅膀可以在天空飞行",0x036B3D,1042,0x036B3D,ascii,"With its hugewings, it canfly without ever resting",pending_semantic_review,
0x03204A,0x0323A5,766,"
能吞下波波或大嘴雀的蛋",0x03236A,561,0x03236A,ascii,Moves quietlyand eats the eggs of bird Pok@mon,pending_semantic_review,
0x03204C,0x0323BD,767,"
样子可怕不用战斗就能吓跑敌人",0x032399,562,0x032399,ascii,The markings on its belly serve as a warning,pending_semantic_review,
0x03204E,0x0323DB,768,"
很多聚在一起可以引发闪电",0x036B71,1043,0x036B71,ascii,"When several get together,they could cause a storm",pending_semantic_review,
0x032050,0x0323F5,769,"
有很长的尾巴可以保护身体",0x0323C8,563,0x0323C8,ascii,Its tail actsas a ground to guard it from shocks,pending_semantic_review,
0x032052,0x03240F,770,"
喜欢挖洞隐藏吃食物时才出来",0x0323FB,564,0x0323FB,ascii,Lives in aridlocations farfrom water,pending_semantic_review,
0x032054,0x03242B,771,"
身体团起来时像个刺球",0x036BA6,1044,0x036BA6,ascii,"If its claws break,they'llgrow back in a day",pending_semantic_review,
0x032056,0x032441,772,"
身体虽小但有毒牙要小心",0x032420,565,0x032420,ascii,Its venomous barbs render this Pok@mon dangerous,pending_semantic_review,
0x032058,0x032459,773,"
喜欢对战的精灵",0x036BD3,1045,0x036BD3,ascii,This Pok@mon prefers phys-ical attacks like biting,pending_semantic_review,
0x03205A,0x032469,774,"
有坚硬的鳞可以保护身体",0x036C06,1046,0x036C06,ascii,It uses its hefty bulk toexecute very strong moves,pending_semantic_review,
0x03205C,0x032481,775,"
遇到危险身体的刺可以放出强烈的毒",0x036C3A,1047,0x036C3A,ascii,"If it senses danger,it'll attack using its horns",pending_semantic_review,
0x03205E,0x0324A3,776,"
遇到危险时发出攻击",0x032451,566,0x032451,ascii,An aggressivePok@mon that is quick to attack,pending_semantic_review,
0x032060,0x0324B7,777,"
能挥动大尾巴攻击敌人",0x03247F,567,0x03247F,ascii,It uses its tail to breakthe bones of its prey,pending_semantic_review,
0x032062,0x0324CD,778,"
长的可爱惹很多的喜爱",0x0324AF,568,0x0324AF,ascii,This Pok@mon has many adm-irers and is very rare,pending_semantic_review,
0x032064,0x0324E3,779,"
胆子小一遇到危险就跑",0x036C6B,1048,0x036C6B,ascii,A timid Pok@-mon that willrun if it senses people,pending_semantic_review,
0x032066,0x0324F9,780,"
出生只有一条尾巴长大后尾巴会增加",0x0324E0,569,0x0324E0,ascii,"As it grows, its tails split to formmore tails",pending_semantic_review,
0x032068,0x03251B,781,"
尾巴长到九条变的聪明",0x036CA0,1049,0x036CA0,ascii,It's said 9 saints were reincarnated as Ninetales,pending_semantic_review,
0x03206A,0x032531,782,"
能发出催人入眠的歌声",0x036CD4,1050,0x036CD4,ascii,It sings a melody that lulls the foeto sleep,pending_semantic_review,
0x03206C,0x032547,783,"
被激怒身体会吸取意气变大",0x032512,570,0x032512,ascii,When angered it will infl-ate to an en-ormous size,pending_semantic_review,
0x03206E,0x032561,784,"
能发出超声波寻找目标",0x032545,571,0x032545,ascii,Lives in darkplaces. Uses sound waves to see,pending_semantic_review,
0x032070,0x032577,785,"
专门靠吸血为生",0x036D04,1051,0x036D04,ascii,It will not stop drainingits victim once it bites,pending_semantic_review,
0x032072,0x032587,786,"
身体常常贴在地面慢慢移动",0x036D39,1052,0x036D39,ascii,It buries it-self in the day& at nightsows seeds,pending_semantic_review,
0x032074,0x0325A1,787,"
能分泌液体吸引食物",0x036D6B,1053,0x036D6B,ascii,It oozes nec-tar from its mouth to lureprey,pending_semantic_review,
0x032076,0x0325B5,788,"
带有很多花粉头很重",0x032573,572,0x032573,ascii,Flaps its petals to scatter pois-onous pollen,pending_semantic_review,
0x032078,0x0325C9,789,"
喜欢住在洞穴中",0x0325A7,573,0x0325A7,ascii,It absorbs energy from the roots of trees,pending_semantic_review,
0x03207A,0x0325D9,790,"
身体比虫大爱潮湿的地方",0x036D97,1054,0x036D97,ascii,The mushroom on its back drains energyfrom Parasect,pending_semantic_review,
0x03207C,0x0325F1,791,"
在大树下生活爱吃小虫子",0x036DCC,1055,0x036DCC,ascii,Lives in the shadows of trees where it eats bugs,pending_semantic_review,
0x03207E,0x032609,792,"
扇动翅膀放出有毒的粉",0x0325D4,574,0x0325D4,ascii,The powdery scales on itswings containstrong poison,pending_semantic_review,
0x032080,0x03261F,793,"
在底下一公里处生活",0x036E00,1056,0x036E00,ascii,Lives undergr-ound where it feeds on plant roots,pending_semantic_review,
0x032082,0x032633,794,"
挖洞的本领非常强大",0x032609,575,0x032609,ascii,A team of diglets that cantrigger earthquakes,pending_semantic_review,
0x032084,0x032647,795,"
喜欢钱币形状的东西",0x036E33,1057,0x036E33,ascii,Loves shiny things and often wandersto find coins,pending_semantic_review,
0x032086,0x03265B,796,"
属于很多人喜欢的生物",0x036E68,1058,0x036E68,ascii,"Although veryadmired, it is hard to keep as a pet",pending_semantic_review,
0x032088,0x032671,797,"
有很强的意念",0x032637,576,0x032637,ascii,Uses psychic powers when its headachesbecome worse,pending_semantic_review,
0x03208A,0x03267F,798,"
喜欢在水里游泳",0x036E9D,1059,0x036E9D,ascii,It swims verygracefully using broad flippers,pending_semantic_review,
0x03208C,0x03268F,799,"
平时温和发怒时非常可怕",0x03266B,577,0x03266B,ascii,Its angered easily and won't hesit- ate to attack,pending_semantic_review,
0x03208E,0x0326A7,800,"
生气时追着对手不放",0x036ECD,1060,0x036ECD,ascii,"Always angry,will chase its prey tillits caught",pending_semantic_review,
0x032090,0x0326BB,801,"
保护自己的领地不让任何人靠近",0x036EFF,1061,0x036EFF,ascii,"Very territo-rial, it willbark to repelintruders",pending_semantic_review,
0x032092,0x0326D9,802,"
奔跑速度和风一样快",0x0326A0,578,0x0326A0,ascii,"Admired for its beauty, it runs as ifits on wings",pending_semantic_review,
0x032094,0x0326ED,803,"
在水里生活的精灵",0x036F30,1062,0x036F30,ascii,It appears toprefer swimm-ing than try-ing to stand,pending_semantic_review,
0x032096,0x0326FF,804,"
地上水中都能生活",0x0326D4,579,0x0326D4,ascii,It uses the spiral on itsbelly to makeits foe sleep,pending_semantic_review,
0x032098,0x032711,805,"
擅长游泳速度惊人",0x036F64,1063,0x036F64,ascii,A strong swi-mmer that canbeat championswimmers,pending_semantic_review,
0x03209A,0x032723,806,"
发现敌人后会乘机逃跑",0x036F94,1064,0x036F94,ascii,It can read minds and it will teleportif in danger,pending_semantic_review,
0x03209C,0x032739,807,"
身体发出射线让敌人头疼",0x032709,580,0x032709,ascii,Waves emittedfrom its bodycan induce headaches,pending_semantic_review,
0x03209E,0x032751,808,"
有比超级计算机还灵敏的技能",0x036FC8,1065,0x036FC8,ascii,"It can memor-ize anything,and never forgets anything",pending_semantic_review,
0x0320A0,0x03276D,809,"
喜欢锻炼身体",0x03273A,581,0x03273A,ascii,It trains in martial arts to become stronger,pending_semantic_review,
0x0320A2,0x03277B,810,"
力量强大的生物",0x036FFD,1066,0x036FFD,ascii,The belt it wears limits its incred- ible strength,pending_semantic_review,
0x0320A4,0x03278B,811,"
有厉害的胳膊可以攻击敌人",0x03276A,582,0x03276A,ascii,It can throw punches that sends its foeflying,pending_semantic_review,
0x0320A6,0x0327A5,812,"
爱吃小虫子",0x037032,1067,0x037032,ascii,It ensnares tiny insects with vines and eats them,pending_semantic_review,
0x0320A8,0x0327B1,813,"
能喷出毒粉阻止敌人移动",0x037067,1068,0x037067,ascii,When hungry it swallows anything thatmoves,pending_semantic_review,
0x0320AA,0x0327C9,814,"
被它攻击后很难生还",0x032798,583,0x032798,ascii,Lures prey with an aromathen swallowsthem whole,pending_semantic_review,
0x0320AC,0x0327DD,815,"
在海上漂浮",0x037094,1069,0x037094,ascii,"Drifts in shallow seas,will attack using acid",pending_semantic_review,
0x0320AE,0x0327E9,816,"
触手在刺中食物的时候可以变长",0x0370C6,1070,0x0370C6,ascii,They ensnare prey using their numer- ous tentacles,pending_semantic_review,
0x0320B0,0x032807,817,"
多生长在草原和山区",0x0327CA,584,0x0327CA,ascii,"Mistaken for boulders,theyare often stepped on",pending_semantic_review,
0x0320B2,0x03281B,818,"
常常在山坡地带活动",0x0370FB,1071,0x0370FB,ascii,It rolls overany obstacle without avoiding them,pending_semantic_review,
0x0320B4,0x03282F,819,"
身体像岩石一样坚硬",0x0327FC,585,0x0327FC,ascii,It can with- stand blasts from dynamitew/out damage,pending_semantic_review,
0x0320B6,0x032843,820,"
蹄比金刚石还坚硬能踩坏任何东西",0x037130,1072,0x037130,ascii,Its hooves are 10 times harder than diamonds,pending_semantic_review,
0x0320B8,0x032863,821,"
以惊人的速度飞奔",0x032830,586,0x032830,ascii,Loves to raceit will chaseanything thatmoves fast,pending_semantic_review,
0x0320BA,0x032875,822,"
移动缓慢呆头呆脑",0x037160,1073,0x037160,ascii,"Very slow, ittakes 5 sec. for it to feel pain",pending_semantic_review,
0x0320BC,0x032887,823,"
爱吃其它生物吃剩的食物",0x037191,1074,0x037191,ascii,The Shellder on its tail eats scraps left by it,pending_semantic_review,
0x0320BE,0x03289F,824,"
能发射电磁波",0x032862,587,0x032862,ascii,It uses elec-tromagnetic waves to staysuspended,pending_semantic_review,
0x0320C0,0x0328AD,825,"
聚集发电厂的能量",0x0371C3,1075,0x0371C3,ascii,They appear frequently when sunspotsflare up,pending_semantic_review,
0x0320C2,0x0328BF,826,"
嘴上的大葱攻击很厉害",0x032893,588,0x032893,ascii,It uses its sprig of oni-ons much likea sword,pending_semantic_review,
0x0320C4,0x0328D5,827,"
飞行本领差但跑的速度快",0x0371F3,1076,0x0371F3,ascii,It prefers torun on its highly devel-oped legs,pending_semantic_review,
0x0320C6,0x0328ED,828,"
三个头睡觉时其中一个头是清醒的",0x0328C2,589,0x0328C2,ascii,"While 2 headssleep, one head stays awake",pending_semantic_review,
0x0320C8,0x03290D,829,"
头很硬耐攻击",0x037224,1077,0x037224,ascii,It loves to swim in a frigid temp. of 14 degrees,pending_semantic_review,
0x0320CA,0x03291B,830,"
身体里具有热的能量很耐冷",0x0328EF,590,0x0328EF,ascii,"Unharmed by cold temps,itswims quicklyin cold water",pending_semantic_review,
0x0320CC,0x032935,831,"
生活在很脏的地方",0x037259,1078,0x037259,ascii,Thrives by sucking up polluted sludge,pending_semantic_review,
0x0320CE,0x032947,832,"
全身是污泥身体有毒",0x032924,591,0x032924,ascii,"Smells so aw-ful, it can cause people to faint",pending_semantic_review,
0x0320D0,0x03295B,833,"
坚硬的外壳可抵挡任何攻击",0x037287,1079,0x037287,ascii,"The shell canwithstand anyattack,no matter what",pending_semantic_review,
0x0320D2,0x032975,834,"
受到攻击时身体表面的刺会张开",0x0372BA,1080,0x0372BA,ascii,"For protect- ion,it shootsspikes from its shell",pending_semantic_review,
0x0320D4,0x032993,835,"
可以放出毒气让人昏迷",0x0372EB,1081,0x0372EB,ascii,It has no real shape and appears made of gas,pending_semantic_review,
0x0320D6,0x0329A9,836,"
很神奇的瓦斯生物",0x032954,592,0x032954,ascii,Its lick sapsthe life force from its victim,pending_semantic_review,
0x0320D8,0x0329BB,837,"
多在月夜时出来活动",0x032986,593,0x032986,ascii,It loves to laugh at others when scaring them,pending_semantic_review,
0x0320DA,0x0329CF,838,"
身体很结实像金刚石一样",0x03731E,1082,0x03731E,ascii,The caves it makes are used as homesby Digletts,pending_semantic_review,
0x0320DC,0x0329E7,839,"
据说能让人做恶梦",0x0329BA,594,0x0329BA,ascii,"Puts enemies to sleep,theneats their dreams",pending_semantic_review,
0x0320DE,0x0329F9,840,"
遇到敌人的时候可以使人沉睡",0x037351,1083,0x037351,ascii,It will use hynosis when it locks eyeswith enemies,pending_semantic_review,
0x0320E0,0x032A15,841,"
钳子是最有力的武器",0x0329E8,595,0x0329E8,ascii,Its pincers are used for balance when walking,pending_semantic_review,
0x0320E2,0x032A29,842,"
巨大的钳子有无穷的力量",0x037385,1084,0x037385,ascii,"Its claw has up to 10,000 lbs of crush-ing power",pending_semantic_review,
0x0320E4,0x032A41,843,"
多出现在发电厂小心自爆",0x032A17,596,0x032A17,ascii,It'll self- destruct withvery little stimulus,pending_semantic_review,
0x0320E6,0x032A59,844,"
能聚集很大的能量引发风暴",0x0373B6,1085,0x0373B6,ascii,Stores elect-ric energy within its own body,pending_semantic_review,
0x0320E8,0x032A73,845,"
遇到食物时会聚集同伴",0x032A47,597,0x032A47,ascii,"Mistaken for eggs, they quickly att- ack in swarms",pending_semantic_review,
0x0320EA,0x032A89,846,"
喜欢帖在地面移动",0x0373E6,1086,0x0373E6,ascii,It's said Exeggcute areborn from oneof its heads,pending_semantic_review,
0x0320EC,0x032A9B,847,"
很难看到失去母亲的它的真面目",0x032A7C,598,0x032A7C,ascii,It wears the skull of its dead mother &often cries,pending_semantic_review,
0x0320EE,0x032AB9,848,"
能扔骨头棒打击敌人",0x03741A,1087,0x03741A,ascii,It skillfullyweilds its bone like a boomerang,pending_semantic_review,
0x0320F0,0x032ACD,849,"
飞踢的时候脚可以变长",0x03744B,1088,0x03744B,ascii,This Pok@mon destroys its opponents w/ its kicks,pending_semantic_review,
0x0320F2,0x032AE3,850,"
可以以超人的速度挥动拳头",0x03747C,1089,0x03747C,ascii,It punches infast volleys that cannot even be seen,pending_semantic_review,
0x0320F4,0x032AFD,851,"
被它的舌头舔到会麻痹",0x0374B0,1090,0x0374B0,ascii,Its tongue is7 ft. long and can causeparalysis,pending_semantic_review,
0x0320F6,0x032B13,852,"
能吸取各种毒气经常引发大爆炸",0x0374E1,1091,0x0374E1,ascii,Its prone to explosions due to the gas inside it,pending_semantic_review,
0x0320F8,0x032B31,853,"
能长时间放出毒气",0x037516,1092,0x037516,ascii,It grows by absorbing gasdust and alsobacteria,pending_semantic_review,
0x0320FA,0x032B43,854,"
骨头很坚硬训练员要小心它",0x032AAF,599,0x032AAF,ascii,Its bones are1000 times stronger thana humans,pending_semantic_review,
0x0320FC,0x032B5D,855,"
全身具有坚硬的皮肤保护",0x032ADF,600,0x032ADF,ascii,Its armor- like hide canrepel even molten lava,pending_semantic_review,
0x0320FE,0x032B75,856,"
出生地非常少抓住它的人很幸运",0x032B12,601,0x032B12,ascii,Rare Pok@mon that's said to bring hap-piness to all,pending_semantic_review,
0x032100,0x032B93,857,"
全身长着像海草一样的东西移动很轻",0x032B47,602,0x032B47,ascii,Its identity is swathed byseaweed like vines.,pending_semantic_review,
0x032102,0x032BB5,858,"
小时候藏在母亲的育儿袋中不出来",0x032B75,603,0x032B75,ascii,It won't run from a fight to keep its young safe,pending_semantic_review,
0x032104,0x032BD5,859,"
受攻击时可以发射墨汁",0x032BA7,604,0x032BA7,ascii,"If in danger,it will sprayink from its mouth",pending_semantic_review,
0x032106,0x032BEB,860,"
移动灵活在海中自由游泳",0x037546,1093,0x037546,ascii,Can swim backwards using its wing-likefins and tail,pending_semantic_review,
0x032108,0x032C03,861,"
号称水中女王",0x032BD4,605,0x032BD4,ascii,Swims in big groups when it's time to lay eggs,pending_semantic_review,
0x03210A,0x032C11,862,"
秋天为了产卵常出现在河流中",0x03757B,1094,0x03757B,ascii,"During spawn-ing season, they're seen goin up river",pending_semantic_review,
0x03210C,0x032C2D,863,"
身体的一部分断掉后可以再生长出来",0x032C04,606,0x032C04,ascii,It can grow back any app-endage it loses.,pending_semantic_review,
0x03210E,0x032C4F,864,"
身体有发出七色光的宝石",0x0375B0,1095,0x0375B0,ascii,It's thought to be commun-icating when its gem glows,pending_semantic_review,
0x032110,0x032C67,865,"
遇到攻击会用大脚反复踢打敌人",0x032C32,607,0x032C32,ascii,It makes foesbelieve some-thing exists by miming,pending_semantic_review,
0x032112,0x032C85,866,"
反应灵敏移动灵活爪子锋利",0x0375E5,1096,0x0375E5,ascii,It can createillusions of itself using its agility,pending_semantic_review,
0x032114,0x032C9F,867,"
靠晃动身体来移动具有天使之吻",0x032C63,608,0x032C63,ascii,"It shifts itships as it walks, as if it's dancing",pending_semantic_review,
0x032116,0x032CBD,868,"
据说在发电厂消失时引发城市大停电",0x032C97,609,0x032C97,ascii,They are seennear power plants and cause outages,pending_semantic_review,
0x032118,0x032CDF,869,"
喜欢藏在火焰之中",0x037618,1097,0x037618,ascii,"Born in a volcano,its bodyis covered inflames",pending_semantic_review,
0x03211A,0x032CF1,870,"
头上的角很厉害",0x037646,1098,0x037646,ascii,It uses its large pinsersto crush its enemies,pending_semantic_review,
0x03211C,0x032D01,871,"
遇到食物一边攻击一边吞食",0x032CCC,610,0x032CCC,ascii,A rowdy Pok@-mon that charges at its enemies,pending_semantic_review,
0x03211E,0x032D1B,872,"
看上去很弱但传说过去很厉害",0x037675,1099,0x037675,ascii,Horribly weakand unrelia- ble. Is foundeverywhere,pending_semantic_review,
0x032120,0x032D37,873,"
强大且残暴据说很少出现",0x032CFF,611,0x032CFF,ascii,"Huge and vic-ious, it can destroy an entire city",pending_semantic_review,
0x032122,0x032D4F,874,"
背上可以带人游水",0x0376A7,1100,0x0376A7,ascii,A gentle Pok@mon that can read the mindof a person,pending_semantic_review,
0x032124,0x032D61,875,"
可以模仿敌人有变身的能力",0x0376DA,1101,0x0376DA,ascii,It can rearr-ange it's DNAto transform into its foe,pending_semantic_review,
0x032126,0x032D7B,876,"
有很神奇的遗传因子",0x032D32,612,0x032D32,ascii,It may mutateif exposed toelemental stones,pending_semantic_review,
0x032128,0x032D8F,877,"
生活在水边有像鱼一样的尾巴",0x032D60,613,0x032D60,ascii,It's tail is often mist- aken for a mermaid's,pending_semantic_review,
0x03212A,0x032DAB,878,"
能引发很大的电能",0x03770E,1102,0x03770E,ascii,It gathers negative ionsto blast out lightning,pending_semantic_review,
0x03212C,0x032DBD,879,"
身体能聚集火焰体温高达九百度",0x032D91,614,0x032D91,ascii,"When storing energy, its body temp.canreach 1600'F",pending_semantic_review,
0x03212E,0x032DDB,880,"
生体是用程序制造的",0x03773F,1103,0x03773F,ascii,A programmed Pok@mon that can move in cyberspace,pending_semantic_review,
0x032130,0x032DEF,881,"
灭绝的怪兽后来从化石复活又有了它",0x032DC5,615,0x032DC5,ascii,"An ancient Pok@mon,swimsby twisting its tentacles",pending_semantic_review,
0x032132,0x032E11,882,"
有尖利的牙喜欢吃贝壳",0x037771,1104,0x037771,ascii,Its heavy shell makes it difficult to catch prey,pending_semantic_review,
0x032134,0x032E27,883,"
灭绝的怪兽后来从化石复活",0x032DFA,616,0x032DFA,ascii,Resurrected from a fossilin what used to be the sea,pending_semantic_review,
0x032136,0x032E41,884,"
游泳速度很快爪子像镰刀",0x0377A6,1105,0x0377A6,ascii,It cuts prey w/its claws & drains its body fluids,pending_semantic_review,
0x032138,0x032E59,885,"
很暴的古代精灵",0x0377D9,1106,0x0377D9,ascii,It goes for the enemy's throat with its fangs,pending_semantic_review,
0x03213A,0x032E69,886,"
吃了睡睡了吃所以很胖",0x032E2F,617,0x032E2F,ascii,A very lazy Pok@mon that will devour anything,pending_semantic_review,
0x03213C,0x032E7F,887,"
传说中的鸟可以冻僵一切",0x032E5F,618,0x032E5F,ascii,Mystical birdsaid to help people lost in blizzards,pending_semantic_review,
0x03213E,0x032E97,888,"
传说中的鸟可以引发巨大的闪电",0x03780A,1107,0x03780A,ascii,Mystical birdsaid to app- ear during storms,pending_semantic_review,
0x032140,0x032EB5,889,"
传说中的鸟可以焚烧一切",0x037838,1108,0x037838,ascii,Mystical birdwhose wings make flashes of flames,pending_semantic_review,
0x032142,0x032ECD,890,"
被称为幻影精灵生活在水底",0x032E93,619,0x032E93,ascii,Thought to bea myth till it was recen-tly found,pending_semantic_review,
0x032144,0x032EE7,891,"
是一种新的生命可以改变天气",0x032EC4,620,0x032EC4,ascii,A mystical Pok@mon that gives off a gentle aura,pending_semantic_review,
0x032146,0x032F03,892,"
很少有人见过智力比人还厉害",0x037869,1109,0x037869,ascii,A rare marinePok@mon whoseI.Q. matches a human's,pending_semantic_review,
0x032148,0x032F1F,893,"
科学家经过遗传因子研究出的生物",0x032EF7,621,0x032EF7,ascii,Created by a scientist using geneticexperiments,pending_semantic_review,
0x03214A,0x032F3F,894,"
神奇的精灵几乎没人见过它",0x03789A,1110,0x03789A,ascii,So rare that only a few have ever seen it,pending_semantic_review,
0x03214C,0x032F59,895,"
三大法皇之一雷电霸王",0x032F2A,622,0x032F2A,ascii,A powerful Pok@mon whosebark sounds like thunder,pending_semantic_review,
0x03214E,0x032F6F,896,"
三大法皇之一炎之霸王",0x0378C9,1111,0x0378C9,ascii,Volcanos are said to eruptwhen Entei barks,pending_semantic_review,
0x032150,0x032F85,897,"
三大法皇之一水之霸王",0x0378F6,1112,0x0378F6,ascii,It races aro-und the worldto purify po-lluted water,pending_semantic_review,
0x032152,0x032F9B,898,"
生活在海底的神兽精灵",0x032F9B,624,0x032F9B,ascii,Legendary Pokemon who is said to rule the seas,pending_semantic_review,
0x032154,0x032FB1,899,"
身体有七彩颜色它的传说源远流长",0x032F5E,623,0x032F5E,ascii,Rainbows are said to form when it flies,pending_semantic_review,
0x032156,0x032FD1,900,"
宝石大陆的谜之生物海底之王",0x03792A,1113,0x03792A,ascii,Legends say it swells theseas by caus-ing downpours,pending_semantic_review,
0x032158,0x032FED,901,"
宝石大陆的谜之生物大地之王",0x032FD0,625,0x032FD0,ascii,"According to myth,it crea-ted Earth's continents",pending_semantic_review,
0x03215A,0x033009,902,"
宝石大陆的谜之生物天空之王",0x03795F,1114,0x03795F,ascii,It has lived for millions of years in Earth's ozone,pending_semantic_review,
0x033029,0x033061,903,"
居合斩",0x033060,626,0x033060,ascii,Cut,pending_semantic_review,
0x03302B,0x033069,904,"
飞天术",0x033064,627,0x033064,ascii,Fly,pending_semantic_review,
0x03302D,0x033071,905,"
冲浪术",0x033068,,,,,unresolved_alignment,
0x03302F,0x033079,906,"
怪力术",0x03306D,628,0x03306D,ascii,Strength,pending_semantic_review,
0x033031,0x033081,907,"
闪光术",0x033076,,,,,unresolved_alignment,
0x033033,0x033089,908,"
绝传01",0x03307C,629,0x03307C,ascii,HM01,pending_semantic_review,
0x033035,0x033091,909,"
绝传02",0x033081,630,0x033081,ascii,HM02,pending_semantic_review,
0x033037,0x033099,910,"
绝传03",0x033086,631,0x033086,ascii,HM03,pending_semantic_review,
0x033039,0x0330A1,911,"
绝传04",0x03308B,632,0x03308B,ascii,HM04,pending_semantic_review,
0x03303B,0x0330A9,912,"
绝传05",0x033090,633,0x033090,ascii,HM05,pending_semantic_review,
0x03303D,0x0330B1,913,"
真新镇",0x033095,634,0x033095,graphical_codes,<B707><B709><B70B>    ,english_graphical_residual,La cible anglaise conserve des codes graphiques.
0x03303F,0x0330B9,914,"
常青市",0x0330A0,635,0x0330A0,graphical_codes,<B70D><B70F><B711><B713>  ,english_graphical_residual,La cible anglaise conserve des codes graphiques.
0x033041,0x0330C1,915,"
地鼠山洞",0x0330AB,636,0x0330AB,graphical_codes,<B715><B717><B719><B71B>  ,english_graphical_residual,La cible anglaise conserve des codes graphiques.
0x033043,0x0330CB,916,"
尼比市",0x0330B6,637,0x0330B6,graphical_codes,<B71D><B71F><B721>    ,english_graphical_residual,La cible anglaise conserve des codes graphiques.
0x033045,0x0330D3,917,"
月见山洞",0x0330C1,638,0x0330C1,ascii,Mt.Moon,pending_semantic_review,
0x033047,0x0330DD,918,"
华蓝市",0x0330CC,639,0x0330CC,graphical_codes,<B723><B725><B727><B729>  ,english_graphical_residual,La cible anglaise conserve des codes graphiques.
0x033049,0x0330E5,919,"
石山矿野",0x0330D7,640,0x0330D7,graphical_codes,<B72B><B72D><B72F>    ,english_graphical_residual,La cible anglaise conserve des codes graphiques.
0x03304B,0x0330EF,920,"
紫苑镇",0x0330E2,641,0x0330E2,graphical_codes,<B731><B733><B735><B737>  ,english_graphical_residual,La cible anglaise conserve des codes graphiques.
0x03304D,0x0330F7,921,"
金黄市",0x0330ED,642,0x0330ED,graphical_codes,<B739><B73B><B73D><B73F>  ,english_graphical_residual,La cible anglaise conserve des codes graphiques.
0x03304F,0x0330FF,922,"
彩虹市",0x0330F8,643,0x0330F8,graphical_codes,<B741><B743><B745><B747> ,english_graphical_residual,La cible anglaise conserve des codes graphiques.
0x033051,0x033107,923,"
枯叶市",0x033102,644,0x033102,graphical_codes,<B749><B74B><B74D><B74F><B751>,english_graphical_residual,La cible anglaise conserve des codes graphiques.
0x033053,0x03310F,924,"
浅红市",0x03310D,645,0x03310D,graphical_codes,<B753><B755><B757><B759>  ,english_graphical_residual,La cible anglaise conserve des codes graphiques.
0x033055,0x033117,925,"
红莲镇",0x033118,646,0x033118,graphical_codes,<B75B><B75D><B75F><B761>  ,english_graphical_residual,La cible anglaise conserve des codes graphiques.
0x033057,0x03311F,926,"
冠军之路",0x033123,647,0x033123,graphical_codes,<B763><B765><B767><B769>  ,english_graphical_residual,La cible anglaise conserve des codes graphiques.
0x033059,0x033129,927,"
石英高原",0x03216F,550,0x03216F,graphical_codes,<B76B><B76D><B76F><B771>  ,english_graphical_residual,La cible anglaise conserve des codes graphiques.
0x033143,0x03329F,934,"
小茂:怎么了?小智在这里遇见你还真是偶然啊!你也去宠物精灵联盟啊?徽章也都收集齐了,干的不错嘛!不过在去联盟之前先和我比试一场吧!",0x03329F,656,0x03329F,graphical_codes,"<B0B6><B1EC>:<B2D0><B1E6><B0F8>?<B0B6><B0B7><B0B8><B0EE><B0BF><B4DA><B2CD><B0C5><B2BD><B1F5><B0C2><B9E3><B2AA><B2AC>!<B0C5><B0F6><B0C7><B0C0><B0C1><B0A1><B0A2><B3CE><B3CF><B2AC>?<B3D1><B3D2><B0F6><B1C0><B6B7><B6B8><BDE5><B0F8>,<B5A5><B0BC><B0CE><B2DC><B1DC>!<B0CE><B3D4><B0B8><B0C7><B3CE><B3CF><B3E3><B3DD><B6E0><B0C9><B1C2><B2B2><B4A3><B1D1><B3B5><B0BE>!",english_graphical_residual,La cible anglaise conserve des codes graphiques.
0x033145,0x03331C,935,"
小茂:我只是一时太大意了,可恶!不过你这样的水平想称霸精灵联盟...你还是多练习一下比较好!我多管闲事了啊,那我先走了!再会了...",0x03331C,657,0x03331B,graphical_codes,"<0A><B0B6><B1EC>:<B1C2><B2BE><B0C2><B1D1><B0F0><B6C6><B1BE><B4A5><B0F8>,<B0DE><B5E0>!<B0CE><B3D4><B0C5><B0EE><B2DA><B0BC><B5F7><B5DC><B1D7><B1C8><BBD4><B0A1><B0A2><B3CE><B3CF>...<B0C5><B2BD><B0C2><B0C8><B2C5><B2C6><B1D1><B0F9><B2B2><B3EB><B1B4>!<B1C2><B0C8><B3A4><B5C0><B1D5><B0F8><B2AC>,<B0B9><B1C2><B6E0><B7C3><B0F8>!<B0FB><B1F9><B0F8>...",english_graphical_residual,La cible anglaise conserve des codes graphiques.
0x033147,0x033396,936,"
守卫:啊!你拿的的确是联盟徽章!请通过吧!",0x033396,658,0x033395,graphical_codes,<0A><B3DF><B3E0>:<B2AC>!<B0C5><B0C6><B0BC><B0BC><B9DB><B0C2><B3CE><B3CF><B3D1><B3D2>!<B2D8><B3DA><B3D4><B0BE>!,english_graphical_residual,La cible anglaise conserve des codes graphiques.
0x033149,0x0333BE,937,"
女孩:能来到这里不简单",0x0331F0,648,0x0331EF,ascii,Are you good enoughfor me?,pending_semantic_review,
0x03314B,0x0333D5,938,"
女孩:之后就看你的",0x03320B,649,0x03320B,ascii,I never wanted to lose!,pending_semantic_review,
0x03314D,0x0333E8,939,"
男孩:看来你也是来挑战联盟的了",0x033224,650,0x033224,ascii,I can see your good,pending_semantic_review,
0x03314F,0x033407,940,"
男孩:你有机会夺取冠军啊",0x033238,651,0x033238,ascii,"I concede, you're better.",pending_semantic_review,
0x033151,0x033420,941,"
空手道:你辛苦了,不过也到此为止",0x0333FF,661,0x0333FF,ascii,This is the final test for trainers!,pending_semantic_review,
0x033153,0x033440,942,"
空手道:我竟然输了...",0x033425,662,0x033425,ascii,I need to train.,pending_semantic_review,
0x033155,0x033456,943,"
魔术师:你知道什么是魔术吗?",0x0333BD,659,0x0333BD,ascii,You're gonna take on the Elite Four?,pending_semantic_review,
0x033157,0x033472,944,"
魔术师:不可思议...",0x0333E3,660,0x0333E3,ascii,You should have no trouble.,pending_semantic_review,
0x033159,0x033486,945,"
训兽师:觉悟吧",0x033253,652,0x033253,ascii,Is Victory Road tootough?,pending_semantic_review,
0x03315B,0x033495,946,"
训兽师:我已经觉悟了!",0x03326D,653,0x03326D,ascii,Well done!,pending_semantic_review,
0x03315D,0x0334AB,947,"
魔术师:为什么要来这里?",0x033278,654,0x033278,ascii,Come on! I'll whip you!,pending_semantic_review,
0x03315F,0x0334C3,948,"
魔术师:你的目标的确伟大!",0x033290,655,0x033290,ascii,I got whipped.,pending_semantic_review,
0x033161,0x0334DD,949,"
女孩:告诉你我要结婚了!",0x033436,663,0x033436,ascii,The Elite Four is next!,pending_semantic_review,
0x033163,0x0334F5,950,"
女孩:我不想嫁人了,你做我老公好吗?",0x03344F,664,0x03344F,ascii,Unbelievable!,pending_semantic_review,
0x033165,0x033518,951,"
男孩:我不会让你再前进的",0x03349F,667,0x03349F,ascii,Only the chosen canpass here!,pending_semantic_review,
0x033167,0x033531,952,"
男孩:是天意啊",0x0334BD,668,0x0334BD,ascii,I don't believe it!,pending_semantic_review,
0x033169,0x033540,953,"
女孩:为什么我的精灵都不强呢?",0x03345D,665,0x03345D,ascii,I heard about a young prodigy.,pending_semantic_review,
0x03316B,0x03355E,954,"
女孩:是因为我没有用爱心吧...",0x03347F,666,0x03347F,ascii,You really beat Team Rocket?,pending_semantic_review,
0x03316D,0x03357C,955,"
裁判:未来的冠军,来到这里真不容易不过挑战四大天王的决胜规则就是将四人一一打败如果输了就从第一人从新打起!加油了!",0x0334D1,669,0x0334D1,ascii,"From here on, you face the Elite Fourone by one! If you win, a door opens to the next trainerGood luck!",pending_semantic_review,
0x03316F,0x0335EC,956,"
女孩:现在就开始四大天王的对战!朝最强努力吧!",0x03353B,670,0x03353B,ascii,"Here at the Pok@monLeague, you have toface the Elite Fourin succession.",pending_semantic_review,
0x033171,0x033619,957,"
加纳:欢迎来到宠物精灵联盟!我是冰系四天王加纳!还没碰过害怕的东西,让我生气了就让你的精灵动弹不得!哈哈觉悟吧!",0x033583,671,0x033583,ascii,"Welcome,I'm Loreleiof the Elite Four! Your Pok@mon will be at my mercy whenthey're frozen solid! Hahaha! Are you ready?",pending_semantic_review,
0x033173,0x033685,958,"
加纳:你到底是什么人物?...好吧,我输了就朝下一个房间前进吧",0x033604,672,0x033604,ascii,You're better than I thought! Go on ahead!This was justa taste of Pok@mon League power!,pending_semantic_review,
0x033175,0x0336BF,959,"
西巴:我是地系四天王西巴!不管是精灵或人只要战斗磨练都能变的很强,就靠这中磨练与我的精灵工生存!你是小智吧,来尝尝我们的超级力量吧!",0x03365E,673,0x03365E,ascii,"I am Bruno of the Elite Four! Throughrigorous training, people and Pok@mon can become strongerAsh! We will grind you with our power!",pending_semantic_review,
0x033177,0x03373F,960,"
西巴:到底是怎么回事?我竟然输了...既然输了,我无话可说,你就前进吧!",0x0336E4,674,0x0336E4,ascii,My job is done! Go face your next challenge!,pending_semantic_review,
0x033179,0x033781,961,"
菊子:我是鬼系四天王菊子,听说真新镇的大木博士相当疼你!大木博士以前是相当强的男人!现在看不出来了,光只是做宠物精灵图鉴是不够的!精灵是要用来战斗的!让我来教你真正的战斗吧!",0x033715,675,0x033715,ascii,"I am Agatha of the Elite Four! Oak's taken a lot of int-erest in you,child!That old duff was once tough and han-dsome! Now he just wants to fiddle with his Pok@dex, He's wrong! Pok@monare for fighting! Ash! I'll show you how a real trainer fights!",pending_semantic_review,
0x03317B,0x033829,962,"
菊子:真了不起啊,是你胜了,大木博士真有眼光,我心服口服你就朝下一个房间去吧!",0x033814,676,0x033814,ascii,"I see what he sees in you now! I have nothing else to sayRun along now,child",pending_semantic_review,
0x03317D,0x033874,963,"
瓦它诺:你是小智?我是龙系四天王菊子瓦它诺,你应该知道龙是神圣传说中的生物,很难抓但培育的好将是天下第一!一般的攻击对龙系是没用的!开始吧,我会让你夹着尾巴逃跑的!",0x033861,677,0x033861,ascii,I heard about you Ilead the Elite FourI am Lance the dra-gon tamer! Dragon'spowers are superiorReady to lose? YourLeague challenge ends with me!,pending_semantic_review,
0x03317F,0x033912,964,"
瓦它诺:虽然难过但你的技术一流!我想说小智从今开始你是宠物精灵联盟的冠军!但你必须再与一人战斗不可!那位训练家就是...小茂!他比你早战胜我们四天王,所以你们要决出真正的冠军,去吧小智!",0x0338F4,678,0x0338F4,ascii,"I can't believe my dragons lost! You are the League Cha-mpion!...or,you would have been. Another trainer named Gary beat theElite Four before you! He is the realchampion!",pending_semantic_review,
0x033181,0x0339C3,965,"
小茂:小智啊?你也来了?既然做为对手的你这么弱也没什么好竞争的!我在收集图鉴的同时也找到一些完美的精灵!告诉你吧,我就是世界最强的精灵训练师!!",0x0339A9,679,0x0339A9,ascii,"Hey Ash! I looked all over for power-ful Pokemon and assembled a strong team, now I'm the League Champion! I'm the strongest trainer in the world!",pending_semantic_review,
0x033183,0x033A4D,966,"
小茂:怎么回事?真的结束了吗?尽了全力却还是输了!好不容易爬到这个地步...为什么我会输...我的培育方法不可能出错的...没办法,你是宠物联盟的新冠军...我真不太想承认",0x037994,1115,0x037994,ascii,"No! After all that work to become champ, it's over already? Why did I lose? I never made mistakes raising myPok@mon!...Darn it!You're the league champ, although I hate to admit it.",pending_semantic_review,
0x033185,0x033AEA,967,"
大木博士:堂堂正正的赢了!恭喜你小智,从你刚开始得到比卡丘开始到现在你真的变强了,应该说你长大了!小茂...真是可惜!听说你战胜四天王而飞奔到这里,但看到你到最后输了!你知道为什么会输吗?因为你忘了给予精灵们信任和感情!所以你再怎么努力也不可能站在高峰的!",0x033A48,680,0x033A48,ascii,"So,you won! Congra-tulations! You've grown so much sinceyou first left withPikachu, Ash! I'm disappointed Gary, I came when I heardyou became League Champion.But you already lost, do you understand why?You've forgotten totreat your Pok@mon with trust and lovewithout them,you'llnever become champ again.",pending_semantic_review,
0x033187,0x033BDE,968,"
大木博士:小智,你能制霸宠物精灵联盟!不是你一个人的力量!是你与精灵之间巧妙的感情!小智你跟我来!",0x033B7F,681,0x033B7F,ascii,"Ash, you understandyour victory was not your own doing!The bond you share with your Pok@mon is marvelous! Come with me,Ash!",pending_semantic_review,
0x033189,0x033C3C,969,"
大木博士:小智,你经过激烈的战斗!而如今成为联盟冠军!在此记录下小智的名字与精灵的名字吧!和我一起回家吧,你妈妈一定很想你",0x033BFE,682,0x033BFE,ascii,"Congratulations AshThis is the Pok@monHall of Fame! The League Champions and their Pok@mon are honored here! Congratulations,Ashyou and your Pok@-mon are Hall of Famers!",pending_semantic_review,
0x03318B,0x033CB2,970,"
妈妈:听说华蓝市附近有个山洞发生异常,连精灵联盟的四天王加纳都去调查了...",0x033CB1,683,0x033CB1,ascii,"Ash,Lorelei was looking for you,shewent to Cerulean cave.",pending_semantic_review,
0x03318D,0x033CFB,971,"
裁判:真是抱歉,四天王的加纳因为不在所以现在联盟暂停训练家挑战...加纳好像去华蓝市调查异变去了...",0x033CFB,684,0x033CF0,graphical_codes,"00000000000<B3FC><B3FD>:<B1F5><B0C2><B9FA><B9FB>,<B1E1><B1AD><B4F7><B0BC><B2FC><BDAB><B0E9><B0EA><B0CE><B0B8><B0AD><B0DF><B2F5><B0B8><B3CE><B3CF><B0EF><B3DB><B2DE><B2C5><B1BF><B3FB><B0F2>...<B2FC><BDAB><B1B4><B1B5><B0C7><B4CF><B4D0><B4D1><BDF6><BDAA><BCEC><B3D6><B0C7><B0F8>...",english_graphical_residual,La cible anglaise conserve des codes graphiques.
0x03318F,0x033D5B,972,"
超梦:......",0x033D5B,685,0x033D5B,ascii,MewTwo:....,pending_semantic_review,
0x033191,0x033D68,973,"
加纳:原来发生异变的原因就是这只超梦引起的.",0x033D67,686,0x033D67,ascii,"There you are Ash! It seems TeamRockethas appeared again,they've gone to Indigo Plateau. Oh!And I have some- thing for you as well, here's a passto go to Navel RockYou can get there by the S.S. Anne. I'll see you at Indigo Plateau Ash.",pending_semantic_review,
0x03319B,0x033EA5,978,"
船员:那个是梦幻船票??那么请进!!欢迎再次来乘做铁达尼号!",0x033E5F,687,0x033E5F,ascii,"Hello, May I see your pass for NavelRock? ...Thank you sir!",pending_semantic_review,
0x03319D,0x033EDD,979,"
凤凰:......",0x033EDD,688,0x033EAA,ascii,Ho-oh: Kwee!,pending_semantic_review,
0x03319F,0x033EEA,980,"
路基亚:......",0x033EEA,689,0x033EEA,ascii,Lugia: Roar!!,pending_semantic_review,
0x0331A1,0x033EF9,981,"
船员:怎么样,是场神奇的旅行吧.现在精灵联盟因为四天王的加纳又回来了,所以又开始接受新的冠军挑战了!",0x033EF8,690,0x033EF8,ascii,"Welcome to Navel Rock! If you'd liketo leave, just board the S.S.Anne.",pending_semantic_review,
0x0331A3,0x033F5A,982,"
加纳:欢迎来到宠物精灵联盟!我是冰系四天王加纳!还没碰过害怕的东西,让我生气了就让你的精灵动弹不得!哈哈觉悟吧!",0x033F5A,691,0x033F45,graphical_codes,"000000000000000000000<B2FC><BDAB>:<B0D2><B0D3><B0FC><B0DB><B0C0><B0C1><B0A1><B0A2><B3CE><B3CF>!<B1C2><B0C2><BAE8><B0AF><B1E1><B1AD><B4F7><B2FC><BDAB>!<B2BD><B2B6><B8A4><B3D4><B3EE><B8AC><B0BC><B0D5><B0D6>,<B2CB><B1C2><B1C9><B4AA><B0F8><B2AB><B2CB><B0C5><B0BC><B0A1><B0A2><B0B2><BBF7><B0CE><B2C1>!<B3BC><B3BC><B5EB><BAB8><B0BE>!",english_graphical_residual,La cible anglaise conserve des codes graphiques.
0x0331A5,0x033FC6,983,"
加纳:你到底是什么人物?...好吧,我输了就朝下一个房间前进吧",0x033FC6,692,0x033FC5,graphical_codes,"<0A><B2FC><BDAB>:<B0C5><B0DB><B3D5><B0C2><B2AF><B1E6><B2B5><B0C1>?...<B1B4><B0BE>,<B1C2><B3F1><B0F8><B2AB><B3FE><B0F9><B1D1><B0BA><B9EA><BAF1><B3DD><B3DE><B0BE>",english_graphical_residual,La cible anglaise conserve des codes graphiques.
0x0331A7,0x034000,984,"
西巴:我是地系四天王西巴!不管是精灵或人只要战斗磨练都能变的很强,就靠这中磨练与我的精灵工生存!你是小智吧,来尝尝我们的超级力量吧!",0x034000,693,0x033FFF,graphical_codes,"<0A><B0D6><BBC0>:<B1C2><B0C2><B3BB><B0AF><B1E1><B1AD><B4F7><B0D6><BBC0>!<B0CE><B3A4><B0C2><B0A1><B0A2><B1CB><B2B5><B2BE><B0C3><B0F2><B4B7><BDEC><B2C5><B1C0><B0EC><B3D6><B0BC><B3F7><B2C9>,<B2AB><BAC4><B0EE><B0DC><BDEC><B2C5><B2A1><B1C2><B0BC><B0A1><B0A2><B3B2><B1C9><B0A5>!<B0C5><B0C2><B0B6><B0B7><B0BE>,<B0FC><B7EA><B7EA><B1C2><B2EF><B0BC><B4E4><B8B2><B0E3><B3EC><B0BE>!",english_graphical_residual,La cible anglaise conserve des codes graphiques.
0x0331A9,0x034080,985,"
西巴:到底是怎么回事?我竟然输了...既然输了,我无话可说,你就前进吧!",0x034080,694,0x03407F,graphical_codes,"<0A><B0D6><BBC0>:<B0DB><B3D5><B0C2><B2D0><B1E6><B2A3><B1D5>?<B1C2><B7D5><B2AA><B3F1><B0F8>...<B2A9><B2AA><B3F1><B0F8>,<B1C2><B3E6><B1EF><B0DE><B1E7>,<B0C5><B2AB><B3DD><B3DE><B0BE>!",english_graphical_residual,La cible anglaise conserve des codes graphiques.
0x0331AB,0x0340C2,986,"
菊子:我是鬼系四天王菊子,听说真新镇的大木博士相当疼你!大木博士以前是相当强的男人!现在看不出来了,光只是做宠物精灵图鉴是不够的!精灵是要用来战斗的!让我来教你真正的战斗吧!",0x0340C2,695,0x0340C1,graphical_codes,"<0A><BADE><B1DF>:<B1C2><B0C2><B7B2><B0AF><B1E1><B1AD><B4F7><BADE><B1DF>,<B1F1><B1E7><B1F5><B2D5><B2D6><B0BC><B1BE><B1C3><B1C4><B1C5><B0D0><B2C4><B5F2><B0C5>!<B1BE><B1C3><B1C4><B1C5><B0DF><B3DD><B0C2><B0D0><B2C4><B2C9><B0BC><B1DD><B2B5>!<B2F5><B0B8><B0FD><B0CE><B0A4><B0FC><B0F8>,<B0E4><B2BE><B0C2><B2B4><B0C0><B0C1><B0A1><B0A2><B2F1><B2F2><B0C2><B0CE><B0F1><B0BC>!<B0A1><B0A2><B0C2><B0C3><B1A8><B0FC><B0F2><B4B7><B0BC>!<B2CB><B1C2><B0FC><B7DB><B0C5><B1F5><B2BA><B0BC><B0F2><B4B7><B0BE>!",english_graphical_residual,La cible anglaise conserve des codes graphiques.
0x0331AD,0x03416A,987,"
瓦它诺:你是小智?我是龙系四天王菊子瓦它诺,你应该知道龙是神圣传说中的生物,很难抓但培育的好将是天下第一!一般的攻击对龙系是没用的!开始吧,我会让你夹着尾巴逃跑的!",0x03416A,696,0x034169,graphical_codes,"<0A><BAF4><B6A6><BBCF>:<B0C5><B0C2><B0B6><B0B7>?<B1C2><B0C2><B6D9><B0AF><B1E1><B1AD><B4F7><BADE><B1DF><BAF4><B6A6><BBCF>,<B0C5><B6B9><B3B3><B2D7><B1A4><B6D9><B0C2><B6DD><BCB3><B6F2><B1E7><B0DC><B0BC><B1C9><B0C1>,<B3F7><B4A7><B2C0><B3A8><B6A3><B6D8><B0BC><B1B4><B1D2><B0C2><B1AD><B0F9><B6A7><B1D1>!<B1D1><BAFD><B0BC><B4AB><B4AC><B0E7><B6D9><B0AF><B0C2><B2B6><B1A8><B0BC>!<B1D9><B1DA><B0BE>,<B1C2><B1F9><B2CB><B0C5><BCBB><B1C7><BBD0><BBC0><B3EF><B8B9><B0BC>!",english_graphical_residual,La cible anglaise conserve des codes graphiques.
0x0331AF,0x034208,988,"
瓦它诺:虽然难过但你的技术一流!不过要想成为真正的冠军就应该进入冠军的房间打败里面的训练师!!他比你早一步打败我们四天王!",0x034208,697,0x034207,graphical_codes,<0A><BAF4><B6A6><BBCF>:<B4A4><B2AA><B4A7><B3D4><B3A8><B0C5><B0BC><B4BF><B1AE><B1D1><B9D7>!<B0CE><B3D4><B0C3><B1D7><B2EA><B0EA><B1F5><B2BA><B0BC><B4A1><B4A2><B2AB><B6B9><B3B3><B3DE><B5BB><B4A1><B4A2><B0BC><B9EA><BAF1><B0CF><B6A2><B0BF><B4A8><B0BC><B2DE><B2C5><B2DF>!!<B1F0><B2B2><B0C5><B2BB><B1D1><B7D4><B0CF><B6A2><B1C2><B2EF><B1E1><B1AD><B4F7>!,english_graphical_residual,La cible anglaise conserve des codes graphiques.
0x0331B1,0x03427F,989,"
小智:你们就是新的冠军?啊?难道你们是...",0x03427E,698,0x03427E,ascii,"Jesse: Long time nosee brat! Our boss has disbanded Team Rocket because of you! James: We plan to take over Indigo Plateau and make sure Team Rocket takes its place as true Pok@mon mast- ers. We can't allowa dreadful little twerp such as your-self stand in our way! Meowth:Hehe, you don't stand a chance against Meowth!",pending_semantic_review,
0x0331D3,0x0344B9,1006,"
大木博士:你又堂堂正正的赢了!恭喜你小智,从你刚开始得到比卡丘开始到现在你真的变强了,应该说你长大了!小智,你能制霸宠物精灵联盟!不是你一个人的力量!是你与精灵之间巧妙的感情!小智你跟我来!",0x0344B9,700,0x03447C,graphical_codes,"0000000000000000000000000000000000000000000000000000000000000<B1BE><B1C3><B1C4><B1C5>:<B0C5><B5B0><BDF2><BDF2><B2BA><B2BA><B0BC><B3F5><B0F8>!<BBA6><B6EB><B0C5><B0B6><B0B7>,<B1FA><B0C5><B2BF><B1D9><B1DA><B2C1><B0DB><B2B2><B2C2><B2C3><B1D9><B1DA><B0DB><B2F5><B0B8><B0C5><B1F5><B0BC><B3D6><B2C9><B0F8>,<B6B9><B3B3><B1E7><B0C5><B2EB><B1BE><B0F8>!<B0B6><B0B7>,<B0C5><B0EC><B2E4><BBD4><B0C0><B0C1><B0A1><B0A2><B3CE><B3CF>!<B0CE><B0C2><B0C5><B1D1><B0BA><B2B5><B0BC><B0E3><B3EC>!<B0C2><B0C5><B2A1><B0A1><B0A2><B3E3><BAF1><BDF5><B7FC><B0BC><B5EA><B7AB>!<B0B6><B0B7><B0C5><B2A2><B1C2><B0FC>!",english_graphical_residual,La cible anglaise conserve des codes graphiques.
0x0331D5,0x03456F,1007,"
大木博士:小智,你经过激烈的战斗!而如今成为联盟冠军!在此记录下小智的名字与精灵的名字吧!和我一起回家吧,你妈妈一定很想你",0x03456F,701,0x03456E,graphical_codes,"<0A><B1BE><B1C3><B1C4><B1C5>:<B0B6><B0B7>,<B0C5><B2A5><B3D4><BAB4><BBC8><B0BC><B0F2><B4B7>!<B1CE><B1FE><B6C9><B2EA><B0EA><B3CE><B3CF><B4A1><B4A2>!<B0B8><BDE7><B2F8><B2F9><B0F9><B0B6><B0B7><B0BC><B3B1><B9B1><B2A1><B0A1><B0A2><B0BC><B3B1><B9B1><B0BE>!<B0C9><B1C2><B1D1><B0E8><B2A3><B1BF><B0BE>,<B0C5><B1DB><B1DB><B1D1><B2B1><B3F7><B1D7><B0C5>",english_graphical_residual,La cible anglaise conserve des codes graphiques.
0x0331D7,0x0345E5,1008,"
妈妈:我听说你要去彩虹市的南晶科技开发部挑战名叫卡美优的训练师!听说他的精灵至今还没有被人打败过,你千万要小心啊...",0x0345E5,702,0x0345E4,graphical_codes,"<0A><B1DB><B1DB>:<B1C2><B1F1><B1E7><B0C5><B0C3><B0C7><B6CA><B8FD><B4D1><B0BC><B0A7><B0A8><BDE0><B4BF><B1D9><B2F4><B6C1><B3FB><B0F2><B3B1><B1C1><B2C2><B6A8><B8EE><B0BC><B2DE><B2C5><B2DF>!<B1F1><B1E7><B1F0><B0BC><B0A1><B0A2><BDFA><B6C9><B2BD><B2B6><B0AE><B1B6><B2B5><B0CF><B6A2><B3D4>,<B0C5><B8F9><B4B1><B0C3><B0B6><B0DD><B2AC>...",english_graphical_residual,La cible anglaise conserve des codes graphiques.
0x0331D9,0x034657,1009,"
卡美优:小智,我知道你一定会来的!这一战应该没有任何遗憾吧!!来吧,准备好了吗?",0x037ADC,1118,0x037ADC,ascii,Eusine: Greetings! I've heard about you Ash! Glad to meet you! I've searched the world for the greatest Legendary Pok@mon and finally found them! They seem to want to see your power for them- selves! Allow me toshow you the power of the Legendary Pok@mon!,pending_semantic_review,
0x0331DB,0x0346A2,1010,"
卡美优:不错,你的实力在这个石英地区已经无人能敌了,但别忘了人外有人天外有天啊,在这个世界上还存在别的大陆...有机会的话一定要去宝石大陆看看,那里有这里所没有的精灵!!!那么你的精灵图鉴如果收集齐了的话再来找我吧!",0x0346A1,704,0x0346A1,ascii,"You're amazing! It seems you've earnedthe respect of the Legendary Pok@mon! If you can find allthe Pok@mon in Kanto, return and speak to me again!",pending_semantic_review,
0x0331DD,0x034770,1011,"
卡美优:有机会的话一定要去宝石大陆看看,那里有这里所没有的精灵!!!那么你的精灵图鉴如果收集齐了的话再来找我吧!",0x034739,705,0x034739,ascii,"You are a true Pok@maniac! You have earned this Pok@- mon's respect, it would like to come with you.",pending_semantic_review,
0x0331DF,0x0347DC,1012,"
卡美优:你已经成功了收集石英地区所有的精灵,真了不起!好吧这只梦幻就送给你吧!恭喜你完成了精灵图鉴!!",0x0347A2,706,0x0347A2,ascii,Please take care of Mew!,pending_semantic_review,
0x0331E1,0x03483E,1013,"
得到梦幻",0x0347BD,707,0x0347BD,ascii,Recieved Mew!,pending_semantic_review,
0x0331E3,0x034848,1014,"
妈妈:你完成精灵图鉴了吗?",0x034848,708,0x0347CB,graphical_codes,00000000000000000000000000000000000000000000000000000000000000000000000000000000000000000000000000000000000000000000000000000<B1DB><B1DB>:<B0C5><B3A6><B2EA><B0A1><B0A2><B2F1><B2F2><B0F8><B0D7>?,english_graphical_residual,La cible anglaise conserve des codes graphiques.
0x0331E5,0x034862,1015,"
裁判:你真是好样的!",0x034862,709,0x034862,ascii,Great job Champ!,pending_semantic_review,
0x0331E7,0x034876,1016,"
得到梦幻船票",0x0359A3,845,0x0359A3,ascii,Got Navel Rock Pass,pending_semantic_review,
0x0331E9,0x034884,1017,"
卡美优:我认输!这样总行了吧!",0x034873,710,0x034873,ascii,Farewell traveller!,pending_semantic_review,
0x0331EB,0x0348A1,1018,"
蓓蓓:你真的是很棒耶!",0x0348A1,711,0x034887,ascii,Take care of Eevee!,pending_semantic_review,
0x0331ED,0x0348B7,1019,"
小李:再骚扰的话,本大爷要报警了...!",0x0348B5,712,0x0348B5,ascii,Your Pok@mon can fly you anywhere.,pending_semantic_review,
0x0348DF,0x03492F,1020,"
得到精灵球",0x03492F,714,0x03492F,ascii,A Pok@ball!,pending_semantic_review,
0x0348E1,0x03493B,1021,"
得到超级球",0x03493B,715,0x03493B,ascii,A Great Ball!,pending_semantic_review,
0x0348E3,0x034947,1022,"
得到超力球",0x034949,716,0x034949,ascii,UltraBall,pending_semantic_review,
0x0348E5,0x034953,1023,"
得到大师球",0x034953,717,0x034953,graphical_codes,<B2C1><B0DB><B1BE><B2DF><B0BD>,english_graphical_residual,La cible anglaise conserve des codes graphiques.
0x0348E7,0x03495F,1024,"
得到伤药",0x03495F,718,0x03495F,ascii,A Potion!,pending_semantic_review,
0x0348E9,0x034969,1025,"
得到好伤药",0x034969,719,0x034969,ascii,S.Potion!,pending_semantic_review,
0x0348EB,0x034975,1026,"
得到超级伤药",0x034975,720,0x034973,ascii,A H.Potion!,pending_semantic_review,
0x0348ED,0x034983,1027,"
得到最大伤药",0x034983,721,0x034981,graphical_codes,00<B2C1><B0DB><B3F2><B1BE><B9C7><BBB9>,english_graphical_residual,La cible anglaise conserve des codes graphiques.
0x0348EF,0x034991,1028,"
得到解毒药",0x034990,722,0x034990,ascii,An Antidote!,pending_semantic_review,
0x0348F1,0x03499D,1029,"
得到解麻药",0x03499D,723,0x03499D,ascii,A S.Heal!,pending_semantic_review,
0x0348F3,0x0349A9,1030,"
得到睡醒药",0x0349A9,723,0x03499D,ascii,A S.Heal!,pending_semantic_review,
0x0348F5,0x0349B5,1031,"
得到冰冻药",0x0349B5,724,0x0349B3,ascii,Ice Heal!,pending_semantic_review,
0x0348F7,0x0349C1,1032,"
得到烧伤药",0x0349C1,725,0x0349BF,graphical_codes,00<B2C1><B0DB><BAE7><B9C7><BBB9>,english_graphical_residual,La cible anglaise conserve des codes graphiques.
0x0348F9,0x0349CD,1033,"
得到万能恢复",0x0349CD,726,0x0349CC,ascii,A Full Heal!,pending_semantic_review,
0x0348FB,0x0349DB,1034,"
得到精神药",0x0349DB,727,0x0349DA,ascii,A Revive!,pending_semantic_review,
0x0348FD,0x0349E7,1035,"
得到PP提升",0x0349E7,728,0x0349E5,graphical_codes,00<B2C1><B0DB>PP<B4C7><B4C8>,english_graphical_residual,La cible anglaise conserve des codes graphiques.
0x0348FF,0x0349F3,1036,"
得到PP最大",0x0349F3,729,0x0349F2,graphical_codes,<0A><B2C1><B0DB>PP<B3F2><B1BE>,english_graphical_residual,La cible anglaise conserve des codes graphiques.
0x034901,0x0349FF,1037,"
得到神奇糖果",0x0349FF,730,0x0349FF,ascii,A Rare Candy!,pending_semantic_review,
0x034903,0x034A0D,1038,"
得到火之石",0x034A0D,731,0x034A0D,ascii,Fire Stone!,pending_semantic_review,
0x034905,0x034A19,1039,"
得到水之石",0x034A19,732,0x034A19,ascii,Water Stone,pending_semantic_review,
0x034907,0x034A25,1040,"
得到雷之石",0x034A25,733,0x034A25,ascii,Thun.Stone!,pending_semantic_review,
0x034909,0x034A31,1041,"
得到叶之石",0x034A31,734,0x034A31,ascii,Leaf Stone!,pending_semantic_review,
0x03490B,0x034A3D,1042,"
得到月之石",0x034A3D,735,0x034A3D,ascii,Moon Stone!,pending_semantic_review,
0x03490D,0x034A49,1043,"
得到包裹",0x034A49,736,0x034A49,graphical_codes,<B2C1><B0DB><B2E0><B2E1>,english_graphical_residual,La cible anglaise conserve des codes graphiques.
0x03490F,0x034A53,1044,"
得到精灵图鉴",0x034A53,737,0x034A52,graphical_codes,<0A><B2C1><B0DB><B0A1><B0A2><B2F1><B2F2>,english_graphical_residual,La cible anglaise conserve des codes graphiques.
0x034911,0x034A61,1045,"
得到地图",0x034A61,738,0x034A60,graphical_codes,<0A><B2C1><B0DB><B3BB><B2F1>,english_graphical_residual,La cible anglaise conserve des codes graphiques.
0x034913,0x034A6B,1046,"
得到菊石化石",0x034A6B,739,0x034A6A,graphical_codes,<0A><B2C1><B0DB><BADE><B1B2><B5AB><B1B2>,english_graphical_residual,La cible anglaise conserve des codes graphiques.
0x034915,0x034A79,1047,"
得到盔甲化石",0x034A79,740,0x034A78,graphical_codes,<0A><B2C1><B0DB><BADF><BBBE><B5AB><B1B2>,english_graphical_residual,La cible anglaise conserve des codes graphiques.
0x034917,0x034A87,1048,"
得到船票",0x034A87,741,0x034A86,graphical_codes,<0A><B2C1><B0DB><B6F6><B6F7>,english_graphical_residual,La cible anglaise conserve des codes graphiques.
0x034919,0x034A91,1049,"
得到矿泉水",0x034A91,742,0x034A90,graphical_codes,<0A><B2C1><B0DB><B8E9><B8EA><B5F7>,english_graphical_residual,La cible anglaise conserve des codes graphiques.
0x03491B,0x034A9D,1050,"
得到精灵眼镜",0x034A9D,743,0x034A9C,graphical_codes,<0A><B2C1><B0DB><B0A1><B0A2><B6EE><B8D1>,english_graphical_residual,La cible anglaise conserve des codes graphiques.
0x03491D,0x034AAB,1051,"
得到精灵笛",0x034AAB,744,0x034AAA,graphical_codes,<0A><B2C1><B0DB><B0A1><B0A2><B8DF>,english_graphical_residual,La cible anglaise conserve des codes graphiques.
0x03491F,0x034AB7,1052,"
得到金牙",0x034AB7,745,0x034AB6,graphical_codes,<0A><B2C1><B0DB><B7BB><B9F9>,english_graphical_residual,La cible anglaise conserve des codes graphiques.
0x034921,0x034AC1,1053,"
得到梦幻船票",0x034AC1,746,0x034AC0,graphical_codes,<0A><B2C1><B0DB><B1D6><B9ED><B6F6><B6F7>,english_graphical_residual,La cible anglaise conserve des codes graphiques.
0x034923,0x034ACF,1054,"
得到居合斩",0x034ACF,747,0x034ACE,graphical_codes,<0A><B2C1><B0DB><B1A9><B1AA><B1AB>,english_graphical_residual,La cible anglaise conserve des codes graphiques.
0x034925,0x034ADB,1055,"
得到飞天术",0x034ADB,748,0x034ADA,graphical_codes,<0A><B2C1><B0DB><B1AC><B1AD><B1AE>,english_graphical_residual,La cible anglaise conserve des codes graphiques.
0x034AEB,0x034C0A,1056,"
欢迎!到精灵中心可以恢复精灵的体力.",0x034C0A,750,0x034C09,graphical_codes,<0A><B0D2><B0D3>!<B0DB><B0A1><B0A2><B0DC><B0DD><B0DE><B0DF><B0E0><B0E1><B0A1><B0A2><B0BC><B0E2><B0E3>.,english_graphical_residual,La cible anglaise conserve des codes graphiques.
0x034AED,0x034C2E,1057,"
您的精灵都精神了!!欢迎光临!!",0x034C2E,751,0x034C2D,graphical_codes,<0A><B7C5><B0BC><B0A1><B0A2><B1C0><B0A1><B6DD><B0F8>!!<B0D2><B0D3><B0E4><B0E5>!!,english_graphical_residual,La cible anglaise conserve des codes graphiques.
0x034AEF,0x034C4C,1058,"
对不起,因为机能所限这里暂时不能够对战...",0x034C4C,752,0x034C4B,graphical_codes,"<0A><B0E7><B0CE><B0E8>,<B0E9><B0EA><B0EB><B0EC><B0AD><B0ED><B0EE><B0BF><B0EF><B0F0><B0CE><B0EC><B0F1><B0E7><B0F2>...",english_graphical_residual,La cible anglaise conserve des codes graphiques.
0x034AF1,0x034C76,1059,"
交换机器也坏了...下次再来看看吧",0x034C76,753,0x034C75,graphical_codes,<0A><B0F3><B0F4><B0EB><B0F5><B0F6><B0F7><B0F8>...<B0F9><B0FA><B0FB><B0FC><B0FD><B0FD><B0BE>,english_graphical_residual,La cible anglaise conserve des codes graphiques.
0x034AF3,0x034C97,1060,"
欢迎!买东西吗?",0x034C97,754,0x034C96,graphical_codes,<0A><B0D2><B0D3>!<B0D4><B0D5><B0D6><B0D7>?,english_graphical_residual,La cible anglaise conserve des codes graphiques.
0x034AF5,0x034CA7,1061,"
谢谢惠顾!!",0x034CA7,755,0x034CA6,graphical_codes,<0A><B0D8><B0D8><B0D9><B0DA>!!,english_graphical_residual,La cible anglaise conserve des codes graphiques.
0x034AF7,0x034CB3,1062,"
我也在养育精灵!变强的话就不会让人欺负",0x034CB3,756,0x034CB3,ascii,Technology's great!You can now store and recall items and Pok@mon as data via PC!,pending_semantic_review,
0x034AF9,0x034CDA,1063,"
我相信科学的力量!现在电脑可以通信精灵和道具",0x036528,1015,0x036528,ascii,"I'm raising Pok@mon too! When they get strong, they can protect me!",pending_semantic_review,
0x034AFB,0x034D07,1064,"
休息一下如何?",0x036605,1018,0x0365FE,ascii,"Ash,if you drive your Pok@mon too hard, they'll dislike you.You should take a rest.",pending_semantic_review,
0x034AFD,0x034D16,1065,"
啊!你和精灵都很精神!小心去吧,保重!",0x036665,1019,0x036665,ascii,Oh good! You and your Pok@mon are looking great! Takecare now!,pending_semantic_review,
0x034AFF,0x034D3A,1066,"
精灵好好培养的话会很亲近的",0x034D3A,758,0x034D3A,ascii,jump from them.,pending_semantic_review,
0x034B01,0x034D56,1067,"
需要买抓精灵的精灵球时请到商店!",0x034D08,757,0x034D08,ascii,See those ledges? It's a bit scary but you can jump from them.,pending_semantic_review,
0x034B03,0x034D77,1068,"
在空中飞行有点害怕...但一下就能回到真新镇",0x034D4C,759,0x034D4C,ascii,"Hi! I work at the Pok@Mart. It's a convenient shop,youshould come and visit us.",pending_semantic_review,
0x034B05,0x034DA2,1069,"
你的精灵球是很方便的东西啊",0x0366F3,1021,0x0366F3,ascii,"You know there's 2 kinds of caterpilarPok@mon? Caterpie has no poison, but Weedle does. Watch out for it!",pending_semantic_review,
0x034B07,0x034DBE,1070,"
虫属性的精灵有两种类型,绿毛虫没有毒,独角虫有毒",0x034DA2,760,0x034DA2,ascii,"Using Pok@balls,youcan carry and use Pok@mon any time, anywhere!",pending_semantic_review,
0x034B09,0x034DEE,1071,"
我从没见过这家道场的首领",0x034DE5,761,0x034DE5,ascii,"This GYM is always closed, I wonder who the Leader is?",pending_semantic_review,
0x034B0B,0x034E08,1072,"
啊!日记的内容我都记住了",0x03675E,1022,0x03675E,ascii,Coming up with nick names for my Pok@mon is fun.,pending_semantic_review,
0x034B0D,0x034E21,1073,"
我也很喜欢精灵啊",0x036795,1023,0x036795,ascii,"When you're using aPok@dex, it is updated instantly when you catch a Pok@mon.",pending_semantic_review,
0x034B0F,0x034E33,1074,"
伤药很好,当精灵没有体力时可以使用",0x034E33,763,0x034E32,ascii,My Dad loves Pok@mon too.,pending_semantic_review,
0x034B11,0x034E56,1075,"
小拉达很小但前牙很厉害",0x034E56,764,0x034E55,graphical_codes,<0A><B0B6><B8BB><B6E5><B3F7><B0B6><B3A8><B3DD><B9F9><B3F7><B3ED><B3EE>,english_graphical_residual,La cible anglaise conserve des codes graphiques.
0x034B13,0x034E6E,1076,"
常青森林是天然的迷宫,小心啊",0x034E6E,765,0x034E6D,graphical_codes,"<0A><B3CA><B3CB><B4D8><B4D9><B0C2><B1AD><B2AA><B0BC><B4D3><BDFE>,<B0B6><B0DD><B2AC>",english_graphical_residual,La cible anglaise conserve des codes graphiques.
0x034B15,0x034E8B,1077,"
道路上经常会有小树吧?用精灵的技能可以砍断的",0x034E8B,766,0x034E8B,ascii,The HM Flash lightseven the darkest caves.,pending_semantic_review,
0x034B17,0x034EB8,1078,"
有的精灵只在森林或者洞穴生活要得到更多的精灵就要多走走",0x034EB8,767,0x034EB8,graphical_codes,<B0AE><B0BC><B0A1><B0A2><B2BE><B0B8><B4D8><B4D9><B1CB><B9AB><B4FB><BDB8><B1C9><B4E0><B0C3><B2C1><B0DB><B2CC><B0C8><B0BC><B0A1><B0A2><B2AB><B0C3><B0C8><B7C3><B7C3>,english_graphical_residual,La cible anglaise conserve des codes graphiques.
0x034B19,0x034EF0,1079,"
说起石山矿野很黑的,精灵用闪光术能看清吧",0x034EF0,768,0x034EEF,graphical_codes,"<0A><B1E7><B0E8><B1B2><B6DC><B8E9><B1F8><B3F7><B5AC><B0BC>,<B0A1><B0A2><B1A8><B4BE><B0E4><B1AE><B0EC><B0FD><B4C4><B0BE>",english_graphical_residual,La cible anglaise conserve des codes graphiques.
0x034B1B,0x034F19,1080,"
啊!这长长的洞穴!是地鼠挖的!听说都到尼比市了!",0x0368BC,1029,0x0368BC,ascii,Diglets dug this cave that goes to Viridian City.,pending_semantic_review,
0x034B1D,0x034F47,1081,"
尼比市的捉虫少年和道馆的小刚不一样!!",0x034F47,770,0x034F38,ascii,Did you check out the Museum?,pending_semantic_review,
0x034B1F,0x034F6D,1082,"
不要让野生的精灵进入花坛",0x034F66,771,0x034F66,ascii,Welcome to Pewter City.,pending_semantic_review,
0x034B21,0x034F87,1083,"
我的精灵是和别人交换的",0x034F7F,772,0x034F7F,ascii,This road leads to Route 3.,pending_semantic_review,
0x034B23,0x034F9F,1084,"
有些精灵不听话...要是有徽章的话!",0x034F9B,773,0x034F9B,ascii,I heard Team Rocketis at Mt.Moon!,pending_semantic_review,
0x034B25,0x034FC1,1085,"
小孩子需要50元,参观吗?",0x034FBD,774,0x034FBD,ascii,Tickets are 50$.,pending_semantic_review,
0x034B27,0x034FD9,1086,"
好的,50元收下了!",0x034FCE,775,0x034FCE,ascii,Enjoy your visit!,pending_semantic_review,
0x034B29,0x034FEB,1087,"
再来啊",0x034FE0,776,0x034FE0,graphical_codes,<B0FB><B0FC><B2AC>,english_graphical_residual,La cible anglaise conserve des codes graphiques.
0x034B2B,0x034FF3,1088,"
太好了,找到了龙骨",0x034E1E,762,0x034E1E,ascii,I like this museum.,pending_semantic_review,
0x034B2D,0x035006,1089,"
这个月要去宇宙中",0x034FE7,777,0x034FE7,ascii,Team Rocket is always in the news!,pending_semantic_review,
0x034B2F,0x035018,1090,"
当精灵抓到很多带不了时使用电脑通信存放好",0x03500E,778,0x03500E,ascii,You can carry six Pok@mon at the most,pending_semantic_review,
0x034B31,0x035042,1091,"
能带着的精灵是六只",0x035035,779,0x035035,ascii,See ya around kid!,pending_semantic_review,
0x034B33,0x035056,1092,"
我很害怕...我经常在这里听到奇怪的声音",0x035048,780,0x035048,ascii,Only the Pok@mon champion is allowedin here!,pending_semantic_review,
0x034B35,0x03507D,1093,"
太不幸了,这家人被偷了!是火箭队干的!即使是警察也拿火箭队没办法!",0x03507D,781,0x035077,graphical_codes,"000000<B6C6><B0CE><B8E7><B0F8>,<B0EE><B1BF><B2B5><B1B6><B5EF><B0F8>!<B0C2><B5A2><B5A3><B5A4><B5A5><B0BC>!<B1D8><B1A7><B0C2><B5EC><B4B0><B0F6><B0C6><B5A2><B5A3><B5A4><B2B6><B2B7><B2B8>!",english_graphical_residual,La cible anglaise conserve des codes graphiques.
0x034B37,0x0350BD,1094,"
你也有精灵吗!好好磨练吧!",0x0350BD,782,0x0350BD,ascii,Welcome to Ceruleancity!,pending_semantic_review,
0x034B39,0x0350D7,1095,"
啊...!在完成精灵图鉴吗?太好了",0x0350D6,783,0x0350D6,ascii,Girl:The life of a trainer is tough isn't it?,pending_semantic_review,
0x034B3B,0x0350F6,1096,"
我也想要辆自行车",0x0367EA,1024,0x0367EA,ascii,"If you press B whena Pok@mon is evolving,that will cancel the process.",pending_semantic_review,
0x034B3D,0x035108,1097,"
你好!骑自行车的心情你知道吗?",0x035106,784,0x035106,ascii,I care for injured Pok@mon.,pending_semantic_review,
0x034B3F,0x035126,1098,"
我的自行车很漂亮哦",0x035126,785,0x035122,graphical_codes,0000<B1C2><B0BC><B2F3><B3A9><BCB2><B3F7><B9D3><B7EE><B2DD>,english_graphical_residual,La cible anglaise conserve des codes graphiques.
0x034B41,0x03513A,1099,"
火箭队让精灵挖洞一定有什么事!",0x03513A,786,0x03513A,ascii,Why would they do this!?,pending_semantic_review,
0x034B43,0x035159,1100,"
找不到被偷的东西就只有放弃了",0x035154,787,0x035154,ascii,"Those miserable Rockets! They stoleour ""Dig"" TM!",pending_semantic_review,
0x034B45,0x035177,1101,"
家里的爷爷想要交换精灵",0x035878,837,0x035874,ascii,Bill has lots of Pok@mon!,pending_semantic_review,
0x034B47,0x03518F,1102,"
哎...最近没有发生什么事情...",0x03518F,788,0x035188,graphical_codes,0000000<B8F3>...<B3F2><B0CD><B2B6><B0AE><B2F4><B1C9><B2AF><B1E6><B1D5><B7AB>...,english_graphical_residual,La cible anglaise conserve des codes graphiques.
0x034B49,0x0351AD,1103,"
我老是培育不好我的妙娃种子...",0x0351AD,789,0x0351AC,graphical_codes,<0A><B1C2><B2CE><B0C2><B6A3><B6D8><B0CE><B1B4><B1C2><B0BC><B7FC><BEA7><B6AD><B1DF>...,english_graphical_residual,La cible anglaise conserve des codes graphiques.
0x034B4B,0x0351CC,1104,"
让精灵进化图鉴可以增加...",0x0351CC,790,0x0351CB,graphical_codes,<0A><B2CB><B0A1><B0A2><B3DE><B5AB><B2F1><B2F2><B0DE><B0DF><B2FB><B2FC>...,english_graphical_residual,La cible anglaise conserve des codes graphiques.
0x034B4D,0x0351E7,1105,"
听说紫苑镇出现过幽灵精灵呢...",0x0351E7,791,0x0351E6,graphical_codes,<0A><B1F1><B1E7><BDE3><BDE4><B2D6><B0A4><B2F5><B3D4><B8BD><B0A2><B0A1><B0A2><B1EB>...,english_graphical_residual,La cible anglaise conserve des codes graphiques.
0x034B4F,0x035206,1106,"
这里是精灵的墓地,有名的城镇...精灵死的时候都会带到精灵塔",0x035206,792,0x035206,ascii,Pok@mon spirits have been seen in the Pok@mon Tower.,pending_semantic_review,
0x034B51,0x035240,1107,"
最近幽灵塔里好象出现幽灵...好像是被火箭队杀害的精灵的幽灵...",0x03523F,793,0x03523F,ascii,I think they are spirits of Pok@mon the Rockets killed.,pending_semantic_review,
0x034B53,0x03527E,1108,"
你相信有幽灵的存在吗?",0x035279,794,0x035279,ascii,Do you believe in Ghosts?,pending_semantic_review,
0x034B55,0x035295,1109,"
我无法原谅火箭队!他们把逃亡中可拉可拉的妈妈抓了并杀害了!",0x035294,795,0x035294,ascii,May the souls of Pok@mon rest easy.,pending_semantic_review,
0x034B57,0x0352CF,1110,"
精灵塔有很多幽灵居住",0x0352CF,797,0x0352CE,graphical_codes,0<B0A1><B0A2><B8BE><B0AE><B3F7><B0C8><B8BD><B0A2><B1A9><B1C6>,english_graphical_residual,La cible anglaise conserve des codes graphiques.
0x034B59,0x0352E5,1111,"
这个紫苑镇最有名的塔也是宠物精灵的墓园...人们将死亡的精灵带到这幽灵塔来祈求冥福",0x0352E5,798,0x0352E4,graphical_codes,<0A><B0EE><B0BA><BDE3><BDE4><B2D6><B3F2><B0AE><B3B1><B0BC><B8BE><B0F6><B0C2><B0C0><B0C1><B0A1><B0A2><B0BC><BEA8><B6FE>...<B2B5><B2EF><B1D2><B8C1><BEAA><B0BC><B0A1><B0A2><B8DD><B0DB><B0EE><B8BD><B0A2><B8BE><B0FC><B8C3><B9D2><BEAB><B6B4>,english_graphical_residual,La cible anglaise conserve des codes graphiques.
0x034B5B,0x035336,1112,"
吉野老人可以安慰可拉可拉的灵魂",0x035336,799,0x035335,graphical_codes,<0A><B8B8><B1F8><B2CE><B2B5><B0DE><B0DF><B8BF><B8C0><B0DE><B8BB><B0DE><B8BB><B0BC><B0A2><B8C6>,english_graphical_residual,La cible anglaise conserve des codes graphiques.
0x034B5D,0x035356,1113,"
现在戒严中!!",0x0352BA,796,0x0352BA,ascii,Get out of the way!,pending_semantic_review,
0x034B5F,0x035364,1114,"
这些火箭队的人太可恶了...",0x035355,800,0x035355,ascii,Silph Co. is very famous.,pending_semantic_review,
0x034B61,0x03537F,1115,"
你要对抗火箭队?真了不起",0x035370,801,0x035370,ascii,The Rockets just came and took over!,pending_semantic_review,
0x034B63,0x035398,1116,"
我看见了火箭队的老大进了大厦...",0x035397,802,0x035397,ascii,There's two gyms inthis city.,pending_semantic_review,
0x034B65,0x0353B9,1117,"
我很崇拜你,我会为你加油的!",0x0353B5,803,0x0353B5,ascii,That group needs tobe stopped.,pending_semantic_review,
0x034B67,0x0353D5,1118,"
我看过你的对战,你很厉害啊",0x0353D4,804,0x0353D4,ascii,I lost my money betting!,pending_semantic_review,
0x034B69,0x0353F0,1119,"
你听过南晶开发部的卡美优吗?听说他的精灵都是神兽级别的哦...",0x0353F0,805,0x0353F0,ascii,They must have targeted Silph Co. for their Pok@mon products.,pending_semantic_review,
0x034B6B,0x03542C,1120,"
欢迎!通过游戏积累硬币能得到喜欢的奖品,不过你好像没有硬币盒哦...",0x035435,806,0x035433,ascii,Welcome! You can exchange coins for prizes next door.,pending_semantic_review,
0x034B6D,0x03546D,1121,"
我太喜欢游戏了!都忘记时间了...",0x03546D,807,0x03546D,ascii,I'm having a great time!,pending_semantic_review,
0x034B6F,0x03548D,1122,"
你也想玩吗?不行,你没有硬币盒",0x035486,808,0x035486,ascii,A man was guarding that poster there,pending_semantic_review,
0x034B71,0x0354AB,1123,"
您可以用赢得的硬币盒换取精灵哦...不行,你没有硬币盒...",0x0354AB,809,0x0354AB,graphical_codes,"<B7C5><B0DE><B0DF><B1A8><B3F5><B2C1><B0BC><B4B6><BDBB><BEB2><B0F4><B0A3><B0A1><B0A2><B2DD>...<B0CE><B3A9>,<B0C5><B2B6><B0AE><B4B6><BDBB><BEB2>...",english_graphical_residual,La cible anglaise conserve des codes graphiques.
0x034B73,0x0354E2,1124,"
啊...游戏厅的下面好像有地下室",0x03551C,812,0x03551C,ascii,I got my Koffing inCinnabar!,pending_semantic_review,
0x034B75,0x035501,1125,"
我的精灵没有体力时就到商店买药给他",0x035500,811,0x035500,ascii,My Pok@mon keep me company.,pending_semantic_review,
0x034B77,0x035525,1126,"
啊...游戏机很让人着迷啊...",0x034F18,769,0x034F18,ascii,Poliwrath is my best friend!,pending_semantic_review,
0x034B79,0x035541,1127,"
这里真是漂亮的地方啊",0x035541,813,0x035539,graphical_codes,00000000<B0EE><B0BF><B1F5><B0C2><B9D3><B7EE><B0BC><B3BB><B1E2><B2AC>,english_graphical_residual,La cible anglaise conserve des codes graphiques.
0x034B7B,0x035557,1128,"
铁达尼号出发了吗?",0x036876,1027,0x036876,ascii,"Sorry, Lt. Surge isout right now.",pending_semantic_review,
0x034B7D,0x03556A,1129,"
我想在这里盖大楼,但被精灵袭击了",0x03556A,815,0x03556A,ascii,We're careful aboutpollution!,pending_semantic_review,
0x034B7F,0x03558B,1130,"
我的肚子好饿呀...",0x036853,1026,0x036853,ascii,I heard Grimer livein toxic waste.,pending_semantic_review,
0x034B81,0x03559E,1131,"
你的比卡丘很可爱呢",0x036837,1025,0x036837,ascii,Our Chairman loves Pok@mon!,pending_semantic_review,
0x034B83,0x0355B2,1132,"
会长说起精灵来就没完没了啊...",0x03559E,817,0x03559C,ascii,I just adore my Seel!,pending_semantic_review,
0x034B85,0x0355D1,1133,"
你知道吗?臭泥是从海里的污泥出生的呢...",0x0355B7,818,0x0355B7,ascii,Hmph! My Pikachu isbetter than yours!,pending_semantic_review,
0x034B87,0x0355F9,1134,"
狩猎区内有很多特别的精灵哟",0x0355F0,819,0x0355DD,ascii,"The Warden is old, but still active!",pending_semantic_review,
0x034B89,0x035615,1135,"
奇怪,我的波波不知又飞到什么地方去了",0x035615,820,0x035615,ascii,Did you see the ship out there?,pending_semantic_review,
0x034B8B,0x03563A,1136,"
据说狩猎区有人曾经见过传说中的精灵呢...",0x035638,821,0x035638,ascii,You should raise your Pok@mon evenly,pending_semantic_review,
0x034B8D,0x035663,1137,"
听说石英高原的四天王很厉害",0x035588,816,0x035588,ascii,Have you met Bill?,pending_semantic_review,
0x034B8F,0x03567F,1138,"
你有经常看电视吗?",0x03565F,822,0x03565F,ascii,The Warden knows a lot about Pok@mon!,pending_semantic_review,
0x034B91,0x035692,1139,"
这个世上有多少种精灵呢?",0x035685,823,0x035685,ascii,I couldn't under- stand the warden.,pending_semantic_review,
0x034B93,0x0356AB,1140,"
你想要打败这个训练道馆啊...还是放弃吧",0x0356AA,824,0x0356AA,ascii,"We nicknamed the Warden, Slowpoke.",pending_semantic_review,
0x034B95,0x0356D2,1141,"
我今天又胜了...哈哈",0x035558,814,0x035556,ascii,Thanks again kid!,pending_semantic_review,
0x034B97,0x0356E7,1142,"
道场的老头很厉害",0x0356D1,825,0x0356CF,ascii,The Safari Zone hasrare Pok@mon.,pending_semantic_review,
0x034B99,0x0356F9,1143,"
想不到吧,我们在这个小岛生活了好多年呢",0x0356F2,826,0x0356F2,ascii,Scientists conduct experiments in thathouse.,pending_semantic_review,
0x034B9B,0x035720,1144,"
今天好虚啊...太累了...",0x03571F,827,0x03571F,ascii,Blaine's an odd man,pending_semantic_review,
0x034B9D,0x035738,1145,"
火系精灵碰上水系就惨了!",0x035733,828,0x035733,ascii,You can stop evolu-tion by Pushing B.,pending_semantic_review,
0x034B9F,0x035751,1146,"
欢迎带着珍贵精灵的客人来这里",0x035759,829,0x035759,ascii,We study Pok@mon fossils in this lab,pending_semantic_review,
0x034BA1,0x03576F,1147,"
这里每天进行精灵研究",0x03692B,1031,0x03692B,ascii,It never hurts to have extra items!,pending_semantic_review,
0x034BA3,0x035785,1148,"
我曾经在月见山找到的化石居然在这里复活了!!",0x035780,830,0x035780,ascii,Eevee can evolve to1 of 3 Pok@mon.,pending_semantic_review,
0x034BA5,0x0357B1,1149,"
现在的技术真的很先进呢",0x0357A3,831,0x0357A3,ascii,People bring us Pok@mon to examine.,pending_semantic_review,
0x034BA7,0x0357C9,1150,"
对了,伊布能进化的形态据说不只三种呢...",0x0357C7,832,0x0357C7,ascii,Dr.Fuji founded ourlab.,pending_semantic_review,
0x034BA9,0x0357F1,1151,"
你好,未来的冠军...祝你好运!",0x0357DF,833,0x0357DF,ascii,Let me know if you find another fossil,pending_semantic_review,
0x034BAB,0x03580E,1152,"
四天王都很厉害,你要小心啊...",0x035806,834,0x035806,ascii,Victory Road sure was tough!,pending_semantic_review,
0x034BAD,0x03582C,1153,"
龙系的精灵很强...没有什么弱点...",0x03582F,835,0x035824,ascii,This is the final challenge!,pending_semantic_review,
0x034BAF,0x03584E,1154,"
如果胜利的话,就可以进入下一个房间,加油啊",0x03584D,836,0x03584D,ascii,"If you lose, you have to start over.",pending_semantic_review,
0x034BB1,0x035878,1155,"
小茂姐姐:爷爷有任务交给你啊!",0x0366A8,1020,0x0366A8,ascii,"Gary's Sis:Pok@mon are living things! If they get tired, give them a rest!",pending_semantic_review,
0x034BB3,0x035896,1156,"
该怎么吧这家伙弄醒呢?",0x036898,1028,0x036898,ascii,A sleeping Pok@mon blocks the path.,pending_semantic_review,
0x034BB5,0x0358AD,1157,"
触动了一个开关!",0x0358AD,838,0x0358AD,ascii,Hit the button!,pending_semantic_review,
0x034BB7,0x0358BE,1158,"
这么好的化石不要嘛?!",0x0358BE,839,0x0358BD,ascii,Go ahead and choose,pending_semantic_review,
0x034BB9,0x0358D4,1159,"
使用怪兽的人不同,结果就有好有坏!",0x0358D4,840,0x0358D2,graphical_codes,"00<B1A7><B1A8><B0CA><B0CB><B0BC><B2B5><B0CE><B8CF>,<BCC6><B3F6><B2AB><B0AE><B1B4><B0AE><B0F7>!",english_graphical_residual,La cible anglaise conserve des codes graphiques.
0x034BBB,0x0358F6,1160,"
世上有很多人用怪兽作恶,那些混蛋就是火箭团!",0x0358F6,841,0x0358F6,ascii,No! Super Potions are all sold out!,pending_semantic_review,
0x034BBD,0x035922,1161,"
物价太高了,也没人出来管一管,唉!",0x03591B,842,0x03591B,ascii,This shop has many Antidotes.,pending_semantic_review,
0x034BBF,0x035943,1162,"
即使相同等级的怪兽强度也不一样.",0x035939,843,0x035939,ascii,There's a Pok@mon Center in every town ahead.,pending_semantic_review,
0x034BC1,0x035964,1163,"
我的怪兽力量都用尽了......",0x0365D0,1017,0x0365D0,ascii,You can use that PC in the corner over there.,pending_semantic_review,
0x034BC3,0x035980,1164,"
等级越高怪兽越强,但怪兽根据类型也有不擅长作战的对手......",0x03596B,844,0x03596B,ascii,Pok@mon Centers heal your injured Pok@mon for free.,pending_semantic_review,
0x034BC5,0x0359BB,1165,"
不知什么时候草丛里会突然窜出精灵呢",0x0359BB,846,0x0359B7,graphical_codes,0000<B0CE><B2D7><B2AF><B1E6><B0F0><B7CD><B1FB><B1FC><B0BF><B1F9><B5B4><B2AA><BEBD><B0A4><B0A1><B0A2><B1EB>,english_graphical_residual,La cible anglaise conserve des codes graphiques.
0x034BC7,0x0359DF,1166,"
到大城市里去会认识很多优秀的训练师",0x0359DF,847,0x0359DE,graphical_codes,<0A><B0DB><B1BE><B3BA><B4D1><B0BF><B0C7><B1F9><B4BA><B0D1><B3F7><B0C8><B8EE><BEBE><B0BC><B2DE><B2C5><B2DF>,english_graphical_residual,La cible anglaise conserve des codes graphiques.
0x034BC9,0x035A03,1167,"
你去过金黄市吗,听说那里有很高的大楼",0x035A03,848,0x035A02,graphical_codes,"<0A><B0C5><B0C7><B3D4><B7BB><BAC2><B4D1><B0D7>,<B1F1><B1E7><B0B9><B0BF><B0AE><B3F7><B8AF><B0BC><B1BE><BEB4>",english_graphical_residual,La cible anglaise conserve des codes graphiques.
0x034BCB,0x035A28,1168,"
我也想拥有传说中的精灵,可是到底哪儿才有传说中的精灵呢?",0x035A28,849,0x035A27,graphical_codes,"<0A><B1C2><B0F6><B1D7><B6A9><B0AE><B6F2><B1E7><B0DC><B0BC><B0A1><B0A2>,<B0DE><B0C2><B0DB><B3D5><B4C2><B7D0><B1F2><B0AE><B6F2><B1E7><B0DC><B0BC><B0A1><B0A2><B1EB>?",english_graphical_residual,La cible anglaise conserve des codes graphiques.
0x034BCD,0x035A60,1169,"
看你的能力一定是训练师新手吧.告诉你要时刻关心自己的精灵状态哦!",0x035A60,850,0x035A5F,graphical_codes,<0A><B0FD><B0C5><B0BC><B0EC><B0E3><B1D1><B2B1><B0C2><B2DE><B2C5><B2DF><B2D5><B1A3><B0BE>.<B2E6><B2E7><B0C5><B0C3><B0F0><B4E7><B0B3><B0DD><B2F3><BBA3><B0BC><B0A1><B0A2><BAF5><BAF6><B2DD>!,english_graphical_residual,La cible anglaise conserve des codes graphiques.
0x034BCF,0x035AA0,1170,"
有飞行系的精灵就能带我飞向远方的城市了...",0x035AA0,851,0x035A9F,graphical_codes,<0A><B0AE><B1AC><B3A9><B0AF><B0BC><B0A1><B0A2><B2AB><B0EC><B8DD><B1C2><B1AC><B3B7><B5CD><B1E2><B0BC><B3BA><B4D1><B0F8>...,english_graphical_residual,La cible anglaise conserve des codes graphiques.
0x034BD1,0x035ACB,1171,"
今天是个好天气",0x035ACB,852,0x035ACA,graphical_codes,<0A><B6C9><B1AD><B0C2><B0BA><B1B4><B1AD><B4AA>,english_graphical_residual,La cible anglaise conserve des codes graphiques.
0x034BD3,0x035ADB,1172,"
心情不错,偷偷告诉你我恋爱了!",0x035ADB,853,0x035ADA,graphical_codes,"<0A><B0DD><B7AB><B0CE><B2DC>,<B5EF><B5EF><B2E6><B2E7><B0C5><B1C2><BEBF><B5DD><B0F8>!",english_graphical_residual,La cible anglaise conserve des codes graphiques.
0x034BD5,0x035AF9,1173,"
大海很宽阔啊,如果会冲浪术的话就能横渡大海了",0x035AF9,854,0x035AF8,graphical_codes,"<0A><B1BE><B6FC><B3F7><B5B6><B5B7><B2AC>,<B1FE><B3F6><B1F9><B1AF><B1B0><B1AE><B0BC><B1EF><B2AB><B0EC><BEC0><BEC1><B1BE><B6FC><B0F8>",english_graphical_residual,La cible anglaise conserve des codes graphiques.
0x034BD7,0x035B26,1174,"
你听过吗?在枯叶市上的铁达尼号上都是有钱的训练师呢",0x035B26,855,0x035B25,graphical_codes,<0A><B0C5><B1F1><B3D4><B0D7>?<B0B8><B6E1><B6E2><B4D1><B1E5><B0BC><B6E4><B6E5><B4B2><B6E6><B1E5><B1C0><B0C2><B0AE><B0FE><B0BC><B2DE><B2C5><B2DF><B1EB>,english_graphical_residual,La cible anglaise conserve des codes graphiques.
0x034BD9,0x035B59,1175,"
在月见山上的晚上偶尔会有皮皮出现呢",0x035B59,856,0x035B58,graphical_codes,<0A><B0B8><B6CF><B2CD><B6DC><B1E5><B0BC><B2BC><B1E5><B9E3><BEC2><B1F9><B0AE><B6D3><B6D3><B0A4><B2F5><B1EB>,english_graphical_residual,La cible anglaise conserve des codes graphiques.
0x034BDB,0x035B7D,1176,"
宝石大陆你知道吗?我年轻时就是在宝石大陆修行呢",0x035B7D,857,0x035B7C,graphical_codes,<0A><B7B5><B1B2><B1BE><B7B6><B0C5><B2D7><B1A4><B0D7>?<B1C2><B3EA><B8B6><B0F0><B2AB><B0C2><B0B8><B7B5><B1B2><B1BE><B7B6><B4CE><B3A9><B1EB>,english_graphical_residual,La cible anglaise conserve des codes graphiques.
0x034BDD,0x035BAC,1177,"
在精灵体力低下的时候要赶紧使用伤药",0x035BAC,858,0x035BAB,graphical_codes,<0A><B0B8><B0A1><B0A2><B0E2><B0E3><BCDD><B0F9><B0BC><B0F0><B7CD><B0C3><B1F3><B1F4><B1A7><B1A8><B9C7><BBB9>,english_graphical_residual,La cible anglaise conserve des codes graphiques.
0x034BDF,0x035BD0,1178,"
我不明白怎么照顾精灵,要加紧学习呢",0x035BD0,859,0x035BCF,graphical_codes,"<0A><B1C2><B0CE><B5E6><B5E5><B2D0><B1E6><B6CC><B0DA><B0A1><B0A2>,<B0C3><B2FC><B1F4><B4C3><B2C6><B1EB>",english_graphical_residual,La cible anglaise conserve des codes graphiques.
0x034BE1,0x035BF3,1179,"
我的精灵老是不听我的话,如果有徽章就好了",0x035BF2,860,0x035BF2,ascii,I can't enter the city!,pending_semantic_review,
0x034BE3,0x035C1C,1180,"
在这个地区最强的训练师是石英高原的四大天王",0x035C1C,861,0x035C0B,graphical_codes,00000000000000000<B0B8><B0EE><B0BA><B3BB><B7B8><B3F2><B2C9><B0BC><B2DE><B2C5><B2DF><B0C2><B1B2><B7FE><B8AF><B4EF><B0BC><B1E1><B1BE><B1AD><B4F7>,english_graphical_residual,La cible anglaise conserve des codes graphiques.
0x034BE5,0x035C48,1181,"
如果我有只像你的精灵这样听话的精灵就好了",0x035C48,862,0x035C48,ascii,Do you want to see my Pok@mon?,pending_semantic_review,
0x034BE7,0x035C72,1182,"
我想喝水...谁给我水?",0x035C72,863,0x035C67,graphical_codes,00000000000<B1C2><B1D7><B3C1><B5F7>...<B5F1><B0C4><B1C2><B5F7>?,english_graphical_residual,La cible anglaise conserve des codes graphiques.
0x034BE9,0x035C88,1183,"
别动!叫你别动你还动?",0x035C88,864,0x035C87,graphical_codes,<0A><B2CA><B0B2>!<B1C1><B0C5><B2CA><B0B2><B0C5><B2BD><B0B2>?,english_graphical_residual,La cible anglaise conserve des codes graphiques.
0x034BEB,0x035C9E,1184,"
看你的样子一定是个了不起的训练师吧",0x035C9E,865,0x035C9D,graphical_codes,<0A><B0FD><B0C5><B0BC><B2DA><B1DF><B1D1><B2B1><B0C2><B0BA><B0F8><B0CE><B0E8><B0BC><B2DE><B2C5><B2DF><B0BE>,english_graphical_residual,La cible anglaise conserve des codes graphiques.
0x034BED,0x035CC2,1185,"
洞里太黑了,能掌握一些闪光的法术就好了!",0x037BEF,1119,0x037BEF,ascii,"The cave is pitch black, a Pok@mon could light it up.",pending_semantic_review,
0x034BEF,0x035CEA,1186,"
不知道怎么回事,现在的人都不骑自行车了!",0x035CEA,866,0x035CC1,ascii,"Welcome! 1 bike forjust 1,000,000$!",pending_semantic_review,
0x034BF1,0x035D12,1187,"
那家伙怎么消失了呢?!",0x0354E9,810,0x0354E1,ascii,Where'd that persongo?,pending_semantic_review,
0x034BF3,0x035D28,1188,"
感觉到有一种神秘的力量.....",0x035D0E,867,0x035D0E,ascii,Ash's Pok@mon are fully healed!,pending_semantic_review,
0x034BF5,0x035D45,1189,"
得到一个密码",0x035D42,869,0x035D42,ascii,Found Key to Gym!,pending_semantic_review,
0x034BF7,0x035D53,1190,"
竟然是一把密码锁...",0x035D2F,868,0x035D2F,ascii,The door's locked!,pending_semantic_review,
0x034BF9,0x035D68,1191,"
触动了一个机关...",0x035D54,870,0x035D54,ascii,Opened the door!,pending_semantic_review,
0x034BFB,0x035D7B,1192,"
你的徽章还没收集齐,还是请回吧!",0x035D7A,871,0x035D65,ascii,You don't have all Eight Badges.,pending_semantic_review,
0x034BFD,0x035D9B,1193,"
参观    走人    ",0x035D9B,872,0x035D9B,ascii,Buy Leave,pending_semantic_review,
0x034BFF,0x035DAD,1194,"
对不起,你的钱不够!",0x035DAD,873,0x035DAC,ascii,Not enough money.,pending_semantic_review,
0x03801D,0x03805D,1195,"
南晶公司版权所有",0x03805D,1121,0x03805C,graphical_codes,<0A><B0A7><B0A8><B0A9><B0AA><B0AB><B0AC><B0AD><B0AE>,english_graphical_residual,La cible anglaise conserve des codes graphiques.
0x03801F,0x03806F,1196,"
精灵系统启动...",0x03806F,1122,0x03806F,ascii,Turned on the PC,pending_semantic_review,
0x038021,0x038080,1197,"
精灵系统关闭...!",0x038080,1123,0x038080,ascii,Turned off the PC,pending_semantic_review,
0x038023,0x038092,1198,"
喔...小智在那有个圆圆的球吧,那里有宠物精灵是要给你的!拿去吧!",0x038092,1124,0x038092,ascii,"Go ahead,it's yours",pending_semantic_review,
0x038025,0x0380D0,1199,"
要多和怪兽亲近.",0x0380A6,1125,0x0380A6,ascii,"Ash,take good care of Pikachu.",pending_semantic_review,
0x038027,0x0380E1,1200,"
不打不相识!",0x0380E1,1127,0x0380DD,graphical_codes,0000<B0CE><B0CF><B0CE><B0D0><B0D1>!,english_graphical_residual,La cible anglaise conserve des codes graphiques.
0x038029,0x0380EE,1201,"
欢迎!买东西吗?",0x0380C5,1126,0x0380C5,ascii,Hello! May I help you?,pending_semantic_review,
0x03802B,0x0380FE,1202,"
谢谢惠顾",0x0380FD,1129,0x0380FD,ascii,Thank you.,pending_semantic_review,
0x03802D,0x038108,1203,"
欢迎!到精灵中心可以恢复精灵的体力.",0x03F3D2,1843,0x03F3D2,ascii,Welcome to our Pok@mon Center! We heal your Pok@mon back to perfect health!,pending_semantic_review,
0x03802F,0x03812C,1204,"
欢迎光临!",0x038108,1130,0x038108,ascii,We hope to see you again!,pending_semantic_review,
0x038031,0x038137,1205,"
恢复    放弃    ",0x038137,1132,0x038130,ascii,Heal Leave,pending_semantic_review,
0x038033,0x038149,1206,"
对不起,因为机能所限这里暂时不能够对战...",0x038149,1133,0x038149,ascii,"Sorry, the Trading Center is closed.",pending_semantic_review,
0x038035,0x038173,1207,"
交换机器也坏了...下次再来看看吧",0x038173,1134,0x038173,ascii,"Sorry, the Cable Club's closed",pending_semantic_review,
0x038037,0x038194,1208,"
买      不买    ",0x038194,1135,0x038194,ascii,Buy Pass,pending_semantic_review,
0x038039,0x0381A6,1209,"
钱不够!",0x0381A6,1136,0x0381A5,graphical_codes,0<B0FE><B0CE><B0F1>!,english_graphical_residual,La cible anglaise conserve des codes graphiques.
0x03803B,0x0381AF,1210,"
是      否      ",0x0381AF,1137,0x0381AF,ascii,Yes No,pending_semantic_review,
0x03803D,0x0381C1,1211,"
空手道  跆拳道  ",0x0381C1,1138,0x0381C1,ascii,Left Right,pending_semantic_review,
0x03803F,0x0381D3,1212,"
小智使用了居合斩",0x0381D3,1139,0x0381D2,ascii,Used HM CUT!,pending_semantic_review,
0x038041,0x0381E5,1213,"
小智使用了飞天术",0x0381E5,1140,0x0381E0,graphical_codes,00000<B0B6><B0B7><B1A7><B1A8><B0F8><B1AC><B1AD><B1AE>,english_graphical_residual,La cible anglaise conserve des codes graphiques.
0x038043,0x0381F7,1214,"
小智使用了冲浪术",0x0381F7,1141,0x0381F6,graphical_codes,<0A><B0B6><B0B7><B1A7><B1A8><B0F8><B1AF><B1B0><B1AE>,english_graphical_residual,La cible anglaise conserve des codes graphiques.
0x038045,0x038209,1215,"
小智使用了怪力术",0x038209,1142,0x038208,graphical_codes,<0A><B0B6><B0B7><B1A7><B1A8><B0F8><B0CA><B0E3><B1AE>,english_graphical_residual,La cible anglaise conserve des codes graphiques.
0x038047,0x03821B,1216,"
这块石头好像能被推动",0x03821B,1143,0x03821A,graphical_codes,<0A><B0EE><B1B1><B1B2><B1B3><B1B4><B1B5><B0EC><B1B6><B1B7><B0B2>,english_graphical_residual,La cible anglaise conserve des codes graphiques.
0x038049,0x038231,1217,"
这棵树苗好像能被斩断",0x038230,1144,0x038230,ascii,This tree can be cut!,pending_semantic_review,
0x03825D,0x038713,1227,"
大木:喂!什么!你在做什么!",0x038670,1153,0x038670,ascii,Gary! What are you doing?,pending_semantic_review,
0x03825F,0x03872D,1228,"
小茂:爷爷!人家就是想要这个嘛!",0x03868A,1154,0x03868A,ascii,"Gramps,I want this one!",pending_semantic_review,
0x038261,0x03874C,1229,"
大木:真是拿你没办法,好吧!那个宠物精灵就给你吧!反正是早晚的是...小智,你来一下好吗?",0x0386A2,1155,0x0386A2,ascii,"Oak:But, I...Oh,allright then. That Pok@mon is yours. Iwas going to give you one anyway... Ash,come over here.",pending_semantic_review,
0x038263,0x03879F,1230,"
大木:这里还有一只是刚刚抓的.和人还不是能亲近的",0x038715,1156,0x038715,ascii,"Oak:Ash, this is a Pok@mon I caught earlier.",pending_semantic_review,
0x038265,0x0387CF,1231,"
得到比卡丘",0x038744,1157,0x038744,ascii,You can have it.,pending_semantic_review,
0x038267,0x0387DB,1232,"
小茂:刚得到精灵就当我的对手练习练习吧!",0x038755,1158,0x038755,ascii,"Gary:Wait Ash! Let's check out ourPok@mon! Come on, I'll take you on!",pending_semantic_review,
0x038269,0x038803,1233,"
小茂:这不是开玩笑吗,你的精灵这么强??好吧,那我就去找别的精灵对战!好让我的精灵更强!小智.爷爷,再见了!",0x0387A0,1159,0x0387A0,ascii,Okay! I'll make my Pok@mon fight to toughen it up! Ash!Gramps! Smell you later!,pending_semantic_review,
0x03826B,0x038867,1234,"
老爷爷:你等等,听听我的话",0x038867,1161,0x038862,graphical_codes,"00000<B2CE><B1EE><B1EE>:<B0C5><B1CD><B1CD>,<B1F1><B1F1><B1C2><B0BC><B1EF>",english_graphical_residual,La cible anglaise conserve des codes graphiques.
0x03826D,0x038881,1235,"
老爷爷:你还去?",0x038881,1162,0x038880,graphical_codes,<0A><B2CE><B1EE><B1EE>:<B0C5><B2BD><B0C7>?,english_graphical_residual,La cible anglaise conserve des codes graphiques.
0x03826F,0x038891,1236,"
女孩:老爷爷怎在这睡着了?真没办法!只好等到睡醒了",0x03F5A3,1845,0x03F5A3,ascii,Old Man:Ouch! Girl:I'm sorry my grandfather injuredhis back and can't move.,pending_semantic_review,
0x038271,0x0388C2,1237,"
店员:你是从真新镇来的吧?你知道大木博士吧.这是他要的东西,请转交给他!",0x0387F3,1160,0x0387F3,ascii,"Hey! You came from Pallet Town? You know ProfOak,right?His order came in, can you take it to him? Thank you.",pending_semantic_review,
0x038273,0x038907,1238,"
大木:嗨!小智,怎样啊?与我给你的精灵好像相处的不错哦,你有宠物精灵训练师的才能喔!",0x0388C2,1164,0x0388BD,ascii,"Oh,Ash! How is Pikachu?",pending_semantic_review,
0x038275,0x038957,1239,"
大木:啊?有东西要交给我?",0x0388DE,1165,0x0388DE,ascii,He seems to like you...Hm? you have something for me?,pending_semantic_review,
0x038277,0x038970,1240,"
小智将包裹交给博士了!",0x038916,1166,0x038916,ascii,Ah! This is the custom Pok@ball I ordered!,pending_semantic_review,
0x038279,0x038987,1241,"
大木:这不就是我订的特制精灵球吗?谢谢你,对了!忘了告诉你有事要拜托你",0x038945,1167,0x038945,ascii,Thank you!,pending_semantic_review,
0x03827B,0x0389CB,1242,"
小茂:爷爷!我的精灵成长了!快来看啊",0x038950,1168,0x038950,ascii,Gary:Gramps! What did you call me for?,pending_semantic_review,
0x03827D,0x0389EE,1243,"
大木:小茂啊,正好我有事要麻烦你们,桌上的东西是我做的宠物精灵图鉴,可自动将发现的精灵资料记录起来并增加页数,是一本方便的资料图鉴啊!小智小茂!这就交给你们保管了!",0x03F426,1844,0x03F426,ascii,"Oak:Oh right! I have a request of you two.Here's my new invention, the Pok@dex.It records data on Pok@mon you've seen or caught.Take them with you! To make acomplete guide on all Pok@mon in the world...That was mydream! But, I'm tooold! I can't do it!So,I want you two to fulfill my dreamfor me! Get moving,you two! This is a great undertaking in Pok@mon history!",pending_semantic_review,
0x03827F,0x038A8C,1244,"
得到图鉴",0x03897B,1169,0x03897B,ascii,Received Pok@dex!,pending_semantic_review,
0x038281,0x038A96,1245,"
大木:我的梦想就是制作一本完整的图鉴,但我已经老了不行了!现在希望由你们替我完成梦想!这是能在宠物精灵历史留名的工作,你们该出发了!",0x03898D,1170,0x03898D,ascii,Gary:Okay Gramps! Leave it all to me!,pending_semantic_review,
0x038283,0x038B16,1246,"
小茂:爷爷!就交给我一个人就好了,小智真可惜没有你出场的份!对了我要去向姐姐借城镇地图去,我要叫他不要借给你,小智!哈哈,你去也没用的!",0x0389B4,1171,0x0389B4,ascii,"Ash, I hate to say it, but I don't need you! I know! I'll borrow a Town Map from my Sis! I'll tell her not to lend you one, Ash! Hahaha!",pending_semantic_review,
0x038285,0x038B97,1247,"
小茂姐姐:爷爷有任务交给你啊,真辛苦,这个给你用吧",0x038A46,1172,0x038A46,ascii,"Gary's Sis:Grandpa asked you to run anerrand? Here,this will help you!",pending_semantic_review,
0x038287,0x038BC8,1248,"
得到地图",0x038A8E,1173,0x038A8E,ascii,Received Town Map!,pending_semantic_review,
0x038289,0x038BD2,1249,"
老爷爷:上次好像喝醉似的头好痛,什么?我妨碍了你,你在完成精灵图鉴啊?那么抓精灵需要精灵球,只要到附近的商店就能买到",0x038AA1,1174,0x038AA1,ascii,"Old man:Ahhh! I'm feeling much betternow! Hm? Oh! Sure, you can go through!",pending_semantic_review,
0x03828B,0x038C42,1250,"
常青道馆上了锁",0x038AF6,1175,0x038AEE,ascii,It's locked!,pending_semantic_review,
0x03828D,0x038C52,1251,"
小茂:小智!你要去宠物精灵联盟啊?算了吧!反正我看你也没有徽章,把关的人不会让你过去的!还有你的精灵到底有没有变强啊?",0x038B03,1176,0x038B03,ascii,"Gary:Hey Ash!You'regoing to the Pok@mon League? Forget it, you probably don't haveany Badges! The guard won't let youthrough! So,did your Pok@mon get any stronger?",pending_semantic_review,
0x03828F,0x038CC3,1252,"
小茂:在宠物精灵联盟里尽是非常强劲的训兽师,不能不想办法通过那里,你也不能尽是停留在这里,想办法往前进吧!",0x038BBC,1177,0x038BBC,ascii,"I hear the Pok@mon League has many tough trainers,I have to figure out how to get past them!You should quit dawdling and get a move on!",pending_semantic_review,
0x038291,0x038D2A,1253,"
守卫:这扇门之后都是一些强劲的精灵训练家们,你还未拿到徽章啊...当然无法让你通过啊",0x038D2A,1186,0x038D23,graphical_codes,"0000000<B3DF><B3E0>:<B0EE><B3E1><B3E2><B3E3><B2A8><B1C0><B0C2><B1D1><B3E4><B2C9><B3D9><B0BC><B0A1><B0A2><B2DE><B2C5><B1BF><B2EF>,<B0C5><B2BD><B3E5><B0C6><B0DB><B3D1><B3D2><B2AC>...<B2C4><B2AA><B3E6><B2B8><B2CB><B0C5><B3DA><B3D4><B2AC>",english_graphical_residual,La cible anglaise conserve des codes graphiques.
0x038293,0x038D7B,1254,"
捉虫少年:你也是训练师吧,让我们来较量一下!",0x038CA8,1181,0x038CA8,ascii,"Hey,wait up! What'sthe Hurry?",pending_semantic_review,
0x038295,0x038DA6,1255,"
捉虫少年:你真厉害...",0x038CC6,1182,0x038CC6,ascii,You're very good!,pending_semantic_review,
0x038297,0x038DBC,1256,"
捉虫少年:不要逃避,来吧!",0x038CD8,1183,0x038CD8,ascii,Hey!You scared the bugs away!,pending_semantic_review,
0x038299,0x038DD5,1257,"
捉虫少年:我输了",0x038CF6,1184,0x038CF6,ascii,I'm looking for a Weedle.,pending_semantic_review,
0x03829B,0x038DE6,1258,"
捉虫少年:以最强的训练家为目标你能赢的了我吗?",0x038C50,1178,0x038C50,ascii,Hey! You have a Pikachu!,pending_semantic_review,
0x03829D,0x038E14,1259,"
捉虫少年:你果然很强!",0x038C6C,1179,0x038C6C,ascii,"I looked, but I cannot find one.",pending_semantic_review,
0x03829F,0x038E2A,1260,"
捉虫少年:让你见识一下",0x03F5F5,1846,0x03F5F5,ascii,You have Pok@mon! Come on! Let's battle'em!,pending_semantic_review,
0x0382A1,0x038E41,1261,"
捉虫少年:不可能...",0x038C8D,1180,0x038C8D,ascii,No! Caterpie can't cut it!,pending_semantic_review,
0x0382A3,0x038E55,1262,"
男孩:你是精灵训练家吧?小刚正在找寻对手...来吧!",0x038D7A,1187,0x038D7A,ascii,You're a trainer right? Follow me!,pending_semantic_review,
0x0382A5,0x038E85,1263,"
男孩:你有战胜的自信的话就去挑战小刚吧!",0x038D9F,1188,0x038D9F,ascii,Brock's looking forchallengers.,pending_semantic_review,
0x0382A7,0x038EAD,1264,"
裁判:你要不要朝宠物精灵冠军试试啊?我虽不是训练家但我可给你一些意见,你的比卡丘想赢这道场满难的!小刚所使用的地面系精灵是不受电气攻击的影响!",0x038DBF,1189,0x038DBF,ascii,"Hey champ! Let me give you a tip. Brock uses Rock Pok@mon, Electric attacks are uselessagainst them!",pending_semantic_review,
0x0382A9,0x038F38,1265,"
侦察员:等等!小孩有什么事啊!找小刚挑战?一万光年以后吧!",0x038E2C,1190,0x038E2C,ascii,Wait! You're light years away from facing Brock!,pending_semantic_review,
0x0382AB,0x038F6F,1266,"
侦察员:你很厉害但比不上小刚",0x038E60,1191,0x038E60,ascii,"Darn,Light years isdistance,not time!",pending_semantic_review,
0x0382AD,0x038F8C,1267,"
小刚:你来了!我是尼比宠物精灵道馆的领袖小刚!我的坚硬石头也就是我的精灵!我所使用的精灵以石系居多!就算会输也要战斗,这就是训练家的宿命!来吧",0x038E86,1192,0x038E86,ascii,I'm Brock!I believein strong defense and determination! Do you still wish to face me? Fine then! Show me your best!,pending_semantic_review,
0x0382AF,0x039015,1268,"
小刚:哈哈,真厉害呢我给你宠物精灵联盟公认的灰色徽章!",0x038EFE,1193,0x038EFE,ascii,"I took you for granted.As proof ofyour victory,here'sthe BOULDERBADGE!",pending_semantic_review,
0x0382B1,0x03904A,1269,"
得到灰色徽章",0x038F49,1194,0x038F49,ascii,"You can now use theHM Flash! Here,takethis with you too.",pending_semantic_review,
0x0382B3,0x039058,1270,"
小刚:有了灰色徽章你的精灵都将变强,持有闪光特技的精灵就算不战斗也能使用闪光!还有这个给你!",0x038F82,1195,0x038F82,ascii,Recieved TM35!,pending_semantic_review,
0x0382B5,0x0390B2,1271,"
得到技能机器34!",0x038F91,1196,0x038F91,ascii,It contains Harden.This raises your Pokemon's defense.,pending_semantic_review,
0x0382B7,0x0390C3,1272,"
小刚:使用技能机器时精灵将马上记住特技,但特技就将丢弃!要让哪个精灵学习最好想清楚.特技35是变硬...被攻击时一直变硬...提升防御力!是一个有趣的特技!",0x038FCA,1197,0x038FCA,ascii,A TM can only be used once.So choosewho you use it on carefully.,pending_semantic_review,
0x0382B9,0x039153,1273,"
小刚:在这世上什么人都有,有人养精灵有人利用精灵战斗,在这有训练宠物精灵养成的修行!如果你以训练家为目标的话你该去华蓝市的道场试试!",0x03900E,1198,0x03900E,ascii,You seem to be verygifted as a trainer.Go to the GYM in Cerulean andtest your strength.,pending_semantic_review,
0x0382BB,0x0391D4,1274,"
裁判:真不愧是强手!就是这样一来朝宠物精灵联盟冠军前进!",0x03906E,1199,0x03906E,ascii,"Just as I thought, you're Champion Material!",pending_semantic_review,
0x0382BD,0x03920B,1275,"
迷你裙:那边的人!你刚在看我吧!",0x03909E,1200,0x03909E,ascii,"You looked at me, didn't you?",pending_semantic_review,
0x0382BF,0x03922A,1276,"
迷你裙:算了...不过你再继续看的话我会打人的喔!",0x0390BD,1201,0x0390BD,ascii,You're mean!,pending_semantic_review,
0x0382C1,0x039259,1277,"
捉虫少年:你不是在常青森林遇到的家伙吗?",0x0390CA,1202,0x0390CA,ascii,Hey! I met you in Viridian Forest!,pending_semantic_review,
0x0382C3,0x039281,1278,"
捉虫少年:在这附近可以抓到和森林不一样的精灵!",0x0390EE,1203,0x0390EE,ascii,You beat me again!,pending_semantic_review,
0x0382C5,0x0392AF,1279,"
谈判小子:穿短裤活动方便很好啊!你要不要穿穿看?",0x039101,1204,0x039101,ascii,Are you a Pok@mon Trainer too?,pending_semantic_review,
0x0382C7,0x0392DE,1280,"
谈判小子:你有用电脑通信吗?捕抓到的妖怪超过六个会自动记录到电脑中",0x039121,1205,0x039121,ascii,Are you storing Pok@mon on the PC?,pending_semantic_review,
0x0382C9,0x039320,1281,"
捉虫少年:你是训练家?那就立刻跟我比一下!",0x039147,1206,0x039147,ascii,You can fight my new Pok@mon!,pending_semantic_review,
0x0382CB,0x039349,1282,"
捉虫少年:还真是搞笑...",0x039167,1207,0x039167,ascii,Trained Pok@mon arestronger than wild ones.,pending_semantic_review,
0x0382CD,0x039361,1283,"
迷你裙:你的视线!真的很令人在意!",0x039251,1214,0x039251,ascii,"The look you gave me,it's intriguing!",pending_semantic_review,
0x0382CF,0x039382,1284,"
迷你裙:如果不想打架的话就不要让视力交会",0x039278,1215,0x039278,ascii,Don't let people see you to avoid fights!,pending_semantic_review,
0x0382D1,0x0393AB,1285,"
谈判小子:什么嘛!没有穿短裤嘛",0x039193,1208,0x039193,ascii,Hey! You're don't have shorts,pending_semantic_review,
0x0382D3,0x0393C9,1286,"
谈判小子:输了输了...",0x0391B2,1209,0x0391B2,ascii,Even in winter I wear shorts!,pending_semantic_review,
0x0382D5,0x0393DF,1287,"
捉虫少年:用刚抓到的宠物精灵跟我打吧!",0x0391D2,1210,0x0391D2,ascii,Do you like bug Pok@mon?,pending_semantic_review,
0x0382D7,0x039405,1288,"
捉虫少年:你很厉害呢",0x0391EE,1211,0x0391EE,ascii,Bug types evolve faster than others.,pending_semantic_review,
0x0382D9,0x03941A,1289,"
迷你裙:呀!你刚才有摸我身体吗?",0x039215,1212,0x039215,ascii,Eek! Did you touch me!?,pending_semantic_review,
0x0382DB,0x039439,1290,"
迷你裙:原来是误会啊...",0x03922D,1213,0x03922D,ascii,Route 4 is at the foot of Mt.Moon.,pending_semantic_review,
0x0382DD,0x039451,1291,"
大爷:只告诉你一个好消息...!秘密的鲤鱼王只卖500元!你买不买?",0x0392A6,1216,0x0392A6,ascii,Have I got a deal for you! How about a Magikarp for just500$?,pending_semantic_review,
0x0382DF,0x03948D,1292,"
是吗?真是可惜",0x0392E5,1217,0x0392E5,ascii,Too bad...,pending_semantic_review,
0x0382E1,0x03949C,1293,"
得到鲤鱼王",0x0392F0,1218,0x0392F0,ascii,Recieved Magikarp!,pending_semantic_review,
0x0382E3,0x0394A8,1294,"
捉虫少年:可疑男人在洞内徘徊你是...",0x039303,1219,0x039303,ascii,I saw suspicious men this cave.What about you?,pending_semantic_review,
0x0382E5,0x0394CC,1295,"
捉虫少年:被骗了,没错!我看到的家伙他是火箭队的人!",0x039334,1220,0x039334,ascii,I'm sure they're from Team Rocket!,pending_semantic_review,
0x0382E7,0x0394FE,1296,"
迷你裙:干嘛啊?我是在这里等洞里分散的朋友啦",0x039359,1221,0x039359,ascii,I'm waiting for my friends to find me here.,pending_semantic_review,
0x0382E9,0x03952A,1297,"
迷你裙:我是听说这个洞里有很棒的化石才来的",0x039385,1222,0x039385,ascii,I heard there are very rare fossils here.,pending_semantic_review,
0x0382EB,0x039555,1298,"
火箭队:宠物精灵黑手党组织火箭队!是又恐怖又强的!",0x0393B1,1223,0x0393B1,ascii,"We,Team Rocket,are Pok@mon gansters!",pending_semantic_review,
0x0382ED,0x039586,1299,"
火箭队:你比我更恐怖...",0x0393D6,1224,0x0393D6,ascii,Darn it all! I blewit!,pending_semantic_review,
0x0382EF,0x03959E,1300,"
研究员:哇!什么啊!不要突然跟我说话!",0x03956C,1236,0x03956C,ascii,What! Don't sneak up on me!,pending_semantic_review,
0x0382F1,0x0395C2,1301,"
研究员:......",0x039589,1237,0x039589,ascii,I have to find stronger Pok@mon.,pending_semantic_review,
0x0382F3,0x0395D1,1302,"
迷你裙:洞隆里相当的宽阔呢",0x0393ED,1225,0x0393ED,ascii,Mt.Moon's big isn'tit?,pending_semantic_review,
0x0382F5,0x0395EC,1303,"
迷你裙:这么大哪边是出口都搞不清楚",0x039404,1226,0x039404,ascii,How do you get out of here?,pending_semantic_review,
0x0382F7,0x03960F,1304,"
火箭队:我们正在做重要的工作!小孩子赶快回家!",0x03949D,1231,0x03949D,ascii,We're pulling a bigjob here!Get lost!,pending_semantic_review,
0x0382F9,0x03963C,1305,"
火箭队:蛮厉害的嘛,加入我们火箭队吧!",0x0394C3,1232,0x0394C3,ascii,If you see a fossilgive it to me and scram!,pending_semantic_review,
0x0382FB,0x039661,1306,"
大叔:原来是小孩子啊!吓我一跳",0x039463,1229,0x039463,ascii,Whoa!You scared me!,pending_semantic_review,
0x0382FD,0x03967F,1307,"
大叔:小孩子不可以到这么阴暗的地方闲逛!!",0x039477,1230,0x039477,ascii,Kids like you shouldn't be here!,pending_semantic_review,
0x0382FF,0x0396A8,1308,"
火箭队:随便闯入大人的世界可是很危险的!",0x0394F0,1233,0x0394F0,ascii,Kids should leave grown-ups alone!,pending_semantic_review,
0x038301,0x0396D0,1309,"
火箭队:真令人生气!",0x039514,1234,0x039514,ascii,Pok@mon lived here long before people came.,pending_semantic_review,
0x038303,0x0396E4,1310,"
谈判小子:你也是来这里探险的吗?",0x039420,1227,0x039420,ascii,Did you come to explore too?,pending_semantic_review,
0x038305,0x039704,1311,"
谈判小子:到底哪里有珍奇的精灵呢?",0x039440,1228,0x039440,ascii,I came here to showoff my Pok@mon.,pending_semantic_review,
0x038307,0x039726,1312,"
研究员:等一下!这化石是我发现的,两个都是我的!",0x039540,1235,0x039540,ascii,Stop!I found these fossils! They're mine!,pending_semantic_review,
0x038309,0x039754,1313,"
研究员:好吧,就分你一个好了,我和你各拿一个化石,一个人独吞是不行的哟",0x0395AE,1238,0x0395AE,ascii,"Okay,I'll share! We'll each take 1! No being greedy!",pending_semantic_review,
0x03830B,0x039798,1314,"
研究员:听说离这里很远的红莲岛上有宠物精灵的研究所能让化石复活的研究...",0x0395E5,1239,0x0395E5,ascii,Then this is mine! On Cinnabar island there's a Pok@mon research lab that does research on reviving fossilizedPok@mon!,pending_semantic_review,
0x03830D,0x0397E0,1315,"
火箭队:等一下!化石是我们火箭队的东西!",0x039660,1240,0x039660,ascii,Jesse:Stop right there!That fossil is Team Rocket's!,pending_semantic_review,
0x03830F,0x039807,1316,"
小智:你们是?",0x039698,1241,0x039698,ascii,James:Surrender nowor prepare to fight!,pending_semantic_review,
0x038311,0x039815,1317,"
武藏:既然你诚心诚意的问了",0x0396C5,1242,0x0396C5,ascii,Meowth: Meeouth! That's right!,pending_semantic_review,
0x038327,0x03992E,1328,"
小次郎:没想到会输...",0x0396E6,1243,0x0396E6,ascii,Jesse:A brat beat us?,pending_semantic_review,
0x038329,0x039944,1329,"
武藏:好讨厌的感觉哟...",0x0396FD,1244,0x0396FD,ascii,James:Such a dread-ful twerp!,pending_semantic_review,
0x03832B,0x03995C,1330,"
喵喵:喵...",0x03971B,1245,0x03971B,ascii,"Jesse&James:Team Rocket,blast off atthe speed of light!Meouth:Hey!Wait formeeowth!",pending_semantic_review,
0x03832D,0x039968,1331,"
警察:真是可怜!家里糟了小偷,我知道犯人是谁!是火箭队,警察也对他们很头疼呢!",0x039770,1246,0x039770,ascii,"These people were robbed, we believe it's Team Rocket's doing! Even our Police force has trouble with that gang!",pending_semantic_review,
0x03832F,0x0399B2,1332,"
裁判:未来的冠军给你一些建议吧!这里的馆长阿霞是使用水系的精灵!如果用植物系的怪物来吸取水份或用电系来使之麻痹也行",0x0397E8,1247,0x0397E8,ascii,"Yo Champ!The LeaderMisty, is a pro whouses water Pok@mon!Try to zap them with electric, or you can use grass types.",pending_semantic_review,
0x038331,0x039A23,1333,"
游泳男:你的对手是我",0x039861,1248,0x039861,ascii,I'm 1st!Let's do it,pending_semantic_review,
0x038333,0x039A38,1334,"
游泳男:阿霞会成为一位很强的训练家!才不会输给你呢!",0x039875,1249,0x039875,ascii,Misty won't lose tosomeone like you!,pending_semantic_review,
0x038335,0x039A6B,1335,"
游泳女:对付你我就够了!用不着阿霞亲自动手!",0x03989A,1250,0x03989A,ascii,I'm more than good enough for you!,pending_semantic_review,
0x038337,0x039A96,1336,"
游泳女:失败了...",0x0398BD,1251,0x0398BD,ascii,You overwhelmed me.,pending_semantic_review,
0x038339,0x039AA8,1337,"
小霞:你在培养精灵时有什么策略吗?我的策略就是让它成为水系的精灵!让我这个世界第一美少女来成为你的对手吧!",0x0398D1,1252,0x0398D1,ascii,Misty:Pro Trainers have a policy aboutPok@mon.Mine is an all-out offensive approach! What's yours?,pending_semantic_review,
0x03833B,0x039B10,1338,"
小霞:是我输了?没办法!蓝色徽章就给你吧!拥有蓝色徽章就算不是在战斗中也能使用居合斩喔!特技11也送给你吧,特技11是泡沫光线让水系的精灵学吧!",0x039937,1253,0x039937,ascii,Misty: You're too much! Here's the Cascade Badge to show you beat me! Now you can use theCUT HM!And you can have TM11 too. It teaches BubbleBeam!Use it well!,pending_semantic_review,
0x03833D,0x039B97,1339,"
小茂:嗨!小智,你还为那种事困惑啊?我都抓到又强又棒的精灵!什么什么?你抓了什么啊?让我看看嘛!",0x0399DC,1254,0x0399DC,ascii,Yo Ash!You're stillstruggling along? Me?I'm doing great!I'll show you!,pending_semantic_review,
0x03833F,0x039BF1,1340,"
小茂:嗨嗨,我到马沙家他给我看了许多珍贵的宠物精灵耶!托他的福,我的精灵图鉴又增加了好几页呢,总之马沙是一位有名的宠物精灵收集家!电脑通信的精灵保管系统也是他做的,如果你也有使用真应该去向他道谢呢",0x039A24,1255,0x039A24,ascii,"Okay,you won! Hey guess what! I went to Bill's.You know he invented the PC system we use? You should go thank him. Well,I better get rolling! Smell ya later!",pending_semantic_review,
0x038341,0x039CB0,1341,"
捉虫少年:如果你能连续打败五人,将可得到丰富的奖品你能胜利吗?",0x039AC6,1256,0x039AC6,ascii,Beat us 5 trainers and win a prize! I'm 1st!,pending_semantic_review,
0x038343,0x039CED,1342,"
捉虫少年:不错,但你能全部胜过我们吗?",0x039AF5,1257,0x039AF5,ascii,"I did my best, I have no regrets.",pending_semantic_review,
0x038345,0x039D12,1343,"
迷你裙:第二人正是我!现在才是真正的战斗!",0x039B19,1258,0x039B19,ascii,I'm 2nd! Let's go!,pending_semantic_review,
0x038347,0x039D3B,1344,"
迷你裙:我承认你了",0x039D3B,1278,0x039D3B,graphical_codes,<B4D3><B0C5><B4D4>:<B1C2><B6C3><B4BA><B0C5><B0F8>,english_graphical_residual,La cible anglaise conserve des codes graphiques.
0x038349,0x039D4E,1345,"
谈判小子:第三人登场!我不会给你太好过",0x039B45,1260,0x039B45,ascii,I'm No.4!Tired Yet?,pending_semantic_review,
0x03834B,0x039D74,1346,"
谈判小子:有两下子",0x039D74,1281,0x039D74,ascii,Got Charmander!,pending_semantic_review,
0x03834D,0x039D87,1347,"
迷你裙:我是第四人,你不就是为了引人注目才来的吗?",0x039B2C,1259,0x039B2C,ascii,No.3! I won't be easy!,pending_semantic_review,
0x03834F,0x039DB8,1348,"
迷你裙:我今后就关注你吧",0x039DB8,1283,0x039DA8,ascii,I saw trainers fromall over!,pending_semantic_review,
0x038351,0x039DD1,1349,"
侦察员:我就是最后的第五人了!来吧!!",0x039B59,1261,0x039B59,ascii,No.5! Get ready!,pending_semantic_review,
0x038353,0x039DF5,1350,"
侦察员:你是第一个打败我们的",0x039DF5,1285,0x039DE5,ascii,I'm off to see Bill,pending_semantic_review,
0x038355,0x039E12,1351,"
火箭队:太精彩了,按照约定这个礼物给你吧",0x039B6A,1262,0x039B6A,ascii,Congrats!You earneda prize!,pending_semantic_review,
0x038357,0x039E3A,1352,"
得到月之石",0x039B86,1263,0x039B86,ascii,Got Moonstone!,pending_semantic_review,
0x038359,0x039E46,1353,"
火箭队:加入火箭队吧,我们是专门使用宠物精灵扩充地皮的集团",0x039B95,1264,0x039B95,ascii,"By the way, want tojoin TEAM ROCKET? Fine! You'll regretthis!",pending_semantic_review,
0x03835B,0x039E80,1354,"
火箭队:你还真是强劲!有这样的技术不加入火箭队太可惜了...",0x039BD4,1265,0x039BD4,ascii,Arrgh!You are good!,pending_semantic_review,
0x03835D,0x039EB9,1355,"
侦察员:我在草堆里都看到了你的表现",0x039BE8,1266,0x039BE8,ascii,I saw you fight at the bridge!,pending_semantic_review,
0x03835F,0x039EDC,1356,"
侦察员:你狠...",0x039C07,1267,0x039C07,ascii,You are good...,pending_semantic_review,
0x038361,0x039EEC,1357,"
男孩:我不会培育宠物精灵,觉的它怪可怜的正想放生这只小火龙...如果你能好好照顾他的话,我就把它送给你如何?",0x039C17,1268,0x039C17,ascii,I'm looking for a good home for my Charmander.Can you take care of him?,pending_semantic_review,
0x038363,0x039F53,1358,"
是吗?那我只好放生了...",0x039C62,1269,0x039C62,ascii,"Oh,I'll release himthen...",pending_semantic_review,
0x038365,0x039F6B,1359,"
真的?太谢谢你了!",0x039C7D,1270,0x039C7D,ascii,Take care of him.,pending_semantic_review,
0x038367,0x039F7D,1360,"
得到小火龙",0x039D74,1281,0x039D74,ascii,Got Charmander!,pending_semantic_review,
0x038369,0x039F89,1361,"
大叔:刚刚从观月山下来的还很有精神啊!",0x039C8F,1271,0x039C8F,ascii,I'm still fired up after Mt.Moon!,pending_semantic_review,
0x03836B,0x039FAF,1362,"
大叔:厉害!",0x039CB1,1272,0x039CB1,ascii,You work hard!,pending_semantic_review,
0x03836D,0x039FBB,1363,"
谈判小子:这片森林是附近的训练家训练的场所!",0x039CC0,1273,0x039CC0,ascii,Trainers come here to practice!,pending_semantic_review,
0x03836F,0x039FE7,1364,"
谈判小子:做的不错嘛",0x039CE0,1274,0x039CE0,ascii,You trained well!,pending_semantic_review,
0x038371,0x039FFC,1365,"
大叔:你要去马沙的小屋吗?那去之前先与我比试一下!",0x039CF2,1275,0x039CF2,ascii,Goin' to see Bill? Let's fight first!,pending_semantic_review,
0x038373,0x03A02D,1366,"
大叔:算你狠!",0x039D4E,1279,0x039D4E,ascii,You're somethin'.,pending_semantic_review,
0x038375,0x03A03B,1367,"
谈判小子:枯叶港的铁达尼号的舞会,我和爸爸去过!羡慕吧",0x039D84,1282,0x039D84,ascii,I went to a party on the S.S.ANNE!,pending_semantic_review,
0x038377,0x03A070,1368,"
铁达尼号上可是有很多厉害的训练师哦!",0x039DA8,1283,0x039DA8,ascii,I saw trainers fromall over!,pending_semantic_review,
0x038379,0x03A095,1369,"
迷你裙:我是迷你裙!",0x039D18,1276,0x039D18,ascii,"Hi, My boyfriend iscool!",pending_semantic_review,
0x03837B,0x03A0A9,1370,"
迷你裙:喜欢迷你裙!",0x039DC5,1284,0x039DC5,ascii,I wish he was as good as you!,pending_semantic_review,
0x03837D,0x03A0BD,1371,"
大叔:想过去,先打败我",0x039DE5,1285,0x039DE5,ascii,I'm off to see Bill,pending_semantic_review,
0x03837F,0x03A0D3,1372,"
大叔:我输了...",0x039D31,1277,0x039D31,ascii,Ya got me,pending_semantic_review,
0x038381,0x03A0E3,1373,"
侦察员:我是侦察员",0x039DF9,1286,0x039DF9,ascii,I got a girlfriend!,pending_semantic_review,
0x038383,0x03A0F6,1374,"
侦察员:哈哈哈...",0x039E0D,1287,0x039E0D,ascii,She'll cheer me up.,pending_semantic_review,
0x038385,0x03A108,1375,"
谈判小子:我有预感,你会与我战斗",0x039E21,1288,0x039E21,ascii,I knew I had to fight you!,pending_semantic_review,
0x038387,0x03A128,1376,"
谈判小子:我有预感会输...",0x039E3F,1289,0x039E3F,ascii,I knew I'd lose too,pending_semantic_review,
0x038389,0x03A142,1377,"
迷你裙:朋友们都拥有可爱的精灵...可恨",0x039E53,1290,0x039E53,ascii,I'm jealous of my friend's Clefairy!,pending_semantic_review,
0x03838B,0x03A168,1378,"
迷你裙:从观月山来的吗?我想要皮皮...",0x039E79,1291,0x039E79,ascii,Do you have one too?,pending_semantic_review,
0x03838D,0x03A18D,1379,"
马沙:大家好,我是马沙!大家都叫我精灵迷!你那是什么眼神?不相信的样子...我是实验失败才和精灵粘在一起的你能救我吗?我要进入传送机里,分离程序就拜托你了!对,就是那部电脑!",0x039E91,1292,0x039E91,ascii,Hiya!I'm a Pok@Mon!I'm not. I'm Bill! I messed up an exp-eriment and turned into a Pok@mon! Canyou help me out?Youjust go to my PC and start the cell program!,pending_semantic_review,
0x03838F,0x03A230,1380,"
马沙获救了",0x039F32,1293,0x039F32,ascii,Run Program.,pending_semantic_review,
0x038391,0x03A23C,1381,"
马沙:谢谢你,你是来看我的收集品的是吗?对了这是给你的谢礼",0x039F3F,1294,0x039F3F,ascii,"Yeehah!Thanks bud!Ihave to thank you! Here, maybe this'lldo.",pending_semantic_review,
0x038393,0x03A275,1382,"
得到船票",0x039F7C,1295,0x039F7C,ascii,Got S.S.Ticket!,pending_semantic_review,
0x038395,0x03A27F,1383,"
马沙:现在枯叶市枯叶港来了一搜铁达尼号听说也来了许多训练家呢,我有一张船票但我不喜欢派对,你去玩玩吧",0x039F8C,1296,0x039F8C,ascii,"They invited me, but I can't stand fancy do's. So, whydon't you go? All the passengers are trainers!",pending_semantic_review,
0x038397,0x03A2E2,1384,"
马沙:对了,给你看一下我的收藏品吧.传说现在被发现的精灵种类在这个世界上有150种之多,但实际数量可能要比这还多,我一直在这个海边就是要等传说中的精灵出现...",0x039FF5,1297,0x039FF5,ascii,Have fun!,pending_semantic_review,
0x038399,0x03A379,1385,"
火箭队:喂!不可以随便进入别人的花园!...我?我只是一个过路人,可不是一个奇怪的人!什么?我很可疑?",0x039FFF,1298,0x039FFF,ascii,What! I'm just an innocent bystander!Don't you believe me?,pending_semantic_review,
0x03839B,0x03A3D6,1386,"
火箭队:我再也不敢了...饶了我吧!那么...我就闪人了...拜拜!",0x03A03C,1299,0x03A03C,ascii,Ok! I'll leave quietly!,pending_semantic_review,
0x03839D,0x03A410,1387,"
警卫:我是尽责的警卫,好渴喔!喂喂!现在这里是禁止通行!",0x03A058,1300,0x03A058,ascii,"I'm on guard duty. Gee, I'm thirsty though...",pending_semantic_review,
0x03839F,0x03A445,1388,"
捉虫少年:我看你不惯!",0x03A088,1301,0x03A088,ascii,"I've never seen youaround, you good?",pending_semantic_review,
0x0383A1,0x03A45B,1389,"
捉虫少年:现在看你顺眼了...",0x03A0AD,1302,0x03A0AD,ascii,You're too good!,pending_semantic_review,
0x0383A3,0x03A477,1390,"
侦察员:想见识一下吗?",0x03A0BE,1303,0x03A0BE,ascii,You want to battle?,pending_semantic_review,
0x0383A5,0x03A48D,1391,"
侦察员:反而让我见识了!",0x03A0D2,1304,0x03A0D2,ascii,I didn't start it!,pending_semantic_review,
0x0383A7,0x03A4A5,1392,"
女孩:我长的可爱吧",0x03A0E5,1305,0x03A0E5,ascii,"Me? Ok,I'll play!",pending_semantic_review,
0x0383A9,0x03A4B8,1393,"
女孩:我喜欢你!",0x03A0F7,1306,0x03A0F7,ascii,Just didn't work!,pending_semantic_review,
0x0383AB,0x03A4C8,1394,"
捉虫少年:我捉到好精灵了,比试一下吧",0x03A109,1307,0x03A109,ascii,There aren't many bugs here.,pending_semantic_review,
0x0383AD,0x03A4EC,1395,"
捉虫少年:还是欠缺训练...",0x03A127,1308,0x03A127,ascii,I'm going back to Viridian Forest.,pending_semantic_review,
0x0383AF,0x03A506,1396,"
女孩:你在看哪里?",0x03A14B,1309,0x03A14B,ascii,Excuse me! I'm on the phone!,pending_semantic_review,
0x0383B1,0x03A518,1397,"
女孩:是个误会",0x03A169,1310,0x03A169,ascii,(Whisper Whisper..),pending_semantic_review,
0x0383B3,0x03A527,1398,"
侦察员:现在我的心情不好!",0x03A17D,1311,0x03A17D,ascii,I just lost to somekid!,pending_semantic_review,
0x0383B5,0x03A541,1399,"
侦察员:心情更糟了...",0x03A195,1312,0x03A195,ascii,I just can't win.,pending_semantic_review,
0x0383B7,0x03A557,1400,"
女警君莎:抓到最近老是恶作剧的杰尼龟",0x03A555,1346,0x03A555,ascii,My Squirtle keeps getting in trouble.,pending_semantic_review,
0x0383B9,0x03A57C,1401,"
船员:铁达尼号一年才进一次枯叶港",0x03A1A7,1313,0x03A1A7,ascii,Welcome to the S.S.Anne!,pending_semantic_review,
0x0383BB,0x03A59D,1402,"
船员:欢迎来到铁达尼号!请等一等,客人你的票呢?",0x03A1C4,1314,0x03A1C4,ascii,"Excuse me, do you have a ticket?",pending_semantic_review,
0x0383BD,0x03A5CB,1403,"
船员:谢谢,欢迎你上船!",0x03A1E6,1315,0x03A1E6,ascii,"Ok, Welcome aboard!",pending_semantic_review,
0x0383BF,0x03A5E2,1404,"
船员:小鬼,这艘铁达尼号上的客人都是有钱人,你别到这里闲逛!!",0x03A5DC,1348,0x03A5DC,ascii,"I'm sorry,but you need a ticket to come aboard.",pending_semantic_review,
0x0383C1,0x03A61D,1405,"
船员:船已经出发了",0x03A525,1344,0x03A525,ascii,The S.S.ANNE left.,pending_semantic_review,
0x0383C3,0x03A630,1406,"
绅士:我是从宝石大陆来的",0x03A1FA,1316,0x03A1FA,ascii,My Pok@mon are my freinds!,pending_semantic_review,
0x0383C5,0x03A649,1407,"
绅士:有空一定要去宝石大陆看看哦",0x03A216,1317,0x03A216,ascii,You should be nice to freinds!,pending_semantic_review,
0x0383C7,0x03A66A,1408,"
迷你裙:这里的男孩都很害羞呢",0x03A235,1318,0x03A235,ascii,I got Pok@mon from all over!,pending_semantic_review,
0x0383C9,0x03A687,1409,"
迷你裙:讨厌你这种小孩子!",0x03A252,1319,0x03A252,ascii,Oh No! You hurt them!,pending_semantic_review,
0x0383CB,0x03A6A1,1410,"
绅士:来到这个方元地区还真是舒服",0x03A296,1322,0x03A296,ascii,"You,pup! How dare you barge in!",pending_semantic_review,
0x0383CD,0x03A6C2,1411,"
绅士:你听说过还有金银地区的传说吗?",0x03A2B7,1323,0x03A2B7,ascii,Humph! You rude child!,pending_semantic_review,
0x0383CF,0x03A6E6,1412,"
大胖子:看我钓上的好货色吧!",0x03A2F8,1326,0x03A2F8,ascii,I like feisty kids like you!,pending_semantic_review,
0x0383D1,0x03A702,1413,"
大胖子:可恶...",0x03A315,1327,0x03A315,ascii,Argh! Lost it!,pending_semantic_review,
0x0383D3,0x03A712,1414,"
水手:今天天气好啊",0x03A2D1,1324,0x03A2D1,ascii,My pride is at stake!,pending_semantic_review,
0x0383D5,0x03A725,1415,"
水手:我玩的很开心",0x03A2EB,1325,0x03A2EB,ascii,You sank me!,pending_semantic_review,
0x0383D7,0x03A738,1416,"
水手:天天都努力工作",0x03A394,1332,0x03A394,ascii,Us Sailors have Pok@mon too!,pending_semantic_review,
0x0383D9,0x03A74D,1417,"
水手:有没有搞错?",0x03A3B4,1333,0x03A3B4,ascii,"Ok, You're not bad.",pending_semantic_review,
0x0383DB,0x03A75F,1418,"
谈判小子:你别小看我的精灵",0x03A26B,1320,0x03A26B,ascii,I love Pok@mon! Do you?,pending_semantic_review,
0x0383DD,0x03A77A,1419,"
谈判小子:还欠缺修炼啊",0x03A283,1321,0x03A283,ascii,Wow! You're great!,pending_semantic_review,
0x0383DF,0x03A791,1420,"
迷你裙:我喜欢大海的感觉",0x03A324,1328,0x03A324,ascii,I never saw you at the party!,pending_semantic_review,
0x0383E1,0x03A7AA,1421,"
迷你裙:就像喜欢你一样...",0x03A342,1329,0x03A342,ascii,"Oh, I adore your strong Pok@mon!",pending_semantic_review,
0x0383E3,0x03A7C4,1422,"
绅士:明年我要去旅游",0x03A7C4,1356,0x03A7BD,graphical_codes,0000000<B7B4><B1C5>:<B5E6><B3EA><B1C2><B0C3><B0C7><B7C1><B5FB>,english_graphical_residual,La cible anglaise conserve des codes graphiques.
0x0383E5,0x03A7D9,1423,"
绅士:都一把年纪了,走不动了",0x03A7D9,1357,0x03A7D8,graphical_codes,"<0A><B7B4><B1C5>:<B1C0><B1D1><B3D3><B3EA><B7C2><B0F8>,<B7C3><B0CE><B0B2><B0F8>",english_graphical_residual,La cible anglaise conserve des codes graphiques.
0x0383E7,0x03A7F5,1424,"
水手:小子,别乱逛!",0x03A7F5,1358,0x03A7F4,graphical_codes,"<0A><B5F7><B1A3>:<B0B6><B1DF>,<B2CA><B7C4><B5C1>!",english_graphical_residual,La cible anglaise conserve des codes graphiques.
0x0383E9,0x03A808,1425,"
水手:我错了,请您随便参观",0x03A808,1359,0x03A807,graphical_codes,"<0A><B5F7><B1A3>:<B1C2><B2DC><B0F8>,<B2D8><B7C5><B5C2><B3A2><B7C6><B6DB>",english_graphical_residual,La cible anglaise conserve des codes graphiques.
0x0383EB,0x03A822,1426,"
双胞胎:你好啊!",0x03A365,1330,0x03A365,ascii,I'm kinda bored.Howabout a battle?,pending_semantic_review,
0x0383ED,0x03A832,1427,"
水手:我明白了,你是伟大的训练师",0x03A388,1331,0x03A388,ascii,Good fight!,pending_semantic_review,
0x0383EF,0x03A852,1428,"
水手:你是谁?",0x03A3C8,1334,0x03A3C8,ascii,"Matey, you walk theplank if you lose!",pending_semantic_review,
0x0383F1,0x03A860,1429,"
水手:我又是谁??",0x03A3EE,1335,0x03A3EE,ascii,Argh! Beaten by a kid!,pending_semantic_review,
0x0383F3,0x03A871,1430,"
水手:出海愉快!",0x03A406,1336,0x03A406,ascii,Ahoy! Are you sea sick?,pending_semantic_review,
0x0383F5,0x03A881,1431,"
水手:晚饭什么时候开始?",0x03A41F,1337,0x03A41F,ascii,I was just careless,pending_semantic_review,
0x0383F7,0x03A899,1432,"
大胖子:我正在减肥!",0x03A433,1338,0x03A433,ascii,Hey matey! Let's fight!,pending_semantic_review,
0x0383F9,0x03A8AD,1433,"
大胖子:不过现在又胖了!",0x03A44D,1339,0x03A44D,ascii,"Urf, I Feel Ill...",pending_semantic_review,
0x0383FB,0x03A8C5,1434,"
水手:快走开!",0x03A8C5,1363,0x03A8BE,graphical_codes,0000000<B5F7><B1A3>:<B2EC><B7C3><B1D9>!,english_graphical_residual,La cible anglaise conserve des codes graphiques.
0x0383FD,0x03A8D3,1435,"
水手:刚才我有说话吗?",0x03A8D3,1364,0x03A8D2,graphical_codes,<0A><B5F7><B1A3>:<B2BF><B1F2><B1C2><B0AE><B1E7><B1EF><B0D7>?,english_graphical_residual,La cible anglaise conserve des codes graphiques.
0x0383FF,0x03A8E9,1436,"
绅士:我有个女儿现在和你一样大",0x03A8E9,1365,0x03A8E8,graphical_codes,<0A><B7B4><B1C5>:<B1C2><B0AE><B0BA><B2CF><B7D0><B2F5><B0B8><B0C9><B0C5><B1D1><B2DA><B1BE>,english_graphical_residual,La cible anglaise conserve des codes graphiques.
0x038401,0x03A908,1437,"
绅士:做我女婿吧...",0x03A908,1366,0x03A907,graphical_codes,<0A><B7B4><B1C5>:<B2B4><B1C2><B2CF><B7D1><B0BE>...,english_graphical_residual,La cible anglaise conserve des codes graphiques.
0x038403,0x03A91C,1438,"
小茂:小智真没想到会在这里见到你!你也受到了邀请啊?图鉴又增加了吗?我可是收集到四十多种了!让我看看你有没有进步吧!!",0x03A460,1340,0x03A460,ascii,"Bonjour Ash! Were you really invited?How's your Pok@Dex?I already have 40 kinds, pal!",pending_semantic_review,
0x038405,0x03A98D,1439,"
小茂:听说居合斩的名人也在船上,看了一下竟然是会晕船的老头!你也去看看吧,再会了!",0x03A4B8,1341,0x03A4B8,ascii,There's an old man here who can teach CUT! It's really usefull! Smell ya!,pending_semantic_review,
0x038407,0x03A9DC,1440,"
名人:晕船,不行了...好难过",0x03A504,1342,0x03A504,ascii,Urrp! I'm Seasick!,pending_semantic_review,
0x038409,0x03A9F7,1441,"
小智:我帮你拍拍!",0x03A9F7,1377,0x03A9F7,ascii,raw!,pending_semantic_review,
0x03840B,0x03AA09,1442,"
名人:嗯,好多了...谢谢你!什么你想看我的居合斩?如果我的身体好点的话就可以表演给你看...对了,这个给你吧!只要教你的精灵那你就随时都可看到居合斩了!",0x03A517,1343,0x03A517,ascii,"(Rub,rub,rub)",pending_semantic_review,
0x03840D,0x03AA98,1443,"
得到特技01居合斩",0x03A62F,1351,0x03A62F,ascii,"Whew! Thanks! Here,let me give ya thisCUT HM!Your Pok@moncan use it outside of battle to cut down trees! Got HM 01!",pending_semantic_review,
0x03840F,0x03AAAA,1444,"
裁判:为来的冠军!马其斯少佐的外号叫闪电美国!使用电系精灵可称的上美国第一!飞行类和水类是不适用的...",0x03A57C,1347,0x03A57C,ascii,"Hey Champ! Lt.Surgeloves electric Pok@mon,avoid birds andwater pok@mon! And beware of paralysis",pending_semantic_review,
0x038411,0x03AB0D,1445,"
水手:就算你的精灵有多强都不可能是你这种小孩该来的!",0x03A538,1345,0x03A538,ascii,This is no place for kids!,pending_semantic_review,
0x038413,0x03AB41,1446,"
水手:有两下子",0x03A61D,1350,0x03A61A,ascii,You surprised me!,pending_semantic_review,
0x038415,0x03AB50,1447,"
士兵:能过我这关吗?",0x03A6CC,1353,0x03A6CC,ascii,There's a secret tothis GYM!,pending_semantic_review,
0x038417,0x03AB64,1448,"
士兵:请进",0x038891,1163,0x038891,ascii,Lt.Surge hid a switch inside the cans!,pending_semantic_review,
0x038419,0x03AB6F,1449,"
绅士:马其斯少佐是军人,你也想加入吗?",0x03A6AC,1352,0x03A6AC,ascii,Lt.Surge was my CO.in the army!,pending_semantic_review,
0x03841B,0x03AB94,1450,"
绅士:不想加入吗...",0x038D11,1185,0x038D11,ascii,You're very good!,pending_semantic_review,
0x03841D,0x03ABA8,1451,"
马其斯:哦?宝贝你要挑战啊?哈哈!就凭你那微弱的力量!就想与我挑战?真是有胆量?精灵做的不是这么简单的!让你尝尝苦头!",0x03A6E9,1354,0x03A6E9,ascii,"Electric Pok@mon saved me in the war! They zapped myenemies,just like I'll do to you!",pending_semantic_review,
0x03841F,0x03AC17,1452,"
马其斯:我输了,那么这个橙色徽章拿去吧,还有这个是我的心意!",0x0380EE,1128,0x0380EE,ascii,"Good job, kid!",pending_semantic_review,
0x038421,0x03AC51,1453,"
得到技能24",0x03A745,1355,0x03A745,ascii,You're the real deal kid!Here's theThunderbadge! That badge lets you use FLY any time kid! And take this TM aswell!,pending_semantic_review,
0x038423,0x03AC5D,1454,"
女警君莎:那是橙色徽章?你可能是厉害的训练家!!抓到最近老是恶作剧的杰尼龟给你好吗?",0x03A821,1360,0x03A821,ascii,This Squirtle I gotkeeps getting into mischief.I think heneeds a better trainer. Would you like him?,pending_semantic_review,
0x038425,0x03ACAE,1455,"
是吗?谁能领养这只杰尼龟呢...",0x03A88A,1361,0x03A88A,ascii,Oh...What am I to do now?,pending_semantic_review,
0x038427,0x03ACCC,1456,"
拜托了,要好好照顾它哦!",0x03A8A5,1362,0x03A8A5,ascii,Please treat him well.,pending_semantic_review,
0x038429,0x03ACE4,1457,"
得到杰尼龟",0x038122,1131,0x038122,ascii,Got Squirtle!,pending_semantic_review,
0x03842B,0x03ACF0,1458,"
爷爷:听说这个是地鼠挖的山洞,好像能通到常青市的样子",0x03AB27,1388,0x03AB27,ascii,"A fainted Pok@mon can't fight,but canstill use HMs.",pending_semantic_review,
0x03842D,0x03AD24,1459,"
男孩:这个秘传技05你应该用的上,让能学闪光的精灵学会后可以照亮山洞",0x03AB5C,1389,0x03AB5C,ascii,I'm Prof.Oaks Aide!I was sent to give you an HM05! Here you are Ash!,pending_semantic_review,
0x03842F,0x03AD66,1460,"
得到特技05",0x03ABA2,1390,0x03ABA2,ascii,Got HM05!,pending_semantic_review,
0x038431,0x03AD72,1461,"
谈判小子:我困了...",0x03A94A,1369,0x03A94A,ascii,No cheating!,pending_semantic_review,
0x038433,0x03AD86,1462,"
谈判小子:干嘛打扰我休息?",0x03A957,1370,0x03A957,ascii,Huh? That's not right!,pending_semantic_review,
0x038435,0x03ADA0,1463,"
谈判小子:你怎么这么没有礼貌?",0x03A9FC,1378,0x03A9FC,ascii,I'm the best in my class!,pending_semantic_review,
0x038437,0x03ADBE,1464,"
谈判小子:算了,我不和你计较",0x03AA16,1379,0x03AA16,ascii,"Darn,I need to makethem stronger!",pending_semantic_review,
0x038439,0x03ADDA,1465,"
老爷爷:我的精灵是无敌的!",0x03A91B,1367,0x03A91B,ascii,"Win, Lose, or Draw!",pending_semantic_review,
0x03843B,0x03ADF4,1466,"
老爷爷:在我家是无敌的...",0x03A92F,1368,0x03A92F,ascii,To live is to gamble!,pending_semantic_review,
0x03843D,0x03AE0E,1467,"
双胞胎:我们脸上有东西吗?",0x03A971,1371,0x03A971,ascii,"I'm new,but I thinkI can win!",pending_semantic_review,
0x03843F,0x03AE28,1468,"
双胞胎:说你呢,你还看!!",0x03A98F,1372,0x03A98F,ascii,My Pok@mon couldn't,pending_semantic_review,
0x038441,0x03AE40,1469,"
马沙:谢谢......",0x03AE43,1420,0x03AE43,ascii,Thanks again!,pending_semantic_review,
0x038443,0x03AE51,1470,"
名人:......",0x03AE51,1421,0x03AE51,graphical_codes,<B3B1><B2B5>:......,english_graphical_residual,La cible anglaise conserve des codes graphiques.
0x03AE74,0x03B155,1480,"
谈判小子:你完蛋了!",0x03AACC,1386,0x03AACC,ascii,There's a huge Pok@mon that sleepsback this way.,pending_semantic_review,
0x03AE76,0x03B169,1481,"
谈判小子:今天肚子疼,不和你计较",0x03AB01,1387,0x03AB01,ascii,I think you need a Flute to wake him.,pending_semantic_review,
0x03AE78,0x03B189,1482,"
我终于明白了好好照顾宠物精灵,妙蛙种子很有精神,其实精灵也在找训练师,你能不能帮我照顾这只妙蛙种子呢?",0x03B188,1436,0x03B188,ascii,This Pok@mon needs a strong trainer totake care of it. Would you take careof this Bulbasaur?,pending_semantic_review,
0x03AE7A,0x03B1ED,1483,"
是吗?那真是太可惜了...",0x03B1E7,1437,0x03B1E7,ascii,Take good care of him!,pending_semantic_review,
0x03AE7C,0x03B205,1484,"
那拜托你了!",0x03B1FF,1438,0x03B1FF,ascii,Got Bulbasaur!,pending_semantic_review,
0x03AE7E,0x03B212,1485,"
得到妙蛙种子",0x03B20E,1439,0x03B20E,ascii,Oh...too bad...,pending_semantic_review,
0x03AE80,0x03B220,1486,"
女孩:你还长的蛮英俊的嘛",0x03ABAC,1391,0x03ABAC,ascii,You have Pok@Mon? You're mine!You deceived me!,pending_semantic_review,
0x03AE82,0x03B239,1487,"
女孩:有实力我欣赏",0x03ABCB,1392,0x03ABCB,ascii,You deceived me!,pending_semantic_review,
0x03AE84,0x03B24C,1488,"
大胖子:有碰见你了",0x03AD02,1405,0x03AD02,ascii,Aren't you a littletoughie!,pending_semantic_review,
0x03AE86,0x03B25F,1489,"
大胖子:又输了...",0x03AD1E,1406,0x03AD1E,ascii,Too tough!,pending_semantic_review,
0x03AE88,0x03B271,1490,"
谈判小子:我们商量一下,把你的比卡丘让给我吧",0x03ABDC,1393,0x03ABDC,ascii,I'm taking Rock Tunnel to go to Lavender Town.,pending_semantic_review,
0x03AE8A,0x03B29D,1491,"
谈判小子:我知道错了",0x03AC11,1394,0x03AC11,ascii,Are you going too?,pending_semantic_review,
0x03AE8C,0x03B2B2,1492,"
谈判小子:再怎么努力也不是我的对手!",0x03ACCD,1403,0x03ACCD,ascii,Who's that with those cool Pok@mon?,pending_semantic_review,
0x03AE8E,0x03B2D6,1493,"
谈判小子:怎么可能呢?",0x03ACF4,1404,0x03ACF4,ascii,Keep walking!,pending_semantic_review,
0x03AE90,0x03B2EC,1494,"
大叔:有意思...",0x03AC70,1399,0x03AC70,ascii,Great! I was bored!,pending_semantic_review,
0x03AE92,0x03B2FC,1495,"
大叔:这回完蛋了...",0x03AC84,1400,0x03AC84,ascii,You sure got guts!,pending_semantic_review,
0x03AE94,0x03B310,1496,"
捉虫少年:没想到又见到你了",0x03AC24,1395,0x03AC24,ascii,"Go,my bug Pok@mon!",pending_semantic_review,
0x03AE96,0x03B32B,1497,"
捉虫少年:你的实力又提升了呢",0x03AC37,1396,0x03AC37,ascii,You bug me!,pending_semantic_review,
0x03AE98,0x03B348,1498,"
谈判小子:别说我没忠告你,快逃吧",0x03AC97,1401,0x03AC97,ascii,Don't you dare condescend me!,pending_semantic_review,
0x03AE9A,0x03B368,1499,"
谈判小子:有两下子...",0x03ACB9,1402,0x03ACB9,ascii,No! You're to much!,pending_semantic_review,
0x03AE9C,0x03B37E,1500,"
大叔:小心我对你不客气!",0x03AC43,1397,0x03AC43,ascii,"Haha! Come on,dude!",pending_semantic_review,
0x03AE9E,0x03B396,1501,"
大叔:您好吗?哈哈...",0x03AC57,1398,0x03AC57,ascii,Haha! You beat me fair!,pending_semantic_review,
0x03AEA0,0x03B3AB,1502,"
女孩:让姐姐看看你",0x03AD29,1407,0x03AD29,ascii,I got up early to train!,pending_semantic_review,
0x03AEA2,0x03B3BE,1503,"
女孩:不要不给面子吧!",0x03AD43,1408,0x03AD43,ascii,I need to train more.,pending_semantic_review,
0x03AEA4,0x03B3D4,1504,"
女孩:你居然能找到这里?",0x03B3DF,1457,0x03B3DF,graphical_codes,<B0EC><B1EA><B0DB><B0EE><B0BF>?,english_graphical_residual,La cible anglaise conserve des codes graphiques.
0x03AEA6,0x03B3EC,1505,"
女孩:我也是听说附近出现了传说中的精灵才来的",0x03B3EC,1458,0x03B3EB,graphical_codes,<0A><B2CF><B1DE>:<B1C2><B0F6><B0C2><B1F1><B1E7><B3C8><B0CD><B0A4><B2F5><B0F8><B6F2><B1E7><B0DC><B0BC><B0A1><B0A2><B1F2><B0FC><B0BC>,english_graphical_residual,La cible anglaise conserve des codes graphiques.
0x03AEA8,0x03B419,1506,"
闪电鸟:......",0x03B418,1459,0x03B418,ascii,Zapdos: Kree!!,pending_semantic_review,
0x03AEAA,0x03B428,1507,"
职员:这么暗你也敢来",0x03AD5C,1409,0x03AD5C,ascii,I've never won a badge yet.,pending_semantic_review,
0x03AEAC,0x03B43D,1508,"
职员:佩服你的勇气",0x03AD7A,1410,0x03AD7A,ascii,I blew it again.,pending_semantic_review,
0x03AEAE,0x03B450,1509,"
职员:我的东西掉了",0x03AD8B,1411,0x03AD8B,ascii,This cave is long!,pending_semantic_review,
0x03AEB0,0x03B463,1510,"
职员:一定要找出来",0x03AD9E,1412,0x03AD9E,ascii,Doh! You won kid!,pending_semantic_review,
0x03AEB2,0x03B476,1511,"
女孩:人家好害怕哦",0x03ADD0,1415,0x03ADD0,ascii,You have Pok@Mon! Let's start!,pending_semantic_review,
0x03AEB4,0x03B489,1512,"
女孩:你保护我好吗?",0x03ADF0,1416,0x03ADF0,ascii,You play hard!,pending_semantic_review,
0x03AEB6,0x03B49D,1513,"
职员:我不怕黑暗",0x03ADB0,1413,0x03ADB0,ascii,I'll leave ya cryinkid!,pending_semantic_review,
0x03AEB8,0x03B4AE,1514,"
职员:你也不是等闲之辈",0x03ADC8,1414,0x03ADC8,ascii,I give!,pending_semantic_review,
0x03AEBA,0x03B4C5,1515,"
大叔:山里才能锻炼身体",0x03B09D,1425,0x03B09D,ascii,Pok@mon fight! Go!,pending_semantic_review,
0x03AEBC,0x03B4DC,1516,"
大叔:果然是这样",0x03B0B0,1426,0x03B0B0,ascii,Game over!,pending_semantic_review,
0x03AEBE,0x03B4ED,1517,"
大叔:你好!",0x03B257,1443,0x03B257,ascii,Do you Cosplay?,pending_semantic_review,
0x03AEC0,0x03B4F9,1518,"
大叔:认识你很高兴",0x03B267,1444,0x03B267,ascii,We dress as Pok@monfor fun!,pending_semantic_review,
0x03AEC2,0x03B50C,1519,"
大叔:别乱走动",0x03B233,1441,0x03B233,ascii,Can you beat me?,pending_semantic_review,
0x03AEC4,0x03B51B,1520,"
大叔:小心山塌下来,我们都完了",0x03B244,1442,0x03B244,ascii,Oops! Out-muscled!,pending_semantic_review,
0x03AEC6,0x03B539,1521,"
大叔:我觉得石头类的精灵是最强的!",0x03B117,1431,0x03B117,ascii,Maybe I'm lost in here...,pending_semantic_review,
0x03AEC8,0x03B55B,1522,"
大叔:我想错了吗?",0x03B132,1432,0x03B132,ascii,Which way is out?,pending_semantic_review,
0x03AECA,0x03B56D,1523,"
大叔:你想知道吗",0x03B0DF,1429,0x03B0DF,ascii,I like drawing Pok@mon!,pending_semantic_review,
0x03AECC,0x03B57E,1524,"
大叔:精灵会随着等级提高而进化的!",0x03B0FB,1430,0x03B0FB,ascii,"I'm an artist,not afighter.",pending_semantic_review,
0x03AECE,0x03B5A0,1525,"
女孩:我想找个男朋友",0x03B0BB,1427,0x03B0BB,ascii,I'll fight you!,pending_semantic_review,
0x03AED0,0x03B5B5,1526,"
女孩:你呀,不合我胃口!",0x03B0CB,1428,0x03B0CB,ascii,I like tiny Pok@mon,pending_semantic_review,
0x03AED2,0x03B5CC,1527,"
大叔:你在这里干什么??",0x03ADFF,1417,0x03ADFF,ascii,Give it your best shot!,pending_semantic_review,
0x03AED4,0x03B5E3,1528,"
大叔:对不起,好象我管不着",0x03AE18,1418,0x03AE18,ascii,Fired away!,pending_semantic_review,
0x03AED6,0x03B5FD,1529,"
职员:整天都无聊的在干活",0x03AE24,1419,0x03AE24,ascii,You have a Pok@dex?I want one!,pending_semantic_review,
0x03AED8,0x03B616,1530,"
职员:明天该轻松了吧",0x03B058,1422,0x03B058,ascii,I'm so jealous!,pending_semantic_review,
0x03AEDA,0x03B62B,1531,"
男孩:刚和女朋友分手了",0x03B144,1433,0x03B144,ascii,I came this far forPok@mon!,pending_semantic_review,
0x03AEDC,0x03B642,1532,"
男孩:心情不好",0x03B160,1434,0x03B160,ascii,You looked harmless,pending_semantic_review,
0x03AEDE,0x03B651,1533,"
女孩:你可别乱摸我哦",0x03B068,1423,0x03B068,ascii,Hikers use twigs astrail markers.,pending_semantic_review,
0x03AEE0,0x03B666,1534,"
女孩:都叫你别乱摸了!!",0x03B08A,1424,0x03B08A,ascii,I want to go home!,pending_semantic_review,
0x03AEE2,0x03B67D,1535,"
男孩:你碰到我了",0x03B174,1435,0x03B174,ascii,Eek!Don't scare me!,pending_semantic_review,
0x03AEE4,0x03B68E,1536,"
男孩:是误会,对不起",0x03B21F,1440,0x03B21F,ascii,It's too dark here!,pending_semantic_review,
0x03AEE6,0x03B6A2,1537,"
谈判小子:和你没得商量!",0x03B283,1445,0x03B283,ascii,Wanna see my Pok@ mon?,pending_semantic_review,
0x03AEE8,0x03B6BA,1538,"
谈判小子:你想说什么都可以",0x03B29B,1446,0x03B29B,ascii,Oh no! My Pok@mon!,pending_semantic_review,
0x03AEEA,0x03B6D5,1539,"
女孩:我最爱打人了",0x03B2AE,1447,0x03B2AE,ascii,That's a tough hike,pending_semantic_review,
0x03AEEC,0x03B6E8,1540,"
女孩:我下次不敢了...",0x03B2C2,1448,0x03B2C2,ascii,I'm not up to it!,pending_semantic_review,
0x03AEEE,0x03B6FE,1541,"
叔叔:你想知道我的厉害吗?",0x03B2D4,1449,0x03B2D4,ascii,Ha-hahah-ah-ha!,pending_semantic_review,
0x03AEF0,0x03B718,1542,"
叔叔:我知道你的厉害了...",0x03B2E4,1450,0x03B2E4,ascii,Haha-ha-choo! Snort,pending_semantic_review,
0x03AEF2,0x03B732,1543,"
叔叔:我的防御力是最强的",0x03B2F8,1451,0x03B2F8,ascii,I love the mountainair!,pending_semantic_review,
0x03AEF4,0x03B74B,1544,"
叔叔:这么强的防御你都破了??",0x03B310,1452,0x03B310,ascii,That cleared my head!,pending_semantic_review,
0x03AEF6,0x03B768,1545,"
男孩:奇怪?吉野老人不在跑哪去了?",0x03B329,1453,0x03B329,ascii,People pay a lot for Cubone skulls.,pending_semantic_review,
0x03AEF8,0x03B789,1546,"
女孩:这里是吉野老爷爷的家,他人很好哦,照顾那些被丢弃回不了家的精灵们",0x03B34F,1454,0x03B34F,ascii,I saw Cubone's mom die trying to get away from Team Rocket!,pending_semantic_review,
0x03AEFA,0x03B7CE,1547,"
商人:火箭队的混蛋们为了钱什么都干的出来",0x03B390,1455,0x03B390,ascii,This town's known as the grave site of Pok@mon.,pending_semantic_review,
0x03AEFC,0x03B7F7,1548,"
女孩:可拉可拉的妈妈就是在逃出来的时候被火箭队杀了,我也看到了!",0x03B7F7,1487,0x03B7F5,graphical_codes,"00<B2CF><B1DE>:<B0DE><B8BB><B0DE><B8BB><B0BC><B1DB><B1DB><B2AB><B0C2><B0B8><B3EF><B0A4><B0FC><B0BC><B0F0><B7CD><B1B6><B5A2><B5A3><B5A4><B8BC><B0F8>,<B1C2><B0F6><B0FD><B0DB><B0F8>!",english_graphical_residual,La cible anglaise conserve des codes graphiques.
0x03AEFE,0x03B836,1549,"
修女:幽灵塔是为了安慰死去的精灵之灵而盖的",0x03B3C2,1456,0x03B3C2,ascii,Did you come to payrespects?,pending_semantic_review,
0x03AF00,0x03B861,1550,"
修女:我是祈祷师!我感觉到上面有迷凸的灵魂...",0x03B427,1460,0x03B427,ascii,There are spirits up to mischief!,pending_semantic_review,
0x03AF02,0x03B88E,1551,"
女孩:对已死去的皮皮一直无法忘怀...糟糕又哭了...",0x03B44A,1461,0x03B44A,ascii,Growlith...(Sniff!)I can't stop... crying...,pending_semantic_review,
0x03AF04,0x03B8BF,1552,"
女孩:你也是来参拜的吗?真是一位对精灵用情很深的男孩",0x03B47A,1462,0x03B47A,ascii,Pok@mon Tower was built in memory of Pok@mon that have died.,pending_semantic_review,
0x03AF06,0x03B8F3,1553,"
小茂:小智?你怎么也到这里来了,你的精灵死了吗?混蛋不是还活着吗!!小心我把你打的不能站起来!",0x03B4B9,1463,0x03B4B9,ascii,"Why are you here Ash? You're Pok@monlook fine!But,I canat least make them faint! Let's go!",pending_semantic_review,
0x03AF08,0x03B94C,1554,"
小茂:王八蛋!你对我这么狠!枉我对你这么手下留情!!对了,宠物精灵图鉴怎样了?我发现可拉可拉了但没有发现进化后的嘎拉嘎拉!在这附近一定没有那我要走了!我和你不同我可是个大忙人啊...再见了",0x03B516,1464,0x03B516,ascii,"How's your Pok@dex pal? I just caught a Cubone! Well, I better get going! I've got a lot to accomplish, Smell ya later!",pending_semantic_review,
0x03AF0A,0x03B9FE,1555,"
修女:我们也不知道幽灵的真正身份...如果有幽灵眼镜的话说不定就能知道了...",0x03B592,1465,0x03B592,ascii,A Silph Scope may be able to identifywayward Ghosts!,pending_semantic_review,
0x03AF0C,0x03BA47,1556,"
上面阴森森的...精灵们都很害怕...",0x03B5C8,1466,0x03B5C8,ascii,Ghost: Get out... Get...Out...,pending_semantic_review,
0x03AF0E,0x03BA69,1557,"
迷你裙:看看我的皮皮吧",0x03B7A1,1483,0x03B7A1,ascii,All right! Let's go,pending_semantic_review,
0x03AF10,0x03BA80,1558,"
迷你裙:你没被吹眠吧...",0x03B7B5,1484,0x03B7B5,ascii,Drat! You're good.,pending_semantic_review,
0x03AF12,0x03BA98,1559,"
老爷爷:火焰是最美的",0x03B77E,1481,0x03B77E,ascii,I'm a gambling dude,pending_semantic_review,
0x03AF14,0x03BAAD,1560,"
老爷爷:有点过火了...",0x03B792,1482,0x03B792,ascii,Came up short!,pending_semantic_review,
0x03AF16,0x03BAC3,1561,"
职员:我无法忍受我的臭泥军团",0x03B754,1479,0x03B754,ascii,How are you with Pok@mon?,pending_semantic_review,
0x03AF18,0x03BAE0,1562,"
职员:谢谢你帮我教训了这堆臭泥军团!",0x03B770,1480,0x03B770,ascii,Ow! Meltdown!,pending_semantic_review,
0x03AF1A,0x03BB04,1563,"
少年:知道毒的恐怖吗?",0x03B5E8,1467,0x03B5E8,ascii,Such an adorable Pok@mon!,pending_semantic_review,
0x03AF1C,0x03BB1A,1564,"
少年:他会让你的体力慢慢减少的",0x03B604,1468,0x03B604,ascii,Don't be so mean toClefairy!,pending_semantic_review,
0x03AF1E,0x03BB39,1565,"
迷你裙:怎么又见到你了?",0x03B621,1469,0x03B621,ascii,I love Nidoran!,pending_semantic_review,
0x03AF20,0x03BB51,1566,"
迷你裙:你真是阴魂不散啊",0x03B631,1470,0x03B631,ascii,That's my favorite Pok@mon!,pending_semantic_review,
0x03AF22,0x03BB6A,1567,"
迷你裙:我爱喵喵...喵",0x03B64D,1471,0x03B64D,ascii,Meowth is so cute! Meow!,pending_semantic_review,
0x03AF24,0x03BB80,1568,"
迷你裙:招财猫能带来好运!",0x03B666,1472,0x03B666,ascii,Pidgey and Rattata are cute too!,pending_semantic_review,
0x03AF26,0x03BB9A,1569,"
迷你裙:普通的精灵才不普通",0x03B687,1473,0x03B687,ascii,We must look silly standing here like this.,pending_semantic_review,
0x03AF28,0x03BBB5,1570,"
迷你裙:像你这种普通的训练师训练的精灵一定普通!",0x03B6B3,1474,0x03B6B3,ascii,Saffron's guard won't let us pass!,pending_semantic_review,
0x03AF2A,0x03BBE5,1571,"
老爷爷:我还年轻呢",0x03B716,1477,0x03B716,ascii,"School is fun, but so are Pok@mon.",pending_semantic_review,
0x03AF2C,0x03BBF8,1572,"
老爷爷:如何?看到我的活力了吧!",0x03B739,1478,0x03B739,ascii,I'll just stay withschool.,pending_semantic_review,
0x03AF2E,0x03BC17,1573,"
职员:今天运气不好",0x03B6D9,1475,0x03B6D9,ascii,You need a strategyto win!,pending_semantic_review,
0x03AF30,0x03BC2A,1574,"
职员:真是运气不好啊",0x03B6F4,1476,0x03B6F4,ascii,"Go with Grimer, and...and then...",pending_semantic_review,
0x03AF32,0x03BC3F,1575,"
大叔:宠物精灵之笛之所以可以叫醒睡着的宠物精灵是因为它可以发出人听不到的特殊声音",0x03BA87,1504,0x03BA87,ascii,I road uphill on Cycling Road from Fuchsia!,pending_semantic_review,
0x03AF34,0x03BC90,1576,"
阿姨:我是从枯叶市来的",0x03BA58,1503,0x03BA58,ascii,My sister's so im- mature! She drives me nuts!,pending_semantic_review,
0x03AF36,0x03BCA7,1577,"
营业员:您是我们这里新开店的一百位幸运顾客,本店特别送您一支矿泉水做纪念!!",0x03BCA7,1522,0x03BCA7,ascii,Hi! Would you care for some lemonade? It'll quench your thirst!,pending_semantic_review,
0x03AF38,0x03BCF1,1578,"
得到矿泉水",0x03BCE8,1523,0x03BCE8,ascii,Got Lemonade!,pending_semantic_review,
0x03AF3A,0x03BCFD,1579,"
小红:我是绘图师,画你的人就是我喔!",0x03BCF6,1524,0x03BCF6,ascii,My friend and I aretrading Pok@mon!,pending_semantic_review,
0x03AF3C,0x03BD20,1580,"
卡美优:我是写剧本的...比卡丘很可爱吧!",0x03BD1A,1525,0x03BD1A,ascii,Caught Pok@mon are given ID numbers.,pending_semantic_review,
0x03AF3E,0x03BD47,1581,"
魏村夫:我吗?我是程序师,多多关照!",0x03BD3F,1526,0x03BD3F,ascii,My buddy's sending me her Kangaskhan!,pending_semantic_review,
0x03AF40,0x03BD69,1582,"
BOSS:哎呀!我是BOSS!要集全所有的宠物精灵很难,不过好好加油吧!如果全部集全的话就去告诉卡美优吧!",0x03BD65,1527,0x03BD65,ascii,I heard you can seeghosts using Silph Co.'s Silph Scope!,pending_semantic_review,
0x03AF42,0x03BDC7,1583,"
蓓蓓:没有我不知道的事,就连电玩里的世界也一样!这只依布就送给你吧!",0x03BAB6,1505,0x03BAB6,ascii,"I'm looking for a good home for my Eevee, would you like him?",pending_semantic_review,
0x03AF44,0x03BE09,1584,"
得到依布",0x03A60F,1349,0x03A60F,ascii,Got Eevee!,pending_semantic_review,
0x03AF46,0x03BE13,1585,"
小李:被你发现了...我的事千万不要告诉任何人,这个给你拜托了!",0x03BE0E,1533,0x03BE0E,ascii,"Are you taking the gym challenge too? Here, this'll be helpful!",pending_semantic_review,
0x03AF48,0x03BE4F,1586,"
得到特技02飞天",0x03BE50,1534,0x03BE50,ascii,Got HM 02 Fly,pending_semantic_review,
0x03AF4A,0x03BE5F,1587,"
裁判:哈哈哈,这个道馆好啊,都是女生!",0x03B7C8,1485,0x03B7C8,ascii,Welcome to Celadon Pok@mon Gym!,pending_semantic_review,
0x03AF4C,0x03BE83,1588,"
女生:喂!这里是只有女孩才能进入的!",0x03B835,1488,0x03B835,ascii,You're not allowed in here!,pending_semantic_review,
0x03AF4E,0x03BEA6,1589,"
水手:你一定会被佳丽亚打败的!",0x03B7E8,1486,0x03B7E8,ascii,You're mean!,pending_semantic_review,
0x03AF50,0x03BEC4,1590,"
大姐姐:呀!这里都是女人真是无聊死了!",0x03B851,1489,0x03B851,ascii,I was getting bored,pending_semantic_review,
0x03AF52,0x03BEE9,1591,"
大姐姐:真无聊",0x03B865,1490,0x03B865,ascii,My makeup!,pending_semantic_review,
0x03AF54,0x03BEF8,1592,"
大姐姐:看,这是我的宠物精灵!草系的好处就是养起来很轻松!",0x03B870,1491,0x03B870,ascii,Grass Pok@mon are easy to raise!,pending_semantic_review,
0x03AF56,0x03BF30,1593,"
大姐姐:你真强",0x03B892,1492,0x03B892,ascii,They also help makeflower arrangements,pending_semantic_review,
0x03AF58,0x03BF3F,1594,"
女孩:你在看我!?",0x03B8B9,1493,0x03B8B9,ascii,Don't underestimategirl power!,pending_semantic_review,
0x03AF5A,0x03BF50,1595,"
女孩:你真的没有偷看吗?最近有很多这种人哦!",0x03B8D8,1494,0x03B8D8,ascii,I didn't have my best Pok@mon!,pending_semantic_review,
0x03AF5C,0x03BF7B,1596,"
迷你裙:喂,虫系和火系的精灵别带到这里来!",0x03B8F9,1495,0x03B8F9,ascii,Aren't you the peeping Tom?,pending_semantic_review,
0x03AF5E,0x03BFA4,1597,"
迷你裙:就是它!",0x03B919,1496,0x03B919,ascii,"Sorry, we get a lotof gawkers.",pending_semantic_review,
0x03AF60,0x03BFB4,1598,"
女孩:欢迎来到彩虹道场!不要以为这里都是女孩子就大意了喔!",0x03B938,1497,0x03B938,ascii,Don't bring fire orbug Pok@mon in here,pending_semantic_review,
0x03AF62,0x03BFED,1599,"
女孩:还蛮行的!",0x03B95F,1498,0x03B95F,ascii,Oh! You!,pending_semantic_review,
0x03AF64,0x03BFFD,1600,"
大姐姐:你的兴趣是?",0x03B968,1499,0x03B968,ascii,Nice to meet you.,pending_semantic_review,
0x03AF66,0x03C011,1601,"
大姐姐:下个礼拜要相亲...",0x03B97A,1500,0x03B97A,ascii,I have a blind datesoon.,pending_semantic_review,
0x03AF68,0x03C02B,1602,"
佳丽亚:今天天气真好!欢迎光临我是彩虹道场的佳丽亚!兴趣是插花哎呀!讨厌,你是来比赛的吗?我是不会输的!",0x03B993,1501,0x03B993,ascii,"Hello, I am Erika, leader of this gym.You wish to battle me? Very well, but I shall not lose.",pending_semantic_review,
0x03AF6A,0x03C08E,1603,"
佳丽亚:真是强啊!这个彩虹徽章就奉送给您吧,有了这个徽章就能使用怪力术了!",0x03B9F1,1502,0x03B9F1,ascii,I concede defeat.I confer to you the Rainbow badge. You can use the HM Strength outside ofbattle.,pending_semantic_review,
0x03AF6C,0x03C0D6,1604,"
火箭队:我是在这里看守这张海报的,妨碍我的话可是要尝到苦头的哦!",0x03C0D6,1550,0x03C0D6,graphical_codes,"<B5A2><B5A3><B5A4>:<B1C2><B0C2><B0B8><B0EE><B0BF><B0FD><B3DF><B0EE><B6F9><B6FC><B9A3><B0BC>,<B3C5><B3C6><B1C2><B0BC><B1EF><B0DE><B0C2><B0C3><B7EA><B0DB><B3C0><B1B3><B0BC><B2DD>!",english_graphical_residual,La cible anglaise conserve des codes graphiques.
0x03AF6E,0x03C115,1605,"
火箭队:可恶,这样下去的话火箭队的基地会被发现的!要赶快和老大联络才行!",0x03C115,1551,0x03C114,graphical_codes,"<0A><B5A2><B5A3><B5A4>:<B0DE><B5E0>,<B0EE><B2DA><B0F9><B0C7><B0BC><B1EF><B5A2><B5A3><B5A4><B0BC><B9A4><B3BB><B1F9><B1B6><B2F4><B2F5><B0BC>!<B0C3><B1F3><B2EC><B0C9><B2CE><B1BE><B3CE><B9A5><B1F2><B3A9>!",english_graphical_residual,La cible anglaise conserve des codes graphiques.
0x03AF70,0x03C15B,1606,"
啊?在海报的后面有秘密按钮!按按看吧!",0x03BAF9,1506,0x03BAF9,ascii,There's a switch! Let's push it.,pending_semantic_review,
0x03AF72,0x03C180,1607,"
火箭队:你是什么人?如何进到这里来的?",0x03BB1B,1507,0x03BB1B,ascii,You broke into our operation?,pending_semantic_review,
0x03AF74,0x03C1A5,1608,"
火箭队:可恶...你竟然小看我们火箭队!",0x03BB39,1508,0x03BB39,ascii,You won't get away with this!,pending_semantic_review,
0x03AF76,0x03C1CA,1609,"
火箭队:悄悄潜入火箭队的是什么家伙?",0x03BB57,1509,0x03BB57,ascii,Who are you? How'd you get here!?,pending_semantic_review,
0x03AF78,0x03C1EE,1610,"
火箭队:混蛋别想轻松的向前进!",0x03BB79,1510,0x03BB79,ascii,Oww! Beaten!,pending_semantic_review,
0x03AF7A,0x03C20C,1611,"
火箭队:老大说过使用精灵眼镜可看到平时看不到的幽灵...",0x03BB86,1511,0x03BB86,ascii,Do you really thinkyou can reach our Boss?,pending_semantic_review,
0x03AF7C,0x03C242,1612,"
火箭队:你太嚣张了!!",0x03BBB2,1512,0x03BBB2,ascii,I surrender!,pending_semantic_review,
0x03AF7E,0x03C257,1613,"
火箭队:你到这里的目的是什么",0x03BBBF,1513,0x03BBBF,ascii,This won't do!,pending_semantic_review,
0x03AF80,0x03C274,1614,"
火箭队:我明白了,请走好",0x03BBCE,1514,0x03BBCE,ascii,I'll talk! Take theelevator to see my Boss!,pending_semantic_review,
0x03AF82,0x03C28C,1615,"
火箭队:发现侵入者!",0x03BBFA,1515,0x03BBFA,ascii,Intruder alert!,pending_semantic_review,
0x03AF84,0x03C2A0,1616,"
火箭队:在找精灵眼镜吗?我不知道",0x03BC0A,1516,0x03BC0A,ascii,I don't know where the Silph Scope is!,pending_semantic_review,
0x03AF86,0x03C2C0,1617,"
火箭队:跟火箭队作对没有前途的!",0x03BC31,1517,0x03BC31,ascii,We heard you were coming!,pending_semantic_review,
0x03AF88,0x03C2E0,1618,"
火箭队:精灵眼镜不就是老大在南晶开发部中偷的东西!",0x03BC4C,1518,0x03BC4C,ascii,What? I lost?,pending_semantic_review,
0x03AF8A,0x03C312,1619,"
火箭队:我什么都不知道!",0x03BDC6,1530,0x03BDC5,ascii,"Are you lost, brat?",pending_semantic_review,
0x03AF8C,0x03C32A,1620,"
火箭队:真的不知道!",0x03BC9C,1521,0x03BC9C,ascii,"No, Why..?",pending_semantic_review,
0x03AF8E,0x03C33E,1621,"
大姐头:来的正好!",0x03BC5A,1519,0x03BC5A,ascii,Stop meddling in our affairs!,pending_semantic_review,
0x03AF90,0x03C350,1622,"
火箭队:有胆就尽管去找我们老大!!",0x03BC7A,1520,0x03BC7A,ascii,The Silph Scope's here somwhere.,pending_semantic_review,
0x03AF92,0x03C371,1623,"
火箭队:好大的胆子还敢到这里来捣乱!!",0x03BE5E,1535,0x03BE5E,ascii,"Jesse: Aha! I smella little brat! James:Hold it rightthere, brat! Our Boss is over here! Meowth: You better not disturb him!",pending_semantic_review,
0x03AFB4,0x03C515,1640,"
老大:哈哈!你真有办法能到这里!这是将世界上的宠物用来交易的火箭队总部,我就是火箭队的老大,我的名字叫沙奇!!想反抗我只有自讨苦吃",0x03BDE2,1532,0x03BDE2,ascii,"So,I must say, I amimpressed you got here!",pending_semantic_review,
0x03AFB6,0x03C592,1641,"
老大:怎...怎么可能?你相当珍惜和爱护宠物精灵啊,我是无法理解...正好我还有要事就不奉陪了!(老大隐掉)",0x03BF2D,1537,0x03BF2D,ascii,I see you raise Pok@mon with utmostcare. A child like you would never understand what I hope to achieve. I shall step aside this time! I hope we meet again...,pending_semantic_review,
0x03AFB8,0x03C5F4,1642,"
得到精灵眼镜",0x03BFD6,1538,0x03BFD6,ascii,Got Silph Scope!,pending_semantic_review,
0x03AFBA,0x03C602,1643,"
修女:......",0x03BD9E,1528,0x03BD9E,ascii,Urrg...Awaa...graa,pending_semantic_review,
0x03AFBC,0x03C60F,1644,"
修女:啊?我做了什么?对不起!被邪恶的力量附身而暴乱...",0x03BDB1,1529,0x03BDB1,ascii,Huh?What am I doing,pending_semantic_review,
0x03AFBE,0x03C644,1645,"
修女:一起诅咒吧...",0x03BFE7,1539,0x03BFE7,ascii,Kekeke...Kwaaah!,pending_semantic_review,
0x03AFC0,0x03C658,1646,"
修女:啊?我是怎么了?",0x03BFF8,1540,0x03BFF8,ascii,Hwa! I'm saved!,pending_semantic_review,
0x03AFC2,0x03C66D,1647,"
修女:你能赢吗?",0x03C04F,1545,0x03C04F,ascii,Huhuhu...,pending_semantic_review,
0x03AFC4,0x03C67D,1648,"
修女:啊?我是怎么了?",0x03C059,1546,0x03C059,ascii,May the souls of Pok@mon rest in peace...,pending_semantic_review,
0x03AFC6,0x03C692,1649,"
神婆:呜呜...幽灵...",0x03C02D,1543,0x03C02D,ascii,Kwaaah!,pending_semantic_review,
0x03AFC8,0x03C6A7,1650,"
神婆:啊?这是...",0x03C035,1544,0x03C035,ascii,We need the Silph Scope!,pending_semantic_review,
0x03AFCA,0x03C6B8,1651,"
修女:把灵魂交...出来!",0x03C008,1541,0x03C008,ascii,Begone evil spirit!,pending_semantic_review,
0x03AFCC,0x03C6CF,1652,"
修女:我是累了...",0x03C01C,1542,0x03C01C,ascii,The spirit left.,pending_semantic_review,
0x03AFCE,0x03C6E1,1653,"
神婆:可恶...",0x03C088,1547,0x03C088,ascii,Join...Us...,pending_semantic_review,
0x03AFD0,0x03C6EF,1654,"
神婆:晕晕的,我难道贫血吗?",0x03C096,1548,0x03C096,ascii,Step in the magic circle to heal yourPok@mon.,pending_semantic_review,
0x03AFD2,0x03C70A,1655,"
修女:僵尸啊...",0x03C0C5,1549,0x03C0C5,ascii,Ghost! Kwaaaaah!,pending_semantic_review,
0x03AFD4,0x03C71A,1656,"
修女:我的意识恢复了",0x03C15A,1552,0x03C15A,ascii,Was I dreaming?,pending_semantic_review,
0x03AFD6,0x03C72F,1657,"
修女:康儿...康儿...",0x03C16A,1553,0x03C16A,ascii,Give me your soul!,pending_semantic_review,
0x03AFD8,0x03C744,1658,"
修女:颤抖了...",0x03C17D,1554,0x03C17D,ascii,I was possessed.,pending_semantic_review,
0x03AFDA,0x03C754,1659,"
神婆:嘻嘻...嘻嘻...",0x03C1A2,1557,0x03C1A2,ascii,Urgah...Urff...,pending_semantic_review,
0x03AFDC,0x03C769,1660,"
神婆:嘻嘻...我到底是怎么了?",0x03C1B2,1558,0x03C1B2,ascii,I was controlled by evil spirits.,pending_semantic_review,
0x03AFDE,0x03C786,1661,"
修女:伤心啊...",0x03C18E,1555,0x03C18E,ascii,Zombies!,pending_semantic_review,
0x03AFE0,0x03C796,1662,"
修女:有什么从我身体里飞出...",0x03C197,1556,0x03C197,ascii,Huh? What?,pending_semantic_review,
0x03AFE2,0x03C7B4,1663,"
离开!离开这里!...",0x03C1D6,1559,0x03C1D6,ascii,Begone...intruders.,pending_semantic_review,
0x03AFE4,0x03C7C7,1664,"
使用精灵眼镜看穿幽灵的真正身份!",0x03C1EA,1560,0x03C1EA,ascii,The Silph Scope identified the Marowak ghost.,pending_semantic_review,
0x03AFE6,0x03C7E8,1665,"
小智:原来幽灵的真正身份是温柔的可拉可拉的妈妈...",0x03C21F,1561,0x03C21F,ascii,The Ghost was the restless soul of Cubone's mother! Her soul was calmedand she departed tothe afterlife.,pending_semantic_review,
0x03AFE8,0x03C81A,1666,"
火箭队:这个吉野老头真难缠!不打败我们是救不了吉野老头的!",0x03C28D,1562,0x03C28D,ascii,"Jessie: Stop right there! Meowth: Grampa herewanted to complain,so we're setting him straight. James: So render yourself invisible,or prepare to fight!",pending_semantic_review,
0x03B008,0x03C9B1,1682,"
吉野:你是来救我的吗?谢谢你...我是来告诫可拉可拉的母亲嘎拉嘎拉之灵而来的,看样子嘎拉嘎拉到天国去了!真要感谢你们特地来这!那现在跟我一起回家",0x03C370,1564,0x03C370,ascii,Fuji:Heh? You came to save me? Thank you. I came here tocalm the soul of Cubone's mother. I think her spirit isat rest and moved on. I must thank you. Follow me to my home.,pending_semantic_review,
0x03B00A,0x03CA3B,1683,"
吉野:小智在完成精灵图鉴的时候如果不对精灵们付出爱心想完成是很困难的...也不知该如何帮助你,这给你吧!",0x03C424,1565,0x03C424,ascii,"Here Ash, I think this Pok@Flute willhelp you on your quest.",pending_semantic_review,
0x03B00C,0x03CA9F,1684,"
吉野:吹起宠物精灵笛就算是熟睡的精灵也会跳起,遇到睡着的精灵使用看看吧!",0x03C464,1566,0x03C464,ascii,The Pok@Flute will wake any sleeping Pok@mon.,pending_semantic_review,
0x03B00E,0x03CAE6,1685,"
使用精灵笛唤醒睡着的卡比兽",0x03CAE7,1603,0x03CAE7,ascii,The Pok@mon woke up,pending_semantic_review,
0x03B010,0x03CB02,1686,"
钓鱼者:这里是有名的钓鱼区",0x03CAFB,1604,0x03CAFB,ascii,I got a bite here!,pending_semantic_review,
0x03B012,0x03CB1D,1687,"
钓鱼者:你不喜欢钓鱼吗?",0x03CB0E,1605,0x03CB0E,ascii,Just a small fry!,pending_semantic_review,
0x03B014,0x03CB35,1688,"
钓鱼者:水上也有很多精灵哦",0x03CB20,1606,0x03CB20,ascii,Fishing's a waitinggame!,pending_semantic_review,
0x03B016,0x03CB50,1689,"
钓鱼者:水系精灵最可爱!",0x03CB39,1607,0x03CB39,ascii,That one got away!,pending_semantic_review,
0x03B018,0x03CB68,1690,"
钓鱼者:你看不到我在钓鱼吗?",0x03CB64,1610,0x03CB64,ascii,I would rather be working!,pending_semantic_review,
0x03B01A,0x03CB84,1691,"
钓鱼者:算了...鱼都让你吓跑了",0x03CB80,1611,0x03CB80,ascii,It's not easy...,pending_semantic_review,
0x03B01C,0x03CBA2,1692,"
钓鱼者:我有好动西,要看吗",0x03CB91,1612,0x03CB91,ascii,You never know whatyou'll catch!,pending_semantic_review,
0x03B01E,0x03CBBC,1693,"
钓鱼者:水系精灵克火系的哦",0x03CBB2,1613,0x03CBB2,ascii,Lost it!,pending_semantic_review,
0x03B020,0x03CBD7,1694,"
电气团:在这里我的精灵难碰敌手",0x03CBBB,1614,0x03CBBB,ascii,Electricity is my specialty!,pending_semantic_review,
0x03B022,0x03CBF6,1695,"
电气团:居然栽跟头了...",0x03CBD9,1615,0x03CBD9,ascii,Water conducts electricity.,pending_semantic_review,
0x03B024,0x03CC0E,1696,"
侦察员:我什么要求都没有",0x03CBF5,1616,0x03CBF5,ascii,Water calms my mind,pending_semantic_review,
0x03B026,0x03CC27,1697,"
侦察员:我不是可疑的人哪",0x03CC09,1617,0x03CC09,ascii,Pok@mon battles arerelaxing as well.,pending_semantic_review,
0x03B028,0x03CC40,1698,"
女孩:水系精灵好漂亮",0x03CB4C,1608,0x03CB4C,ascii,You like fishing?,pending_semantic_review,
0x03B02A,0x03CC55,1699,"
女孩:你不喜欢吗?",0x03CB5E,1609,0x03CB5E,ascii,Ouch!,pending_semantic_review,
0x03B02C,0x03CC67,1700,"
捉鸟人:速度才是一切",0x03CC68,1620,0x03CC68,ascii,Bird Watcher Vs. Pok@mon Kid!,pending_semantic_review,
0x03B02E,0x03CC7C,1701,"
捉鸟人:失败了我的想法也不变!",0x03CC88,1621,0x03CC88,ascii,You beat me at Pok@mon.,pending_semantic_review,
0x03B030,0x03CC9A,1702,"
女孩:随便的人走开",0x03CC2E,1618,0x03CC2E,ascii,I saw a large Pok@-mon sleeping here!,pending_semantic_review,
0x03B032,0x03CCAD,1703,"
女孩:对不起,误会你了",0x03CC54,1619,0x03CC54,ascii,Snorlax love to nap,pending_semantic_review,
0x03B034,0x03CCC3,1704,"
大姐姐:你的样子让我的口水都流出来了",0x03CCA0,1622,0x03CCA0,ascii,"Sure,I'll play withyou!",pending_semantic_review,
0x03B036,0x03CCE8,1705,"
大姐姐:我知错了...",0x03CCB8,1623,0x03CCB8,ascii,You little brute!,pending_semantic_review,
0x03B038,0x03CCFC,1706,"
大姐姐:你说什么,我没有魅力吗?",0x03CCCA,1624,0x03CCCA,ascii,I'm told I'm good for a kid!,pending_semantic_review,
0x03B03A,0x03CD1B,1707,"
大姐姐:你说的是对的",0x03CCE8,1625,0x03CCE8,ascii,Ohh! I lost!,pending_semantic_review,
0x03B03C,0x03CD30,1708,"
女孩:又是你!!",0x03CCF5,1626,0x03CCF5,ascii,Your Badges are so cool!,pending_semantic_review,
0x03B03E,0x03CD3F,1709,"
女孩:我们还真有缘啊",0x03CD0E,1627,0x03CD0E,ascii,You're very strong!,pending_semantic_review,
0x03B040,0x03CD54,1710,"
女孩:别在我眼前走来走去",0x03CD22,1628,0x03CD22,ascii,Want to battle withme?,pending_semantic_review,
0x03B042,0x03CD6D,1711,"
女孩:我不该欺人太甚",0x03CD39,1629,0x03CD39,ascii,It's over already?,pending_semantic_review,
0x03B044,0x03CD82,1712,"
捉鸟人:我是鸟类训练专家",0x03CD4C,1630,0x03CD4C,ascii,I always go with bird Pok@mon!,pending_semantic_review,
0x03B046,0x03CD9B,1713,"
捉鸟人:你的精灵的确比我强",0x03CD6D,1631,0x03CD6D,ascii,I wish I could fly.,pending_semantic_review,
0x03B048,0x03CDB6,1714,"
捉鸟人:别以为打败了我大哥我就服你!!",0x03CD81,1632,0x03CD81,ascii,The wind's blowing my way!,pending_semantic_review,
0x03B04A,0x03CDDB,1715,"
捉鸟人:我无话可说了",0x03CD9C,1633,0x03CD9C,ascii,I'm beat.,pending_semantic_review,
0x03B04C,0x03CDF0,1716,"
暴走族:你喜欢速度吗?一起来吧",0x03CDA6,1634,0x03CDA6,ascii,What're you lookin'at?,pending_semantic_review,
0x03B04E,0x03CE0E,1717,"
暴走族:不该强人所难的",0x03CDBD,1635,0x03CDBD,ascii,Get lost!,pending_semantic_review,
0x03B050,0x03CE25,1718,"
捉鸟人:飞吧!我的精灵!!",0x03CDC7,1636,0x03CDC7,ascii,My bird Pok@mon want to fight!,pending_semantic_review,
0x03B052,0x03CE3D,1719,"
捉鸟人:什么都完了...",0x03CDE9,1637,0x03CDE9,ascii,My bird combo lost?,pending_semantic_review,
0x03B054,0x03CE53,1720,"
捉鸟人:你去过狩猎区吗",0x03CDFD,1638,0x03CDFD,ascii,My birds are the best!,pending_semantic_review,
0x03B056,0x03CE6A,1721,"
捉鸟人:那里有很多珍贵的精灵...",0x03CE16,1639,0x03CE16,ascii,Oh man!,pending_semantic_review,
0x03CE8E,0x03D0A8,1722,"
大婶婶:鸟类精灵是虫系精灵的克星!",0x03CE1E,1640,0x03CE1E,ascii,My Pok@mon wish to meet you!,pending_semantic_review,
0x03CE90,0x03D0CA,1723,"
大婶婶:原来你懂这个道理啊",0x03CE3B,1641,0x03CE3B,ascii,"Wow,You totally won",pending_semantic_review,
0x03CE92,0x03D0E5,1724,"
捉鸟人:你得罪我了",0x03CE4F,1642,0x03CE4F,ascii,My bird Pok@mon areready!,pending_semantic_review,
0x03CE94,0x03D0F8,1725,"
捉鸟人:没事...",0x03CE69,1643,0x03CE69,ascii,Not ready yet.,pending_semantic_review,
0x03CE96,0x03D108,1726,"
暴走族:老子要教训你",0x03D0C2,1647,0x03D0C2,ascii,"C'mon, Let's go!",pending_semantic_review,
0x03CE98,0x03D11D,1727,"
暴走族:我最喜欢有实力的人!",0x03D0D3,1648,0x03D0D3,ascii,Arrg! Get lost!,pending_semantic_review,
0x03CE9A,0x03D139,1728,"
捉鸟人:我有只珍贵的精灵",0x03D0E3,1649,0x03D0E3,ascii,Can your Pok@mon fly?,pending_semantic_review,
0x03CE9C,0x03D152,1729,"
捉鸟人:怎么样?不错吧...",0x03D0FB,1650,0x03D0FB,ascii,Best way to travel!,pending_semantic_review,
0x03CE9E,0x03D16B,1730,"
捉鸟人:拥有连续攻击能力的我你没有胜算",0x03D16B,1656,0x03D16B,graphical_codes,<B3E7><B8A7><B2B5>:<B6A9><B0AE><B6BA><B4D7><B4AB><B4AC><B0EC><B0E3><B0BC><B1C2><B0C5><B2B6><B0AE><B3F9><B3D0>,english_graphical_residual,La cible anglaise conserve des codes graphiques.
0x03CEA0,0x03D192,1731,"
捉鸟人:又说大话了",0x03D192,1657,0x03D191,graphical_codes,<0A><B3E7><B8A7><B2B5>:<B5B0><B1E7><B1BE><B1EF><B0F8>,english_graphical_residual,La cible anglaise conserve des codes graphiques.
0x03CEA2,0x03D1A5,1732,"
大姐姐:好可爱的样子哦",0x03CE78,1644,0x03CE78,ascii,"Sure, I'll fight!",pending_semantic_review,
0x03CEA4,0x03D1BC,1733,"
大姐姐:不要走吧,陪姐姐我说说话嘛",0x03D0A7,1646,0x03D0A7,ascii,"Win,lose,it doesn'tmatter.",pending_semantic_review,
0x03CEA6,0x03D1DE,1734,"
女孩:请多关照",0x03D10F,1651,0x03D10F,ascii,Do you use TMs?,pending_semantic_review,
0x03CEA8,0x03D1ED,1735,"
女孩:输的心服口服",0x03D11F,1652,0x03D11F,ascii,"Aww,bummer!",pending_semantic_review,
0x03CEAA,0x03D200,1736,"
暴走族:偶看你不惯!",0x03D157,1655,0x03D157,ascii,I need to burn time,pending_semantic_review,
0x03CEAC,0x03D214,1737,"
暴走族:现在看惯了,没事",0x03D1A4,1658,0x03D1A4,ascii,What? You!,pending_semantic_review,
0x03CEAE,0x03D22C,1738,"
暴走族:看你的样子一定不像好人!!",0x03D1AF,1659,0x03D1AF,ascii,Pok@mon fight? Cool,pending_semantic_review,
0x03CEB0,0x03D24D,1739,"
暴走族:你应该很讲义气吧!",0x03D1C3,1660,0x03D1C3,ascii,Blown away!,pending_semantic_review,
0x03CEB2,0x03D267,1740,"
女孩:糟了,你碰了我一下!",0x03D12B,1653,0x03D12B,ascii,I use TMs I bought!,pending_semantic_review,
0x03CEB4,0x03D280,1741,"
女孩:要是怀孕了怎么办...",0x03D13F,1654,0x03D13F,ascii,HMs are harder to get.,pending_semantic_review,
0x03CEB6,0x03D29A,1742,"
大姐姐:你是我第五十二任男朋友",0x03D1CF,1661,0x03D1CF,ascii,Have you heard of legendary Pok@mon?,pending_semantic_review,
0x03CEB8,0x03D2B9,1743,"
大姐姐:算了,放过你吧...",0x03D1F5,1662,0x03D1F5,ascii,There's 3 legendarybirds!,pending_semantic_review,
0x03CEBA,0x03D2D2,1744,"
捉鸟人:明白我的力量还不滚",0x03D20F,1663,0x03D20F,ascii,You don't stand a chance!,pending_semantic_review,
0x03CEBC,0x03D2ED,1745,"
捉鸟人:请您慢走,哈哈",0x03D22A,1664,0x03D22A,ascii,Not good enough!,pending_semantic_review,
0x03CEBE,0x03D303,1746,"
捉鸟人:我是专业捉鸟人",0x03D25A,1667,0x03D25A,ascii,What's cool?TradingPok@mon!,pending_semantic_review,
0x03CEC0,0x03D31A,1747,"
捉鸟人:今年我要参加精灵联盟大赛啊",0x03D276,1668,0x03D276,ascii,I trade with my friends.,pending_semantic_review,
0x03CEC2,0x03D33D,1748,"
女孩:谁叫你这么看人家的?",0x03D23B,1665,0x03D23B,ascii,"Oh,you're cute!",pending_semantic_review,
0x03CEC4,0x03D357,1749,"
女孩:可惜我有男朋友了...",0x03D24B,1666,0x03D24B,ascii,I forgive you!,pending_semantic_review,
0x03CEC6,0x03D371,1750,"
裁判:浅红道馆是栋有机关的房子.用眼睛是看不到墙的",0x03D292,1669,0x03D292,ascii,Yo Champ! This GYM has invisible wallsYou have to find the gaps in them.,pending_semantic_review,
0x03CEC8,0x03D3A3,1751,"
忍者:这里不是你能来的!",0x03D2DD,1670,0x03D2DD,ascii,Strategy is key!,pending_semantic_review,
0x03CECA,0x03D3BB,1752,"
忍者:你的忍术很厉害!",0x03D2EE,1671,0x03D2EE,ascii,Good strategy!,pending_semantic_review,
0x03CECC,0x03D3D1,1753,"
忍者:光只是力量强是没用的!你知道吗?最强的是技术!!",0x03D2FD,1672,0x03D2FD,ascii,Can you beat my techniques?,pending_semantic_review,
0x03CECE,0x03D404,1754,"
忍者:看来你已明白了",0x03D31C,1673,0x03D31C,ascii,I like poison and sleep techniques.,pending_semantic_review,
0x03CED0,0x03D419,1755,"
忍者:我对忍者充满幻想才进入这个浅红道馆的",0x03D3D8,1680,0x03D3D8,ascii,Master Koga comes from a long line ofninjas!,pending_semantic_review,
0x03CED2,0x03D444,1756,"
忍者:你的确很强大",0x03D406,1681,0x03D406,ascii,What do you descendfrom?,pending_semantic_review,
0x03CED4,0x03D457,1757,"
忍者:看你能过我这关吗?",0x03D3B7,1678,0x03D3B7,ascii,Stop right there!,pending_semantic_review,
0x03CED6,0x03D46F,1758,"
忍者:你过关了...",0x03D3C9,1679,0x03D3C9,ascii,I'm impressed!,pending_semantic_review,
0x03CED8,0x03D481,1759,"
忍者:你看来很有自信啊!",0x03D37C,1676,0x03D37C,ascii,I study the way of the Ninja!,pending_semantic_review,
0x03CEDA,0x03D499,1760,"
忍者:我很久没这么认真了",0x03D39A,1677,0x03D39A,ascii,I still have a lot to learn.,pending_semantic_review,
0x03CEDC,0x03D4B2,1761,"
忍者:这个道馆的首领很厉害,你最好小心",0x03D341,1674,0x03D341,ascii,I joined to become a ninja!,pending_semantic_review,
0x03CEDE,0x03D4D8,1762,"
忍者:看来是我多心了...",0x03D35D,1675,0x03D35D,ascii,I'll keep training under Koga!,pending_semantic_review,
0x03CEE0,0x03D4F0,1763,"
乔:你这种小子就想向我挑战?自讨苦吃!!中了毒就只有死路一条!!让你知道毒的艺术!!",0x03D41F,1682,0x03D41F,ascii,I shall show you true terror as a ninja master!,pending_semantic_review,
0x03CEE2,0x03D53E,1764,"
乔:你小子有一套,那么这个浅红徽章就交给你了,有了浅红徽章就能在大海中使用冲浪术了!",0x03D453,1683,0x03D453,ascii,The Soulbadge lets you use Surf out- side of battle. Congratulations.,pending_semantic_review,
0x03CEE4,0x03D590,1765,"
服务员:欢迎来到狩猎场!在这广大的狩猎广场有很多特有的宠物精灵,一次500元!要进去吗?",0x03D49D,1684,0x03D49D,ascii,"Welcome to the Safari Zone! For $500,you can catch all the Pok@mon youwant!",pending_semantic_review,
0x03CEE6,0x03D5E2,1766,"
是嘛!那下次再来啊!",0x03D4EF,1685,0x03D4EF,ascii,Come again!,pending_semantic_review,
0x03CEE8,0x03D5F6,1767,"
那么请进收您500元!祝您好运!!",0x03D4FB,1686,0x03D4FB,ascii,That'll be $500!,pending_semantic_review,
0x03CEEA,0x03D614,1768,"
男孩:这里是最深处平时都没有人会来,我就送件礼物给你吧!",0x03D50C,1687,0x03D50C,ascii,Congratulations!Youfound the Secret House!,pending_semantic_review,
0x03CEEC,0x03D64B,1769,"
得到特技03冲浪术",0x03D539,1688,0x03D539,ascii,Got HM03!,pending_semantic_review,
0x03CEEE,0x03D65D,1770,"
男孩:特技03是冲浪术,你可以坐在宠物精灵身上通过水面!而且这个技能机器是用后也不会消失的!能拿到这么好的奖品你还真是幸运!",0x03D543,1689,0x03D543,ascii,HM03 is Surf! Pok@-mon can carry you across water using Surf!,pending_semantic_review,
0x03CEF0,0x03D6D4,1771,"
得到金牙",0x03D582,1690,0x03D582,ascii,Gold Teeth!,pending_semantic_review,
0x03CEF2,0x03D6DE,1772,"
园长:哎呀我的金牙不知道到哪里去了...不会掉到狩猎区去了吧...",0x03D58E,1691,0x03D58E,ascii,Hif fuff hefifoo! Heff hee fwee!,pending_semantic_review,
0x03CEF4,0x03D71B,1773,"
园长:那个是我的金牙!!抱歉真是谢谢你的帮助!不要对任何人说哦,我的假牙丢了连办公室都不敢去露脸呢!为了谢谢你给你个好东西!",0x03D5B0,1692,0x03D5B0,ascii,(Ash gave the teethto the Warden). Thanks kid! No one could understand a word I said. Here take this!,pending_semantic_review,
0x03CEF6,0x03D792,1774,"
得到秘传04怪力术",0x03D61A,1693,0x03D61A,ascii,Got HM04!,pending_semantic_review,
0x03CEF8,0x03D7A4,1775,"
园长:秘传04是怪力术,能推开挡路的大石头!!",0x03D624,1694,0x03D624,ascii,Strength lets Pok@-mon move boulders!,pending_semantic_review,
0x03CEFA,0x03D7CE,1776,"
守卫:好渴啊...想喝水...什么?这个矿泉水真的要送给我??好吧为了答谢你就特别的放你过去吧...",0x03C493,1567,0x03C493,ascii,"Boy! I'm parched! Huh?I can have thisdrink? Thanks! If you want to go to Saffron, you can goon through.",pending_semantic_review,
0x03CEFC,0x03D827,1777,"
火箭队:小鬼滚一边去!!",0x03D827,1717,0x03D827,graphical_codes,<B5A2><B5A3><B5A4>:<B0B6><B7B2><B9E7><B1D1><B4D5><B0C7>!!,english_graphical_residual,La cible anglaise conserve des codes graphiques.
0x03CEFE,0x03D83E,1778,"
火箭队:在那边的小鬼别到这里徘徊!!",0x03C4FE,1568,0x03C4FE,ascii,What are you doing here kid!?,pending_semantic_review,
0x03CF00,0x03D861,1779,"
火箭队:老大想侵占这栋新力公司...",0x03C51C,1569,0x03C51C,ascii,Silph Co.will mergewith Team Rocket!,pending_semantic_review,
0x03CF02,0x03D883,1780,"
火箭队:我就是火箭队四兄弟之一!",0x03C541,1570,0x03C541,ascii,Go home kid!,pending_semantic_review,
0x03CF04,0x03D8A3,1781,"
火箭队:如果控制了新力就能把宠物精灵卖个好价钱!",0x03C54E,1571,0x03C54E,ascii,You're good.,pending_semantic_review,
0x03CF06,0x03D8D3,1782,"
火箭队:妨碍我的家伙,太可恶了!!",0x03C55B,1572,0x03C55B,ascii,Kids aren't allowedin here!,pending_semantic_review,
0x03CF08,0x03D8F3,1783,"
火箭队:我错了...",0x03C577,1573,0x03C577,ascii,Why do you fight us?,pending_semantic_review,
0x03CF0A,0x03D905,1784,"
火箭队:发现可疑的家伙!!",0x03C58E,1574,0x03C58E,ascii,That's far enough kid!,pending_semantic_review,
0x03CF0C,0x03D91E,1785,"
火箭队:你到底是什么人?",0x03C5A6,1575,0x03C5A6,ascii,I work for Silph and Team Rocket!,pending_semantic_review,
0x03CF0E,0x03D936,1786,"
火箭队:又是你在这里捣乱!?",0x03C66F,1582,0x03C66F,ascii,We have control of Silph Co.!,pending_semantic_review,
0x03CF10,0x03D951,1787,"
火箭队:请随便看...",0x03C68D,1583,0x03C68D,ascii,Boss has been afterthis place!,pending_semantic_review,
0x03CF12,0x03D965,1788,"
火箭队:没见过的家伙",0x03C5F0,1578,0x03C5F0,ascii,I was a scientist for Silph.,pending_semantic_review,
0x03CF14,0x03D97A,1789,"
火箭队:打倒我你就满足了吗?我是不会让你赢的",0x03C60E,1579,0x03C60E,ascii,"Team Rocket said ifI helped them, theywould let me study Pok@mon!",pending_semantic_review,
0x03CF16,0x03D9A6,1790,"
火箭队:能来到这里你还真有办法...",0x03C5CA,1576,0x03C5CA,ascii,"Quit messing with us,kid!",pending_semantic_review,
0x03CF18,0x03D9C8,1791,"
火箭队:我真要夸奖你能顺利到这来,但社长室可没这么容易让你过去",0x03C5E5,1577,0x03C5E5,ascii,I give up!,pending_semantic_review,
0x03CF1A,0x03DA06,1792,"
火箭队:这个新力公司被我们火箭队占据了!!",0x03C650,1580,0x03C650,ascii,Intruder spotted!,pending_semantic_review,
0x03CF1C,0x03DA2F,1793,"
火箭队:火箭队万岁!",0x03C662,1581,0x03C662,ascii,Who are you?,pending_semantic_review,
0x03CF1E,0x03DA43,1794,"
火箭队:你想干什么?",0x03C6AC,1584,0x03C6AC,ascii,My Pok@mon are my loyal soldiers!,pending_semantic_review,
0x03CF20,0x03DA57,1795,"
火箭队:可恶的家伙",0x03C6CF,1585,0x03C6CF,ascii,Darn these weak Pok@mon!,pending_semantic_review,
0x03CF22,0x03DA6A,1796,"
火箭队:新力已经是我们的了",0x03C722,1588,0x03C722,ascii,There shouldn't be any children here!,pending_semantic_review,
0x03CF24,0x03DA85,1797,"
火箭队:别打我,我也是被逼的...",0x03C748,1589,0x03C748,ascii,It's a long way to our boss!,pending_semantic_review,
0x03CF26,0x03DAA4,1798,"
大姐头:老大已经在这里我们就没有什么好害怕的!!",0x03C6EB,1586,0x03C6EB,ascii,Show Team Rocket a little respect!,pending_semantic_review,
0x03CF28,0x03DAD3,1799,"
大姐头:我是新力的社员同时也是火箭队的一员",0x03C70E,1587,0x03C70E,ascii,Disrespectful brat!,pending_semantic_review,
0x03CF2A,0x03DAFE,1800,"
火箭队:我也是火箭队四兄弟其中之一!",0x03C861,1592,0x03C861,ascii,I heard a kid was wandering around.,pending_semantic_review,
0x03CF2C,0x03DB22,1801,"
火箭队:算了,我弟弟会为我报仇的!",0x03C886,1593,0x03C886,ascii,Blast it!,pending_semantic_review,
0x03CF2E,0x03DB43,1802,"
火箭队:刚刚有消息说有小孩在这附近徘徊!",0x03C8B1,1596,0x03C8B1,ascii,Oh ho! I smell a rat!,pending_semantic_review,
0x03CF30,0x03DB6B,1803,"
火箭队:不要反抗火箭队的好...",0x03C8C9,1597,0x03C8C9,ascii,You are a skilled trainer!,pending_semantic_review,
0x03CF32,0x03DB89,1804,"
火箭队:你敢小看我?",0x03C890,1594,0x03C890,ascii,You dare betray us?,pending_semantic_review,
0x03CF34,0x03DB9D,1805,"
火箭队:小看就小看吧",0x03C8A4,1595,0x03C8A4,ascii,You traitor!,pending_semantic_review,
0x03CF36,0x03DBB2,1806,"
小茂:等你很久了小智!!我就知道在这等你会出现的!好像被火箭队为难了!反正与我无关!!让我看看你底有没有变强!",0x03C765,1590,0x03C765,ascii,"What kept you Ash? Haha! I guess Team Rocket slowed you down! I saw you in Saffron,so I wantedto see if you got better!",pending_semantic_review,
0x03CF38,0x03DC1A,1807,"
小茂:开玩笑...那小智我先走了...我还要去精灵联盟挑战最强的四天王啊!!小智你也要加油喔!再见了!!",0x03C7DF,1591,0x03C7DF,ascii,"Well,Ash!I'm movingon up,I'm going to the Pok@mon League to boot out the Elite Four! Good luck to ya Ash! Smell ya later!",pending_semantic_review,
0x03CF3A,0x03DC78,1808,"
火箭队:等等!老大在谈重要的事不能让你去打扰!",0x03C8E5,1598,0x03C8E5,ascii,Jessie: Stop right there twerp! Jessie:Render your-self invisible or prepare to fight! Meowth:That's right,pending_semantic_review,
0x03CF3C,0x03DCA5,1809,"
小智:你们是?",0x03C958,1599,0x03C958,ascii,Team Rocket: Looks like Team Rocket's blasting off again!,pending_semantic_review,
0x03CF5A,0x03DE0A,1824,"
老大:哦?小智啊?又见面了...我现在在和新力的社员谈工作的事情.大人的世界小孩千万别插嘴!不然会很难看的!",0x03C992,1600,0x03C992,ascii,Ash! We meet again!The President and Iare discussing a vital proposition. Keep your nose out of grown up matters...or experience a world of pain!,pending_semantic_review,
0x03CF5C,0x03DE6F,1825,"
老大:混蛋!没办法只好暂时放弃新力!我们火箭队是不灭的!所有的怪兽是为我们火箭队而存在的!小智你千万不要忘了!我先走了!!",0x03CA26,1601,0x03CA26,ascii,"Blast! You ruined our plans for SilphBut, Team Rocket will never fall! Ash! All Pok@mon exist for Team Rocket! I shall return!",pending_semantic_review,
0x03CF5E,0x03DEE3,1826,"
秘书:呀真是谢谢你的相救!我和社长充满感激啊!",0x03CAB3,1602,0x03CAB3,ascii,Thank you for resc-uing us! We admire your courage.,pending_semantic_review,
0x03CF60,0x03DF10,1827,"
社长:少年!谢谢你救了我,在我最需要帮助的时候救了我!这恩情我不会忘的...对了!这礼物可不能忘了!就给你这个好吗?",0x03D7CD,1714,0x03D7CB,ascii,I have to thank youin some way! Maybe this will do!,pending_semantic_review,
0x03CF62,0x03DF7C,1828,"
得到大师球",0x03D83E,1718,0x03D83E,ascii,Recieved MasterballThat will catch anyPok@mon without fail! Use it wisely,pending_semantic_review,
0x03CF64,0x03DF88,1829,"
空手道:还不想说道歉吗?",0x03D801,1715,0x03D801,ascii,I hear you're good!Show me!,pending_semantic_review,
0x03CF66,0x03DFA0,1830,"
空手道:这里是全国格斗家所聚集的道馆啊!",0x03D81D,1716,0x03D81D,ascii,I give up,pending_semantic_review,
0x03CF68,0x03DFC8,1831,"
跆拳道:听说你很强,那我就不客气了!!",0x03D8AF,1721,0x03D8AF,ascii,Nothing scares me!,pending_semantic_review,
0x03CF6A,0x03DFEC,1832,"
空手道:大当家是格斗家之神,想挑战你要有相当的觉悟啊!",0x03D8C2,1722,0x03D8C2,ascii,Only psychic power scares us!,pending_semantic_review,
0x03CF6C,0x03E021,1833,"
空手道:硬的东西一点都不可怕!",0x03D8E0,1723,0x03D8E0,ascii,Hoargh!,pending_semantic_review,
0x03CF6E,0x03E03F,1834,"
空手道:格斗家害怕的是超能力",0x03D8E8,1724,0x03D8E8,ascii,"Ow,Stubbed fingers!",pending_semantic_review,
0x03CF70,0x03E05C,1835,"
跆拳道:你想踢馆啊?",0x03D88B,1719,0x03D88B,ascii,Our Master's a pro!,pending_semantic_review,
0x03CF72,0x03E070,1836,"
空手道:格斗家害怕的是超能力",0x03D89F,1720,0x03D89F,ascii,Judge! 1 point!,pending_semantic_review,
0x03CF74,0x03E08D,1837,"
二当家:我是这个道馆的二当家,你想踢馆!那不能饶恕你!!看招",0x03D8FC,1725,0x03D8FC,ascii,Take your shoes off,pending_semantic_review,
0x03CF76,0x03E0C6,1838,"
二当家:看大当家怎么对付你!!",0x03D910,1726,0x03D910,ascii,You wait 'til you see our master!,pending_semantic_review,
0x03CF78,0x03E0E3,1839,"
大当家:我是这个道馆的大当家,你会后悔的!",0x03D933,1727,0x03D933,ascii,I am the Karate Master! Expect no mercy!,pending_semantic_review,
0x03CF7A,0x03E10C,1840,"
大当家:我输了...你千万别摘我的招牌,不如我送给你我最珍贵的怪兽吧...你是喜欢空手道还是跆拳道??",0x03D960,1728,0x03D960,ascii,"Indeed I have lost!As your trophy, I will give you a prized Fighting Pok@mon! Whichever one you like!",pending_semantic_review,
0x03CF7C,0x03E16A,1841,"
得到艾比郎",0x03D9CD,1729,0x03D9CD,ascii,Got Hitmonchan!,pending_semantic_review,
0x03CF7E,0x03E176,1842,"
裁判:未来的冠军!娜梅的精灵是使用超能力的...格斗系的攻击是没用的!",0x03D9EC,1731,0x03D9EC,ascii,Yo Champ! Sabrina'sPok@mon are Psychictypes.Fighting Pok@mon have no chance!,pending_semantic_review,
0x03CF80,0x03E1B8,1843,"
超能力:娜梅年纪轻轻就掌管这个金黄道馆实力不容小看!",0x03DA39,1732,0x03DA39,ascii,Sabrina's young butvery strong!,pending_semantic_review,
0x03CF82,0x03E1EC,1844,"
超能力:告诉你吧,曾经金黄市有两个道馆,隔壁的道馆在比赛中输了...",0x03DA59,1733,0x03DA59,ascii,I lost my concentr-ation!,pending_semantic_review,
0x03CF84,0x03E22C,1845,"
精神师:你知道吗?精灵只靠力量是不会赢的!",0x03DA73,1734,0x03DA73,ascii,Power alone isn't enough!,pending_semantic_review,
0x03CF86,0x03E255,1846,"
超能力:我怎么会输呢?",0x03DA8E,1735,0x03DA8E,ascii,Sabrina wiped out the Karate Master next door!,pending_semantic_review,
0x03CF88,0x03E26B,1847,"
精神师:使用看不到的力量就是使用不超能力!",0x03DABF,1736,0x03DABF,ascii,Does our unseen power scare you?,pending_semantic_review,
0x03CF8A,0x03E295,1848,"
超能力:有这样的事?",0x03DAE3,1737,0x03DAE3,ascii,I never foresaw this!,pending_semantic_review,
0x03CF8C,0x03E2A9,1849,"
超能力:娜梅比我还年轻啊...",0x03DAFC,1738,0x03DAFC,ascii,"Sabrina is younger,but I respect her.",pending_semantic_review,
0x03CF8E,0x03E2C5,1850,"
超能力:想赢娜梅的话必须要有强大的念力!",0x03DB22,1739,0x03DB22,ascii,The one of strongerwill wins!,pending_semantic_review,
0x03CF90,0x03E2ED,1851,"
超能力:精灵性格会像主人你知道吗?",0x03DB40,1740,0x03DB40,ascii,We're famous for our psychics!,pending_semantic_review,
0x03CF92,0x03E30F,1852,"
超能力:嗯...看来你明白啊",0x03DB61,1741,0x03DB61,ascii,I foresaw this loss,pending_semantic_review,
0x03CF94,0x03E329,1853,"
精神师:哦,你不想学超能力吗?",0x03DBB5,1744,0x03DBB5,ascii,Our Pok@mon shall fight!,pending_semantic_review,
0x03CF96,0x03E346,1854,"
超能力:不想学就算了...",0x03DBCF,1745,0x03DBCF,ascii,I lost after all!,pending_semantic_review,
0x03CF98,0x03E35E,1855,"
超能力:你想见娜梅吧",0x03DB75,1742,0x03DB75,ascii,I can read your mind!,pending_semantic_review,
0x03CF9A,0x03E373,1856,"
超能力:我不会阻止你的",0x03DB8E,1743,0x03DB8E,ascii,You want Sabrina's Gym badge!I see it!,pending_semantic_review,
0x03CF9C,0x03E38A,1857,"
娜梅:我有预感你会来,我是超能力少女,我不喜欢战斗,不过我可以让你看看我的厉害!",0x03DBE1,1746,0x03DBE1,ascii,"I had a vision of your arrival! I dislike fighting, but I will show youmy powers!",pending_semantic_review,
0x03CF9E,0x03E3D7,1858,"
娜梅:好吧金色徽章就给你吧!还有技能机器40也拿去吧.技能机器40是精神波动!强大的念力使对方受到巨大的伤害",0x03DC38,1747,0x03DC38,ascii,A loss is a loss. You have earned theMarshbadge. Please take this TM too.,pending_semantic_review,
0x03CFA0,0x03E43D,1859,"
得到金色徽章",0x03DC83,1748,0x03DC83,ascii,Got TM 40!,pending_semantic_review,
0x03CFA2,0x03E44B,1860,"
得到技能机器40",0x03DC8E,1749,0x03DC8E,ascii,That TM teaches Psybeam.,pending_semantic_review,
0x03CFA4,0x03E45B,1861,"
游泳男:和我一起玩吧!",0x03DE9F,1771,0x03DE9F,ascii,Cinnabar has a lab for Pok@mon.,pending_semantic_review,
0x03CFA6,0x03E471,1862,"
游泳男:对不起,我知道你很忙",0x03DEBF,1772,0x03DEBF,ascii,Cinnabar is a volc-anic island!,pending_semantic_review,
0x03CFA8,0x03E48D,1863,"
游泳男:大海是所有生命的源泉",0x03DDCC,1763,0x03DDCC,ascii,Check out my buff physique!,pending_semantic_review,
0x03CFAA,0x03E4AA,1864,"
游泳男:我明白了!你说的都是对的",0x03DDE9,1764,0x03DDE9,ascii,I should buff my Pok@mon up too!,pending_semantic_review,
0x03CFAC,0x03E4CA,1865,"
游泳男:没见过的面孔",0x03D667,1697,0x03D667,ascii,What's beyond the horizon?,pending_semantic_review,
0x03CFAE,0x03E4DF,1866,"
游泳男:你是我见过最强的训练师",0x03D683,1698,0x03D683,ascii,I see islands!,pending_semantic_review,
0x03CFB0,0x03E4FE,1867,"
游泳男:说什么也不能让你过去",0x03D6E0,1703,0x03D6E0,ascii,These waters are treacherous!,pending_semantic_review,
0x03CFB2,0x03E51B,1868,"
游泳男:和你开玩笑的",0x03D700,1704,0x03D700,ascii,I got a cramp!,pending_semantic_review,
0x03CFB4,0x03E530,1869,"
游泳男:哈哈哈...",0x03D6B5,1701,0x03D6B5,ascii,"I swam here,but I'mtired.",pending_semantic_review,
0x03CFB6,0x03E542,1870,"
游泳男:没什么",0x03D6CF,1702,0x03D6CF,ascii,I'm exhausted...,pending_semantic_review,
0x03CFB8,0x03E551,1871,"
游泳男:你惹火了我!",0x03D70F,1705,0x03D70F,ascii,I look at the sea to forget.,pending_semantic_review,
0x03CFBA,0x03E565,1872,"
游泳男:我的火灭了...",0x03D72D,1706,0x03D72D,ascii,Ooh!,pending_semantic_review,
0x03CFBC,0x03E57B,1873,"
游泳女:不要盯着人家看!",0x03DE2C,1767,0x03DE2C,ascii,My boyfriend gave me pearls!,pending_semantic_review,
0x03CFBE,0x03E593,1874,"
游泳女:请随便看",0x03DE4A,1768,0x03DE4A,ascii,They grew inside a Cloyster!,pending_semantic_review,
0x03CFC0,0x03E5A4,1875,"
游泳女:你想干什么?",0x03DE67,1769,0x03DE67,ascii,I'm swimming to Cinnabar Island!,pending_semantic_review,
0x03CFC2,0x03E5B8,1876,"
游泳女:想干什么都可以啦",0x03DE8B,1770,0x03DE8B,ascii,I'm so disappointed,pending_semantic_review,
0x03CFC4,0x03E5D1,1877,"
游泳女:你要去哪里?",0x03DE0C,1765,0x03DE0C,ascii,I rode my Pok@mon here!,pending_semantic_review,
0x03CFC6,0x03E5E5,1878,"
游泳女:你去哪里我管不着...",0x03DE25,1766,0x03DE25,ascii,Oh no!,pending_semantic_review,
0x03CFC8,0x03E601,1879,"
游泳男:我比你长的帅!",0x03DDA3,1761,0x03DDA3,ascii,Are you on vacationtoo?,pending_semantic_review,
0x03CFCA,0x03E617,1880,"
游泳男:原来你长的比我还帅啊!",0x03DDBB,1762,0x03DDBB,ascii,No mercy at all!,pending_semantic_review,
0x03CFCC,0x03E635,1881,"
游泳男:不要和我开玩笑",0x03D767,1709,0x03D767,ascii,I have to warm up before swimming!,pending_semantic_review,
0x03CFCE,0x03E64C,1882,"
游泳男:对不起...",0x03D78B,1710,0x03D78B,ascii,All warmed up!,pending_semantic_review,
0x03CFD0,0x03E65E,1883,"
游泳男:水系精灵也有防御力高的哦",0x03D79A,1711,0x03D79A,ascii,The water's shallowhere.,pending_semantic_review,
0x03CFD2,0x03E67F,1884,"
游泳男:不错,高防御你都有办法对付...",0x03D7B3,1712,0x03D7B3,ascii,Spash!,pending_semantic_review,
0x03CFD4,0x03E6A4,1885,"
游泳女:不要愁眉苦脸的",0x03D64A,1695,0x03D64A,ascii,I love swimming!,pending_semantic_review,
0x03CFD6,0x03E6BB,1886,"
游泳女:和我约会吧",0x03D65B,1696,0x03D65B,ascii,Belly flop!,pending_semantic_review,
0x03CFD8,0x03E6CE,1887,"
游泳女:再看我揍你!",0x03D692,1699,0x03D692,ascii,Swimming's great!,pending_semantic_review,
0x03CFDA,0x03E6E2,1888,"
游泳女:我不敢了!",0x03D6A4,1700,0x03D6A4,ascii,Sunburns aren't!,pending_semantic_review,
0x03CFDC,0x03E6F4,1889,"
游泳女",0x03D732,1707,0x03D732,ascii,"Oh,I love your ride",pending_semantic_review,
0x03CFDE,0x03E6FC,1890,"
游泳女",0x03D746,1708,0x03D746,ascii,Must be fun to rideyour Pok@mon!,pending_semantic_review,
0x03CFE0,0x03E704,1891,"
急冻鸟:......",0x03DD77,1758,0x03DD77,ascii,Articuno: Gyaoo!,pending_semantic_review,
0x03CFE2,0x03E713,1892,"
滑雪女:你到过双子岛吗?",0x03DD27,1754,0x03DD27,ascii,Seafoam's a quiet getaway.,pending_semantic_review,
0x03CFE4,0x03E72B,1893,"
滑雪女:传说里面有传说中的精灵...",0x03DD43,1755,0x03DD43,ascii,Quit it!,pending_semantic_review,
0x03CFE6,0x03E74D,1894,"
成熟姐姐:又是你?",0x03DD4C,1756,0x03DD4C,ascii,Wait! Be careful!,pending_semantic_review,
0x03CFE8,0x03E75F,1895,"
成熟姐姐:如何,不想和我约会吗",0x03DD5E,1757,0x03DD5E,ascii,Watch out for Tentacool!,pending_semantic_review,
0x03CFEA,0x03E77D,1896,"
游泳女:好可爱的样子",0x03DD88,1759,0x03DD88,ascii,Can't you swim?,pending_semantic_review,
0x03CFEC,0x03E792,1897,"
游泳女:是吗?太可惜了...",0x03DD98,1760,0x03DD98,ascii,Torpedoed!,pending_semantic_review,
0x03CFEE,0x03E7AB,1898,"
游泳男:我怎么都要让你知道...",0x03D7BA,1713,0x03D7BA,ascii,I love floating.,pending_semantic_review,
0x03CFF0,0x03E7C9,1899,"
游泳男:我想你已经知道了!",0x03DCE4,1751,0x03DCE4,ascii,Yowch!,pending_semantic_review,
0x03CFF2,0x03E7E3,1900,"
滑雪男:什么我耳朵不好!",0x03DCEB,1752,0x03DCEB,ascii,I tried diving for Pok@mon.,pending_semantic_review,
0x03CFF4,0x03E7FB,1901,"
滑雪男:现在听到了",0x03DD07,1753,0x03DD07,ascii,You have to fish for Pok@mon!,pending_semantic_review,
0x03CFF6,0x03E80E,1902,"
成熟姐姐:在这不远就是红莲镇了",0x03E80E,1829,0x03E797,graphical_codes,00000000000000000000000000000000000000000000000000000000000000000000000000000000000000000000000000000000000000000000000<B2EA><B9CE><B3B8><B3B8>:<B0B8><B0EE><B0CE><B5CD><B2AB><B0C2><B5CE><B5CF><B2D6><B0F8>,english_graphical_residual,La cible anglaise conserve des codes graphiques.
0x03CFF8,0x03E82D,1903,"
成熟姐姐:红莲镇经常会有火山爆发的情况",0x03E82D,1830,0x03E82C,graphical_codes,<0A><B2EA><B9CE><B3B8><B3B8>:<B5CE><B5CF><B2D6><B2A5><B3CA><B1F9><B0AE><B5A2><B6DC><BAD9><B2F4><B0BC><B7AB><BADA>,english_graphical_residual,La cible anglaise conserve des codes graphiques.
0x03CFFA,0x03E854,1904,"
研究员:在这每天都有对精灵的研究",0x03E854,1831,0x03E853,graphical_codes,<0A><B1CF><B1D0><B2D4>:<B0B8><B0EE><BADB><B1AD><B1C0><B0AE><B0E7><B0A1><B0A2><B0BC><B1CF><B1D0>,english_graphical_residual,La cible anglaise conserve des codes graphiques.
0x03CFFC,0x03E875,1905,"
小孩:我在观月山发现的化石好象是珍贵的化石!",0x03E875,1832,0x03E874,graphical_codes,<0A><B0B6><B1DE>:<B1C2><B0B8><B6DB><B6CF><B6DC><B2F4><B2F5><B0BC><B5AB><B1B2><B1B4><B8B4><B0C2><B5C5><B6B2><B0BC><B5AB><B1B2>!,english_graphical_residual,La cible anglaise conserve des codes graphiques.
0x03CFFE,0x03E8A1,1906,"
博士:我一直都在研究珍贵的化石你有不错的化石吗?",0x03DEDF,1773,0x03DEDF,ascii,"Hi,I study Pok@mon!You have a fossil for me?",pending_semantic_review,
0x03D000,0x03E8D1,1907,"
博士:啊?这个是古代菊石兽的化石!!如果使用我的再生机器一定可以让他复活!!把化石交给我吧",0x03DF87,1776,0x03DF87,ascii,Oh! That's a Helix Fossil! It is a fossil of Omanyte!,pending_semantic_review,
0x03D002,0x03E927,1908,"
再生机器再生出菊石兽",0x03DFC0,1777,0x03DFC0,ascii,My Resurrection machine will give Omanyte new life!,pending_semantic_review,
0x03D004,0x03E93D,1909,"
得到菊石兽",0x03DFF8,1778,0x03DFF8,ascii,Got Omanyte!,pending_semantic_review,
0x03D006,0x03E949,1910,"
博士:啊?这个是古代化石盔的化石!!如果使用我的再生机器一定可以让他复活!!把化石交给我吧",0x03E005,1779,0x03E005,ascii,Oh! That's a Dome Fossil! It is a fossil of Kabuto!,pending_semantic_review,
0x03D008,0x03E99F,1911,"
再生机器再生出化石盔",0x03E03E,1780,0x03E03E,ascii,My Resurrection machine will give Kabuto new life!,pending_semantic_review,
0x03D00A,0x03E9B5,1912,"
得到化石盔",0x03E076,1781,0x03E076,ascii,Got Kabuto!,pending_semantic_review,
0x03D00C,0x03E9C1,1913,"
小偷:这种地方没想到还有人",0x03E082,1782,0x03E082,ascii,Who're you!?,pending_semantic_review,
0x03D00E,0x03E9DC,1914,"
小偷:我知道错了...",0x03E08F,1783,0x03E08F,ascii,I don't know about a key!,pending_semantic_review,
0x03D010,0x03E9F0,1915,"
研究员:你来干什么",0x03E0F5,1786,0x03E0F5,ascii,We used Mew's DNA to create a clone!,pending_semantic_review,
0x03D012,0x03EA03,1916,"
研究员:请随便参观",0x03E11B,1787,0x03E11B,ascii,"We named the new Pok@mon, Mewtwo.",pending_semantic_review,
0x03D014,0x03EA16,1917,"
研究员:这个研究所被火山给毁了",0x03E0A9,1784,0x03E0A9,ascii,My Mentor used to live here.,pending_semantic_review,
0x03D016,0x03EA35,1918,"
研究员:这里面应该有珍稀的精灵...",0x03E0C7,1785,0x03E0C7,ascii,He discovered a NewPok@mon and named it Mew.,pending_semantic_review,
0x03D018,0x03EA57,1919,"
小偷:糟了!被发现了",0x03E186,1789,0x03E186,ascii,This place is huge!,pending_semantic_review,
0x03D01A,0x03EA6B,1920,"
小偷:放过我吧",0x03E19A,1790,0x03E19A,ascii,I wonder where my partner went.,pending_semantic_review,
0x03D01C,0x03EA7A,1921,"
研究员:这里不是你这种小孩能来的",0x03E777,1828,0x03E777,graphical_codes,<B1CF><B1D0><B2D4>:<B0EE><B0BF><B0CE><B0C2><B0C5><B0EE><B6AD><B0B6><B1DE><B0EC><B0FC><B0BC>,english_graphical_residual,La cible anglaise conserve des codes graphiques.
0x03D01E,0x03EA9B,1922,"
研究员:真不小心...",0x03E13F,1788,0x03E13F,ascii,Mewtwo is far too powerful.We failed to curb its vicioustendencies...,pending_semantic_review,
0x03D020,0x03EAAF,1923,"
裁判:未来的冠军!热情的阿桂是炎系的行家",0x03E1BB,1791,0x03E1BB,ascii,Yo Champ! Blaine isa fire Pok@mon pro!Douse his spirits with water!,pending_semantic_review,
0x03D022,0x03EAD7,1924,"
小偷:以前我是小偷,如今金盆洗手了",0x03E347,1802,0x03E347,ascii,This is my favoritegym of all!,pending_semantic_review,
0x03D024,0x03EAF9,1925,"
小偷:哈哈你可以过去了",0x03E366,1803,0x03E366,ascii,Yowza! Too hot!,pending_semantic_review,
0x03D026,0x03EB10,1926,"
研究员:能过我这关吗?",0x03E28C,1796,0x03E28C,ascii,I just like using fire Pok@mon!,pending_semantic_review,
0x03D028,0x03EB26,1927,"
研究员:哈哈你可以过去了",0x03E2AD,1797,0x03E2AD,ascii,Too hot to handle!,pending_semantic_review,
0x03D02A,0x03EB3F,1928,"
研究员:火系是最强的!!",0x03E259,1794,0x03E259,ascii,"I'll win, I have studied hard!",pending_semantic_review,
0x03D02C,0x03EB56,1929,"
研究员:还需要多做点研究...",0x03E27A,1795,0x03E27A,ascii,Waah! My Studies!,pending_semantic_review,
0x03D02E,0x03EB72,1930,"
研究员:反正就是喜欢炎系的精灵!",0x03E200,1792,0x03E200,ascii,I'll tell you how to get to Blaine ifyou beat me!,pending_semantic_review,
0x03D030,0x03EB92,1931,"
研究员:烧起来了...",0x03E233,1793,0x03E233,ascii,These computers operate the doors.,pending_semantic_review,
0x03D032,0x03EBA6,1932,"
研究员:你知道精灵喜欢什么吗?",0x03E2C0,1798,0x03E2C0,ascii,Fire's weak againstwater!,pending_semantic_review,
0x03D034,0x03EBC4,1933,"
研究员:怎么会...",0x03E2DA,1799,0x03E2DA,ascii,Fire melts ice!,pending_semantic_review,
0x03D036,0x03EBD6,1934,"
小偷:去过许多道馆这个道馆最适合偷了",0x03E2EA,1800,0x03E2EA,ascii,I know why Blaine'sa trainer!,pending_semantic_review,
0x03D038,0x03EBFB,1935,"
小偷:好热",0x03E308,1801,0x03E308,ascii,A fiery bird helpedBlaine off a mount-ain when he was lost!,pending_semantic_review,
0x03D03A,0x03EC06,1936,"
研究员:火系还是有弱点啊...",0x03EC06,1836,0x03EB91,graphical_codes,000000000000000000000000000000000000000000000000000000000000000000000000000000000000000000000000000000000000000000000<B1CF><B1D0><B2D4>:<B5A2><B0AF><B2BD><B0C2><B0AE><B7E6><B7D9><B2AC>...,english_graphical_residual,La cible anglaise conserve des codes graphiques.
0x03D03C,0x03EC22,1937,"
研究员:火对水确实没办法但比冰系要强",0x03EC22,1837,0x03EC21,graphical_codes,<0A><B1CF><B1D0><B2D4>:<B5A2><B0E7><B5F7><B9DB><B5DE><B2B6><B2B7><B2B8><B3A8><B2B2><BAE8><B0AF><B0C3><B2C9>,english_graphical_residual,La cible anglaise conserve des codes graphiques.
0x03D03E,0x03EC47,1938,"
阿桂:我是热情的男子汉!!这个火焰之岛红莲岛道馆的馆主就是我!!看看我的火焰精灵的厉害!",0x03E376,1804,0x03E376,ascii,I am Cinnabar Gym Leader Blaine! My Pok@mon will incin-erate all those whochallenge me!,pending_semantic_review,
0x03D040,0x03EC9B,1939,"
阿桂:哈哈你更适合拥有红色徽章!我输的心服口服...红色徽章能提高你所有精灵的攻击力",0x03E3D0,1805,0x03E3D0,ascii,I've burnt out! Youearned the Volcano Badge! Congratulations!,pending_semantic_review,
0x03D042,0x03ECEC,1940,"
游泳男:我看见你的样子就不爽",0x03E483,1810,0x03E483,ascii,I caught all my Pok@mon at sea!,pending_semantic_review,
0x03D044,0x03ED09,1941,"
游泳男:别以为你打败我就会改口!!",0x03E4A6,1811,0x03E4A6,ascii,Where'd you catch your Pok@Mon?,pending_semantic_review,
0x03D046,0x03ED2A,1942,"
游泳男:不自量力的家伙,看我打的你满地找牙!!",0x03E4C7,1812,0x03E4C7,ascii,Ahh! Feel the sun and the wind!,pending_semantic_review,
0x03D048,0x03ED56,1943,"
游泳男:我错了...",0x03E4E8,1813,0x03E4E8,ascii,I'm sunburnt to a crisp!,pending_semantic_review,
0x03D04A,0x03ED68,1944,"
游泳男:再过去就是真新镇了...",0x03E441,1808,0x03E441,ascii,The sea cleanses the body and soul!,pending_semantic_review,
0x03D04C,0x03ED86,1945,"
游泳男:你的家就在真新镇啊",0x03E467,1809,0x03E467,ascii,I like mountains as well.,pending_semantic_review,
0x03D04E,0x03EDA1,1946,"
游泳女:你好,比试一?",0x03E502,1814,0x03E502,ascii,Swimming's great exercise!,pending_semantic_review,
0x03D050,0x03EDB6,1947,"
游泳女:真不甘心",0x03E51F,1815,0x03E51F,ascii,It sure wears me out though.,pending_semantic_review,
0x03D052,0x03EDC7,1948,"
游泳男:我的鲤鱼王队伍天下无双!",0x03E41A,1806,0x03E41A,ascii,I'm in a triathlon meet!,pending_semantic_review,
0x03D054,0x03EDE7,1949,"
游泳男:真糟糕...大败了",0x03E433,1807,0x03E433,ascii,Man I'm beat!,pending_semantic_review,
0x03D056,0x03EDFF,1950,"
裁判:未来的冠军!这个常青道馆的首领是谁我也不知道...",0x03EDFF,1839,0x03ECFD,graphical_codes,000000000000000000000000000000000000000000000000000000000000000000000000000000000000000000000000000000000000000000000000000000000000000000000000000000000000000000000000000000000000000000000000000000000000000000000000000000000000000000000000000000000000000000<B3FC><B3FD>:<B3E5><B0FC><B0BC><B4A1><B4A2>!<B0EE><B0BA><B3CA><B3CB><B1A4><B3CC><B0BC><B9EF><B4B3><B0C2><B5F1><B1C2><B0F6><B0CE><B2D7><B1A4>...,english_graphical_residual,La cible anglaise conserve des codes graphiques.
0x03D058,0x03EE34,1951,"
空手道:我不会让你再前进的!",0x03E53E,1816,0x03E53E,ascii,Rrrroar!I'm workingmyself into a rage!,pending_semantic_review,
0x03D05A,0x03EE50,1952,"
空手道:目标是精灵联盟啊!有志气的小孩!训兽师:不要怕",0x03E565,1817,0x03E565,ascii,Grr! I'm still not worthy!,pending_semantic_review,
0x03D05C,0x03EE84,1953,"
训兽师:请...空手道:来吧!!",0x03E5E2,1820,0x03E5E2,ascii,Pok@mon and I make wonderful music together!,pending_semantic_review,
0x03D05E,0x03EE9F,1954,"
空手道:如果我能像老大那么强就好了!训兽师:差不多该走了!",0x03E612,1821,0x03E612,ascii,Do you know the identity of our GymLeader?,pending_semantic_review,
0x03D060,0x03EED7,1955,"
训兽师:没有体力是不能赢老大的!空手道:我的愤怒已到最高点!",0x03E580,1818,0x03E580,ascii,Karate is the ultimate form of martial arts!,pending_semantic_review,
0x03D062,0x03EF11,1956,"
空手道:练习还不够啊...训兽师:我与精灵之间的沟通是最在行的!",0x03E5B4,1819,0x03E5B4,ascii,If my Pok@mon were as good at karate as I...,pending_semantic_review,
0x03D064,0x03EF4D,1957,"
训兽师:该死!你知道我是谁吗?空手道:真正强的训练家连赢的方法都很漂亮!",0x03E6E9,1826,0x03E6E9,ascii,"Viridian Gym was closed for a long time, but now our Leader is back!",pending_semantic_review,
0x03D066,0x03EF92,1958,"
空手道:我输了,老大会生气的...训兽师:我是天才!",0x03E732,1827,0x03E732,ascii,You can go onto thePok@mon League onlyby defeating our Gym Leader!,pending_semantic_review,
0x03D068,0x03EFC1,1959,"
训兽师:如果你能胜我们老大的话就能朝精灵联盟前进!老大:哈哈,又见面了...",0x03E640,1822,0x03E640,ascii,Heh! You must be running out of steam by now!,pending_semantic_review,
0x03D06A,0x03F008,1960,"
小智:火箭队的老大??难道你是这个道馆的主人?",0x03E674,1823,0x03E674,ascii,You need power to keep up with our Gym Leader!,pending_semantic_review,
0x03D06C,0x03F034,1961,"
老大:哈哈,这里是我藏身的地方!既然被你发现那就没办法了.我可不会手下留情的!再让你尝尝最强的训练师我沙奇的厉害!!",0x03E8A0,1833,0x03E8A0,ascii,"This is my hideout!I planned to resur-rect Team Rocket here! But, you havecaught me again! Sobe it! I'm not holding back! You shall face Giovannithe greatest trainer!",pending_semantic_review,
0x03D06E,0x03F0A3,1962,"
老大:虽然不想承认但我还是输了,按照约定这个黑色徽章就交给你了,你一定能成为一位厉害的训练家.我想从今起重新开始我的精灵修行之旅!想暂时解散火箭队!有缘的话我们再见吧!",0x03E954,1834,0x03E954,ascii,"Ha! That was truly an intense fight! You've earned the Earth Badge! It is proof of your mastery as a Pok@mon trainer! With it, you can enter the Pok@mon League! Having lostI cannot face my underlings! Team Rocket is finished forever! I will dedicate my life tothe study of Pok@mon! Let us meet again someday!Farewell!",pending_semantic_review,
0x03D070,0x03F146,1963,"
火箭队:等等!你居然害我们失业了我们不会饶恕你的!!",0x03E6A6,1824,0x03E6A6,ascii,Your Pok@mon will cower at my power!,pending_semantic_review,
0x03D072,0x03F178,1964,"
小智:你们是?",0x03E6CC,1825,0x03E6CC,ascii,Wait! I was just careless.,pending_semantic_review,
0x03D074,0x03F186,1965,"
武藏:既然你诚心诚意的问了",0x03F186,1840,0x03F033,ascii,Take care of 'em,pending_semantic_review,
0x03D076,0x03F1A1,1966,"
小次郎:那我就大发慈悲的告诉你们!",0x03EAB4,1835,0x03EAB4,ascii,"Jessie:Hold it runtWe can't allow TeamRocket to lose likethis! James: You've been quite a thorn in our side, but Team Rocket will never be defeated! Meowth: Meowth! We'll show you who's boss!",pending_semantic_review,
0x03D078,0x03F1C3,1967,"
武藏:为了防止世界被破坏",0x03EC46,1838,0x03EC46,ascii,James: I can't believe it! Team Rocket defeated by this brat! Jessie: You may have won this time!But we'll be back! Meowth: Meowth! Youhaven't heard the last of us!,pending_semantic_review,
