stable_key,record_type,offset_hex,layout,max_len,chinese_text,source_en,fr_text,source_alignment
MAIN:0x0301C4,MAIN,0x0301C4,,17,"
南晶公司版权所有",<0A><B0A7><B0A8><B0A9><B0AA><B0AB><B0AC><B0AD><B0AE>,(c) Nanjing - tous droits réservés.,unique
MAIN:0x0301D7,MAIN,0x0301D7,,19,"
出来了!",0000000000Appeared!,0000000000 sauvage apparaît !,unique
MAIN:0x0301EB,MAIN,0x0301EB,,4,"
冲啊!",Go! ,En avant ! ,unique
MAIN:0x0301F0,MAIN,0x0301F0,,8,"
野生的",00<B1F8><B1C9><B0BC>,sauvage ,unique
MAIN:0x0301F9,MAIN,0x0301F9,,9,"
不行了!", Fainted!, est K.O. !,unique
MAIN:0x030203,MAIN,0x030203,,12,, Experience!, EXP gagn. !,non_aligne
MAIN:0x030210,MAIN,0x030210,,16,"
情况不妙快逃!",Got away safely!,Vous prenez la fuite !,unique
MAIN:0x030221,MAIN,0x030221,,8,"
小智使用了",Threw a ,Sacha lance une ,unique
MAIN:0x03022A,MAIN,0x03022A,,5,"
将",Yes! ,Oui ! ,unique
MAIN:0x030230,MAIN,0x030230,,16,"
不行啊!",000000000Oh No! ,000000000Oh non ! ,unique
MAIN:0x030242,MAIN,0x030242,,11,"
从精灵球中跑出来了",Broke free!, s'est libéré !,unique
MAIN:0x03024E,MAIN,0x03024E,,19,"
抓到了",00000000was caught!,00000000 est capturé !,unique
MAIN:0x030262,MAIN,0x030262,,10,"
使用了",0sent out ,0envoie ,unique
MAIN:0x03026D,MAIN,0x03026D,,22,"
不行!胜负的关键不能逃!",Can't run from trainer,Fuite impossible !,unique
MAIN:0x030290,MAIN,0x030290,,24,"
不行!这是偷盗行为!",Trainer blocked the ball,"Voler, c'est mal !",unique
MAIN:0x0302A9,MAIN,0x0302A9,,20,"
请准备应战",0000000000Your turn!,0000000000À toi !,unique
MAIN:0x0302BF,MAIN,0x0302BF,,5,"
使用", used, utilise ,unique
MAIN:0x0302C5,MAIN,0x0302C5,,9,"
效果一般!",Good Hit!,Coup normal !,unique
MAIN:0x0302CF,MAIN,0x0302CF,,20,"
效果不好!",0Not very effective!,0Peu efficace...,unique
MAIN:0x0302E4,MAIN,0x0302E4,,9,"
没有效果!",00Missed!,00Raté !,unique
MAIN:0x0302EE,MAIN,0x0302EE,,11,"
中毒了",is poisoned, est empoisonné !,unique
MAIN:0x0302FA,MAIN,0x0302FA,,9,"
中剧毒了
---

害怕了", Flinched, est intoxiqué !,multiple
MAIN:0x030304,MAIN,0x030304,,9,"
被烧伤了",is burned, est brûlé !,unique
MAIN:0x03030E,MAIN,0x03030E,,11,"
混乱了",is confused, est confus !,unique
MAIN:0x03031A,MAIN,0x03031A,,9,"
冰冻了",is frozen, est gelé !,unique
MAIN:0x030324,MAIN,0x030324,,28,"
中毒了有损伤",000000is hurt due to poison!,000000 souffre du poison !,unique
MAIN:0x030341,MAIN,0x030341,,9,"
睡着了",is asleep, dort !,unique
MAIN:0x03034B,MAIN,0x03034B,,24,"
烧伤了有损伤",0is hurt from it's burn!,0 brûle !,unique
MAIN:0x030364,MAIN,0x030364,,14,"
混乱了攻击自己",000is confused,000 se blesse !,unique
MAIN:0x030373,MAIN,0x030373,,13,"
冰冻了不能动",0000is frozen,0000 est gelé !,unique
MAIN:0x030381,MAIN,0x030381,,16,"
中剧毒了损伤",0000<B0DC><B7AE><B8D8><B0F8><BBA2><B9C7>, souffre du poison !,unique
MAIN:0x030392,MAIN,0x030392,,13,"
害怕不能行动",<0A><B3EE><B8AC><B0CE><B0EC><B3A9><B0B2>, a trop peur !,unique
MAIN:0x0303A1,MAIN,0x0303A1,,5,"
上升了", Rose, monte !,unique
MAIN:0x0303A9,MAIN,0x0303A9,,18,"
不能再上升了",  can't go higher!, au maximum !,unique
MAIN:0x0303BC,MAIN,0x0303BC,,11,"
下降了",000000 Fell,000000 baisse !,unique
MAIN:0x0303C8,MAIN,0x0303C8,,13,"
迅速下降了",000<BBA4><B9D4><B0F9><BBA5><B0F8>, baisse fort !,unique
MAIN:0x0303D6,MAIN,0x0303D6,,15,"
不能再下降了", can't go lower, au minimum !,unique
MAIN:0x0303E6,MAIN,0x0303E6,,4,"
谢谢",<B0D8><B0D8>,Merci,unique
MAIN:0x0303EB,MAIN,0x0303EB,,4,"
谢谢",<B0D8><B0D8>,Merci,unique
MAIN:0x0303F0,MAIN,0x0303F0,,5,"
谢谢",<0A><B0D8><B0D8>,Merci,unique
MAIN:0x0303F6,MAIN,0x0303F6,,5,"
谢谢",<0A><B0D8><B0D8>,Merci,unique
MAIN:0x0303FC,MAIN,0x0303FC,,5,"
谢谢",<0A><B0D8><B0D8>,Merci,unique
MAIN:0x030403,MAIN,0x030403,,5,"
什么!?",What?,Hein ?,unique
MAIN:0x030409,MAIN,0x030409,,13,"
的样子...!", is Evolving!, évolue !,unique
MAIN:0x030417,MAIN,0x030417,,5,"
恭喜!",Wow! ,Bravo ! ,unique
MAIN:0x03041D,MAIN,0x03041D,,10,"
啊!野生的",Oh!A Wild ,Un ,unique
MAIN:0x030428,MAIN,0x030428,,8,, learned, apprend,non_aligne
MAIN:0x03043F,MAIN,0x03043F,,24,"
四个技能已经满了!",000000more than 4 moves!,000000déjà 4 attaques !,unique
MAIN:0x030458,MAIN,0x030458,,6,"
要学会",<B0C3><B4C3><B1F9>, veut apprendre ,unique
MAIN:0x03045F,MAIN,0x03045F,,7,"
将",Forgot ,L'attaque ,unique
MAIN:0x030467,MAIN,0x030467,,16,"
是否",000000000000<B0C2><B1A1>,Oui / Non,unique
MAIN:0x030479,MAIN,0x030479,,11,"
忘记哪个技能?",Which move?,Quelle attaque ?,unique
MAIN:0x030485,MAIN,0x030485,,6,"
用法完全忘记了!",And...,est oubliée !,unique
MAIN:0x03048C,MAIN,0x03048C,,13,"
迅速上升了", Greatly Rose, monte fort !,unique
MAIN:0x03049A,MAIN,0x03049A,,11,"
而且学会了",000Learned ,000Attaque apprise :,unique
MAIN:0x0304A9,MAIN,0x0304A9,,1,"
吗?",?, ?,unique
MAIN:0x0304AB,MAIN,0x0304AB,,22,"
没有学习",00000000 Did not learn,00000000 n'apprend pas,unique
MAIN:0x0304C2,MAIN,0x0304C2,,12,"
聚集了太阳光",<BAB7><B6B8><B0F8><B6C6><BBA7><B0E4>, rayonne !,unique
MAIN:0x0304CF,MAIN,0x0304CF,,11,"
太阳光射出",<0A><B6C6><BBA7><B0E4><BBA8><B0A4>, se décharge !,unique
MAIN:0x0304DB,MAIN,0x0304DB,,11,"
钻到了地下",<0A><BBA9><B0DB><B0F8><B3BB><B0F9>, creuse un trou !,unique
MAIN:0x0304E7,MAIN,0x0304E7,,9,"
迅速攻击",<0A><BBA4><B9D4><B4AB><B4AC>, frappe vite !,unique
MAIN:0x0304F1,MAIN,0x0304F1,,9,"
蓄集力量",<0A><BBAA><B6B8><B0E3><B3EC>, se concentre !,unique
MAIN:0x0304FB,MAIN,0x0304FB,,9,"
全力一击",<0A><B6C0><B0E3><B1D1><B4AC>, frappe à fond !,unique
MAIN:0x030505,MAIN,0x030505,,9,"
蓄集力量",<0A><BBAA><B6B8><B0E3><B3EC>, se concentre !,unique
MAIN:0x03050F,MAIN,0x03050F,,9,"
全力一击",<0A><B6C0><B0E3><B1D1><B4AC>, frappe à fond !,unique
MAIN:0x030519,MAIN,0x030519,,9,"
蓄集打消",<0A><BBAA><B6B8><B0CF><B4F1>,cesse de se concentrer !,unique
MAIN:0x030523,MAIN,0x030523,,9,"
飞上高空",<0A><B1AC><B1E5><B8AF><B1A2>, s'envole !,unique
MAIN:0x03052D,MAIN,0x03052D,,9,"
舍命一击",<0A><BBAB><B4B9><B1D1><B4AC>, se sacrifie !,unique
MAIN:0x030537,MAIN,0x030537,,9,"
蓄集神力",<0A><BBAA><B6B8><B6DD><B0E3>, se concentre !,unique
MAIN:0x030541,MAIN,0x030541,,9,"
神力射出",<0A><B6DD><B0E3><BBA8><B0A4>, libère sa force !,unique
MAIN:0x03054B,MAIN,0x03054B,,9,"
预知未来",<0A><B6EC><B2D7><B3E5><B0FC>, prévoit un coup !,unique
MAIN:0x030555,MAIN,0x030555,,17,"
受到预知未来攻击",<0A><B4A9><B0DB><B6EC><B2D7><B3E5><B0FC><B4AB><B4AC>, subit Prescience !,unique
MAIN:0x030567,MAIN,0x030567,,7,"
吃掉了",<0A><B9B3><B8AB><B0F8>, dévore le rêve de ,unique
MAIN:0x03056F,MAIN,0x03056F,,5,"
的梦",<0A><B0BC><B1D6>, !,unique
MAIN:0x030575,MAIN,0x030575,,7,"
发怒了",<0A><B2F4><BAF0><B0F8>, enrage !,unique
MAIN:0x03057D,MAIN,0x03057D,,9,"
受到诅咒",<0A><B4A9><B0DB><B9BA><B9BB>, maudit !,unique
MAIN:0x030588,MAIN,0x030588,,5,"
战斗",Fight,ATQ.,unique
MAIN:0x03058E,MAIN,0x03058E,,5,"
背包", Item,Objet,unique
MAIN:0x030594,MAIN,0x030594,,4,"
精灵",PKMN,PKMN,unique
MAIN:0x030599,MAIN,0x030599,,3,"
逃跑", Ru,Fuite,unique
MAIN:0x0305E8,MAIN,0x0305E8,,6,,Send  ,Combat,non_aligne
MAIN:0x0305F5,MAIN,0x0305F5,,9,"
普  通",   00Item,   00Objet,unique
MAIN:0x030602,MAIN,0x030602,,5,"
精灵球",Balls,Balle,unique
MAIN:0x030608,MAIN,0x030608,,8,"
秘传技",00TM/HMs,00CT/CS ,unique
MAIN:0x030611,MAIN,0x030611,,6,"
贵  重",KeyItm,ObjClé,unique
MAIN:0x030618,MAIN,0x030618,,7,"
威力:",00PWR :,00PUI :,unique
MAIN:0x030621,MAIN,0x030621,,5,"
命中:",Acc.:,Préc.,unique
MAIN:0x03062E,MAIN,0x03062E,,5,"
野生",Wild ,Sauv. ,unique
MAIN:0x030634,MAIN,0x030634,,6,"
对手",Enemy , ,unique
MAIN:0x03063B,MAIN,0x03063B,,9,"
命中要害!",Critical!,Critique !,unique
MAIN:0x030646,MAIN,0x030646,,18,"
使用下一个怪兽吗?",Send another PKMN?,Changer de Pokémon ?,unique
MAIN:0x030659,MAIN,0x030659,,6,"
是  否",Yes No,Oui Non,unique
MAIN:0x030660,MAIN,0x030660,,28,"
小智要改变怪兽吗?",0000000000000Switch Pok@mon?,0000000000000Changer de Pokémon ?,unique
MAIN:0x03067D,MAIN,0x03067D,,16,"
等级提升到了",000Grew to level,000Monte au niv. ,unique
MAIN:0x03068E,MAIN,0x03068E,,15,"
已经",0000000already ,0000000Statut inchangé !,unique
MAIN:0x03069F,MAIN,0x03069F,,6,"
攻击力",Attack,: Attaque,unique
MAIN:0x0306A6,MAIN,0x0306A6,,7,"
防御力",Defense,: Défense,unique
MAIN:0x0306AF,MAIN,0x0306AF,,5,"
特攻",S.Atk,: Atq.Spé,unique
MAIN:0x0306B5,MAIN,0x0306B5,,4,"
特防",S.DE,: Déf.Spé,unique
MAIN:0x0306BA,MAIN,0x0306BA,,5,"
速度",Speed,: Vitesse,unique
MAIN:0x0306C0,MAIN,0x0306C0,,8,"
命中率",Accuracy,: Préc.,unique
MAIN:0x0306C9,MAIN,0x0306C9,,13,"
血值有所恢复",Recovered HP!,PV restaurés !,unique
MAIN:0x0306D7,MAIN,0x0306D7,,9,"
不能行动!",<B0CE><B0EC><B3A9><B0B2>!, immobile !,unique
MAIN:0x0306E1,MAIN,0x0306E1,,10,"
一击必杀!",<0A><B1D1><B4AC><BAC5><B8BC>!,K.O. en un coup !,unique
MAIN:0x0306EC,MAIN,0x0306EC,,8,"
逃跑了!",<0A><B3EF><B8B9><B0F8>!, s'est enfui !,unique
MAIN:0x0306F5,MAIN,0x0306F5,,8,"
不能逃!",<0A><B0CE><B0EC><B3EF>!, ne peut pas fuir !,unique
MAIN:0x0306FE,MAIN,0x0306FE,,11,"
中毒解除了",<0A><B0DC><B8D8><B9B5><BBB2><B0F8>, est guéri !,unique
MAIN:0x03070B,MAIN,0x03070B,,8,"
醒过来了",Woke up!, se réveille !,unique
MAIN:0x030714,MAIN,0x030714,,11,"
麻痹解除了",<0A><B2ED><B5FA><B9B5><BBB2><B0F8>, n'est plus paralysé !,unique
MAIN:0x030720,MAIN,0x030720,,11,"
烧伤解除了",<0A><BAE7><B9C7><B9B5><BBB2><B0F8>, n'est plus brûlé !,unique
MAIN:0x03072D,MAIN,0x03072D,,10,"
混乱解除了",Recovered!,Confusion dissipée !,unique
MAIN:0x030738,MAIN,0x030738,,11,"
冰冻解除了",<0A><BAE8><BAD4><B9B5><BBB2><B0F8>, n'est plus gelé !,unique
MAIN:0x030744,MAIN,0x030744,,11,"
剧毒解除了",<0A><B7AE><B8D8><B9B5><BBB2><B0F8>, est guéri !,unique
MAIN:0x030750,MAIN,0x030750,,11,"
害怕解除了",<0A><B3EE><B8AC><B9B5><BBB2><B0F8>, n'a plus peur !,unique
MAIN:0x03075C,MAIN,0x03075C,,8,"
得到了",You got ,Reçu : ,unique
MAIN:0x030765,MAIN,0x030765,,5,"
支付了",Lost ,Sacha perd ,unique
MAIN:0x03076B,MAIN,0x03076B,,9,"
和",00Trainer,00Dresseur ,unique
MAIN:0x030775,MAIN,0x030775,,4,"
比试失败了",Won!,gagne !,unique
MAIN:0x03077A,MAIN,0x03077A,,7,"
需要",000<B3C7><B0C3>,Requis : ,unique
MAIN:0x030782,MAIN,0x030782,,9,"
蓝色徽章",<0A><B4D0><B4BC><B3D1><B3D2>,Badge Cascade,unique
MAIN:0x03078C,MAIN,0x03078C,,9,"
橙色徽章",<0A><B7EB><B4BC><B3D1><B3D2>,Badge Foudre,unique
MAIN:0x030796,MAIN,0x030796,,9,"
粉红徽章",<0A><BBB3><B5CE><B3D1><B3D2>,Badge Âme,unique
MAIN:0x0307A0,MAIN,0x0307A0,,9,"
彩虹徽章",<0A><B6CA><B8FD><B3D1><B3D2>,Badge Prisme,unique
MAIN:0x0307AA,MAIN,0x0307AA,,9,"
灰色徽章",<0A><B4BB><B4BC><B3D1><B3D2>,Badge Roche,unique
MAIN:0x0307B9,MAIN,0x0307B9,,10,"
不能中毒!",<0A><B0CE><B0EC><B0DC><B8D8>!,"
Résiste au poison !",unique
MAIN:0x0307C4,MAIN,0x0307C4,,10,"
不能烧伤!",<0A><B0CE><B0EC><BAE7><B9C7>!,"
Résiste aux brûlures !",unique
MAIN:0x0307CF,MAIN,0x0307CF,,10,"
不能冰冻!",<0A><B0CE><B0EC><BAE8><BAD4>!,"
Résiste au gel !",unique
MAIN:0x0307DA,MAIN,0x0307DA,,6,"
存放",Send  ,Envoi ,unique
MAIN:0x0307E1,MAIN,0x0307E1,,5,"
箱子一",Box 1,Bte 1,unique
MAIN:0x0307E9,MAIN,0x0307E9,,5,"
箱子二",Box 2,Bte 2,unique
MAIN:0x0307F1,MAIN,0x0307F1,,5,"
箱子三",Box 3,Bte 3,unique
MAIN:0x0307F9,MAIN,0x0307F9,,5,"
箱子四",Box 4,Bte 4,unique
MAIN:0x030801,MAIN,0x030801,,5,"
箱子五",Box 5,Bte 5,unique
MAIN:0x030809,MAIN,0x030809,,5,"
箱子六",Box 6,Bte 6,unique
MAIN:0x030811,MAIN,0x030811,,5,"
箱子七",Box 7,Bte 7,unique
MAIN:0x030819,MAIN,0x030819,,5,"
箱子八",Box 8,Bte 8,unique
MAIN:0x03081F,MAIN,0x03081F,,12,"
携带已满!",00Party Full,00Équipe plei,unique
MAIN:0x03082C,MAIN,0x03082C,dialogue_intro_17_19,106,"
你好!欢迎你光临宠物精灵的世界!大家都叫我大木博士,在这世界住着被称为宠物精灵的生物!",Hello there!     Welcome to the     world of Pok@mon!  My name is OAK!    People call me the Pok@mon PROF!,"PROF. CHEN :
Bien le bonjour !
Bienvenue !
Voici le monde
des Pokémon !
Moi, c'est Chen,
le Prof Pokémon !
Ici vivent
des créatures
appelées Pokémon !",unique
MAIN:0x030898,MAIN,0x030898,pokedex_13x4,46,"
在阳光的照耀下种子慢慢生长",It uses the  bulb on it's back to storeenergy.,Il stocke de l'énergie dans le bulbe de son dos.,unique
MAIN:0x0308C7,MAIN,0x0308C7,,11,"
攻击", Unleashed!, Déchaîne !,unique
MAIN:0x0308D3,MAIN,0x0308D3,,12,"
欢迎光临",0Item   Shop,0Magasin    ,unique
MAIN:0x0308E1,MAIN,0x0308E1,,3,"
买",Buy,Achat,unique
MAIN:0x0308E5,MAIN,0x0308E5,,3,"
卖",Sel,Vente,unique
MAIN:0x0308E9,MAIN,0x0308E9,,12,"
买几个?
---

卖几个?",How    Many?,Combien ?   ,multiple
MAIN:0x0308F6,MAIN,0x0308F6,,11,"
交易成功",Thank  you!,Merci !    ,unique
MAIN:0x030902,MAIN,0x030902,,22,"
无法交易",0000000000Can't  Hold!,0000000000Sac plein ! ,unique
MAIN:0x030919,MAIN,0x030919,,19,"
未得到图鉴!",00000000Don't have!,00000000Indisponible,unique
MAIN:0x03092D,MAIN,0x03092D,,11,"
没有精灵",No Pokemon!,Pas de PKMN,unique
MAIN:0x030939,MAIN,0x030939,,16,"
也有所损伤",Hit with recoil!,Dégâts de recul !,unique
MAIN:0x03094A,MAIN,0x03094A,,9,"
受到诅咒",0<B4A9><B0DB><B9BA><B9BB>, maudit !,unique
MAIN:0x030955,MAIN,0x030955,,29,"
血值恢复了",00000000000000000Regained HP!,00000000000000000PV restaurés !,unique
MAIN:0x030AB5,MAIN,0x030AB5,,19,"
经验值得到了!", Experience Gained!, EXP gagnés !,unique
MAIN:0x030AC9,MAIN,0x030AC9,,17,"
钱不够",Can't  Afford it!,Pas assez d'argent !,unique
MAIN:0x030ADB,MAIN,0x030ADB,,9,"
打败了",Defeated ,"Sacha a vaincu
",unique
MAIN:0x030AE5,MAIN,0x030AE5,,14,"
撞击",Used Struggle!,Lance Lutte !,unique
MAIN:0x030F83,MAIN,0x030F83,,10,"
梦幻船票",Secret Key,CléSec.,unique
MAIN:0x030F8E,MAIN,0x030F8E,,8,"
叶之石",LeafSton,P.Plte,unique
MAIN:0x0310FB,MAIN,0x0310FB,,5,,Ember,Flammèch,non_aligne
MAIN:0x031101,MAIN,0x031101,,6,"
火炎车",<B0C7><B0C9><B0CB>,Roue Feu,unique
MAIN:0x031108,MAIN,0x031108,,6,"
炎之拳",<B0CD><B0CF><B0D1>,Poing Feu,unique
MAIN:0x03110F,MAIN,0x03110F,,8,"
火炎放射",<B0D3><B0D5><B0D7><B0D9>,LanceFlam.,unique
MAIN:0x031118,MAIN,0x031118,,6,"
神圣火焰",<B0DB><B0DD><B0DF>,Feu Sacré,unique
MAIN:0x03111F,MAIN,0x03111F,,6,"
大文字烧",<B0E1><B0E3><B0E5>,Déflagr.,unique
MAIN:0x031126,MAIN,0x031126,,5,"
喷火",Erupt,Éruption,unique
MAIN:0x03112C,MAIN,0x03112C,,4,"
鬼火",Wisp,Feu Follet,unique
MAIN:0x031131,MAIN,0x031131,,6,"
泡泡",Bubble,Écume,unique
MAIN:0x031138,MAIN,0x031138,,6,"
水枪",<B561><B563><B565>,Pistolet O,unique
MAIN:0x031142,MAIN,0x031142,,6,"
水之波动",<B0E7><B0E9><B0EB>,Vibraqua,unique
MAIN:0x031149,MAIN,0x031149,,6,"
泡泡光线",<B0ED><B0EF><B0F1>,Bulles d'O,unique
MAIN:0x031150,MAIN,0x031150,,6,"
墨汁炮",<B567><B569><B56B>,Octazook,unique
MAIN:0x03115A,MAIN,0x03115A,,6,"
大钳槌",<B0F3><B0F5><B0F7>,PinceMasse,unique
MAIN:0x031166,MAIN,0x031166,,6,"
高压水泵",<B56D><B56F><B571>,Hydrocan,unique
MAIN:0x031170,MAIN,0x031170,,6,"
喷水",<B0F9><B0FB><B0FD>,Tourniq.,unique
MAIN:0x031177,MAIN,0x031177,,5,"
贝壳夹",Clamp,Claquoir,unique
MAIN:0x03117D,MAIN,0x03117D,,8,"
躲进贝壳",Withdraw,Repli,unique
MAIN:0x031186,MAIN,0x031186,,8,"
电气",<B1A1><B1A3><B1A5><B1A7>,Éclair,unique
MAIN:0x03118F,MAIN,0x03118F,,6,"
电击波",<B1A9><B1AB><B1AD>,Onde de Choc,unique
MAIN:0x031196,MAIN,0x031196,,5,"
电火花",Spark,Étincell,unique
MAIN:0x03119C,MAIN,0x03119C,,8,"
闪电拳",<B1AF><B1B1><B1B3><B1B5>,Poing-Écl.,unique
MAIN:0x0311A5,MAIN,0x0311A5,,8,"
十万伏特",<B1B7><B1B9><B1BB><B1BD>,Tonnerre,unique
MAIN:0x0311AE,MAIN,0x0311AE,,6,"
电磁炮",<B1BF><B1C1><B1C3>,Élecanon,unique
MAIN:0x0311B5,MAIN,0x0311B5,,6,"
高压电击",<B1C5><B1C7><B1C9>,Électacl,unique
MAIN:0x0311BC,MAIN,0x0311BC,,7,"
雷电",Thunder,FatalFoud.,unique
MAIN:0x0311C4,MAIN,0x0311C4,,8,"
电磁波",<B1CB><B1CD><B1CF><B1D1>,CageÉclair,unique
MAIN:0x0311CD,MAIN,0x0311CD,,6,"
吸取",Avsorb,Vol-Vie,unique
MAIN:0x0311D4,MAIN,0x0311D4,,6,"
百力吸取",<B1D3><B1D5><B1D7>,Méga-Sang.,unique
MAIN:0x0311DB,MAIN,0x0311DB,,6,"
亿力吸取",<B1D9><B1DB><B1DD>,FeuilMagik,unique
MAIN:0x0311E2,MAIN,0x0311E2,,4,"
蔓藤鞭",<B573><B575>,FouetLiane,unique
MAIN:0x0311E7,MAIN,0x0311E7,,4,,Whip,Fou.,non_aligne
MAIN:0x0311EC,MAIN,0x0311EC,,6,"
飞叶快刀",<B1DF><B1E1><B1E3>,TranchHerb,unique
MAIN:0x0311F3,MAIN,0x0311F3,,6,"
魔叶斩",<B1E5><B1E7><B1E9>,Poing Dard,unique
MAIN:0x0311FA,MAIN,0x0311FA,,4,"
刃叶斩",<B577><B579>,CanonGrain,unique
MAIN:0x0311FF,MAIN,0x0311FF,,4,,Bomb,Bomb,non_aligne
MAIN:0x031204,MAIN,0x031204,,6,"
太阳光线",<B1EB><B1ED><B1EF>,Lance-Sol.,unique
MAIN:0x03120B,MAIN,0x03120B,,6,"
硬化植物",<B1F1><B1F3><B1F5>,Végé-Att.,unique
MAIN:0x031212,MAIN,0x031212,,8,"
草笛",<B1F7><B1F9><B1FB><B1FD>,Siffl'Herb,unique
MAIN:0x03121B,MAIN,0x03121B,,8,"
催眠粉",<B1FF><B101><B103><B105>,PoudreDodo,unique
MAIN:0x031224,MAIN,0x031224,,5,"
蘑菇孢子",Spore,Spore,unique
MAIN:0x03122A,MAIN,0x03122A,,6,"
麻痹粉",<B107><B109><B10B>,Para-Spore,unique
MAIN:0x031231,MAIN,0x031231,,6,"
细雪",<B10D><B10F><B111>,Poudreus,unique
MAIN:0x031238,MAIN,0x031238,,8,"
冰结之风",Icy Wind,Vent Glace,unique
MAIN:0x031241,MAIN,0x031241,,6,"
极光光线",<B113><B115><B117>,BriseGlace,unique
MAIN:0x031248,MAIN,0x031248,,6,"
冷冻拳",<B57B><B57D><B57F>,Poinglace,unique
MAIN:0x031252,MAIN,0x031252,,8,"
冷冻光线",Ice Beam,LaserGlace,unique
MAIN:0x03125B,MAIN,0x03125B,,8,"
吹雪",Blizzard,Blizzard,unique
MAIN:0x031264,MAIN,0x031264,,6,"
绝对零度",<B119><B11B><B11D>,Glaciat.,unique
MAIN:0x03126B,MAIN,0x03126B,,8,"
扔泥",Mud Slap,Coud'Boue,unique
MAIN:0x031274,MAIN,0x031274,,8,"
泥浆喷射",Mud Shot,TirBoue,unique
MAIN:0x03127D,MAIN,0x03127D,,3,"
挖洞",Dig,Tunnel,unique
MAIN:0x031281,MAIN,0x031281,,4,"
骨头击",<B581><B583>,Massd'Os,unique
MAIN:0x031286,MAIN,0x031286,,4,,Club,Mas.,non_aligne
MAIN:0x03128B,MAIN,0x03128B,,6,"
地震",<B11F><B121><B123>,Séisme,unique
MAIN:0x031292,MAIN,0x031292,,10,"
骨头旋镖",0000<B129><B12B><B12D>,0000Osmerang,unique
MAIN:0x03129D,MAIN,0x03129D,,11,"
地裂",0000Fissure,0000Abîme  ,unique
MAIN:0x0312A9,MAIN,0x0312A9,,6,"
扔沙",<B133><B135><B137>,JetSable,unique
MAIN:0x0312B0,MAIN,0x0312B0,,6,"
落石",<B139><B13B><B13D>,JetPierres,unique
MAIN:0x0312B7,MAIN,0x0312B7,,4,"
岩石封杀",<B585><B587>,Tomberoc,unique
MAIN:0x0312BC,MAIN,0x0312BC,,4,,Tomb,Tomb,non_aligne
MAIN:0x0312C1,MAIN,0x0312C1,,8,"
原始力量",<B13F><B141><B143><B145>,PouvAntiq.,unique
MAIN:0x0312CA,MAIN,0x0312CA,,6,"
岩崩",<B147><B149><B14B>,Éboulem.,unique
MAIN:0x0312D1,MAIN,0x0312D1,,6,"
吸血",<B14D><B14F><B151>,Vampir.,unique
MAIN:0x0312D8,MAIN,0x0312D8,,6,"
双针",<B153><B155><B157>,DoubleDard,unique
MAIN:0x0312DF,MAIN,0x0312DF,,6,"
银色之风",<B159><B15B><B15D>,VentArgent,unique
MAIN:0x0312E6,MAIN,0x0312E6,,6,"
信号光线",<B15F><B161><B163>,RayonSign.,unique
MAIN:0x0312ED,MAIN,0x0312ED,,4,"
威力角突",<B589><B58B>,Mégacorn,unique
MAIN:0x0312F2,MAIN,0x0312F2,,4,,Horn,Corn,non_aligne
MAIN:0x0312F7,MAIN,0x0312F7,,4,"
萤火",<B58D><B58F>,Lumiqueue,unique
MAIN:0x0312FC,MAIN,0x0312FC,,4,,Glow,Halo,non_aligne
MAIN:0x031301,MAIN,0x031301,,6,"
吐丝",<B165><B167><B169>,Sécrét.,unique
MAIN:0x031308,MAIN,0x031308,,10,"
毒针",0000<B16F><B171><B173>,0000Dard-Venin,unique
MAIN:0x031313,MAIN,0x031313,,4,"
烟雾",Smog,Purédp.,unique
MAIN:0x031318,MAIN,0x031318,,4,"
溶解液",Acid,Acide,unique
MAIN:0x03131D,MAIN,0x03131D,,6,"
毒尾巴",<B175><B177><B179>,QueuePois.,unique
MAIN:0x031324,MAIN,0x031324,,6,"
剧毒之牙",<B17B><B17D><B17F>,Croc Venin,unique
MAIN:0x03132B,MAIN,0x03132B,,6,"
泥攻击",Sludge,Détritus,unique
MAIN:0x031332,MAIN,0x031332,,6,"
泥爆弹",<B181><B183><B185>,Bomb-Beurk,unique
MAIN:0x031339,MAIN,0x031339,,10,"
毒烟",0000<B18B><B18D><B18F>,0000Gaz Toxik,unique
MAIN:0x031344,MAIN,0x031344,,5,"
剧毒",Toxic,Toxik,unique
MAIN:0x03134A,MAIN,0x03134A,,8,"
岩碎",Low Kick,Balayage,unique
MAIN:0x031353,MAIN,0x031353,,6,"
音速拳",<B191><B193><B195>,Éclate-Roc,unique
MAIN:0x03135A,MAIN,0x03135A,,6,"
空手切",<B197><B199><B19B>,PoingKarat,unique
MAIN:0x031361,MAIN,0x031361,,6,"
低踢",<B3E1><B3E3><B3E5>,DoublePied,unique
MAIN:0x031368,MAIN,0x031368,,7,"
二段踢",Revenge,Vendetta,unique
MAIN:0x031370,MAIN,0x031370,,8,"
回旋踢",<B3E7><B3E9><B3EB><B3ED>,MawashiG.,unique
MAIN:0x031379,MAIN,0x031379,,6,"
当身投",<B3EF><B3F1><B3F3>,CorpsPerdu,unique
MAIN:0x031380,MAIN,0x031380,,8,"
飞踢",<B3F5><B3F7><B3F9><B3FB>,FrappAtlas,unique
MAIN:0x031389,MAIN,0x031389,,6,"
瓦割",<B3FD><B3FF><B301>,CasseBriq.,unique
MAIN:0x031390,MAIN,0x031390,,8,"
天升拳",<B303><B305><B307><B309>,Stratop.,unique
MAIN:0x031399,MAIN,0x031399,,6,"
十字切",<B30B><B30D><B30F>,Coup-Croix,unique
MAIN:0x0313A0,MAIN,0x0313A0,,8,"
爆裂拳",<B311><B313><B315><B317>,DynamoP.,unique
MAIN:0x0313A9,MAIN,0x0313A9,,8,"
蛮力",<B319><B31B><B31D><B31F>,PoingBoost,unique
MAIN:0x0313B2,MAIN,0x0313B2,,6,"
气合拳",<B321><B323><B325>,MitraPoing,unique
MAIN:0x0313B9,MAIN,0x0313B9,,4,"
啄",Peck,Picpic,unique
MAIN:0x0313BE,MAIN,0x0313BE,,4,"
旋风",Gust,Tornade,unique
MAIN:0x0313C3,MAIN,0x0313C3,,6,"
真空斩",<B327><B329><B32B>,Tranch'Air,unique
MAIN:0x0313CA,MAIN,0x0313CA,,6,"
翅膀拍击",<B32D><B32F><B331>,Cru-Aile,unique
MAIN:0x0313D1,MAIN,0x0313D1,,6,"
燕返",<B333><B335><B337>,Aéropiqu,unique
MAIN:0x0313D8,MAIN,0x0313D8,,3,"
飞天术",Fly,Vol,unique
MAIN:0x0313DC,MAIN,0x0313DC,,6,"
钻孔啄",<B339><B33B><B33D>,Bec Vrille,unique
MAIN:0x0313E3,MAIN,0x0313E3,,6,"
飞跃",Bounce,Rebond,unique
MAIN:0x0313EA,MAIN,0x0313EA,,6,"
空中爆破",<B33F><B341><B343>,Aéroblas,unique
MAIN:0x0313F1,MAIN,0x0313F1,,6,"
神鸟",<B345><B347><B349>,Piqué,unique
MAIN:0x0313F8,MAIN,0x0313F8,,6,"
念力",<B591><B593><B595>,ChocMental,unique
MAIN:0x031402,MAIN,0x031402,,8,"
精神光线",Psy Beam,Rafale Psy,unique
MAIN:0x03140B,MAIN,0x03140B,,4,"
迷雾球",<B597><B599>,Ball'Brume,unique
MAIN:0x031415,MAIN,0x031415,,6,"
神通力",<B59B><B59D><B59F>,Choc Psy,unique
MAIN:0x03141F,MAIN,0x03141F,,8,"
预知未来",<B34B><B34D><B34F><B351>,PsykoudB.,unique
MAIN:0x031428,MAIN,0x031428,,7,"
精神波动",Psychic,Psyko,unique
MAIN:0x031430,MAIN,0x031430,,6,"
食梦",<B353><B355><B357>,Dévorêve,unique
MAIN:0x031437,MAIN,0x031437,,6,"
精神增压",<B7E5><B7E7><B7E9>,PsychoB.,unique
MAIN:0x031441,MAIN,0x031441,,8,"
催眠术",Hypnosis,Hypnose,unique
MAIN:0x03144A,MAIN,0x03144A,,4,"
睡眠",Rest,Repos,unique
MAIN:0x03144F,MAIN,0x03144F,,8,"
瞬间移动",Teleport,Téléport,unique
MAIN:0x031458,MAIN,0x031458,,4,"
瞑想",<B7EB><B7ED>,Plénitud,unique
MAIN:0x03145D,MAIN,0x03145D,,4,,Mind,Yoga,non_aligne
MAIN:0x031462,MAIN,0x031462,,7,"
高速移动",Agility,Hâte,unique
MAIN:0x03146A,MAIN,0x03146A,,4,"
舌头舔",Lick,Léchouil,unique
MAIN:0x03146F,MAIN,0x03146F,,8,"
惊吓",Astonish,Étonnem.,unique
MAIN:0x031478,MAIN,0x031478,,6,"
暗影拳",<B359><B35B><B35D>,PoingOmbre,unique
MAIN:0x03147F,MAIN,0x03147F,,6,"
影子球",<B401><B403><B405>,Ball'Ombre,unique
MAIN:0x031486,MAIN,0x031486,,6,"
恶梦",<B407><B409><B40B>,GriffOmbre,unique
MAIN:0x03148D,MAIN,0x03148D,,8,"
怪异光",<B40D><B40F><B411><B413>,Onde Folie,unique
MAIN:0x031496,MAIN,0x031496,,7,"
龙卷",Twister,Ouragan,unique
MAIN:0x03149E,MAIN,0x03149E,,6,"
龙之怒",<B415><B417><B419>,Draco-Rage,unique
MAIN:0x0314A5,MAIN,0x0314A5,,6,"
龙之息吹",<B41B><B41D><B41F>,DracoSfl,unique
MAIN:0x0314AC,MAIN,0x0314AC,,6,"
龙之爪",<B421><B423><B425>,DracoGrif.,unique
MAIN:0x0314B3,MAIN,0x0314B3,,6,"
激鳞",<B427><B429><B42B>,Dracochoc,unique
MAIN:0x0314BA,MAIN,0x0314BA,,6,"
龙之舞",<B42D><B42F><B431>,DanseDraco,unique
MAIN:0x0314C1,MAIN,0x0314C1,,6,"
打落",<B7EF><B7F1><B7F3>,Sabotage,unique
MAIN:0x0314CB,MAIN,0x0314CB,,6,"
追击",<B433><B435><B437>,Feinte,unique
MAIN:0x0314D2,MAIN,0x0314D2,,4,"
齿突",Bite,Morsure,unique
MAIN:0x0314D7,MAIN,0x0314D7,,6,"
咬碎",Crunch,Mâchouil,unique
MAIN:0x0314DE,MAIN,0x0314DE,,6,"
钢之爪",<B439><B43B><B43D>,GrifAcier,unique
MAIN:0x0314E5,MAIN,0x0314E5,,6,"
钢之翼",<B43F><B441><B443>,AileAcier,unique
MAIN:0x0314EC,MAIN,0x0314EC,,4,"
钢之尾",<B7F5><B7F7>,QueueFer,unique
MAIN:0x0314F1,MAIN,0x0314F1,,4,,Tail,Queu,non_aligne
MAIN:0x0314F6,MAIN,0x0314F6,,6,"
慧星拳",<B445><B447><B449>,PoingMétéo,unique
MAIN:0x0314FD,MAIN,0x0314FD,,8,"
铁壁",<B44B><B44D><B44F><B451>,Mur de Fer,unique
MAIN:0x031506,MAIN,0x031506,,6,"
跳跃",Splash,Trempett,unique
MAIN:0x03150D,MAIN,0x03150D,,6,"
音速波",<B453><B455><B457>,TourRapid.,unique
MAIN:0x031514,MAIN,0x031514,,6,"
撞击",Tackle,Charge,unique
MAIN:0x03151B,MAIN,0x03151B,,7,"
刀背打",Scratch,Griffe,unique
MAIN:0x031523,MAIN,0x031523,,5,"
抓",Pound,Écras'Face,unique
MAIN:0x031529,MAIN,0x031529,,6,"
电光石火",<B459><B45B><B45D>,Vive-Att.,unique
MAIN:0x031530,MAIN,0x031530,,7,"
招财猫",Pay Day,Jackpot,unique
MAIN:0x031538,MAIN,0x031538,,8,"
鼾声",Fake Out,Bluff,unique
MAIN:0x031541,MAIN,0x031541,,3,"
居合斩",Cut,Coupe,unique
MAIN:0x031545,MAIN,0x031545,,5,"
流星",Swift,Météores,unique
MAIN:0x03154B,MAIN,0x03154B,,5,"
角突",Stomp,Écrasem,unique
MAIN:0x031551,MAIN,0x031551,,6,"
崩击之爪",<B501><B503><B505>,ÉclatGriff,unique
MAIN:0x031558,MAIN,0x031558,,6,"
秘密力量",<B507><B509><B50B>,PuisCachée,unique
MAIN:0x03155F,MAIN,0x03155F,,6,"
必杀门牙",<B50D><B50F><B511>,CrocMort,unique
MAIN:0x031566,MAIN,0x031566,,6,"
三角攻击",<B513><B515><B517>,Coupe-Vent,unique
MAIN:0x03156D,MAIN,0x03156D,,6,"
舍身一击",<B519><B51B><B51D>,Damoclès,unique
MAIN:0x031574,MAIN,0x031574,,6,"
破坏光线",<B51F><B521><B523>,Ultralas,unique
MAIN:0x03157B,MAIN,0x03157B,,8,"
自爆",<B525><B527><B529><B52B>,Destruct,unique
MAIN:0x031584,MAIN,0x031584,,7,"
大爆炸",Explode,Explos.,unique
MAIN:0x03158C,MAIN,0x03158C,,8,"
尖角钻",<B52D><B52F><B531><B533>,Guillot.,unique
MAIN:0x031595,MAIN,0x031595,,6,"
剪刀断头",<B535><B537><B539>,EmpalKorne,unique
MAIN:0x03159C,MAIN,0x03159C,,4,"
歌唱",Sing,Berceuse,unique
MAIN:0x0315A1,MAIN,0x0315A1,,4,"
恶魔之吻",<B7F9><B7FB>,Grobisou,unique
MAIN:0x0315A6,MAIN,0x0315A6,,4,,Kiss,Bise,non_aligne
MAIN:0x0315AB,MAIN,0x0315AB,,6,"
超音波",<B53B><B53D><B53F>,Ultrason,unique
MAIN:0x0315B2,MAIN,0x0315B2,,6,"
剑舞",<B541><B543><B545>,DanseLames,unique
MAIN:0x0315B9,MAIN,0x0315B9,,5,"
叫声",Growl,Rugissem,unique
MAIN:0x0315BF,MAIN,0x0315BF,,7,"
撒娇",Bulk-up,Gonflett,unique
MAIN:0x0315C7,MAIN,0x0315C7,,8,"
变圆",<B547><B549><B54B><B54D>,BoulArmure,unique
MAIN:0x0315D0,MAIN,0x0315D0,,6,"
变硬",Harden,Armure,unique
MAIN:0x0315D7,MAIN,0x0315D7,,4,"
摇尾巴",<B7FD><B7FF>,Mimi-Queue,unique
MAIN:0x0315DC,MAIN,0x0315DC,,4,,Whip,Fou.,non_aligne
MAIN:0x0315E1,MAIN,0x0315E1,,5,"
挠痒",Charm,Charme,unique
MAIN:0x0315E7,MAIN,0x0315E7,,6,"
烟幕",<B54F><B551><B553>,Brouill.,unique
MAIN:0x0315F4,MAIN,0x0315F4,,6,"
影分身",<B555><B557><B559>,Reflet,unique
MAIN:0x0315FB,MAIN,0x0315FB,,7,"
自我再生",Recover,Soin,unique
MAIN:0x03160A,MAIN,0x03160A,,4,"
吼叫",Roar,Hurlemen,unique
MAIN:0x03160F,MAIN,0x03160F,,6,"
吹飞",<B701><B703><B705>,Cyclone,unique
MAIN:0x031619,MAIN,0x031619,,10,"
变身",??????????,Morphing,unique
MAIN:0x031624,MAIN,0x031624,,7,"
诅咒",Counter,Malédic.,unique
MAIN:0x03162C,MAIN,0x03162C,,8,"
怪力术",Strength,Force,unique
MAIN:0x03163B,MAIN,0x03163B,,6,"
毒粉",<B55B><B55D><B55F>,Poud.Toxik,unique
MAIN:0x0316E9,MAIN,0x0316E9,,4,,None,Rien,non_aligne
MAIN:0x0316EE,MAIN,0x0316EE,,8,"
超级球",Grt Ball,SuperB.,unique
MAIN:0x0316F7,MAIN,0x0316F7,,8,"
超力球",UltaBall,HyperB.,unique
MAIN:0x031700,MAIN,0x031700,,8,"
大师球",MstrBall,MasterB,unique
MAIN:0x031709,MAIN,0x031709,,6,"
伤药",Potion,Potion,unique
MAIN:0x031710,MAIN,0x031710,,8,"
好伤药",S.Potion,Sup.Pot,unique
MAIN:0x031719,MAIN,0x031719,,8,"
超级伤药",H.Potion,Hyp.Pot,unique
MAIN:0x031722,MAIN,0x031722,,8,"
最大伤药",M.Potion,Max.Pot,unique
MAIN:0x031737,MAIN,0x031737,,6,"
解麻药",P.Heal,AntiPa,unique
MAIN:0x03173E,MAIN,0x03173E,,7,"
睡醒药",0S.Heal,0Réveil,unique
MAIN:0x031746,MAIN,0x031746,,8,"
冰冻药",Ice Heal,Antigel ,unique
MAIN:0x03174F,MAIN,0x03174F,,8,"
烧伤药",BurnHeal,AntBrûl,unique
MAIN:0x031758,MAIN,0x031758,,8,"
万能恢复",FullHeal,TotSoin,unique
MAIN:0x031761,MAIN,0x031761,,6,"
精神药",Revive,Rappel,unique
MAIN:0x031769,MAIN,0x031769,,5,"
PP提升",Ether,Huile,unique
MAIN:0x03176F,MAIN,0x03176F,,8,"
PP最大",MaxEther,HuilMax,unique
MAIN:0x031779,MAIN,0x031779,,8,"
神奇糖果",RareCndy,SupBonb,unique
MAIN:0x031782,MAIN,0x031782,,8,"
火之石",FireSton,P.Feu,unique
MAIN:0x03178B,MAIN,0x03178B,,8,"
水之石",WatrSton,P.Eau,unique
MAIN:0x031794,MAIN,0x031794,,8,"
雷之石",ThunSton,P.Fdr,unique
MAIN:0x03179D,MAIN,0x03179D,,8,"
月之石",MoonSton,P.Lune,unique
MAIN:0x0317A6,MAIN,0x0317A6,,6,"
包裹",Parcel,Colis ,unique
MAIN:0x0317B5,MAIN,0x0317B5,,3,"
地图",Map,Carte,unique
MAIN:0x0317B9,MAIN,0x0317B9,,10,"
菊石化石",HelixFosil,Nautile,unique
MAIN:0x0317C4,MAIN,0x0317C4,,10,"
盔甲化石",DomeFossil,F.Dôme,unique
MAIN:0x0317CF,MAIN,0x0317CF,,10,"
船票",S.S.Ticket,PassBat,unique
MAIN:0x0317DA,MAIN,0x0317DA,,8,"
矿泉水",Lemonade,EauFr.,unique
MAIN:0x0317E3,MAIN,0x0317E3,,10,"
精灵眼镜",SilphScope,Sc.Sylp,unique
MAIN:0x0317EE,MAIN,0x0317EE,,9,"
精灵笛",Pok@Flute,PokFlût,unique
MAIN:0x0317F8,MAIN,0x0317F8,,10,"
金牙",Gold Teeth,DentOr,unique
MAIN:0x031803,MAIN,0x031803,,8,"
居合斩",00Cut HM,00Cpe CS,unique
MAIN:0x03180D,MAIN,0x03180D,,6,"
飞天术",Fly HM,Vol CS,unique
MAIN:0x031815,MAIN,0x031815,,7,"
冲浪术",Surf HM,Surf CS,unique
MAIN:0x03181D,MAIN,0x03181D,,6,"
怪力术",STR HM,ForceCS,unique
MAIN:0x031824,MAIN,0x031824,,8,"
闪光术",Flash HM,FlashCS,unique
MAIN:0x03182D,MAIN,0x03182D,,6,"
秘传01",TM 01 ,CT 01 ,unique
MAIN:0x031835,MAIN,0x031835,,6,"
秘传02",TM 02 ,CT 02 ,unique
MAIN:0x03183D,MAIN,0x03183D,,6,"
秘传03",TM 03 ,CT 03 ,unique
MAIN:0x031845,MAIN,0x031845,,6,"
秘传04",TM 04 ,CT 04 ,unique
MAIN:0x03184D,MAIN,0x03184D,,6,"
秘传05",TM 05 ,CT 05 ,unique
MAIN:0x031855,MAIN,0x031855,,6,"
秘传06",TM 06 ,CT 06 ,unique
MAIN:0x03185D,MAIN,0x03185D,,6,"
秘传07",TM 07 ,CT 07 ,unique
MAIN:0x031865,MAIN,0x031865,,6,"
秘传08",TM 08 ,CT 08 ,unique
MAIN:0x03186D,MAIN,0x03186D,,6,"
秘传09",TM 09 ,CT 09 ,unique
MAIN:0x031875,MAIN,0x031875,,6,"
秘传10",TM 10 ,CT 10 ,unique
MAIN:0x03187D,MAIN,0x03187D,,6,"
秘传11",TM 11 ,CT 11 ,unique
MAIN:0x031885,MAIN,0x031885,,6,"
秘传12",TM 12 ,CT 12 ,unique
MAIN:0x03188D,MAIN,0x03188D,,6,"
秘传13",TM 13 ,CT 13 ,unique
MAIN:0x031895,MAIN,0x031895,,6,"
秘传14",TM 14 ,CT 14 ,unique
MAIN:0x03189D,MAIN,0x03189D,,6,"
秘传15",TM 15 ,CT 15 ,unique
MAIN:0x0318A5,MAIN,0x0318A5,,6,"
秘传16",TM 16 ,CT 16 ,unique
MAIN:0x0318AD,MAIN,0x0318AD,,6,"
秘传17",TM 17 ,CT 17 ,unique
MAIN:0x0318B5,MAIN,0x0318B5,,6,"
秘传18",TM 18 ,CT 18 ,unique
MAIN:0x0318BD,MAIN,0x0318BD,,6,"
秘传19",TM 19 ,CT 19 ,unique
MAIN:0x0318C5,MAIN,0x0318C5,,6,"
秘传20",TM 20 ,CT 20 ,unique
MAIN:0x0318CD,MAIN,0x0318CD,,6,"
秘传21",TM 21 ,CT 21 ,unique
MAIN:0x0318D5,MAIN,0x0318D5,,6,"
秘传22",TM 22 ,CT 22 ,unique
MAIN:0x0318DD,MAIN,0x0318DD,,6,"
秘传23",TM 23 ,CT 23 ,unique
MAIN:0x0318E5,MAIN,0x0318E5,,6,"
秘传24",TM 24 ,CT 24 ,unique
MAIN:0x0318ED,MAIN,0x0318ED,,6,"
秘传25",TM 25 ,CT 25 ,unique
MAIN:0x0318F5,MAIN,0x0318F5,,6,"
秘传26",TM 26 ,CT 26 ,unique
MAIN:0x0318FD,MAIN,0x0318FD,,6,"
秘传27",TM 27 ,CT 27 ,unique
MAIN:0x031905,MAIN,0x031905,,6,"
秘传28",TM 28 ,CT 28 ,unique
MAIN:0x03190D,MAIN,0x03190D,,6,"
秘传29",TM 29 ,CT 29 ,unique
MAIN:0x031915,MAIN,0x031915,,6,"
秘传30",TM 30 ,CT 30 ,unique
MAIN:0x03191D,MAIN,0x03191D,,6,"
秘传31",TM 31 ,CT 31 ,unique
MAIN:0x031925,MAIN,0x031925,,6,"
秘传32",TM 32 ,CT 32 ,unique
MAIN:0x03192D,MAIN,0x03192D,,6,"
秘传33",TM 33 ,CT 33 ,unique
MAIN:0x031935,MAIN,0x031935,,6,"
秘传34",TM 34 ,CT 34 ,unique
MAIN:0x03193D,MAIN,0x03193D,,6,"
秘传35",TM 35 ,CT 35 ,unique
MAIN:0x031945,MAIN,0x031945,,6,"
秘传36",TM 36 ,CT 36 ,unique
MAIN:0x03194D,MAIN,0x03194D,,6,"
秘传37",TM 37 ,CT 37 ,unique
MAIN:0x031955,MAIN,0x031955,,6,"
秘传38",TM 38 ,CT 38 ,unique
MAIN:0x03195D,MAIN,0x03195D,,6,"
秘传39",TM 39 ,CT 39 ,unique
MAIN:0x031965,MAIN,0x031965,,6,"
秘传40",TM 40 ,CT 40 ,unique
MAIN:0x031A0F,MAIN,0x031A0F,,5,,Empty,Vide ,non_aligne
MAIN:0x031A15,MAIN,0x031A15,,14,"
可以捕捉精灵的球
---

比精灵球效果要好的球
---

比超级球效果要好的球",Catch  Pok@mon,CapturePokémon,multiple
MAIN:0x031A24,MAIN,0x031A24,,18,"
一定能捉住精灵的球",Catch  Pok@mon100%,CapturePokémon100%,unique
MAIN:0x031A37,MAIN,0x031A37,,18,"
让特定的精灵进化",Evolve Fire   PKMN,Évol. Pokémon Feu ,unique
MAIN:0x031A4A,MAIN,0x031A4A,,18,"
让特定的精灵进化",Evolve Water  PKMN,Évol. Pokémon Eau ,unique
MAIN:0x031A5D,MAIN,0x031A5D,,26,"
体力恢复20点",00000000000000Restore20 HP,00000000000000Restaure 20PV,unique
MAIN:0x031A78,MAIN,0x031A78,,13,"
体力恢复50点",0Restore50 HP,0Restaure50PV,unique
MAIN:0x031A86,MAIN,0x031A86,,14,"
体力恢复200点",0Restore200 HP,0Restaur200 PV,unique
MAIN:0x031A95,MAIN,0x031A95,,14,"
体力完全恢复",0RestoreAll HP,0Restaur ts PV,unique
MAIN:0x031AA4,MAIN,0x031AA4,,13,"
解除中毒状态",Cures  Poison,Anti-poison,unique
MAIN:0x031AB2,MAIN,0x031AB2,,14,"
解除麻痹状态",Cures  Paralyz,État   normal,unique
MAIN:0x031AC1,MAIN,0x031AC1,,12,"
解除沉睡状态",Cures  sleep,Fin du sommeil,unique
MAIN:0x031ACE,MAIN,0x031ACE,,13,"
解除冰冻状态",Cures  Freeze,Guérit le gel,unique
MAIN:0x031ADC,MAIN,0x031ADC,,11,"
解除烧伤状态",Cures  Burn,Soigne brûlure,unique
MAIN:0x031AE8,MAIN,0x031AE8,,22,"
恢复所有异常状态",00Heal   PKMN   Status,00Guérit Statut Pokémon,unique
MAIN:0x031AFF,MAIN,0x031AFF,,14,"
从临死状态恢复体力一半",Revive Pok@mon,Ranime Pokémon,unique
MAIN:0x031B0E,MAIN,0x031B0E,,26,"
精灵的一项PP值恢复10点",000000Restore10PP to1 Move,000000Restaure10PP 1 Atq,unique
MAIN:0x031B29,MAIN,0x031B29,,23,"
精灵的一项PP值全恢复",000RestoreAll PP 1 Move,000Restaure ts PP 1 Atq,unique
MAIN:0x031B42,MAIN,0x031B42,,17,"
提升精灵等级一级",Pok@monLevelUp1LV,Pokémon+1 Niveau ,unique
MAIN:0x031B54,MAIN,0x031B54,,18,"
让特定的精灵进化",Evolve ThunderPKMN,Évol. Pokémon Foudre,unique
MAIN:0x031B67,MAIN,0x031B67,,18,"
让特定的精灵进化",Evolve Grass  PKMN,Évol. Pokémon Plante,unique
MAIN:0x031B7A,MAIN,0x031B7A,,18,"
让特定的精灵进化",Evolve Normal PKMN,Évol. Pokémon Normal,unique
MAIN:0x031B8D,MAIN,0x031B8D,,18,"
可以查看精灵的资料",Pok@monData-  Base,BaseDonnees Poké ,unique
MAIN:0x031BA0,MAIN,0x031BA0,,10,"
小茂姐姐给的地图",Town   Map,Carte Ville,unique
MAIN:0x031BAB,MAIN,0x031BAB,,16,"
大木博士的包裹",000Oak's  Parcel,000Colis Chen,unique
MAIN:0x031BBC,MAIN,0x031BBC,,13,"
古代精灵的化石",Pok@monFossil,Fossile Pokémon,unique
MAIN:0x031BCA,MAIN,0x031BCA,,21,"
马沙给的铁达尼号船票",Ticket for theSS Anne,Passe pour l'Océane,unique
MAIN:0x031BE0,MAIN,0x031BE0,,7,"
彩虹商店幸运顾客纪念",Lemonad,Limonad,unique
MAIN:0x031BE8,MAIN,0x031BE8,,20,"
能看见一切灵异现象的眼镜",Lets   you seeGhosts,Permet de voir les fantômes,unique
MAIN:0x031BFD,MAIN,0x031BFD,,21,"
就算是熟睡的精灵也会跳起",Wake   Asleep Pok@mon,Réveille Pokémon   ,unique
MAIN:0x031C13,MAIN,0x031C13,,19,"
浅红市园长的假牙",SomeoneGold   Teeth,Dentier en Or      ,unique
MAIN:0x031C27,MAIN,0x031C27,,14,"
梦幻神奇之旅的船票",CinibarGym Key,Clé Arène Cram,unique
MAIN:0x031C36,MAIN,0x031C36,,4,"
训兽师",Will,Clément,unique
MAIN:0x031C3B,MAIN,0x031C3B,,11,"
男孩",Jr.Trainer>,Dresseur JR>,unique
MAIN:0x031C47,MAIN,0x031C47,,7,"
魔术师",Juggler,Jongleur,unique
MAIN:0x031C4F,MAIN,0x031C4F,,17,"
大姐头",Rocket Executive=,Caïd Rocket=,unique
MAIN:0x031C61,MAIN,0x031C61,,5,"
双胞胎",Twins,Jumelles,unique
MAIN:0x031C67,MAIN,0x031C67,,8,"
叔叔",Pok@Fan>,Pokéfan>,unique
MAIN:0x031C70,MAIN,0x031C70,,6,"
成熟姐姐",Beauty,Canon,unique
MAIN:0x031C77,MAIN,0x031C77,,6,"
神婆",Medium,Médium,unique
MAIN:0x031C7E,MAIN,0x031C7E,,8,"
大婶婶",Pok@Fan=,Pokéfan=,unique
MAIN:0x031C87,MAIN,0x031C87,,9,"
居合斩",000<B1A9><B1AA><B1AB>,CS Coupe,unique
MAIN:0x031C91,MAIN,0x031C91,,7,"
飞天术",<0A><B1AC><B1AD><B1AE>,CS Vol,unique
MAIN:0x031C99,MAIN,0x031C99,,7,"
冲浪术",<0A><B1AF><B1B0><B1AE>,CS Surf,unique
MAIN:0x031CA1,MAIN,0x031CA1,,7,"
怪力术",<0A><B0CA><B0E3><B1AE>,CS Force,unique
MAIN:0x031CA9,MAIN,0x031CA9,,7,"
闪光术",<0A><B4BE><B0E4><B1AE>,CS Flash,unique
MAIN:0x031CB2,MAIN,0x031CB2,,6,"
秘传01",TM 01 ,CT 01 ,unique
MAIN:0x031CBA,MAIN,0x031CBA,,6,"
秘传02",TM 02 ,CT 02 ,unique
MAIN:0x031CC2,MAIN,0x031CC2,,6,"
秘传03",TM 03 ,CT 03 ,unique
MAIN:0x031CCA,MAIN,0x031CCA,,6,"
秘传04",TM 04 ,CT 04 ,unique
MAIN:0x031CD2,MAIN,0x031CD2,,6,"
秘传05",TM 05 ,CT 05 ,unique
MAIN:0x031CDA,MAIN,0x031CDA,,6,"
秘传06",TM 06 ,CT 06 ,unique
MAIN:0x031CE2,MAIN,0x031CE2,,6,"
秘传07",TM 07 ,CT 07 ,unique
MAIN:0x031CEA,MAIN,0x031CEA,,6,"
秘传08",TM 08 ,CT 08 ,unique
MAIN:0x031CF2,MAIN,0x031CF2,,6,"
秘传09",TM 09 ,CT 09 ,unique
MAIN:0x031CFA,MAIN,0x031CFA,,6,"
秘传10",TM 10 ,CT 10 ,unique
MAIN:0x031D02,MAIN,0x031D02,,6,"
秘传11",TM 11 ,CT 11 ,unique
MAIN:0x031D0A,MAIN,0x031D0A,,6,"
秘传12",TM 12 ,CT 12 ,unique
MAIN:0x031D12,MAIN,0x031D12,,6,"
秘传13",TM 13 ,CT 13 ,unique
MAIN:0x031D1A,MAIN,0x031D1A,,6,"
秘传14",TM 14 ,CT 14 ,unique
MAIN:0x031D22,MAIN,0x031D22,,6,"
秘传15",TM 15 ,CT 15 ,unique
MAIN:0x031D2A,MAIN,0x031D2A,,6,"
秘传16",TM 16 ,CT 16 ,unique
MAIN:0x031D32,MAIN,0x031D32,,6,"
秘传17",TM 17 ,CT 17 ,unique
MAIN:0x031D3A,MAIN,0x031D3A,,6,"
秘传18",TM 18 ,CT 18 ,unique
MAIN:0x031D42,MAIN,0x031D42,,6,"
秘传19",TM 19 ,CT 19 ,unique
MAIN:0x031D4A,MAIN,0x031D4A,,6,"
秘传20",TM 20 ,CT 20 ,unique
MAIN:0x031D52,MAIN,0x031D52,,6,"
秘传21",TM 21 ,CT 21 ,unique
MAIN:0x031D5A,MAIN,0x031D5A,,6,"
秘传22",TM 22 ,CT 22 ,unique
MAIN:0x031D62,MAIN,0x031D62,,6,"
秘传23",TM 23 ,CT 23 ,unique
MAIN:0x031D6A,MAIN,0x031D6A,,6,"
秘传24",TM 24 ,CT 24 ,unique
MAIN:0x031D72,MAIN,0x031D72,,6,"
秘传25",TM 25 ,CT 25 ,unique
MAIN:0x031D7A,MAIN,0x031D7A,,6,"
秘传26",TM 26 ,CT 26 ,unique
MAIN:0x031D82,MAIN,0x031D82,,6,"
秘传27",TM 27 ,CT 27 ,unique
MAIN:0x031D8A,MAIN,0x031D8A,,6,"
秘传28",TM 28 ,CT 28 ,unique
MAIN:0x031D92,MAIN,0x031D92,,6,"
秘传29",TM 29 ,CT 29 ,unique
MAIN:0x031D9A,MAIN,0x031D9A,,6,"
秘传30",TM 30 ,CT 30 ,unique
MAIN:0x031DA2,MAIN,0x031DA2,,6,"
秘传31",TM 31 ,CT 31 ,unique
MAIN:0x031DAA,MAIN,0x031DAA,,6,"
秘传32",TM 32 ,CT 32 ,unique
MAIN:0x031DB2,MAIN,0x031DB2,,6,"
秘传33",TM 33 ,CT 33 ,unique
MAIN:0x031DBA,MAIN,0x031DBA,,6,"
秘传34",TM 34 ,CT 34 ,unique
MAIN:0x031DC2,MAIN,0x031DC2,,6,"
秘传35",TM 35 ,CT 35 ,unique
MAIN:0x031DCA,MAIN,0x031DCA,,6,"
秘传36",TM 36 ,CT 36 ,unique
MAIN:0x031DD2,MAIN,0x031DD2,,6,"
秘传37",TM 37 ,CT 37 ,unique
MAIN:0x031DDA,MAIN,0x031DDA,,6,"
秘传38",TM 38 ,CT 38 ,unique
MAIN:0x031DE2,MAIN,0x031DE2,,6,"
秘传39",TM 39 ,CT 39 ,unique
MAIN:0x031DEA,MAIN,0x031DEA,,6,"
秘传40",TM 40 ,CT 40 ,unique
MAIN:0x031E6A,MAIN,0x031E6A,,4,,Gary,Régis,non_aligne
MAIN:0x031E6F,MAIN,0x031E6F,,5,"
小刚",Brock,Pierre,unique
MAIN:0x031E75,MAIN,0x031E75,,5,"
小霞",Misty,Ondine,unique
MAIN:0x031E7B,MAIN,0x031E7B,,8,"
马其斯",Lt.Surge,Major Bob,unique
MAIN:0x031E84,MAIN,0x031E84,,5,"
佳丽亚",Erika,Erika,unique
MAIN:0x031E8A,MAIN,0x031E8A,,4,"
乔",Koga,Koga,unique
MAIN:0x031E8F,MAIN,0x031E8F,,7,"
娜梅",Sabrina,Morgane,unique
MAIN:0x031E97,MAIN,0x031E97,,6,"
阿桂",Blaine,Auguste,unique
MAIN:0x031E9E,MAIN,0x031E9E,,8,"
老大",Giovanni,Giovanni,unique
MAIN:0x031EA7,MAIN,0x031EA7,,7,"
加纳",Lorelei,Olga   ,unique
MAIN:0x031EAF,MAIN,0x031EAF,,5,"
西巴",Bruno,Aldo ,unique
MAIN:0x031EB5,MAIN,0x031EB5,,6,"
菊子",Agatha,Agatha,unique
MAIN:0x031EBC,MAIN,0x031EBC,,5,"
瓦它诺",Lance,Peter,unique
MAIN:0x031EC2,MAIN,0x031EC2,,13,"
武藏小次郎",Jesse & James,Jessie & James,unique
MAIN:0x031EDD,MAIN,0x031EDD,,9,"
二当家",Lugia2009,Numéro 2,unique
MAIN:0x031EE7,MAIN,0x031EE7,,11,"
捉虫少年",Bug Catcher,Scout,unique
MAIN:0x031EF3,MAIN,0x031EF3,,7,"
侦察员",Psychic,Kinésiste,unique
MAIN:0x031EFB,MAIN,0x031EFB,,4,"
迷你裙",Lass,Fillette,unique
MAIN:0x031F00,MAIN,0x031F00,,9,"
谈判小子",Schoolkid,Écolier  ,unique
MAIN:0x031F0A,MAIN,0x031F0A,,13,"
火箭队",Rocket Grunt>,Sbire Rocket>,unique
MAIN:0x031F18,MAIN,0x031F18,,13,"
火箭队",Rocket Grunt=,Sbire Rocket=,unique
MAIN:0x031F26,MAIN,0x031F26,,9,"
研究员",Scientist,Scientifique,unique
MAIN:0x031F30,MAIN,0x031F30,,5,"
大叔",Hiker,Montagnard,unique
MAIN:0x031F36,MAIN,0x031F36,,8,"
游泳男",Swimmer>,Nageur> ,unique
MAIN:0x031F3F,MAIN,0x031F3F,,8,"
游泳女",Swimmer=,Nageuse=,unique
MAIN:0x031F48,MAIN,0x031F48,,9,"
绅士",Gentleman,Gentleman,unique
MAIN:0x031F52,MAIN,0x031F52,,13,"
大胖子",Fire Breather,Crache-Feu,unique
MAIN:0x031F60,MAIN,0x031F60,,6,"
水手",Sailor,Marin ,unique
MAIN:0x031F67,MAIN,0x031F67,,13,"
士兵",Cool Trainer>,Topdresseur>,unique
MAIN:0x031F75,MAIN,0x031F75,,8,"
老爷爷",Cue Ball,Loubard,unique
MAIN:0x031F7E,MAIN,0x031F7E,,11,"
女孩",Jr.Trainer=,Dresseur JR=,unique
MAIN:0x031F8A,MAIN,0x031F8A,,10,"
职员",Super Nerd,Intello,unique
MAIN:0x031F95,MAIN,0x031F95,,9,"
少年",Youngster,Gamin    ,unique
MAIN:0x031F9F,MAIN,0x031F9F,,7,"
女生",Teacher,Prof,unique
MAIN:0x031FA7,MAIN,0x031FA7,,11,"
大姐姐",Kimono Girl,Kimono,unique
MAIN:0x031FB3,MAIN,0x031FB3,,9,"
修女",Channeler,Exorciste,unique
MAIN:0x031FBD,MAIN,0x031FBD,,9,"
钓鱼者",Fisherman,Pêcheur  ,unique
MAIN:0x031FC7,MAIN,0x031FC7,,6,"
电气团",Rocker,Rocker,unique
MAIN:0x031FCE,MAIN,0x031FCE,,11,"
捉鸟人",Bird Keeper,Ornithologue,unique
MAIN:0x031FDA,MAIN,0x031FDA,,5,"
暴走族",Biker,Motard,unique
MAIN:0x031FE0,MAIN,0x031FE0,,5,"
忍者",Ninja,Ninja,unique
MAIN:0x031FE6,MAIN,0x031FE6,,10,"
空手道",Black Belt,Karatéka  ,unique
MAIN:0x031FF1,MAIN,0x031FF1,,8,"
跆拳道",Prof.Oak,Prof. Chen,unique
MAIN:0x031FFA,MAIN,0x031FFA,,13,"
超能力",Cool Trainer=,Topdresseur=,unique
MAIN:0x032008,MAIN,0x032008,,10,"
精神师",Pok@Maniac,Pokémaniac,unique
MAIN:0x032013,MAIN,0x032013,,7,"
小偷",Burglar,Pillard,unique
MAIN:0x032161,MAIN,0x032161,,5,"
滑雪女",Skier,Skieuse,unique
MAIN:0x032167,MAIN,0x032167,,7,"
滑雪男",Boarder,Surfer,unique
MAIN:0x03216F,MAIN,0x03216F,,10,"
石英高原",<B76B><B76D><B76F><B771>  ,Plateau Indigo,unique
MAIN:0x03217A,MAIN,0x03217A,pokedex_13x4,52,"
用尾巴的火焰表达心情",Steam is saidto spout fromit's tail    when it rains,De la vapeur jaillit de sa queue quand il pleut,unique
MAIN:0x0321AF,MAIN,0x0321AF,pokedex_13x4,45,"
身体有坚硬的外壳可发出强烈的泡沫",It withdraws into its     shell when indanger,Il rentre dans sa carapace face au danger.,unique
MAIN:0x0321DD,MAIN,0x0321DD,pokedex_13x4,51,"
隐藏在水中等待食物游泳速度很快","To swim fast,it uses its  ears to main-tain balance",Ses oreilles gardent son équilibre en nageant.,unique
MAIN:0x032211,MAIN,0x032211,pokedex_13x4,50,"
背上喷射口像火箭一样喷射厉害水流",A very brutalPok@mon with powerful jetson its back,Ce Pokémon brutal a de puissants jets dorsaux.,unique
MAIN:0x032244,MAIN,0x032244,pokedex_13x4,48,"
外壳变硬前受到攻击会流出液体",It hardens   its shell to protect its  weak body,Sa carapace protège son corps fragile.,unique
MAIN:0x032275,MAIN,0x032275,pokedex_13x4,45,"
喜欢吃树叶头上长着坚利的针",It hides in  grass and    bushes to eatleaves,Il se cache dans l'herbe pour manger des feuilles.,unique
MAIN:0x0322A3,MAIN,0x0322A3,pokedex_13x4,47,"
告诉飞行用大的毒针刺敌人",It jabs foes with its 3   poisonous    stingers,Il pique ses ennemis avec ses 3 dards venimeux,unique
MAIN:0x0322D3,MAIN,0x0322D3,pokedex_13x4,45,"
多分布在森林和草地",It will oftenkick up sand to protect   itself,Il projette du sable pour se protéger lui-même,unique
MAIN:0x032301,MAIN,0x032301,pokedex_13x4,51,"
寻找食物的时候贴在水面滑行",It skims the surface of   water to pickoff Magikarp,Il rase l'eau pour chasser un Magicarpe.,unique
MAIN:0x032335,MAIN,0x032335,pokedex_13x4,52,"
移动较慢长着厉害的门牙","Its feet are webbed, whichit uses to   swim and hunt",Il nage et chasse avec ses pattes palmées.,unique
MAIN:0x03236A,MAIN,0x03236A,pokedex_13x4,46,"
能吞下波波或大嘴雀的蛋",Moves quietlyand eats the eggs of bird Pok@mon,Il mange les oeufs des Pokémon oiseaux.,unique
MAIN:0x032399,MAIN,0x032399,pokedex_13x4,46,"
样子可怕不用战斗就能吓跑敌人",The markings on its belly serve as a   warning,Ses motifs ventraux avertissent ses ennemis.,unique
MAIN:0x0323C8,MAIN,0x0323C8,pokedex_13x4,50,"
有很长的尾巴可以保护身体",Its tail actsas a ground  to guard it  from shocks,Sa queue évacue les décharges dans le sol.,unique
MAIN:0x0323FB,MAIN,0x0323FB,pokedex_13x4,36,"
喜欢挖洞隐藏吃食物时才出来",Lives in aridlocations farfrom water,Vit en lieux arides loin de l'eau,unique
MAIN:0x032420,MAIN,0x032420,pokedex_13x4,48,"
身体虽小但有毒牙要小心",Its venomous barbs render this Pok@mon dangerous,Ses piquants venimeux le rendent dangereux.,unique
MAIN:0x032451,MAIN,0x032451,pokedex_13x4,45,"
遇到危险时发出攻击",An aggressivePok@mon that is quick to  attack,"Agressif, il attaque sans hésiter.",unique
MAIN:0x03247F,MAIN,0x03247F,pokedex_13x4,47,"
能挥动大尾巴攻击敌人",It uses its  tail to breakthe bones of its prey,Sa queue brise les os de ses proies.,unique
MAIN:0x0324AF,MAIN,0x0324AF,pokedex_13x4,48,"
长的可爱惹很多的喜爱",This Pok@mon has many adm-irers and is very rare,"Rare, il a beaucoup d'admirateurs",unique
MAIN:0x0324E0,MAIN,0x0324E0,pokedex_13x4,49,"
出生只有一条尾巴长大后尾巴会增加","As it grows, its tails    split to formmore tails","En grandissant, ses queues se multiplient.",unique
MAIN:0x032512,MAIN,0x032512,pokedex_13x4,50,"
被激怒身体会吸取意气变大",When angered it will infl-ate to an en-ormous size,Quand en colère il gonfle à une taille énorme,unique
MAIN:0x032545,MAIN,0x032545,pokedex_13x4,45,"
能发出超声波寻找目标",Lives in darkplaces. Uses sound waves  to see,Il vit dans le noir et voit avec des ultrasons.,unique
MAIN:0x032573,MAIN,0x032573,pokedex_13x4,51,"
带有很多花粉头很重",Flaps its    petals to    scatter pois-onous pollen,Ses pétales répandent un pollen toxique.,unique
MAIN:0x0325A7,MAIN,0x0325A7,pokedex_13x4,44,"
喜欢住在洞穴中",It absorbs   energy from  the roots of trees,Il absorbe l'énergie des racines des arbres,unique
MAIN:0x0325D4,MAIN,0x0325D4,pokedex_13x4,52,"
扇动翅膀放出有毒的粉",The powdery  scales on itswings containstrong poison,Ses ailes ont des écailles très toxiques.,unique
MAIN:0x032609,MAIN,0x032609,pokedex_13x4,45,"
挖洞的本领非常强大",A team of diglets that cantrigger earthquakes,Un groupe de Taupiqueur peut causer des séismes.,unique
MAIN:0x032637,MAIN,0x032637,pokedex_13x4,51,"
有很强的意念",Uses psychic powers when  its headachesbecome worse,Sa migraine renforce ses pouvoirs psy.,unique
MAIN:0x03266B,MAIN,0x03266B,pokedex_13x4,52,"
平时温和发怒时非常可怕",Its angered  easily and   won't hesit- ate to attack,Il s'énerve facilement et attaque sans hésitation,unique
MAIN:0x0326A0,MAIN,0x0326A0,pokedex_13x4,51,"
奔跑速度和风一样快","Admired for  its beauty,  it runs as ifits on wings",Admiré pour sa beauté il court comme s'il volait,unique
MAIN:0x0326D4,MAIN,0x0326D4,pokedex_13x4,52,"
地上水中都能生活",It uses the  spiral on itsbelly to makeits foe sleep,La spirale de son ventre endort ses ennemis.,unique
MAIN:0x032709,MAIN,0x032709,pokedex_13x4,48,"
身体发出射线让敌人头疼",Waves emittedfrom its bodycan induce   headaches,Ses ondes donnent de forts maux de tête.,unique
MAIN:0x03273A,MAIN,0x03273A,pokedex_13x4,47,"
喜欢锻炼身体",It trains in martial arts to become    stronger,Les arts martiaux le rendent plus fort.,unique
MAIN:0x03276A,MAIN,0x03276A,pokedex_13x4,45,"
有厉害的胳膊可以攻击敌人",It can throw punches that sends its foeflying,Ses poings projettent ses ennemis au loin.,unique
MAIN:0x032798,MAIN,0x032798,pokedex_13x4,49,"
被它攻击后很难生还",Lures prey   with an aromathen swallowsthem whole,Attire ses proies avec un arôme puis les avale,unique
MAIN:0x0327CA,MAIN,0x0327CA,pokedex_13x4,49,"
多生长在草原和山区","Mistaken for boulders,theyare often    stepped on","Pris pour des rochers, on lui marche dessus.",unique
MAIN:0x0327FC,MAIN,0x0327FC,pokedex_13x4,51,"
身体像岩石一样坚硬",It can with- stand blasts from dynamitew/out damage,Il résiste aux explosions de dynamite.,unique
MAIN:0x032830,MAIN,0x032830,pokedex_13x4,49,"
以惊人的速度飞奔",Loves to raceit will chaseanything thatmoves fast,Adore courir il poursuit tout ce qui va vite,unique
MAIN:0x032862,MAIN,0x032862,pokedex_13x4,48,"
能发射电磁波",It uses elec-tromagnetic  waves to staysuspended,Ses ondes magnétiques le font léviter.,unique
MAIN:0x032893,MAIN,0x032893,pokedex_13x4,46,"
嘴上的大葱攻击很厉害",It uses its  sprig of oni-ons much likea sword,Il manie son poireau comme une épée.,unique
MAIN:0x0328C2,MAIN,0x0328C2,pokedex_13x4,44,"
三个头睡觉时其中一个头是清醒的","While 2 headssleep, one   head stays   awake",Quand 2 têtes dorment une tête reste éveillée,unique
MAIN:0x0328EF,MAIN,0x0328EF,pokedex_13x4,52,"
身体里具有热的能量很耐冷","Unharmed by  cold temps,itswims quicklyin cold water","Insensible au froid, il nage vite en eau glacée.",unique
MAIN:0x032924,MAIN,0x032924,pokedex_13x4,47,"
全身是污泥身体有毒","Smells so aw-ful, it can  cause people to faint",Son odeur affreuse peut faire perdre connaissance.,unique
MAIN:0x032954,MAIN,0x032954,pokedex_13x4,49,"
很神奇的瓦斯生物",Its lick sapsthe life     force from   its victim,Son coup de langue aspire la force vitale,unique
MAIN:0x032986,MAIN,0x032986,pokedex_13x4,51,"
多在月夜时出来活动",It loves to  laugh at     others when  scaring them,Il adore rire des autres quand il les effraye,unique
MAIN:0x0329BA,MAIN,0x0329BA,pokedex_13x4,45,"
据说能让人做恶梦","Puts enemies to sleep,theneats their   dreams",Endort ses ennemis puis dévore leurs rêves,unique
MAIN:0x0329E8,MAIN,0x0329E8,pokedex_13x4,46,"
钳子是最有力的武器",Its pincers  are used for balance when walking,Ses pinces servent d' équilibre en marche,unique
MAIN:0x032A17,MAIN,0x032A17,pokedex_13x4,47,"
多出现在发电厂小心自爆",It'll self-  destruct withvery little  stimulus,Il peut exploser au moindre stimulus.,unique
MAIN:0x032A47,MAIN,0x032A47,pokedex_13x4,52,"
遇到食物时会聚集同伴","Mistaken for eggs, they   quickly att- ack in swarms",Pris pour des oeufs ils attaquent en essaim,unique
MAIN:0x032A7C,MAIN,0x032A7C,pokedex_13x4,50,"
很难看到失去母亲的它的真面目",It wears the skull of its dead mother &often cries,Il porte le crâne de sa mère décédée et pleure,unique
MAIN:0x032AAF,MAIN,0x032AAF,pokedex_13x4,47,"
骨头很坚硬训练员要小心它",Its bones are1000 times   stronger thana humans,Ses os sont mille fois plus durs que les nôtres.,unique
MAIN:0x032ADF,MAIN,0x032ADF,pokedex_13x4,50,"
全身具有坚硬的皮肤保护",Its armor-   like hide canrepel even   molten lava,Sa peau blindée repousse même la lave.,unique
MAIN:0x032B12,MAIN,0x032B12,pokedex_13x4,52,"
出生地非常少抓住它的人很幸运",Rare Pok@mon that's said  to bring hap-piness to all,"Rare, il apporterait le bonheur à tous.",unique
MAIN:0x032B47,MAIN,0x032B47,pokedex_13x4,45,"
全身长着像海草一样的东西移动很轻",Its identity is swathed byseaweed like vines.,Des lianes d'algues cachent son identité.,unique
MAIN:0x032B75,MAIN,0x032B75,pokedex_13x4,49,"
小时候藏在母亲的育儿袋中不出来",It won't run from a fight to keep its  young safe,Il ne fuit pas au combat pour protéger ses petits,unique
MAIN:0x032BA7,MAIN,0x032BA7,pokedex_13x4,44,"
受攻击时可以发射墨汁","If in danger,it will sprayink from its mouth","En danger, il projette de l'encre par la bouche.",unique
MAIN:0x032BD4,MAIN,0x032BD4,pokedex_13x4,47,"
号称水中女王",Swims in big groups when  it's time to lay eggs,Il nage en groupe à la saison de la ponte.,unique
MAIN:0x032C04,MAIN,0x032C04,pokedex_13x4,45,"
身体的一部分断掉后可以再生长出来",It can grow  back any app-endage it    loses.,Tout membre perdu peut repousser.,unique
MAIN:0x032C32,MAIN,0x032C32,pokedex_13x4,48,"
遇到攻击会用大脚反复踢打敌人",It makes foesbelieve some-thing exists by miming,Il mime des objets pour tromper ses ennemis.,unique
MAIN:0x032C63,MAIN,0x032C63,pokedex_13x4,51,"
靠晃动身体来移动具有天使之吻","It shifts itships as it   walks, as if it's dancing",Il balance ses hanches comme s'il dansait.,unique
MAIN:0x032C97,MAIN,0x032C97,pokedex_13x4,52,"
据说在发电厂消失时引发城市大停电",They are seennear power   plants and   cause outages,"Près des centrales, il cause des pannes.",unique
MAIN:0x032CCC,MAIN,0x032CCC,pokedex_13x4,50,"
遇到食物一边攻击一边吞食",A rowdy Pok@-mon that     charges at   its enemies,Ce Pokémon turbulent charge ses ennemis.,unique
MAIN:0x032CFF,MAIN,0x032CFF,pokedex_13x4,50,"
强大且残暴据说很少出现","Huge and vic-ious, it can destroy an   entire city",Énorme et féroce il peut détruire une ville,unique
MAIN:0x032D32,MAIN,0x032D32,pokedex_13x4,45,"
有很神奇的遗传因子",It may mutateif exposed toelemental    stones,Il peut muter au contact de pierres élémentaires.,unique
MAIN:0x032D60,MAIN,0x032D60,pokedex_13x4,48,"
生活在水边有像鱼一样的尾巴",It's tail is often mist-  aken for a   mermaid's,Sa queue est souvent prise pour celle d'une sirène.,unique
MAIN:0x032D91,MAIN,0x032D91,pokedex_13x4,51,"
身体能聚集火焰体温高达九百度","When storing energy, its  body temp.canreach 1600'F",Il stocke de l'énergie et atteint 900 degrés.,unique
MAIN:0x032DC5,MAIN,0x032DC5,pokedex_13x4,52,"
灭绝的怪兽后来从化石复活又有了它","An ancient   Pok@mon,swimsby twisting  its tentacles",Ce Pokémon ancien nage avec ses tentacules.,unique
MAIN:0x032DFA,MAIN,0x032DFA,pokedex_13x4,52,"
灭绝的怪兽后来从化石复活",Resurrected  from a fossilin what used to be the sea,Ressuscité d'un fossile dans ce qui était la mer,unique
MAIN:0x032E2F,MAIN,0x032E2F,pokedex_13x4,47,"
吃了睡睡了吃所以很胖",A very lazy  Pok@mon that will devour  anything,"Très paresseux, il dévore tout.",unique
MAIN:0x032E5F,MAIN,0x032E5F,pokedex_13x4,51,"
传说中的鸟可以冻僵一切",Mystical birdsaid to help people lost  in blizzards,Il guide les égarés dans les blizzards.,unique
MAIN:0x032E93,MAIN,0x032E93,pokedex_13x4,48,"
被称为幻影精灵生活在水底",Thought to bea myth till  it was recen-tly found,"Pris pour un mythe, il fut découvert récemment.",unique
MAIN:0x032EC4,MAIN,0x032EC4,pokedex_13x4,50,"
是一种新的生命可以改变天气",A mystical   Pok@mon that gives off a  gentle aura,Ce Pokémon mystique dégage une aura douce.,unique
MAIN:0x032EF7,MAIN,0x032EF7,pokedex_13x4,50,"
科学家经过遗传因子研究出的生物",Created by a scientist    using geneticexperiments,Un savant l'a créé par génie génétique.,unique
MAIN:0x032F2A,MAIN,0x032F2A,pokedex_13x4,51,"
三大法皇之一雷电霸王",A powerful   Pok@mon whosebark sounds  like thunder,Son aboiement gronde comme le tonnerre.,unique
MAIN:0x032F5E,MAIN,0x032F5E,pokedex_13x4,39,"
身体有七彩颜色它的传说源远流长",Rainbows are said to form when it flies,On dit qu'il crée des arcs-en-ciel en volant.,unique
MAIN:0x032F9B,MAIN,0x032F9B,pokedex_13x4,52,"
生活在海底的神兽精灵",Legendary    Pokemon who  is said to   rule the seas,Ce Pokémon légendaire régnerait sur les mers.,unique
MAIN:0x032FD0,MAIN,0x032FD0,pokedex_13x4,49,"
宝石大陆的谜之生物大地之王","According to myth,it crea-ted Earth's  continents","Selon le mythe, il créa les continents.",unique
MAIN:0x033060,MAIN,0x033060,,3,"
居合斩",Cut,Coupe,unique
MAIN:0x033064,MAIN,0x033064,,3,"
飞天术",Fly,Vol,unique
MAIN:0x03306D,MAIN,0x03306D,,8,"
怪力术",Strength,Force   ,unique
MAIN:0x03307C,MAIN,0x03307C,,4,"
绝传01",HM01,CS01,unique
MAIN:0x033081,MAIN,0x033081,,4,"
绝传02",HM02,CS02,unique
MAIN:0x033086,MAIN,0x033086,,4,"
绝传03",HM03,CS03,unique
MAIN:0x03308B,MAIN,0x03308B,,4,"
绝传04",HM04,CS04,unique
MAIN:0x033090,MAIN,0x033090,,4,"
绝传05",HM05,CS05,unique
MAIN:0x033095,MAIN,0x033095,,10,"
真新镇",<B707><B709><B70B>    ,Bourg Palette,unique
MAIN:0x0330A0,MAIN,0x0330A0,,10,"
常青市",<B70D><B70F><B711><B713>  ,Jadielle,unique
MAIN:0x0330AB,MAIN,0x0330AB,,10,"
地鼠山洞",<B715><B717><B719><B71B>  ,Forêt de Jade,unique
MAIN:0x0330B6,MAIN,0x0330B6,,10,"
尼比市",<B71D><B71F><B721>    ,Argenta,unique
MAIN:0x0330C1,MAIN,0x0330C1,,10,"
月见山洞",Mt.Moon   ,Mont Sélénite,unique
MAIN:0x0330CC,MAIN,0x0330CC,,10,"
华蓝市",<B723><B725><B727><B729>  ,Azuria,unique
MAIN:0x0330D7,MAIN,0x0330D7,,10,"
石山矿野",<B72B><B72D><B72F>    ,Grotte,unique
MAIN:0x0330E2,MAIN,0x0330E2,,10,"
紫苑镇",<B731><B733><B735><B737>  ,Lavanville,unique
MAIN:0x0330ED,MAIN,0x0330ED,,10,"
金黄市",<B739><B73B><B73D><B73F>  ,Safrania,unique
MAIN:0x0330F8,MAIN,0x0330F8,,9,"
彩虹市",<B741><B743><B745><B747> ,Céladopole,unique
MAIN:0x033102,MAIN,0x033102,,10,"
枯叶市",<B749><B74B><B74D><B74F><B751>,Carmin sur Mer,unique
MAIN:0x03310D,MAIN,0x03310D,,10,"
浅红市",<B753><B755><B757><B759>  ,Parmanie,unique
MAIN:0x033118,MAIN,0x033118,,10,"
红莲镇",<B75B><B75D><B75F><B761>  ,Cramois'Île,unique
MAIN:0x033123,MAIN,0x033123,,10,"
冠军之路",<B763><B765><B767><B769>  ,Route Victoire,unique
MAIN:0x0331EF,MAIN,0x0331EF,dialogue_19_19,27,"
女孩:能来到这里不简单",0Are you good enoughfor me?,Tu as dû en baver pour arriver jusqu'ici !,unique
MAIN:0x03320B,MAIN,0x03320B,dialogue_19_19,24,"
女孩:之后就看你的",I never wanted to  lose!,"À toi de jouer, maintenant.",unique
MAIN:0x033224,MAIN,0x033224,dialogue_19_19,19,"
男孩:看来你也是来挑战联盟的了",I can see your good,"Toi aussi, tu viens défier la Ligue ?",unique
MAIN:0x033238,MAIN,0x033238,dialogue_19_19,26,"
男孩:你有机会夺取冠军啊","I concede, you're  better.",Tu pourrais devenir Champion !,unique
MAIN:0x033253,MAIN,0x033253,dialogue_19_19,25,"
训兽师:觉悟吧",Is Victory Road tootough?,Prépare-toi !,unique
MAIN:0x03326D,MAIN,0x03326D,dialogue_19_19,10,"
训兽师:我已经觉悟了!",Well done!,J'étais prêt !,unique
MAIN:0x033278,MAIN,0x033278,dialogue_19_19,23,"
魔术师:为什么要来这里?",Come on! I'll whip you!,Pourquoi es-tu là ?,unique
MAIN:0x033290,MAIN,0x033290,dialogue_19_19,14,"
魔术师:你的目标的确伟大!",I got whipped.,Tu vises haut !,unique
MAIN:0x03329F,MAIN,0x03329F,dialogue_19_19,123,"
小茂:怎么了?小智在这里遇见你还真是偶然啊!你也去宠物精灵联盟啊?徽章也都收集齐了,干的不错嘛!不过在去联盟之前先和我比试一场吧!","<B0B6><B1EC>:<B2D0><B1E6><B0F8>?<B0B6><B0B7><B0B8><B0EE><B0BF><B4DA><B2CD><B0C5><B2BD><B1F5><B0C2><B9E3><B2AA><B2AC>!<B0C5><B0F6><B0C7><B0C0><B0C1><B0A1><B0A2><B3CE><B3CF><B2AC>?<B3D1><B3D2><B0F6><B1C0><B6B7><B6B8><BDE5><B0F8>,<B5A5><B0BC><B0CE><B2DC><B1DC>!<B0CE><B3D4><B0B8><B0C7><B3CE><B3CF><B3E3><B3DD><B6E0><B0C9><B1C2><B2B2><B4A3><B1D1><B3B5><B0BE>!","RÉGIS : Tiens,
Sacha !
Quelle surprise !
Tu vas à la Ligue ?
Tous tes Badges !
Pas mal ! Bats-moi.",unique
MAIN:0x03331B,MAIN,0x03331B,dialogue_19_19,121,"
小茂:我只是一时太大意了,可恶!不过你这样的水平想称霸精灵联盟...你还是多练习一下比较好!我多管闲事了啊,那我先走了!再会了...","<0A><B0B6><B1EC>:<B1C2><B2BE><B0C2><B1D1><B0F0><B6C6><B1BE><B4A5><B0F8>,<B0DE><B5E0>!<B0CE><B3D4><B0C5><B0EE><B2DA><B0BC><B5F7><B5DC><B1D7><B1C8><BBD4><B0A1><B0A2><B3CE><B3CF>...<B0C5><B2BD><B0C2><B0C8><B2C5><B2C6><B1D1><B0F9><B2B2><B3EB><B1B4>!<B1C2><B0C8><B3A4><B5C0><B1D5><B0F8><B2AC>,<B0B9><B1C2><B6E0><B7C3><B0F8>!<B0FB><B1F9><B0F8>...","RÉGIS : Zut !
J'étais distrait.
À ce niveau, jamais
tu ne gagneras
la Ligue.
Entraîne-toi !
Je trace. À plus !",unique
MAIN:0x033395,MAIN,0x033395,dialogue_19_19,39,"
守卫:啊!你拿的的确是联盟徽章!请通过吧!",<0A><B3DF><B3E0>:<B2AC>!<B0C5><B0C6><B0BC><B0BC><B9DB><B0C2><B3CE><B3CF><B3D1><B3D2>!<B2D8><B3DA><B3D4><B0BE>!,"GARDE : Oh !
Tes Badges de Ligue
sont authentiques !
Tu peux passer !",unique
MAIN:0x0333BD,MAIN,0x0333BD,dialogue_19_19,37,"
魔术师:你知道什么是魔术吗?",You're gonna take  on the Elite Four?,"Magie, tu connais ?",unique
MAIN:0x0333E3,MAIN,0x0333E3,dialogue_19_19,27,"
魔术师:不可思议...",You should have no trouble.,Incroyable...,unique
MAIN:0x0333FF,MAIN,0x0333FF,dialogue_19_19,37,"
空手道:你辛苦了,不过也到此为止",This is the final  test for trainers!,"Tu t'es bien battu, mais tu t'arrêtes ici !",unique
MAIN:0x033425,MAIN,0x033425,dialogue_19_19,16,"
空手道:我竟然输了...",I need to train.,Dire que j'ai perdu...,unique
MAIN:0x033436,MAIN,0x033436,dialogue_19_19,24,"
女孩:告诉你我要结婚了!",The Elite Four is  next!,Je vais me marier !,unique
MAIN:0x03344F,MAIN,0x03344F,dialogue_19_19,13,"
女孩:我不想嫁人了,你做我老公好吗?",Unbelievable!,"Finalement, non... Tu veux m'épouser ?",unique
MAIN:0x03345D,MAIN,0x03345D,dialogue_19_19,33,"
女孩:为什么我的精灵都不强呢?",I heard about a    young prodigy.,"Pourquoi sont-ils
tous si faibles ?",unique
MAIN:0x03347F,MAIN,0x03347F,dialogue_19_19,31,"
女孩:是因为我没有用爱心吧...",You really beat    Team Rocket?,Je manque sûrement d'amour pour eux...,unique
MAIN:0x03349F,MAIN,0x03349F,dialogue_19_19,29,"
男孩:我不会让你再前进的",Only the chosen canpass here!,Tu n'iras pas plus loin !,unique
MAIN:0x0334BD,MAIN,0x0334BD,dialogue_19_19,19,"
男孩:是天意啊",I don't believe it!,C'était écrit...,unique
MAIN:0x0334D1,MAIN,0x0334D1,dialogue_19_19,105,"
裁判:未来的冠军,来到这里真不容易不过挑战四大天王的决胜规则就是将四人一一打败如果输了就从第一人从新打起!加油了!","From here on, you  face the Elite Fourone by one! If you win, a door opens  to the next trainerGood luck!",Futur Champion ! Bats les quatre de suite. Toute défaite te renvoie au début. Courage !,unique
MAIN:0x03353B,MAIN,0x03353B,dialogue_19_19,71,"
女孩:现在就开始四大天王的对战!朝最强努力吧!","Here at the Pok@monLeague, you have toface the Elite Fourin succession.","Tu vas affronter
les quatre membres
du Conseil des 4.
Vise la victoire !",unique
MAIN:0x033583,MAIN,0x033583,dialogue_19_19,128,"
加纳:欢迎来到宠物精灵联盟!我是冰系四天王加纳!还没碰过害怕的东西,让我生气了就让你的精灵动弹不得!哈哈觉悟吧!","Welcome,I'm Loreleiof the Elite Four! Your Pok@mon will  be at my mercy whenthey're frozen     solid! Hahaha!     Are you ready?","Bienvenue !
Je zuis OLGA,
du Conzeil des 4 !
Ma glaze va figer
toute ton équipe !
Ach ! Z'est parti !",unique
MAIN:0x033604,MAIN,0x033604,dialogue_19_19,89,"
加纳:你到底是什么人物?...好吧,我输了就朝下一个房间前进吧",You're better than I thought! Go on   ahead!This was justa taste of Pok@mon League power!,"Tu es fort.
Z'est bien.
J'ai perdu.
Passe dans la salle
suivante !",unique
MAIN:0x03365E,MAIN,0x03365E,dialogue_19_19,133,"
西巴:我是地系四天王西巴!不管是精灵或人只要战斗磨练都能变的很强,就靠这中磨练与我的精灵工生存!你是小智吧,来尝尝我们的超级力量吧!","I am Bruno of the  Elite Four! Throughrigorous training, people and Pok@mon can become strongerAsh! We will grind you with our power!","Mon nom est ALDO,
du Conseil des 4 !
Mes Pokémon et moi,
on adore la muscu !
Sacha, en garde !
À table !",unique
MAIN:0x0336E4,MAIN,0x0336E4,dialogue_19_19,48,"
西巴:到底是怎么回事?我竟然输了...既然输了,我无话可说,你就前进吧!",My job is done! Go face your next     challenge!,"J'ai perdu...
Bien joué !
La suite t'attend.",unique
MAIN:0x033715,MAIN,0x033715,dialogue_19_19,254,"
菊子:我是鬼系四天王菊子,听说真新镇的大木博士相当疼你!大木博士以前是相当强的男人!现在看不出来了,光只是做宠物精灵图鉴是不够的!精灵是要用来战斗的!让我来教你真正的战斗吧!","I am Agatha of the Elite Four! Oak's  taken a lot of int-erest in you,child!That old duff was  once tough and han-dsome! Now he just wants to fiddle    with his Pok@dex,  He's wrong! Pok@monare for fighting!  Ash! I'll show you how a real trainer fights!","Je suis AGATHA,
du Conseil des 4 !
CHEN mise sur toi.
Ce vieux machin
était fort et beau.
Mais le Pokédex
ne suffit pas :
les Pokémon
servent au combat !
Je vais te montrer
un vrai combat !",unique
MAIN:0x033814,MAIN,0x033814,dialogue_19_19,76,"
菊子:真了不起啊,是你胜了,大木博士真有眼光,我心服口服你就朝下一个房间去吧!","I see what he sees in you now! I have nothing else to sayRun along now,child","Je vois pourquoi
CHEN t'apprécie !
J'ai perdu.
Tu peux passer.",unique
MAIN:0x033861,MAIN,0x033861,dialogue_19_19,146,"
瓦它诺:你是小智?我是龙系四天王菊子瓦它诺,你应该知道龙是神圣传说中的生物,很难抓但培育的好将是天下第一!一般的攻击对龙系是没用的!开始吧,我会让你夹着尾巴逃跑的!",I heard about you Ilead the Elite FourI am Lance the dra-gon tamer! Dragon'spowers are superiorReady to lose? YourLeague challenge   ends with me!,"Moi, c'est PETER !
Je dirige
le Conseil des 4 !
Les dragons sont
des êtres sacrés.
Durs à capturer,
ils sont presque
invincibles !
Le glas sonne...
Tu vas perdre !",unique
MAIN:0x0338F4,MAIN,0x0338F4,dialogue_19_19,180,"
瓦它诺:虽然难过但你的技术一流!我想说小智从今开始你是宠物精灵联盟的冠军!但你必须再与一人战斗不可!那位训练家就是...小茂!他比你早战胜我们四天王,所以你们要决出真正的冠军,去吧小智!","I can't believe my dragons lost! You  are the League Cha-mpion!...or,you    would have been.   Another trainer    named Gary beat theElite Four before  you! He is the realchampion!","Incroyable !
Tu mérites le titre
de Maître Pokémon !
Enfin...
Pas encore !
RÉGIS a déjà battu
le Conseil des 4.
Bats-le et deviens
le vrai Champion !",unique
MAIN:0x0339A9,MAIN,0x0339A9,dialogue_19_19,158,"
小茂:小智啊?你也来了?既然做为对手的你这么弱也没什么好竞争的!我在收集图鉴的同时也找到一些完美的精灵!告诉你吧,我就是世界最强的精灵训练师!!","Hey Ash! I looked  all over for power-ful Pokemon and    assembled a strong team, now I'm the  League Champion!   I'm the strongest  trainer in the     world!","RÉGIS : Bonjour,
minable. Toi, ici ?
En complétant
mon Pokédex,
j'ai trouvé
l'équipe parfaite !
Je suis le meilleur
Dresseur du monde !",unique
MAIN:0x033A48,MAIN,0x033A48,dialogue_19_19,310,"
大木博士:堂堂正正的赢了!恭喜你小智,从你刚开始得到比卡丘开始到现在你真的变强了,应该说你长大了!小茂...真是可惜!听说你战胜四天王而飞奔到这里,但看到你到最后输了!你知道为什么会输吗?因为你忘了给予精灵们信任和感情!所以你再怎么努力也不可能站在高峰的!","So,you won! Congra-tulations! You've  grown so much sinceyou first left withPikachu, Ash! I'm  disappointed Gary, I came when I heardyou became League  Champion.But you   already lost, do   you understand why?You've forgotten totreat your Pok@mon with trust and lovewithout them,you'llnever become champ again.","PROF. CHEN : Bravo,
Sacha !
Pikachu et toi
avez bien grandi.
Régis... Dommage !
Je venais saluer
le Champion.
Mais tu as perdu.
Pourquoi ?
Tu leur as refusé
amour et confiance.
Sans ce lien
tu ne seras jamais
Champion !",unique
MAIN:0x033B7F,MAIN,0x033B7F,dialogue_19_19,126,"
大木博士:小智,你能制霸宠物精灵联盟!不是你一个人的力量!是你与精灵之间巧妙的感情!小智你跟我来!","Ash, you understandyour victory was   not your own doing!The bond you share with your Pok@mon  is marvelous! Come with me,Ash!","PROF. CHEN :
Sacha ! Ta victoire
vient du lien
qui t'unit
à tes Pokémon.
C'est merveilleux !
Suis-moi !",unique
MAIN:0x033BFE,MAIN,0x033BFE,dialogue_19_19,178,"
大木博士:小智,你经过激烈的战斗!而如今成为联盟冠军!在此记录下小智的名字与精灵的名字吧!和我一起回家吧,你妈妈一定很想你","Congratulations AshThis is the Pok@monHall of Fame!  The League Champions   and their Pok@mon  are honored here!  Congratulations,Ashyou and your  Pok@-mon are Hall of    Famers!",PROF. CHEN : Sacha est Champion ! Inscrivons ton nom et tes Pokémon. Rentrons : ta mère t'attend.,unique
MAIN:0x033CB1,MAIN,0x033CB1,dialogue_19_19,62,"
妈妈:听说华蓝市附近有个山洞发生异常,连精灵联盟的四天王加纳都去调查了...","Ash,Lorelei was    looking for you,shewent to Cerulean   cave.",MAMAN : Étrange phénomène près d'Azuria. Olga enquête...,unique
MAIN:0x033CF0,MAIN,0x033CF0,dialogue_19_19,105,"
裁判:真是抱歉,四天王的加纳因为不在所以现在联盟暂停训练家挑战...加纳好像去华蓝市调查异变去了...","00000000000<B3FC><B3FD>:<B1F5><B0C2><B9FA><B9FB>,<B1E1><B1AD><B4F7><B0BC><B2FC><BDAB><B0E9><B0EA><B0CE><B0B8><B0AD><B0DF><B2F5><B0B8><B3CE><B3CF><B0EF><B3DB><B2DE><B2C5><B1BF><B3FB><B0F2>...<B2FC><BDAB><B1B4><B1B5><B0C7><B4CF><B4D0><B4D1><BDF6><BDAA><BCEC><B3D6><B0C7><B0F8>...","ARBITRE :
Désolé.
Olga est absente,
alors la Ligue
suspend les défis.
Elle enquête
à Azuria...",unique
MAIN:0x033D5B,MAIN,0x033D5B,dialogue_19_19,11,"
超梦:......",MewTwo:....,MEWTWO : ...,unique
MAIN:0x033D67,MAIN,0x033D67,dialogue_19_19,247,"
加纳:原来发生异变的原因就是这只超梦引起的.","There you are Ash! It seems TeamRockethas appeared again,they've gone to    Indigo Plateau. Oh!And I have some-   thing for you as   well, here's a passto go to Navel RockYou can get there  by the S.S. Anne.  I'll see you at    Indigo Plateau Ash.","OLGA : Mewtwo
causait tout ça.",unique
MAIN:0x033E5F,MAIN,0x033E5F,dialogue_19_19,74,"
船员:那个是梦幻船票??那么请进!!欢迎再次来乘做铁达尼号!","Hello, May I see   your pass for NavelRock?              ...Thank you sir!",Un Ticket Mystik ? Monte à bord ! Bienvenue à nouveau sur l'Océane !,unique
MAIN:0x033EAA,MAIN,0x033EAA,dialogue_19_19,63,"
凤凰:......",000000000000000000000000000000000000000000000000000Ho-oh: Kwee!,HO-OH : ...,unique
MAIN:0x033EEA,MAIN,0x033EEA,dialogue_19_19,13,"
路基亚:......",Lugia: Roar!!,LUGIA : ...,unique
MAIN:0x033EF8,MAIN,0x033EF8,dialogue_19_19,76,"
船员:怎么样,是场神奇的旅行吧.现在精灵联盟因为四天王的加纳又回来了,所以又开始接受新的冠军挑战了!","Welcome to Navel   Rock! If you'd liketo leave, just     board the S.S.Anne.","Quel voyage !
Olga est revenue :
la Ligue rouvre !",unique
MAIN:0x033F45,MAIN,0x033F45,dialogue_19_19,127,"
加纳:欢迎来到宠物精灵联盟!我是冰系四天王加纳!还没碰过害怕的东西,让我生气了就让你的精灵动弹不得!哈哈觉悟吧!","000000000000000000000<B2FC><BDAB>:<B0D2><B0D3><B0FC><B0DB><B0C0><B0C1><B0A1><B0A2><B3CE><B3CF>!<B1C2><B0C2><BAE8><B0AF><B1E1><B1AD><B4F7><B2FC><BDAB>!<B2BD><B2B6><B8A4><B3D4><B3EE><B8AC><B0BC><B0D5><B0D6>,<B2CB><B1C2><B1C9><B4AA><B0F8><B2AB><B2CB><B0C5><B0BC><B0A1><B0A2><B0B2><BBF7><B0CE><B2C1>!<B3BC><B3BC><B5EB><BAB8><B0BE>!","OLGA : Bienvenue !
Je zuis OLGA,
du Conzeil des 4 !
Ma glaze va figer
toute ton équipe !
Ach ! Z'est parti !",unique
MAIN:0x033FC5,MAIN,0x033FC5,dialogue_19_19,57,"
加纳:你到底是什么人物?...好吧,我输了就朝下一个房间前进吧","<0A><B2FC><BDAB>:<B0C5><B0DB><B3D5><B0C2><B2AF><B1E6><B2B5><B0C1>?...<B1B4><B0BE>,<B1C2><B3F1><B0F8><B2AB><B3FE><B0F9><B1D1><B0BA><B9EA><BAF1><B3DD><B3DE><B0BE>","OLGA : Tu es fort.
Z'est bien.
J'ai perdu.
Passe à la suite !",unique
MAIN:0x033FFF,MAIN,0x033FFF,dialogue_19_19,127,"
西巴:我是地系四天王西巴!不管是精灵或人只要战斗磨练都能变的很强,就靠这中磨练与我的精灵工生存!你是小智吧,来尝尝我们的超级力量吧!","<0A><B0D6><BBC0>:<B1C2><B0C2><B3BB><B0AF><B1E1><B1AD><B4F7><B0D6><BBC0>!<B0CE><B3A4><B0C2><B0A1><B0A2><B1CB><B2B5><B2BE><B0C3><B0F2><B4B7><BDEC><B2C5><B1C0><B0EC><B3D6><B0BC><B3F7><B2C9>,<B2AB><BAC4><B0EE><B0DC><BDEC><B2C5><B2A1><B1C2><B0BC><B0A1><B0A2><B3B2><B1C9><B0A5>!<B0C5><B0C2><B0B6><B0B7><B0BE>,<B0FC><B7EA><B7EA><B1C2><B2EF><B0BC><B4E4><B8B2><B0E3><B3EC><B0BE>!","ALDO : Je suis ALDO
du Conseil des 4 !
Mes Pokémon et moi,
on adore la muscu !
Sacha, en garde !
À table !",unique
MAIN:0x03407F,MAIN,0x03407F,dialogue_19_19,65,"
西巴:到底是怎么回事?我竟然输了...既然输了,我无话可说,你就前进吧!","<0A><B0D6><BBC0>:<B0DB><B3D5><B0C2><B2D0><B1E6><B2A3><B1D5>?<B1C2><B7D5><B2AA><B3F1><B0F8>...<B2A9><B2AA><B3F1><B0F8>,<B1C2><B3E6><B1EF><B0DE><B1E7>,<B0C5><B2AB><B3DD><B3DE><B0BE>!","ALDO : Perdu...
Bien joué !
La suite t'attend.",unique
MAIN:0x0340C1,MAIN,0x0340C1,dialogue_19_19,167,"
菊子:我是鬼系四天王菊子,听说真新镇的大木博士相当疼你!大木博士以前是相当强的男人!现在看不出来了,光只是做宠物精灵图鉴是不够的!精灵是要用来战斗的!让我来教你真正的战斗吧!","<0A><BADE><B1DF>:<B1C2><B0C2><B7B2><B0AF><B1E1><B1AD><B4F7><BADE><B1DF>,<B1F1><B1E7><B1F5><B2D5><B2D6><B0BC><B1BE><B1C3><B1C4><B1C5><B0D0><B2C4><B5F2><B0C5>!<B1BE><B1C3><B1C4><B1C5><B0DF><B3DD><B0C2><B0D0><B2C4><B2C9><B0BC><B1DD><B2B5>!<B2F5><B0B8><B0FD><B0CE><B0A4><B0FC><B0F8>,<B0E4><B2BE><B0C2><B2B4><B0C0><B0C1><B0A1><B0A2><B2F1><B2F2><B0C2><B0CE><B0F1><B0BC>!<B0A1><B0A2><B0C2><B0C3><B1A8><B0FC><B0F2><B4B7><B0BC>!<B2CB><B1C2><B0FC><B7DB><B0C5><B1F5><B2BA><B0BC><B0F2><B4B7><B0BE>!","AGATHA :
Conseil des 4 !
CHEN mise sur toi.
Ce vieux machin
était fort et beau.
Mais le Pokédex
ne suffit pas :
les Pokémon
servent au combat !
Montre-moi
ce que tu vaux !",unique
MAIN:0x034169,MAIN,0x034169,dialogue_19_19,157,"
瓦它诺:你是小智?我是龙系四天王菊子瓦它诺,你应该知道龙是神圣传说中的生物,很难抓但培育的好将是天下第一!一般的攻击对龙系是没用的!开始吧,我会让你夹着尾巴逃跑的!","<0A><BAF4><B6A6><BBCF>:<B0C5><B0C2><B0B6><B0B7>?<B1C2><B0C2><B6D9><B0AF><B1E1><B1AD><B4F7><BADE><B1DF><BAF4><B6A6><BBCF>,<B0C5><B6B9><B3B3><B2D7><B1A4><B6D9><B0C2><B6DD><BCB3><B6F2><B1E7><B0DC><B0BC><B1C9><B0C1>,<B3F7><B4A7><B2C0><B3A8><B6A3><B6D8><B0BC><B1B4><B1D2><B0C2><B1AD><B0F9><B6A7><B1D1>!<B1D1><BAFD><B0BC><B4AB><B4AC><B0E7><B6D9><B0AF><B0C2><B2B6><B1A8><B0BC>!<B1D9><B1DA><B0BE>,<B1C2><B1F9><B2CB><B0C5><BCBB><B1C7><BBD0><BBC0><B3EF><B8B9><B0BC>!","PETER :
Je dirige
le Conseil des 4 !
Les dragons sont
des êtres sacrés.
Durs à capturer,
ils sont presque
invincibles !
Le glas sonne...
Tu vas perdre !",unique
MAIN:0x034207,MAIN,0x034207,dialogue_19_19,118,"
瓦它诺:虽然难过但你的技术一流!不过要想成为真正的冠军就应该进入冠军的房间打败里面的训练师!!他比你早一步打败我们四天王!",<0A><BAF4><B6A6><BBCF>:<B4A4><B2AA><B4A7><B3D4><B3A8><B0C5><B0BC><B4BF><B1AE><B1D1><B9D7>!<B0CE><B3D4><B0C3><B1D7><B2EA><B0EA><B1F5><B2BA><B0BC><B4A1><B4A2><B2AB><B6B9><B3B3><B3DE><B5BB><B4A1><B4A2><B0BC><B9EA><BAF1><B0CF><B6A2><B0BF><B4A8><B0BC><B2DE><B2C5><B2DF>!!<B1F0><B2B2><B0C5><B2BB><B1D1><B7D4><B0CF><B6A2><B1C2><B2EF><B1E1><B1AD><B4F7>!,"PETER : Bien joué !
Mais pour être
le vrai Champion,
bats le Dresseur
qui nous a vaincus.
Il t'attend
dans la salle
suivante !",unique
MAIN:0x03427E,MAIN,0x03427E,dialogue_19_19,368,"
小智:你们就是新的冠军?啊?难道你们是...","Jesse: Long time nosee brat! Our boss has disbanded Team Rocket because of  you!               James: We plan to  take over Indigo   Plateau and make   sure Team Rocket   takes its place as true Pok@mon mast- ers. We can't allowa dreadful little  twerp such as your-self stand in our  way!               Meowth:Hehe, you   don't stand a      chance against     Meowth!","SACHA : C'est vous, les nouveaux Champions ? Hein ? Vous êtes...",unique
MAIN:0x0343EF,MAIN,0x0343EF,dialogue_19_19,140,,"James: Again! We   lost again to this twerp!             Jesse&James: Looks like Team Rocket's blasting off again!Meowth:Hey,Wait forMeowth!",JAMES : Encore battus ! Va défier le nouveau chef !,non_aligne
MAIN:0x03447C,MAIN,0x03447C,dialogue_19_19,241,"
大木博士:你又堂堂正正的赢了!恭喜你小智,从你刚开始得到比卡丘开始到现在你真的变强了,应该说你长大了!小智,你能制霸宠物精灵联盟!不是你一个人的力量!是你与精灵之间巧妙的感情!小智你跟我来!","0000000000000000000000000000000000000000000000000000000000000<B1BE><B1C3><B1C4><B1C5>:<B0C5><B5B0><BDF2><BDF2><B2BA><B2BA><B0BC><B3F5><B0F8>!<BBA6><B6EB><B0C5><B0B6><B0B7>,<B1FA><B0C5><B2BF><B1D9><B1DA><B2C1><B0DB><B2B2><B2C2><B2C3><B1D9><B1DA><B0DB><B2F5><B0B8><B0C5><B1F5><B0BC><B3D6><B2C9><B0F8>,<B6B9><B3B3><B1E7><B0C5><B2EB><B1BE><B0F8>!<B0B6><B0B7>,<B0C5><B0EC><B2E4><BBD4><B0C0><B0C1><B0A1><B0A2><B3CE><B3CF>!<B0CE><B0C2><B0C5><B1D1><B0BA><B2B5><B0BC><B0E3><B3EC>!<B0C2><B0C5><B2A1><B0A1><B0A2><B3E3><BAF1><BDF5><B7FC><B0BC><B5EA><B7AB>!<B0B6><B0B7><B0C5><B2A2><B1C2><B0FC>!","PROF. CHEN : Bravo,
Sacha !
Avec Pikachu,
tu as tant grandi !
Grâce au lien noué
avec tes Pokémon,
tu as gagné !
Suis-moi !",unique
MAIN:0x03456E,MAIN,0x03456E,dialogue_19_19,117,"
大木博士:小智,你经过激烈的战斗!而如今成为联盟冠军!在此记录下小智的名字与精灵的名字吧!和我一起回家吧,你妈妈一定很想你","<0A><B1BE><B1C3><B1C4><B1C5>:<B0B6><B0B7>,<B0C5><B2A5><B3D4><BAB4><BBC8><B0BC><B0F2><B4B7>!<B1CE><B1FE><B6C9><B2EA><B0EA><B3CE><B3CF><B4A1><B4A2>!<B0B8><BDE7><B2F8><B2F9><B0F9><B0B6><B0B7><B0BC><B3B1><B9B1><B2A1><B0A1><B0A2><B0BC><B3B1><B9B1><B0BE>!<B0C9><B1C2><B1D1><B0E8><B2A3><B1BF><B0BE>,<B0C5><B1DB><B1DB><B1D1><B2B1><B3F7><B1D7><B0C5>","PROF. CHEN : Bravo,
Sacha !
Te voilà Champion
de la Ligue !
Notons vos noms.
Puis rentrons :
ta mère t'attend.",unique
MAIN:0x0345E4,MAIN,0x0345E4,dialogue_19_19,113,"
妈妈:我听说你要去彩虹市的南晶科技开发部挑战名叫卡美优的训练师!听说他的精灵至今还没有被人打败过,你千万要小心啊...","<0A><B1DB><B1DB>:<B1C2><B1F1><B1E7><B0C5><B0C3><B0C7><B6CA><B8FD><B4D1><B0BC><B0A7><B0A8><BDE0><B4BF><B1D9><B2F4><B6C1><B3FB><B0F2><B3B1><B1C1><B2C2><B6A8><B8EE><B0BC><B2DE><B2C5><B2DF>!<B1F1><B1E7><B1F0><B0BC><B0A1><B0A2><BDFA><B6C9><B2BD><B2B6><B0AE><B1B6><B2B5><B0CF><B6A2><B3D4>,<B0C5><B8F9><B4B1><B0C3><B0B6><B0DD><B2AC>...","MAMAN : Kameiyu, chez Nanjing Tech à Céladopole, aurait des Pokémon invaincus. Tu vas le défier ? Prudence...",unique
MAIN:0x034656,MAIN,0x034656,raw,74,,"<0A><B2C2><B6A8><B8EE>:<B0B6><B0B7>,<B1C2><B2D7><B1A4><B0C5><B1D1><B2B1><B1F9><B0FC><B0BC>!<B0EE><B1D1><B0F2><B6B9><B3B3><B2B6><B0AE><B3BD><B6DA><BDDD><BDFB><B0BE>!!<B0FC><B0BE>,<BAFA><BAFB><B1B4><B0F8><B0D7>?","KAMEYU : Sacha, je savais que tu viendrais ! Prêt ?",non_aligne
MAIN:0x0346A1,MAIN,0x0346A1,dialogue_19_19,151,"
卡美优:不错,你的实力在这个石英地区已经无人能敌了,但别忘了人外有人天外有天啊,在这个世界上还存在别的大陆...有机会的话一定要去宝石大陆看看,那里有这里所没有的精灵!!!那么你的精灵图鉴如果收集齐了的话再来找我吧!","You're amazing! It seems you've earnedthe respect of the Legendary Pok@mon! If you can find allthe Pok@mon in     Kanto, return and  speak to me again!","KAMEIYU : Bravo ! Tu es sans rival à Kanto. Pourtant, il y a plus fort ailleurs. Hoenn a d'autres Pokémon. Finis ton Pokédex. Reviens.",unique
MAIN:0x034739,MAIN,0x034739,dialogue_19_19,104,"
卡美优:有机会的话一定要去宝石大陆看看,那里有这里所没有的精灵!!!那么你的精灵图鉴如果收集齐了的话再来找我吧!","You are a true Pok@maniac! You have   earned this Pok@-  mon's respect, it  would like to come with you.","KAMEIYU : Hoenn a d'autres Pokémon. Finis ton Pokédex, puis reviens.",unique
MAIN:0x0347A2,MAIN,0x0347A2,dialogue_19_19,26,"
卡美优:你已经成功了收集石英地区所有的精灵,真了不起!好吧这只梦幻就送给你吧!恭喜你完成了精灵图鉴!!",Please take care   of Mew!,KAMEIYU : Bravo ! Le Pokédex de Kanto est complet. Ce Mew est à toi !,unique
MAIN:0x0347BD,MAIN,0x0347BD,dialogue_19_19,13,"
得到梦幻",Recieved Mew!,Mew reçu !,unique
MAIN:0x0347CB,MAIN,0x0347CB,dialogue_19_19,149,"
妈妈:你完成精灵图鉴了吗?",00000000000000000000000000000000000000000000000000000000000000000000000000000000000000000000000000000000000000000000000000000<B1DB><B1DB>:<B0C5><B3A6><B2EA><B0A1><B0A2><B2F1><B2F2><B0F8><B0D7>?,"MAMAN :
Tu as terminé
le Pokédex ?",unique
MAIN:0x034862,MAIN,0x034862,dialogue_19_19,16,"
裁判:你真是好样的!",Great job Champ!,"ARBITRE : Bravo,
Champion !",unique
MAIN:0x034873,MAIN,0x034873,dialogue_19_19,19,"
卡美优:我认输!这样总行了吧!",Farewell traveller!,"KAMEIYU : D'accord, je m'avoue vaincu ! Content ?",unique
MAIN:0x034887,MAIN,0x034887,dialogue_19_19,45,"
蓓蓓:你真的是很棒耶!",00000000000000000000000000Take care of Eevee!,BEIBEI : Tu es vraiment formidable !,unique
MAIN:0x0348B5,MAIN,0x0348B5,dialogue_19_19,37,"
小李:再骚扰的话,本大爷要报警了...!",Your Pok@mon can   fly you anywhere. ,"XIAO LI : Arrête !
Ou j'appelle
la police !",unique
MAIN:0x034927,MAIN,0x034927,dialogue_19_19,6,,<B2C1><B0DB><B3E6>,Rien obtenu.,non_aligne
MAIN:0x03492F,MAIN,0x03492F,dialogue_19_19,11,"
得到精灵球",A Pok@ball!,Poké Ball reçue !,unique
MAIN:0x03493B,MAIN,0x03493B,dialogue_19_19,13,"
得到超级球",A Great Ball!,Super Ball reçue !,unique
MAIN:0x034949,MAIN,0x034949,dialogue_19_19,9,"
得到超力球",UltraBall,Hyper Ball reçue !,unique
MAIN:0x034953,MAIN,0x034953,dialogue_19_19,10,"
得到大师球",<B2C1><B0DB><B1BE><B2DF><B0BD>,Master Ball reçue !,unique
MAIN:0x03495F,MAIN,0x03495F,dialogue_19_19,9,"
得到伤药",A Potion!,Potion reçue !,unique
MAIN:0x034969,MAIN,0x034969,dialogue_19_19,9,"
得到好伤药",S.Potion!,"Super Potion
reçue !",unique
MAIN:0x034973,MAIN,0x034973,dialogue_19_19,13,"
得到超级伤药",00A H.Potion!,"Hyper Potion
reçue !",unique
MAIN:0x034981,MAIN,0x034981,dialogue_19_19,14,"
得到最大伤药",00<B2C1><B0DB><B3F2><B1BE><B9C7><BBB9>,Potion Max reçue !,unique
MAIN:0x034990,MAIN,0x034990,dialogue_19_19,12,"
得到解毒药",An Antidote!,Antidote reçu !,unique
MAIN:0x03499D,MAIN,0x03499D,dialogue_19_19,21,"
得到解麻药
---

得到睡醒药",000000000000A S.Heal!,Réveil reçu !,multiple
MAIN:0x0349B3,MAIN,0x0349B3,dialogue_19_19,11,"
得到冰冻药",00Ice Heal!,Antigel reçu !,unique
MAIN:0x0349BF,MAIN,0x0349BF,dialogue_19_19,12,"
得到烧伤药",00<B2C1><B0DB><BAE7><B9C7><BBB9>,Anti-Brûle reçu !,unique
MAIN:0x0349CC,MAIN,0x0349CC,dialogue_19_19,13,"
得到万能恢复",0A Full Heal!,Total Soin reçu !,unique
MAIN:0x0349DA,MAIN,0x0349DA,dialogue_19_19,10,"
得到精神药",0A Revive!,Rappel reçu !,unique
MAIN:0x0349E5,MAIN,0x0349E5,dialogue_19_19,12,"
得到PP提升",00<B2C1><B0DB>PP<B4C7><B4C8>,Huile reçue !,unique
MAIN:0x0349F2,MAIN,0x0349F2,dialogue_19_19,11,"
得到PP最大",<0A><B2C1><B0DB>PP<B3F2><B1BE>,Huile Max reçue !,unique
MAIN:0x0349FF,MAIN,0x0349FF,dialogue_19_19,13,"
得到神奇糖果",A Rare Candy!,Super Bonbon reçu !,unique
MAIN:0x034A0D,MAIN,0x034A0D,dialogue_19_19,11,"
得到火之石",Fire Stone!,Pierre Feu reçue !,unique
MAIN:0x034A19,MAIN,0x034A19,dialogue_19_19,11,"
得到水之石",Water Stone,Pierre Eau reçue !,unique
MAIN:0x034A25,MAIN,0x034A25,dialogue_19_19,11,"
得到雷之石",Thun.Stone!,"Pierre Foudre
reçue !",unique
MAIN:0x034A31,MAIN,0x034A31,dialogue_19_19,11,"
得到叶之石",Leaf Stone!,"Pierre Plante
reçue !",unique
MAIN:0x034A3D,MAIN,0x034A3D,dialogue_19_19,11,"
得到月之石",Moon Stone!,Pierre Lune reçue !,unique
MAIN:0x034A49,MAIN,0x034A49,dialogue_19_19,8,"
得到包裹",<B2C1><B0DB><B2E0><B2E1>,Colis Chen reçu !,unique
MAIN:0x034A52,MAIN,0x034A52,dialogue_19_19,13,"
得到精灵图鉴",<0A><B2C1><B0DB><B0A1><B0A2><B2F1><B2F2>,Pokédex reçu !,unique
MAIN:0x034A60,MAIN,0x034A60,dialogue_19_19,9,"
得到地图",<0A><B2C1><B0DB><B3BB><B2F1>,Carte reçue !,unique
MAIN:0x034A6A,MAIN,0x034A6A,dialogue_19_19,13,"
得到菊石化石",<0A><B2C1><B0DB><BADE><B1B2><B5AB><B1B2>,Nautile reçu !,unique
MAIN:0x034A78,MAIN,0x034A78,dialogue_19_19,13,"
得到盔甲化石",<0A><B2C1><B0DB><BADF><BBBE><B5AB><B1B2>,Fossile Dôme reçu !,unique
MAIN:0x034A86,MAIN,0x034A86,dialogue_19_19,9,"
得到船票",<0A><B2C1><B0DB><B6F6><B6F7>,Passe Bateau reçu !,unique
MAIN:0x034A90,MAIN,0x034A90,dialogue_19_19,11,"
得到矿泉水",<0A><B2C1><B0DB><B8E9><B8EA><B5F7>,Eau Fraîche reçue !,unique
MAIN:0x034A9C,MAIN,0x034A9C,dialogue_19_19,13,"
得到精灵眼镜",<0A><B2C1><B0DB><B0A1><B0A2><B6EE><B8D1>,Scope Sylphe reçu !,unique
MAIN:0x034AAA,MAIN,0x034AAA,dialogue_19_19,11,"
得到精灵笛",<0A><B2C1><B0DB><B0A1><B0A2><B8DF>,Poké Flûte reçue !,unique
MAIN:0x034AB6,MAIN,0x034AB6,dialogue_19_19,9,"
得到金牙",<0A><B2C1><B0DB><B7BB><B9F9>,Dent d'Or reçue !,unique
MAIN:0x034AC0,MAIN,0x034AC0,dialogue_19_19,13,"
得到梦幻船票",<0A><B2C1><B0DB><B1D6><B9ED><B6F6><B6F7>,"Ticket Mystik
reçu !",unique
MAIN:0x034ACE,MAIN,0x034ACE,dialogue_19_19,11,"
得到居合斩",<0A><B2C1><B0DB><B1A9><B1AA><B1AB>,CS01 : Coupe !,unique
MAIN:0x034ADA,MAIN,0x034ADA,dialogue_19_19,11,"
得到飞天术",<0A><B2C1><B0DB><B1AC><B1AD><B1AE>,CS02 : Vol !,unique
MAIN:0x034C03,MAIN,0x034C03,dialogue_19_19,5,,<B0D2><B0D3>!,Bienvenue !,non_aligne
MAIN:0x034C09,MAIN,0x034C09,dialogue_19_19,35,"
欢迎!到精灵中心可以恢复精灵的体力.",<0A><B0D2><B0D3>!<B0DB><B0A1><B0A2><B0DC><B0DD><B0DE><B0DF><B0E0><B0E1><B0A1><B0A2><B0BC><B0E2><B0E3>.,"Bienvenue !
Au Centre Pokémon,
nous soignons tous
les Pokémon !",unique
MAIN:0x034C2D,MAIN,0x034C2D,dialogue_19_19,29,"
您的精灵都精神了!!欢迎光临!!",<0A><B7C5><B0BC><B0A1><B0A2><B1C0><B0A1><B6DD><B0F8>!!<B0D2><B0D3><B0E4><B0E5>!!,"Merci !
Toute ton équipe
a la super pêche !
À bientôt !",unique
MAIN:0x034C4B,MAIN,0x034C4B,dialogue_19_19,41,"
对不起,因为机能所限这里暂时不能够对战...","<0A><B0E7><B0CE><B0E8>,<B0E9><B0EA><B0EB><B0EC><B0AD><B0ED><B0EE><B0BF><B0EF><B0F0><B0CE><B0EC><B0F1><B0E7><B0F2>...","Désolé, les combats
ne sont pas encore
disponibles ici...",unique
MAIN:0x034C75,MAIN,0x034C75,dialogue_19_19,32,"
交换机器也坏了...下次再来看看吧",<0A><B0F3><B0F4><B0EB><B0F5><B0F6><B0F7><B0F8>...<B0F9><B0FA><B0FB><B0FC><B0FD><B0FD><B0BE>,"La machine de Troc
est aussi en panne.
Reviens plus tard.",unique
MAIN:0x034C96,MAIN,0x034C96,dialogue_19_19,15,"
欢迎!买东西吗?",<0A><B0D2><B0D3>!<B0D4><B0D5><B0D6><B0D7>?,"Salut !
Je peux t'aider ?",unique
MAIN:0x034CA6,MAIN,0x034CA6,dialogue_19_19,11,"
谢谢惠顾!!",<0A><B0D8><B0D8><B0D9><B0DA>!!,"Merci !
À bientôt !",unique
MAIN:0x034CB3,MAIN,0x034CB3,dialogue_19_19,84,"
我也在养育精灵!变强的话就不会让人欺负",Technology's great!You can now store  and recall items   and Pok@mon as data via PC!,"Moi aussi, j'élève
des Pokémon forts.
Fini les brimades !",unique
MAIN:0x034D08,MAIN,0x034D08,dialogue_19_19,67,"
需要买抓精灵的精灵球时请到商店!",See those ledges?  It's a bit scary   but you can jump   from them.,Poké Balls en vente au Magasin !,unique
MAIN:0x034D3A,MAIN,0x034D3A,dialogue_19_19,17,"
精灵好好培养的话会很亲近的",jump   from them.,"Un Pokémon choyé
s'attachera à toi.",unique
MAIN:0x034D4C,MAIN,0x034D4C,dialogue_19_19,85,"
在空中飞行有点害怕...但一下就能回到真新镇","Hi! I work at the  Pok@Mart. It's a   convenient shop,youshould come and    visit us.","Voler fait peur,
mais te ramène vite
à Bourg Palette.",unique
MAIN:0x034DA2,MAIN,0x034DA2,dialogue_19_19,66,"
虫属性的精灵有两种类型,绿毛虫没有毒,独角虫有毒","Using Pok@balls,youcan carry and use  Pok@mon any time,  anywhere!","Chenipan n'est pas venimeux. Aspicot, si !",unique
MAIN:0x034DE5,MAIN,0x034DE5,dialogue_19_19,56,"
我从没见过这家道场的首领","This GYM is always closed, I wonder   who the Leader is?","Cette Arène Pokémon
reste fermée.
Qui est donc
le Champion ?",unique
MAIN:0x034E1E,MAIN,0x034E1E,dialogue_19_19,19,"
太好了,找到了龙骨",I like this museum.,"Un os de dragon !
Je l'ai trouvé !",unique
MAIN:0x034E32,MAIN,0x034E32,dialogue_19_19,32,"
伤药很好,当精灵没有体力时可以使用",0My Dad loves       Pok@mon too.,Une Potion soigne les Pokémon épuisés.,unique
MAIN:0x034E55,MAIN,0x034E55,dialogue_19_19,23,"
小拉达很小但前牙很厉害",<0A><B0B6><B8BB><B6E5><B3F7><B0B6><B3A8><B3DD><B9F9><B3F7><B3ED><B3EE>,"Rattata est petit,
mais ses crocs
sont redoutables !",unique
MAIN:0x034E6D,MAIN,0x034E6D,dialogue_19_19,28,"
常青森林是天然的迷宫,小心啊","<0A><B3CA><B3CB><B4D8><B4D9><B0C2><B1AD><B2AA><B0BC><B4D3><BDFE>,<B0B6><B0DD><B2AC>","La Forêt de Jade
est un vrai
labyrinthe.
Sois prudent !",unique
MAIN:0x034E8B,MAIN,0x034E8B,dialogue_19_19,44,"
道路上经常会有小树吧?用精灵的技能可以砍断的",The HM Flash lightseven the darkest   caves.,"La capacité Coupe
tranche ces arbres.",unique
MAIN:0x034EB8,MAIN,0x034EB8,dialogue_19_19,54,"
有的精灵只在森林或者洞穴生活要得到更多的精灵就要多走走",<B0AE><B0BC><B0A1><B0A2><B2BE><B0B8><B4D8><B4D9><B1CB><B9AB><B4FB><BDB8><B1C9><B4E0><B0C3><B2C1><B0DB><B2CC><B0C8><B0BC><B0A1><B0A2><B2AB><B0C3><B0C8><B7C3><B7C3>,"Certains Pokémon
vivent seulement
dans les forêts
ou les grottes.
Explore partout
pour les trouver !",unique
MAIN:0x034EEF,MAIN,0x034EEF,dialogue_19_19,40,"
说起石山矿野很黑的,精灵用闪光术能看清吧","<0A><B1E7><B0E8><B1B2><B6DC><B8E9><B1F8><B3F7><B5AC><B0BC>,<B0A1><B0A2><B1A8><B4BE><B0E4><B1AE><B0EC><B0FD><B4C4><B0BE>","Cette grotte est
très sombre.
Avec Flash,
un Pokémon peut
l'éclairer.",unique
MAIN:0x034F18,MAIN,0x034F18,dialogue_19_19,31,"
啊...游戏机很让人着迷啊...",Poliwrath is my    best friend!,"Ah... Ces machines
sont captivantes...",unique
MAIN:0x034F38,MAIN,0x034F38,dialogue_19_19,45,"
尼比市的捉虫少年和道馆的小刚不一样!!",000000000000000Did you check out  the Museum?,"Les Scouts d'ici
sont forts.
Mais Pierre est
redoutable !",unique
MAIN:0x034F66,MAIN,0x034F66,dialogue_19_19,24,"
不要让野生的精灵进入花坛",Welcome to Pewter  City.,"Pas de Pokémon
sauvage au jardin !",unique
MAIN:0x034F7F,MAIN,0x034F7F,dialogue_19_19,27,"
我的精灵是和别人交换的",This road leads to Route 3.,"Ce Pokémon, je l'ai eu par échange.",unique
MAIN:0x034F9B,MAIN,0x034F9B,dialogue_19_19,33,"
有些精灵不听话...要是有徽章的话!",I heard Team Rocketis at Mt.Moon!,"Certains Pokémon
n'obéissent pas...
Un Badge aiderait !",unique
MAIN:0x034FBD,MAIN,0x034FBD,dialogue_19_19,16,"
小孩子需要50元,参观吗?",Tickets are 50$.,L'enfant paie 50 $. Tu veux visiter ?,unique
MAIN:0x034FCE,MAIN,0x034FCE,dialogue_19_19,17,"
好的,50元收下了!",Enjoy your visit!,50 $ reçus. Merci !,unique
MAIN:0x034FE0,MAIN,0x034FE0,dialogue_19_19,6,"
再来啊",<B0FB><B0FC><B2AC>,À bientôt !,unique
MAIN:0x034FE7,MAIN,0x034FE7,dialogue_19_19,38,"
这个月要去宇宙中",Team Rocket is     always in the news!,"Ce mois-ci, on part dans l'espace !",unique
MAIN:0x03500E,MAIN,0x03500E,dialogue_19_19,38,"
当精灵抓到很多带不了时使用电脑通信存放好",You can carry six  Pok@mon at the most,Trop de Pokémon ? Envoie-les au PC.,unique
MAIN:0x035035,MAIN,0x035035,dialogue_19_19,18,"
能带着的精灵是六只",See ya around kid!,"Tu peux voyager
avec six Pokémon.",unique
MAIN:0x035048,MAIN,0x035048,dialogue_19_19,46,"
我很害怕...我经常在这里听到奇怪的声音",Only the Pok@mon   champion is allowedin here!,"J'entends souvent
d'étranges bruits.",unique
MAIN:0x035077,MAIN,0x035077,dialogue_19_19,68,"
太不幸了,这家人被偷了!是火箭队干的!即使是警察也拿火箭队没办法!","000000<B6C6><B0CE><B8E7><B0F8>,<B0EE><B1BF><B2B5><B1B6><B5EF><B0F8>!<B0C2><B5A2><B5A3><B5A4><B5A5><B0BC>!<B1D8><B1A7><B0C2><B5EC><B4B0><B0F6><B0C6><B5A2><B5A3><B5A4><B2B6><B2B7><B2B8>!","Ces pauvres gens
ont été volés.
L'odieuse
Team Rocket
est derrière tout
ça. Même la police
a du mal à lutter !",unique
MAIN:0x0350BD,MAIN,0x0350BD,dialogue_19_19,24,"
你也有精灵吗!好好磨练吧!",Welcome to Ceruleancity!,"Toi aussi, tu as des Pokémon ? Entraîne-les bien !",unique
MAIN:0x0350D6,MAIN,0x0350D6,dialogue_19_19,47,"
啊...!在完成精灵图鉴吗?太好了",Girl:The life of a trainer is tough   isn't it?,Tu veux compléter ton Pokédex ? Génial !,unique
MAIN:0x035106,MAIN,0x035106,dialogue_19_19,27,"
你好!骑自行车的心情你知道吗?",I care for injured Pok@mon.,"Rouler à vélo, c'est un vrai plaisir !",unique
MAIN:0x035122,MAIN,0x035122,dialogue_19_19,22,"
我的自行车很漂亮哦",0000<B1C2><B0BC><B2F3><B3A9><BCB2><B3F7><B9D3><B7EE><B2DD>,Mon vélo est magnifique !,unique
MAIN:0x03513A,MAIN,0x03513A,dialogue_19_19,25,"
火箭队让精灵挖洞一定有什么事!",Why would they do  this!?,"La Team Rocket fait
creuser les Pokémon
pour une raison...
Pas nette !",unique
MAIN:0x035154,MAIN,0x035154,dialogue_19_19,51,"
找不到被偷的东西就只有放弃了","Those miserable    Rockets! They stoleour ""Dig"" TM!","Sans l'objet volé, il faudra tout abandonner...",unique
MAIN:0x035188,MAIN,0x035188,dialogue_19_19,35,"
哎...最近没有发生什么事情...",0000000<B8F3>...<B3F2><B0CD><B2B6><B0AE><B2F4><B1C9><B2AF><B1E6><B1D5><B7AB>...,"Pff... Rien de neuf
ces temps-ci...",unique
MAIN:0x0351AC,MAIN,0x0351AC,dialogue_19_19,30,"
我老是培育不好我的妙娃种子...",<0A><B1C2><B2CE><B0C2><B6A3><B6D8><B0CE><B1B4><B1C2><B0BC><B7FC><BEA7><B6AD><B1DF>...,"Je n'arrive pas
à bien élever
mon Bulbizarre...",unique
MAIN:0x0351CB,MAIN,0x0351CB,dialogue_19_19,26,"
让精灵进化图鉴可以增加...",<0A><B2CB><B0A1><B0A2><B3DE><B5AB><B2F1><B2F2><B0DE><B0DF><B2FB><B2FC>...,"Fais évoluer
tes Pokémon :
le Pokédex avance !",unique
MAIN:0x0351E6,MAIN,0x0351E6,dialogue_19_19,30,"
听说紫苑镇出现过幽灵精灵呢...",<0A><B1F1><B1E7><BDE3><BDE4><B2D6><B0A4><B2F5><B3D4><B8BD><B0A2><B0A1><B0A2><B1EB>...,"Des Pokémon Spectre
seraient apparus
à Lavanville...",unique
MAIN:0x035206,MAIN,0x035206,dialogue_19_19,56,"
这里是精灵的墓地,有名的城镇...精灵死的时候都会带到精灵塔",Pok@mon spirits    have been seen in  the Pok@mon Tower.,"À Lavanville,
la Tour Pokémon
est un cimetière.",unique
MAIN:0x03523F,MAIN,0x03523F,dialogue_19_19,57,"
最近幽灵塔里好象出现幽灵...好像是被火箭队杀害的精灵的幽灵...",I think they are   spirits of Pok@mon the Rockets killed.,"Des spectres rôdent
à la Tour Pokémon.
Ce sont sûrement
des Pokémon tués
par la Team Rocket.",unique
MAIN:0x035279,MAIN,0x035279,dialogue_19_19,26,"
你相信有幽灵的存在吗?",Do you believe in  Ghosts?,"Tu crois vraiment
aux spectres ?",unique
MAIN:0x035294,MAIN,0x035294,dialogue_19_19,37,"
我无法原谅火箭队!他们把逃亡中可拉可拉的妈妈抓了并杀害了!",May the souls of   Pok@mon rest easy.,Jamais je ne pardonnerai à la Team Rocket d'avoir tué la mère d'Osselait !,unique
MAIN:0x0352BA,MAIN,0x0352BA,dialogue_19_19,19,"
现在戒严中!!",Get out of the way!,"La ville est
en état de siège !",unique
MAIN:0x0352CE,MAIN,0x0352CE,dialogue_19_19,21,"
精灵塔有很多幽灵居住",0<B0A1><B0A2><B8BE><B0AE><B3F7><B0C8><B8BD><B0A2><B1A9><B1C6>,"La Tour Pokémon
abrite beaucoup
de Spectres.",unique
MAIN:0x0352E4,MAIN,0x0352E4,dialogue_19_19,80,"
这个紫苑镇最有名的塔也是宠物精灵的墓园...人们将死亡的精灵带到这幽灵塔来祈求冥福",<0A><B0EE><B0BA><BDE3><BDE4><B2D6><B3F2><B0AE><B3B1><B0BC><B8BE><B0F6><B0C2><B0C0><B0C1><B0A1><B0A2><B0BC><BEA8><B6FE>...<B2B5><B2EF><B1D2><B8C1><BEAA><B0BC><B0A1><B0A2><B8DD><B0DB><B0EE><B8BD><B0A2><B8BE><B0FC><B8C3><B9D2><BEAB><B6B4>,"Ici reposent
les Pokémon.
La Tour est un lieu
de recueillement.",unique
MAIN:0x035335,MAIN,0x035335,dialogue_19_19,31,"
吉野老人可以安慰可拉可拉的灵魂",<0A><B8B8><B1F8><B2CE><B2B5><B0DE><B0DF><B8BF><B8C0><B0DE><B8BB><B0DE><B8BB><B0BC><B0A2><B8C6>,"M. Fuji peut
apaiser l'âme
d'Osselait.",unique
MAIN:0x035355,MAIN,0x035355,dialogue_19_19,26,"
这些火箭队的人太可恶了...",Silph Co. is very  famous.,"La Team Rocket...
Quels sales types !",unique
MAIN:0x035370,MAIN,0x035370,dialogue_19_19,38,"
你要对抗火箭队?真了不起",The Rockets just   came and took over!,Tu vas défier la Team Rocket ? Bravo !,unique
MAIN:0x035397,MAIN,0x035397,dialogue_19_19,29,"
我看见了火箭队的老大进了大厦...",There's two gyms inthis city.,J'ai vu le chef de la Team Rocket entrer ici...,unique
MAIN:0x0353B5,MAIN,0x0353B5,dialogue_19_19,30,"
我很崇拜你,我会为你加油的!",That group needs tobe stopped.,"Je t'admire !
Je suis avec toi !",unique
MAIN:0x0353D4,MAIN,0x0353D4,dialogue_19_19,27,"
我看过你的对战,你很厉害啊",I lost my money    betting!,J'ai vu ton combat. T'es très fort !,unique
MAIN:0x0353F0,MAIN,0x0353F0,dialogue_19_19,66,"
你听过南晶开发部的卡美优吗?听说他的精灵都是神兽级别的哦...",They must have     targeted Silph Co. for their Pok@mon  products.,"Kameiyu, de Nanjing Tech, aurait des Pokémon légendaires...",unique
MAIN:0x035433,MAIN,0x035433,dialogue_19_19,57,"
欢迎!通过游戏积累硬币能得到喜欢的奖品,不过你好像没有硬币盒哦...",00Welcome! You can   exchange coins for prizes next door.,"Bienvenue !
Échange tes jetons
contre un prix.
Sans Boîte Jeton...",unique
MAIN:0x03546D,MAIN,0x03546D,dialogue_19_19,24,"
我太喜欢游戏了!都忘记时间了...",I'm having a great time!,"J'adore jouer !
Le temps file...",unique
MAIN:0x035486,MAIN,0x035486,dialogue_19_19,36,"
你也想玩吗?不行,你没有硬币盒",A man was guarding that poster there,"Pas de Boîte Jeton.
Pas de jeu.",unique
MAIN:0x0354AB,MAIN,0x0354AB,dialogue_19_19,53,"
您可以用赢得的硬币盒换取精灵哦...不行,你没有硬币盒...","<B7C5><B0DE><B0DF><B1A8><B3F5><B2C1><B0BC><B4B6><BDBB><BEB2><B0F4><B0A3><B0A1><B0A2><B2DD>...<B0CE><B3A9>,<B0C5><B2B6><B0AE><B4B6><BDBB><BEB2>...","Échange tes jetons
contre des Pokémon.
Sans Boîte Jeton,
impossible !",unique
MAIN:0x0354E1,MAIN,0x0354E1,dialogue_19_19,30,"
那家伙怎么消失了呢?!",00000000Where'd that persongo?,"Où est passé
ce type ?",unique
MAIN:0x035500,MAIN,0x035500,dialogue_19_19,27,"
我的精灵没有体力时就到商店买药给他",My Pok@mon keep me company.,"Quand mes Pokémon faiblissent, j'achète des soins.",unique
MAIN:0x03551C,MAIN,0x03551C,dialogue_19_19,28,"
啊...游戏厅的下面好像有地下室",I got my Koffing inCinnabar!,Tiens... Il y aurait un sous-sol sous le Casino.,unique
MAIN:0x035539,MAIN,0x035539,dialogue_19_19,28,"
这里真是漂亮的地方啊",00000000<B0EE><B0BF><B1F5><B0C2><B9D3><B7EE><B0BC><B3BB><B1E2><B2AC>,Quel bel endroit !,unique
MAIN:0x035556,MAIN,0x035556,dialogue_19_19,19,"
我今天又胜了...哈哈",00Thanks again kid!,"Encore une victoire
aujourd'hui...
Ha ha !",unique
MAIN:0x03556A,MAIN,0x03556A,dialogue_19_19,29,"
我想在这里盖大楼,但被精灵袭击了",We're careful aboutpollution!,Je bâtissais ici quand des Pokémon m'ont attaqué !,unique
MAIN:0x035588,MAIN,0x035588,dialogue_19_19,19,"
听说石英高原的四天王很厉害",Have you met Bill? ,"Selon la rumeur,
le Conseil des 4
du Plateau Indigo
est redoutable.",unique
MAIN:0x03559C,MAIN,0x03559C,dialogue_19_19,26,"
会长说起精灵来就没完没了啊...",00I just adore my    Seel!,"Le Président
n'en finit plus
quand il parle
de Pokémon...",unique
MAIN:0x0355B7,MAIN,0x0355B7,dialogue_19_19,37,"
你知道吗?臭泥是从海里的污泥出生的呢...",Hmph! My Pikachu isbetter than yours!,"Tadmorv vient
de la boue marine.
Tu le savais ?",unique
MAIN:0x0355DD,MAIN,0x0355DD,dialogue_19_19,55,"
狩猎区内有很多特别的精灵哟","0000000000000000000The Warden is old, but still active!","Le Parc Safari
abrite des Pokémon
très spéciaux !",unique
MAIN:0x035615,MAIN,0x035615,dialogue_19_19,34,"
奇怪,我的波波不知又飞到什么地方去了",Did you see the    ship out there?,"Où est encore passé
mon Roucool ?",unique
MAIN:0x035638,MAIN,0x035638,dialogue_19_19,38,"
据说狩猎区有人曾经见过传说中的精灵呢...",You should raise   your Pok@mon evenly,Un Pokémon légendaire serait au Parc Safari...,unique
MAIN:0x03565F,MAIN,0x03565F,dialogue_19_19,37,"
你有经常看电视吗?",The Warden knows a lot about Pok@mon!,Tu regardes la TV ?,unique
MAIN:0x035685,MAIN,0x035685,dialogue_19_19,36,"
这个世上有多少种精灵呢?",I couldn't under-  stand the warden.,"Combien d'espèces
de Pokémon vivent
dans ce monde ?",unique
MAIN:0x0356AA,MAIN,0x0356AA,dialogue_19_19,36,"
你想要打败这个训练道馆啊...还是放弃吧","We nicknamed the   Warden, Slowpoke.","Défier l'Arène ?
Alors, abandonne.",unique
MAIN:0x0356CF,MAIN,0x0356CF,dialogue_19_19,34,"
道场的老头很厉害",00The Safari Zone hasrare Pok@mon.,Le vieux maître du dojo est redoutable !,unique
MAIN:0x0356F2,MAIN,0x0356F2,dialogue_19_19,44,"
想不到吧,我们在这个小岛生活了好多年呢",Scientists conduct experiments in thathouse.,Surpris ? Cela fait des années qu'on vit ici !,unique
MAIN:0x03571F,MAIN,0x03571F,dialogue_19_19,19,"
今天好虚啊...太累了...",Blaine's an odd man,"Aujourd'hui,
je suis à plat...
Trop fatigué...",unique
MAIN:0x035733,MAIN,0x035733,dialogue_19_19,37,"
火系精灵碰上水系就惨了!",You can stop evolu-tion by Pushing B.,L'Eau est fatale aux Pokémon Feu !,unique
MAIN:0x035759,MAIN,0x035759,dialogue_19_19,38,"
欢迎带着珍贵精灵的客人来这里",We study Pok@mon   fossils in this lab,"Un Pokémon rare ?
Sois le bienvenu !",unique
MAIN:0x035780,MAIN,0x035780,dialogue_19_19,34,"
我曾经在月见山找到的化石居然在这里复活了!!",Eevee can evolve to1 of 3 Pok@mon.,"Mon fossile revit !
Du Mont Sélénite !",unique
MAIN:0x0357A3,MAIN,0x0357A3,dialogue_19_19,35,"
现在的技术真的很先进呢",People bring us Pok@mon to examine.,"La technologie
a fait des progrès
incroyables !",unique
MAIN:0x0357C7,MAIN,0x0357C7,dialogue_19_19,23,"
对了,伊布能进化的形态据说不只三种呢...",Dr.Fuji founded ourlab.,"Évoli aurait plus
de trois formes
d'évolution...",unique
MAIN:0x0357DF,MAIN,0x0357DF,dialogue_19_19,38,"
你好,未来的冠军...祝你好运!",Let me know if you find another fossil,"Salut, futur Champion... Bonne chance !",unique
MAIN:0x035806,MAIN,0x035806,dialogue_19_19,29,"
四天王都很厉害,你要小心啊...",Victory Road sure  was tough!,"Le Conseil des 4
est redoutable.
Sois prudent...",unique
MAIN:0x035824,MAIN,0x035824,dialogue_19_19,40,"
龙系的精灵很强...没有什么弱点...",00000000000This is the final  challenge!,"Le type Dragon est
redoutable.
Ses points faibles
sont très rares.",unique
MAIN:0x03584D,MAIN,0x03584D,dialogue_19_19,38,"
如果胜利的话,就可以进入下一个房间,加油啊","If you lose, you   have to start over.","Bats-le et avance.
Bonne chance !",unique
MAIN:0x035874,MAIN,0x035874,dialogue_19_19,31,"
家里的爷爷想要交换精灵",0000Bill has lots of   Pok@mon!,"Mon grand-père
voudrait échanger
des Pokémon.",unique
MAIN:0x0358AD,MAIN,0x0358AD,dialogue_19_19,15,"
触动了一个开关!",Hit the button!,Un interrupteur s'est activé !,unique
MAIN:0x0358BD,MAIN,0x0358BD,dialogue_19_19,20,"
这么好的化石不要嘛?!",0Go ahead and choose,"Ce beau fossile,
tu n'en veux pas ?!",unique
MAIN:0x0358D2,MAIN,0x0358D2,dialogue_19_19,34,"
使用怪兽的人不同,结果就有好有坏!","00<B1A7><B1A8><B0CA><B0CB><B0BC><B2B5><B0CE><B8CF>,<BCC6><B3F6><B2AB><B0AE><B1B4><B0AE><B0F7>!","Selon le Dresseur, les Pokémon servent le bien ou le mal !",unique
MAIN:0x0358F6,MAIN,0x0358F6,dialogue_19_19,36,"
世上有很多人用怪兽作恶,那些混蛋就是火箭团!",No! Super Potions  are all sold out!,"Certains exploitent
leurs Pokémon.
Les pires ?
La Team Rocket !",unique
MAIN:0x03591B,MAIN,0x03591B,dialogue_19_19,29,"
物价太高了,也没人出来管一管,唉!",This shop has many Antidotes.,"Tout est trop cher.
Personne ne réagit.",unique
MAIN:0x035939,MAIN,0x035939,dialogue_19_19,49,"
即使相同等级的怪兽强度也不一样.",There's a Pok@mon  Center in every    town ahead.,"À niveau égal,
leur force diffère.",unique
MAIN:0x03596B,MAIN,0x03596B,dialogue_19_19,55,"
等级越高怪兽越强,但怪兽根据类型也有不擅长作战的对手......",Pok@mon Centers    heal your injured  Pok@mon for free.,Le niveau rend plus fort. Chaque type a ses faiblesses.,unique
MAIN:0x0359A3,MAIN,0x0359A3,dialogue_19_19,19,"
得到梦幻船票",Got Navel Rock Pass,"Ticket Mystik
reçu !",unique
MAIN:0x0359B7,MAIN,0x0359B7,dialogue_19_19,38,"
不知什么时候草丛里会突然窜出精灵呢",0000<B0CE><B2D7><B2AF><B1E6><B0F0><B7CD><B1FB><B1FC><B0BF><B1F9><B5B4><B2AA><BEBD><B0A4><B0A1><B0A2><B1EB>,"Un Pokémon surgit
parfois des herbes,
sans prévenir.",unique
MAIN:0x0359DE,MAIN,0x0359DE,dialogue_19_19,35,"
到大城市里去会认识很多优秀的训练师",<0A><B0DB><B1BE><B3BA><B4D1><B0BF><B0C7><B1F9><B4BA><B0D1><B3F7><B0C8><B8EE><BEBE><B0BC><B2DE><B2C5><B2DF>,"Dans les grandes
villes, tu verras
d'excellents
Dresseurs.",unique
MAIN:0x035A02,MAIN,0x035A02,dialogue_19_19,36,"
你去过金黄市吗,听说那里有很高的大楼","<0A><B0C5><B0C7><B3D4><B7BB><BAC2><B4D1><B0D7>,<B1F1><B1E7><B0B9><B0BF><B0AE><B3F7><B8AF><B0BC><B1BE><BEB4>","Tu es déjà allé
à Safrania ?
Ses immeubles
seraient immenses !",unique
MAIN:0x035A27,MAIN,0x035A27,dialogue_19_19,55,"
我也想拥有传说中的精灵,可是到底哪儿才有传说中的精灵呢?","<0A><B1C2><B0F6><B1D7><B6A9><B0AE><B6F2><B1E7><B0DC><B0BC><B0A1><B0A2>,<B0DE><B0C2><B0DB><B3D5><B4C2><B7D0><B1F2><B0AE><B6F2><B1E7><B0DC><B0BC><B0A1><B0A2><B1EB>?","J'aimerais avoir
un Pokémon
légendaire...
Où en trouver ?",unique
MAIN:0x035A5F,MAIN,0x035A5F,dialogue_19_19,63,"
看你的能力一定是训练师新手吧.告诉你要时刻关心自己的精灵状态哦!",<0A><B0FD><B0C5><B0BC><B0EC><B0E3><B1D1><B2B1><B0C2><B2DE><B2C5><B2DF><B2D5><B1A3><B0BE>.<B2E6><B2E7><B0C5><B0C3><B0F0><B4E7><B0B3><B0DD><B2F3><BBA3><B0BC><B0A1><B0A2><BAF5><BAF6><B2DD>!,"Tu débutes, non ?
Surveille toujours
l'état de l'équipe.",unique
MAIN:0x035A9F,MAIN,0x035A9F,dialogue_19_19,42,"
有飞行系的精灵就能带我飞向远方的城市了...",<0A><B0AE><B1AC><B3A9><B0AF><B0BC><B0A1><B0A2><B2AB><B0EC><B8DD><B1C2><B1AC><B3B7><B5CD><B1E2><B0BC><B3BA><B4D1><B0F8>...,"Grâce à Vol,
un Pokémon t'emmène
au loin.",unique
MAIN:0x035ACA,MAIN,0x035ACA,dialogue_19_19,15,"
今天是个好天气",<0A><B6C9><B1AD><B0C2><B0BA><B1B4><B1AD><B4AA>,"Il fait beau
aujourd'hui !",unique
MAIN:0x035ADA,MAIN,0x035ADA,dialogue_19_19,29,"
心情不错,偷偷告诉你我恋爱了!","<0A><B0DD><B7AB><B0CE><B2DC>,<B5EF><B5EF><B2E6><B2E7><B0C5><B1C2><BEBF><B5DD><B0F8>!","Je suis ravie !
Entre nous...
je suis amoureuse !",unique
MAIN:0x035AF8,MAIN,0x035AF8,dialogue_19_19,44,"
大海很宽阔啊,如果会冲浪术的话就能横渡大海了","<0A><B1BE><B6FC><B3F7><B5B6><B5B7><B2AC>,<B1FE><B3F6><B1F9><B1AF><B1B0><B1AE><B0BC><B1EF><B2AB><B0EC><BEC0><BEC1><B1BE><B6FC><B0F8>","La mer est immense.
Avec Surf,
traverse-la !",unique
MAIN:0x035B25,MAIN,0x035B25,dialogue_19_19,50,"
你听过吗?在枯叶市上的铁达尼号上都是有钱的训练师呢",<0A><B0C5><B1F1><B3D4><B0D7>?<B0B8><B6E1><B6E2><B4D1><B1E5><B0BC><B6E4><B6E5><B4B2><B6E6><B1E5><B1C0><B0C2><B0AE><B0FE><B0BC><B2DE><B2C5><B2DF><B1EB>,"Tu connais
l'Océane,
à Carmin sur Mer ?
Ce paquebot de luxe
accueille de riches
Dresseurs.",unique
MAIN:0x035B58,MAIN,0x035B58,dialogue_19_19,35,"
在月见山上的晚上偶尔会有皮皮出现呢",<0A><B0B8><B6CF><B2CD><B6DC><B1E5><B0BC><B2BC><B1E5><B9E3><BEC2><B1F9><B0AE><B6D3><B6D3><B0A4><B2F5><B1EB>,"La nuit,
on peut parfois
voir des Mélofée
au Mont Sélénite.",unique
MAIN:0x035B7C,MAIN,0x035B7C,dialogue_19_19,46,"
宝石大陆你知道吗?我年轻时就是在宝石大陆修行呢",<0A><B7B5><B1B2><B1BE><B7B6><B0C5><B2D7><B1A4><B0D7>?<B1C2><B3EA><B8B6><B0F0><B2AB><B0C2><B0B8><B7B5><B1B2><B1BE><B7B6><B4CE><B3A9><B1EB>,"Tu connais Hoenn ?
Je m'y entraînais
dans ma jeunesse.",unique
MAIN:0x035BAB,MAIN,0x035BAB,dialogue_19_19,35,"
在精灵体力低下的时候要赶紧使用伤药",<0A><B0B8><B0A1><B0A2><B0E2><B0E3><BCDD><B0F9><B0BC><B0F0><B7CD><B0C3><B1F3><B1F4><B1A7><B1A8><B9C7><BBB9>,"Quand un Pokémon
a peu de PV,
utilise vite
une Potion !",unique
MAIN:0x035BCF,MAIN,0x035BCF,dialogue_19_19,34,"
我不明白怎么照顾精灵,要加紧学习呢","<0A><B1C2><B0CE><B5E6><B5E5><B2D0><B1E6><B6CC><B0DA><B0A1><B0A2>,<B0C3><B2FC><B1F4><B4C3><B2C6><B1EB>","Je ne sais pas
bien m'occuper
des Pokémon.
Il me reste tant
à apprendre !",unique
MAIN:0x035BF2,MAIN,0x035BF2,dialogue_19_19,24,"
我的精灵老是不听我的话,如果有徽章就好了",I can't enter the  city!,"Mes Pokémon
n'obéissent pas...
Un Badge aiderait !",unique
MAIN:0x035C0B,MAIN,0x035C0B,dialogue_19_19,59,"
在这个地区最强的训练师是石英高原的四大天王",00000000000000000<B0B8><B0EE><B0BA><B3BB><B7B8><B3F2><B2C9><B0BC><B2DE><B2C5><B2DF><B0C2><B1B2><B7FE><B8AF><B4EF><B0BC><B1E1><B1BE><B1AD><B4F7>,"Le Conseil des 4
réunit l'élite
des Dresseurs
de la région.
Il siège
au Plateau Indigo.",unique
MAIN:0x035C48,MAIN,0x035C48,dialogue_19_19,30,"
如果我有只像你的精灵这样听话的精灵就好了",Do you want to see my Pok@mon?,J'aimerais avoir un Pokémon aussi obéissant !,unique
MAIN:0x035C67,MAIN,0x035C67,dialogue_19_19,31,"
我想喝水...谁给我水?",00000000000<B1C2><B1D7><B3C1><B5F7>...<B5F1><B0C4><B1C2><B5F7>?,"J'ai soif...
Qui a de l'eau
pour moi ?",unique
MAIN:0x035C87,MAIN,0x035C87,dialogue_19_19,21,"
别动!叫你别动你还动?",<0A><B2CA><B0B2>!<B1C1><B0C5><B2CA><B0B2><B0C5><B2BD><B0B2>?,"Ne bouge pas !
Je l'ai déjà dit...
Tu bouges encore ?!",unique
MAIN:0x035C9D,MAIN,0x035C9D,dialogue_19_19,35,"
看你的样子一定是个了不起的训练师吧",<0A><B0FD><B0C5><B0BC><B2DA><B1DF><B1D1><B2B1><B0C2><B0BA><B0F8><B0CE><B0E8><B0BC><B2DE><B2C5><B2DF><B0BE>,"À te voir,
tu dois être
un sacré Dresseur !",unique
MAIN:0x035CC1,MAIN,0x035CC1,dialogue_19_19,76,"
不知道怎么回事,现在的人都不骑自行车了!","00000000000000000000000000000000000000000Welcome! 1 bike forjust 1,000,000$!","C'est étrange...
Plus personne
ne fait de vélo,
aujourd'hui !",unique
MAIN:0x035D0E,MAIN,0x035D0E,dialogue_19_19,32,"
感觉到有一种神秘的力量.....",Ash's Pok@mon are  fully healed!,Je sens une force mystérieuse...,unique
MAIN:0x035D2F,MAIN,0x035D2F,dialogue_19_19,18,"
竟然是一把密码锁...",The door's locked!,"Une serrure
codée...",unique
MAIN:0x035D42,MAIN,0x035D42,dialogue_19_19,17,"
得到一个密码",Found Key to Gym!,Mot de passe obtenu !,unique
MAIN:0x035D54,MAIN,0x035D54,dialogue_19_19,16,"
触动了一个机关...",Opened the door!,Un mécanisme vient de s'activer...,unique
MAIN:0x035D65,MAIN,0x035D65,dialogue_19_19,53,"
你的徽章还没收集齐,还是请回吧!",000000000000000000000You don't have all Eight Badges.,"Il te manque
quelques Badges.
Obtiens-les tous,
puis reviens !",unique
MAIN:0x035D9B,MAIN,0x035D9B,dialogue_19_19,16,"
参观    走人    ",Buy     Leave   ,Visiter  Partir,unique
MAIN:0x035DAC,MAIN,0x035DAC,dialogue_19_19,18,"
对不起,你的钱不够!",0Not enough money.,"Désolé, tu n'as pas
assez d'argent !",unique
MAIN:0x035DCC,MAIN,0x035DCC,dialogue_intro_17_19,180,"
这生物被视为宠物,或使用于对战等等.而我是研究这宠物精灵的!","This world is    inhabited by       creatures called   Pok@mon!  For some people, Pok@mon    are pets.Others use them for fights.  Myself...I study   Pok@mon as a       profession.","Ce monde abrite
des créatures
appelées Pokémon !
Certains en font
des compagnons.
D'autres les font
combattre.
Moi, je les étudie.",unique
MAIN:0x035E82,MAIN,0x035E82,dialogue_intro_17_19,129,"
小智,一个将属于你的故事,梦想即将开始!",ASH! Your very   own Pok@mon legend is about to        unfold! A world of dreams & adventureswith Pok@mon       awaits! Let's go!,"SACHA !
Ta quête Pokémon
va commencer !
Un monde de rêves
et d'aventures
t'attend !",unique
MAIN:0x035F05,MAIN,0x035F05,,15,"
比试胜负来了!",wants to fight!, veut se battre !,unique
MAIN:0x035F15,MAIN,0x035F15,,13,"
麻痹了",is paralyzed!,est paralysé !,unique
MAIN:0x035F23,MAIN,0x035F23,,16,"
效果拔群!",Super effective!,Super efficace !,unique
MAIN:0x035F34,MAIN,0x035F34,,8,"
精灵球",Pok@ball,PokéB.,unique
MAIN:0x035F3D,MAIN,0x035F3D,raw,25,"
小智作为奖金","""I can't believe I lost!""",Résultat : ,unique
MAIN:0x035F57,MAIN,0x035F57,,13,"
进化成",Evolved into ,a évolué en ,unique
MAIN:0x035F65,MAIN,0x035F65,,15,"
进化中止!",Did not evolve!,Évolution annulée !,unique
MAIN:0x035F75,MAIN,0x035F75,,15,, Wants to learn, veut apprendre,non_aligne
MAIN:0x035F85,MAIN,0x035F85,,18,"
但是",But it can't learn,Mais il connaît,unique
MAIN:0x035F98,MAIN,0x035F98,raw,21,"
忘记其它的技能吗?",Forget an older move?,Oublier une attaque ?,unique
MAIN:0x035FAE,MAIN,0x035FAE,,7,"
放弃学习",Forget ,Oublier ,unique
MAIN:0x035FB6,MAIN,0x035FB6,,17,"
对手要使用",Opponent sent out,Adversaire : ,unique
MAIN:0x035FCD,MAIN,0x035FCD,,9,"
妙蛙种子",Bulbasaur,Bulbizarre,unique
MAIN:0x035FD7,MAIN,0x035FD7,,7,"
妙蛙草",Ivysaur,Herbizarre,unique
MAIN:0x035FDF,MAIN,0x035FDF,,8,"
妙蛙花",Venusaur,Florizarre,unique
MAIN:0x035FE8,MAIN,0x035FE8,,10,"
小火龙",Charmander,Salamèche ,unique
MAIN:0x035FF3,MAIN,0x035FF3,,10,"
火恐龙",Charmeleon,Reptincel ,unique
MAIN:0x035FFE,MAIN,0x035FFE,,9,"
喷火龙",Charizard,Dracaufeu,unique
MAIN:0x036008,MAIN,0x036008,,8,"
杰尼龟",Squirtle,Carapuce,unique
MAIN:0x036011,MAIN,0x036011,,9,"
卡米龟",Wartortle,Carabaffe,unique
MAIN:0x03601B,MAIN,0x03601B,,9,"
水箭龟",Blastoise,Tortank  ,unique
MAIN:0x036025,MAIN,0x036025,,8,"
绿毛虫",Caterpie,Chenipan,unique
MAIN:0x03602E,MAIN,0x03602E,,7,"
铁甲蛹",Metapod,Chrysacier,unique
MAIN:0x036036,MAIN,0x036036,,10,"
巴大蝴",Butterfree,Papilusion,unique
MAIN:0x036041,MAIN,0x036041,,6,"
独角虫",Weedle,Aspicot,unique
MAIN:0x036048,MAIN,0x036048,,6,"
铁壳昆",Kakuna,Coconfort,unique
MAIN:0x03604F,MAIN,0x03604F,,8,"
大针蜂",Beedrill,Dardargnan,unique
MAIN:0x036058,MAIN,0x036058,,6,"
波波",Pidgey,Roucool,unique
MAIN:0x03605F,MAIN,0x03605F,,9,"
比比鸟",Pidgeotto,Roucoups ,unique
MAIN:0x036069,MAIN,0x036069,,7,"
比雕",Pidgeot,Roucarnage,unique
MAIN:0x036079,MAIN,0x036079,,8,"
拉达",Raticate,Rattatac,unique
MAIN:0x036082,MAIN,0x036082,,7,"
烈雀",Spearow,Piafabec,unique
MAIN:0x03608A,MAIN,0x03608A,,6,"
大嘴雀",Fearow,Rapasdepic,unique
MAIN:0x036091,MAIN,0x036091,,5,"
阿柏蛇",Ekans,Abo  ,unique
MAIN:0x0360AC,MAIN,0x0360AC,,9,"
穿山鼠",Sandshrew,Sabelette,unique
MAIN:0x0360B6,MAIN,0x0360B6,,9,"
穿山王",Sandslash,Sablaireau,unique
MAIN:0x0360C9,MAIN,0x0360C9,,9,"
尼多娜", Nidorina, Nidorina,unique
MAIN:0x0360E6,MAIN,0x0360E6,,9,"
尼多力诺", Nidorino, Nidorino,unique
MAIN:0x0360F9,MAIN,0x0360F9,,8,"
皮皮",Clefairy,Mélofée,unique
MAIN:0x036102,MAIN,0x036102,,8,"
皮可西",Clefable,Mélodelfe,unique
MAIN:0x03610B,MAIN,0x03610B,,6,"
六尾",Vulpix,Goupix,unique
MAIN:0x036112,MAIN,0x036112,,9,"
九尾",Ninetales,Feunard  ,unique
MAIN:0x03611C,MAIN,0x03611C,,10,"
胖丁",Jigglypuff,Rondoudou ,unique
MAIN:0x036127,MAIN,0x036127,,10,"
胖可西",Wigglytuff,Grodoudou ,unique
MAIN:0x036132,MAIN,0x036132,,5,"
超音蝠",Zubat,Nosferapti,unique
MAIN:0x036138,MAIN,0x036138,,6,"
大嘴蝠",Golbat,Nosferalto,unique
MAIN:0x03613F,MAIN,0x03613F,,6,"
走路草",Oddish,Mystherbe,unique
MAIN:0x036146,MAIN,0x036146,,5,"
臭臭花",Gloom,Ortide,unique
MAIN:0x03614C,MAIN,0x03614C,,9,"
霸王花",Vileplume,Rafflesia,unique
MAIN:0x036165,MAIN,0x036165,,7,"
毛球",Venonat,Mimitoss,unique
MAIN:0x03616D,MAIN,0x03616D,,8,"
末入蛾",Venomoth,Aéromite,unique
MAIN:0x036176,MAIN,0x036176,,7,"
地鼠",Diglett,Taupiqueur,unique
MAIN:0x03617E,MAIN,0x03617E,,7,"
三地鼠",Dugtrio,Triopikeur,unique
MAIN:0x036186,MAIN,0x036186,,6,"
喵喵",Meowth,Miaouss,unique
MAIN:0x036195,MAIN,0x036195,,7,"
可达鸭",Psyduck,Psykokwak,unique
MAIN:0x03619D,MAIN,0x03619D,,7,"
哥达鸭",Golduck,Akwakwak,unique
MAIN:0x0361A5,MAIN,0x0361A5,,6,"
猴怪",Mankey,Férosinge,unique
MAIN:0x0361AC,MAIN,0x0361AC,,8,"
火暴猴",Primeape,Colossinge,unique
MAIN:0x0361B5,MAIN,0x0361B5,,9,"
卡蒂狗",Growlithe,Caninos  ,unique
MAIN:0x0361BF,MAIN,0x0361BF,,8,"
风速犬",Arcanine,Arcanin ,unique
MAIN:0x0361C8,MAIN,0x0361C8,,7,"
蚊香蝌蚪",Poliwag,Ptitard,unique
MAIN:0x0361D0,MAIN,0x0361D0,,9,"
蚊香蛙",Poliwhirl,Têtarte  ,unique
MAIN:0x0361DA,MAIN,0x0361DA,,9,"
快泳蛙",Poliwrath,Tartard  ,unique
MAIN:0x0361FA,MAIN,0x0361FA,,6,"
腕力",Machop,Machoc,unique
MAIN:0x036201,MAIN,0x036201,,7,"
豪力",Machoke,Machopeur,unique
MAIN:0x036209,MAIN,0x036209,,7,"
怪力",Machamp,Mackogneur,unique
MAIN:0x036211,MAIN,0x036211,,10,"
喇叭芽",Bellsprout,Chétiflor,unique
MAIN:0x03621C,MAIN,0x03621C,,10,"
口袋花",Weepinbell,Boustiflor,unique
MAIN:0x036227,MAIN,0x036227,,10,"
大食花",Victreebel,Empiflor  ,unique
MAIN:0x036247,MAIN,0x036247,,7,"
小拳石",Geodude,Racaillou,unique
MAIN:0x03624F,MAIN,0x03624F,,8,"
隆隆石",Graveler,Gravalanch,unique
MAIN:0x036258,MAIN,0x036258,,5,"
隆隆岩",Golem,Grolem,unique
MAIN:0x036265,MAIN,0x036265,,8,"
烈焰马",Rapidash,Galopa  ,unique
MAIN:0x03626E,MAIN,0x03626E,,8,"
呆呆兽",Slowpoke,Ramoloss,unique
MAIN:0x036277,MAIN,0x036277,,7,"
呆河马",Slowbro,Flagadoss,unique
MAIN:0x03627F,MAIN,0x03627F,,9,"
小磁怪",Magnemite,Magnéti,unique
MAIN:0x036289,MAIN,0x036289,,8,"
三一磁怪",Magneton,Magnéton,unique
MAIN:0x036292,MAIN,0x036292,,10,"
大葱鸭",Farfetch'd,Canarticho,unique
MAIN:0x0362AA,MAIN,0x0362AA,,4,"
小海狮",Seel,Otaria,unique
MAIN:0x0362AF,MAIN,0x0362AF,,7,"
白海狮",Dewgong,Lamantine,unique
MAIN:0x0362B7,MAIN,0x0362B7,,6,"
臭泥",Grimer,Tadmorv,unique
MAIN:0x0362BE,MAIN,0x0362BE,,3,"
臭臭泥",Muk,Grotadmorv,unique
MAIN:0x0362C2,MAIN,0x0362C2,,8,"
大舌贝",Shellder,Kokiyas ,unique
MAIN:0x0362CB,MAIN,0x0362CB,,8,"
铁甲贝",Cloyster,Crustabri,unique
MAIN:0x0362D4,MAIN,0x0362D4,,6,"
鬼斯",Gastly,Fantominus,unique
MAIN:0x0362DB,MAIN,0x0362DB,,7,"
鬼斯通",Haunter,Spectrum,unique
MAIN:0x0362E3,MAIN,0x0362E3,,6,"
耿鬼",Gengar,Ectoplasma,unique
MAIN:0x0362EF,MAIN,0x0362EF,,7,"
素利普",Drowzee,Soporifik,unique
MAIN:0x0362F7,MAIN,0x0362F7,,5,"
素利拍",Hypno,Hypnomade,unique
MAIN:0x036304,MAIN,0x036304,,7,"
巨钳蟹",Kingler,Krabboss,unique
MAIN:0x03630C,MAIN,0x03630C,,7,"
雷电球",Voltorb,Voltorbe,unique
MAIN:0x036314,MAIN,0x036314,,9,"
顽皮弹",Electrode,Électrode,unique
MAIN:0x03631E,MAIN,0x03631E,,9,"
蛋蛋",Exeggcute,Noeunoeuf,unique
MAIN:0x036328,MAIN,0x036328,,9,"
椰蛋树",Exeggutor,Noadkoko ,unique
MAIN:0x036332,MAIN,0x036332,,6,"
可拉可拉",Cubone,Osselait,unique
MAIN:0x036339,MAIN,0x036339,,7,"
嘎拉嘎拉",Marowak,Ossatueur,unique
MAIN:0x036341,MAIN,0x036341,,9,"
沙瓦郎",Hitmonlee,Kicklee  ,unique
MAIN:0x03634B,MAIN,0x03634B,,10,"
艾比郎",Hitmonchan,Tygnon    ,unique
MAIN:0x036356,MAIN,0x036356,,9,"
大舌头",Lickitung,Excelangue,unique
MAIN:0x036360,MAIN,0x036360,,7,"
瓦斯弹",Koffing,Smogo  ,unique
MAIN:0x036368,MAIN,0x036368,,7,"
双弹瓦斯",Weezing,Smogogo,unique
MAIN:0x036370,MAIN,0x036370,,7,"
铁甲犀牛",Rhyhorn,Rhinocorne,unique
MAIN:0x036378,MAIN,0x036378,,6,"
铁甲暴龙",Rhydon,Rhinoféros,unique
MAIN:0x03637F,MAIN,0x03637F,,7,"
吉利蛋",Chansey,Leveinard,unique
MAIN:0x036387,MAIN,0x036387,,7,"
蔓藤怪",Tangela,Saquedeneu,unique
MAIN:0x03638F,MAIN,0x03638F,,10,"
袋龙",Kangaskhan,Kangourex ,unique
MAIN:0x03639A,MAIN,0x03639A,,6,"
墨海马",Horsea,Hypotrempe,unique
MAIN:0x0363A1,MAIN,0x0363A1,,6,"
海刺龙",Seadra,Hypocéan,unique
MAIN:0x0363A8,MAIN,0x0363A8,,7,"
角金鱼",Goldeen,Poissirène,unique
MAIN:0x0363B0,MAIN,0x0363B0,,7,"
金鱼王",Seaking,Poissoroy,unique
MAIN:0x0363B8,MAIN,0x0363B8,,6,"
海星星",Staryu,Stari ,unique
MAIN:0x0363BF,MAIN,0x0363BF,,7,"
宝石海星",Starmie,Staross,unique
MAIN:0x0363C7,MAIN,0x0363C7,,7,"
吸盘魔偶",Mr.Mime,M. Mime,unique
MAIN:0x0363CF,MAIN,0x0363CF,,7,"
飞天螳螂",Scyther,Insécateur,unique
MAIN:0x0363D7,MAIN,0x0363D7,,4,"
迷唇姐",Jynx,Lippoutou,unique
MAIN:0x0363DC,MAIN,0x0363DC,,9,"
电击兽",Electabuz,Élektek,unique
MAIN:0x0363ED,MAIN,0x0363ED,,6,"
大甲",Pinsir,Scarabrute,unique
MAIN:0x0363FB,MAIN,0x0363FB,,8,"
鲤鱼王",Magikarp,Magicarpe,unique
MAIN:0x036404,MAIN,0x036404,,8,"
暴鲤龙",Gyarados,Léviator,unique
MAIN:0x03640D,MAIN,0x03640D,,6,"
乘龙",Lapras,Lokhlass,unique
MAIN:0x036414,MAIN,0x036414,,5,"
百变怪",Ditto,Métamorph,unique
MAIN:0x03641A,MAIN,0x03641A,,5,"
伊布",Eevee,Évoli,unique
MAIN:0x036420,MAIN,0x036420,,8,"
水精灵",Vaporeon,Aquali  ,unique
MAIN:0x036429,MAIN,0x036429,,7,"
雷精灵",Jolteon,Voltali,unique
MAIN:0x036431,MAIN,0x036431,,7,"
火精灵",Flareon,Pyroli ,unique
MAIN:0x036441,MAIN,0x036441,,7,"
菊石兽",Omanyte,Amonita,unique
MAIN:0x036449,MAIN,0x036449,,7,"
多刺菊石",Omastar,Amonistar,unique
MAIN:0x036451,MAIN,0x036451,,6,"
化石盔",Kabuto,Kabuto,unique
MAIN:0x036461,MAIN,0x036461,,10,"
化石翼龙",Aerodactyl,Ptéra,unique
MAIN:0x03646C,MAIN,0x03646C,,7,"
卡比兽",Snorlax,Ronflex,unique
MAIN:0x036474,MAIN,0x036474,,8,"
急冻鸟",Articuno,Artikodin,unique
MAIN:0x03647D,MAIN,0x03647D,,6,"
闪电鸟",Zapdos,Électhor,unique
MAIN:0x036484,MAIN,0x036484,,7,"
火焰鸟",Moltres,Sulfura,unique
MAIN:0x03648C,MAIN,0x03648C,,7,"
迷你龙",Dratini,Minidraco,unique
MAIN:0x036494,MAIN,0x036494,,9,"
哈克龙",Dragonair,Draco    ,unique
MAIN:0x03649E,MAIN,0x03649E,,9,"
快龙",Dragonite,Dracolosse,unique
MAIN:0x0364F0,MAIN,0x0364F0,,18,"
使用了伤药",Used a Max Potion!,Util. Potion Max !,unique
MAIN:0x03650D,MAIN,0x03650D,,13,"
麻痹了不能动",Can't attack!,est paralysé !,unique
MAIN:0x03651B,MAIN,0x03651B,,12,"
睡着了",Fell asleep!, s'est endormi !,unique
MAIN:0x036528,MAIN,0x036528,dialogue_19_19,68,"
我相信科学的力量!现在电脑可以通信精灵和道具","I'm raising Pok@mon too! When they get strong, they can  protect me!",Vive la science ! Les PC échangent Pokémon et objets.,unique
MAIN:0x03656D,MAIN,0x03656D,raw,98,,Technology is      incredible! You cannow store and      recall items and   Pok@mon as data viaPC!,La technologie est incroyable ! Le PC stocke et rappelle objets et Pokémon !,non_aligne
MAIN:0x0365D0,MAIN,0x0365D0,dialogue_19_19,45,"
我的怪兽力量都用尽了......",You can use that PC in the corner over there.,Mes Pokémon sont épuisés...,unique
MAIN:0x0365FE,MAIN,0x0365FE,dialogue_19_19,102,"
休息一下如何?","0000000Ash,if you drive   your Pok@mon too   hard, they'll      dislike you.You    should take a rest.","Tu devrais faire
une sieste.",unique
MAIN:0x036665,MAIN,0x036665,dialogue_19_19,66,"
啊!你和精灵都很精神!小心去吧,保重!",Oh good! You and   your Pok@mon are   looking great! Takecare now!,"Ah, bien !
Ton équipe et toi
avez la forme !
Sois prudent !",unique
MAIN:0x0366A8,MAIN,0x0366A8,dialogue_19_19,74,"
小茂姐姐:爷爷有任务交给你啊!","Gary's Sis:Pok@mon are living things! If they get tired, give them a rest!",SŒUR DE RÉGIS : Papy a une mission pour toi !,unique
MAIN:0x0366F3,MAIN,0x0366F3,dialogue_19_19,106,"
你的精灵球是很方便的东西啊","You know there's 2 kinds of caterpilarPok@mon? Caterpie  has no poison, but Weedle does. Watch out for it!","Tes Poké Balls
sont drôlement
pratiques !",unique
MAIN:0x03675E,MAIN,0x03675E,dialogue_19_19,54,"
啊!日记的内容我都记住了",Coming up with nick names for my       Pok@mon is fun.,"Tout le journal,
par cœur !",unique
MAIN:0x036795,MAIN,0x036795,dialogue_19_19,84,"
我也很喜欢精灵啊","When you're using aPok@dex, it is     updated instantly  when you catch a   Pok@mon.","Moi aussi, j'adore les Pokémon !",unique
MAIN:0x0367EA,MAIN,0x0367EA,dialogue_19_19,76,"
我也想要辆自行车","If you press B whena Pok@mon is       evolving,that will cancel the process.","Moi aussi, je veux
un vélo !",unique
MAIN:0x036837,MAIN,0x036837,dialogue_19_19,27,"
你的比卡丘很可爱呢",Our Chairman loves Pok@mon!,Ton Pikachu est adorable !,unique
MAIN:0x036853,MAIN,0x036853,dialogue_19_19,34,"
我的肚子好饿呀...",I heard Grimer livein toxic waste.,Je meurs de faim...,unique
MAIN:0x036876,MAIN,0x036876,dialogue_19_19,33,"
铁达尼号出发了吗?","Sorry, Lt. Surge isout right now.","L'Océane a déjà
levé l'ancre ?",unique
MAIN:0x036898,MAIN,0x036898,dialogue_19_19,35,"
该怎么吧这家伙弄醒呢?",A sleeping Pok@mon blocks the path.,"Comment réveiller
ce dormeur ?",unique
MAIN:0x0368BC,MAIN,0x0368BC,dialogue_19_19,52,"
啊!这长长的洞穴!是地鼠挖的!听说都到尼比市了!",Diglets dug this   cave that goes to  Viridian City.,"Les Taupiqueur
ont creusé
jusqu'à Argenta !",unique
MAIN:0x0368F1,MAIN,0x0368F1,raw,57,,Restless Pok@mon spirits have been seen in Pok@mon Tower.,Des esprits hantent la Tour Pokémon.,non_aligne
MAIN:0x03692B,MAIN,0x03692B,dialogue_19_19,36,"
这里每天进行精灵研究",It never hurts to  have extra items!,"Tous les jours,
on étudie ici
les Pokémon.",unique
MAIN:0x036950,MAIN,0x036950,pokedex_13x4,39,"
背部能开出美丽的花",The bulb on  its back has a sweet aroma,Le bulbe sur son dos a un doux parfum,unique
MAIN:0x036978,MAIN,0x036978,pokedex_13x4,49,"
花的香气让人心情好",It stays on  the move to  seek sunlightfor energy,Il cherche la lumière pour obtenir de l'énergie.,unique
MAIN:0x0369AA,MAIN,0x0369AA,pokedex_13x4,51,"
转动尾巴点燃火焰让周围温度上升",It blows blueand white    flames when  it's enraged,Il crache du feu bleu et blanc en colère.,unique
MAIN:0x0369DE,MAIN,0x0369DE,pokedex_13x4,52,"
吐出的高温火焰可以烧化岩石",It spits firethat's hot   enough to    melt boulders,Son feu peut faire fondre les rochers.,unique
MAIN:0x036A13,MAIN,0x036A13,pokedex_13x4,50,"
足虽短但很有力量",Its feet havesuction pads that help it climb trees,Ses ventouses lui servent à grimper aux arbres.,unique
MAIN:0x036A46,MAIN,0x036A46,pokedex_13x4,50,"
能放出毒粉顺利飞行",Its water-   proof wings  lets it fly  in the rain,Ses ailes étanches lui font braver la pluie.,unique
MAIN:0x036A79,MAIN,0x036A79,pokedex_13x4,47,"
自己几乎不移动危险时会变硬保护",It may stick out its stin-ger to poisonan enemy,Il sort son dard pour empoisonner ses ennemis.,unique
MAIN:0x036AA9,MAIN,0x036AA9,pokedex_13x4,43,"
拥有属于自己的地盘攻击入侵的敌人",It constantlyflies around in search of prey,Il vole sans cesse à la recherche de proies,unique
MAIN:0x036AD5,MAIN,0x036AD5,pokedex_13x4,51,"
身体小但移动灵敏","Very common, if you see itthere may be 40 more near","Très commun, il vit en groupes de quarante.",unique
MAIN:0x036B09,MAIN,0x036B09,pokedex_13x4,51,"
以虫子为食喜欢整理羽毛","Eats bugs in grassy areas,and can fly  very quickly",Il mange des insectes dans l'herbe et vole vite.,unique
MAIN:0x036B3D,MAIN,0x036B3D,pokedex_13x4,51,"
有很大的翅膀可以在天空飞行","With its hugewings, it canfly without  ever resting",Ses ailes immenses le portent sans repos.,unique
MAIN:0x036B71,MAIN,0x036B71,pokedex_13x4,52,"
很多聚在一起可以引发闪电","When several get together,they could   cause a storm","Réunis, ils peuvent causer un orage.",unique
MAIN:0x036BA6,MAIN,0x036BA6,pokedex_13x4,44,"
身体团起来时像个刺球","If its claws break,they'llgrow back in a day",Ses griffes cassées repoussent en un jour.,unique
MAIN:0x036BD3,MAIN,0x036BD3,pokedex_13x4,50,"
喜欢对战的精灵",This Pok@mon prefers phys-ical attacks like biting,Il préfère les attaques au contact et les morsures.,unique
MAIN:0x036C06,MAIN,0x036C06,pokedex_13x4,51,"
有坚硬的鳞可以保护身体",It uses its  hefty bulk toexecute very strong moves,Son gabarit permet des attaques puissantes.,unique
MAIN:0x036C3A,MAIN,0x036C3A,pokedex_13x4,48,"
遇到危险身体的刺可以放出强烈的毒","If it senses danger,it'll attack using its horns",S'il sent le danger il attaque avec ses cornes,unique
MAIN:0x036C6B,MAIN,0x036C6B,pokedex_13x4,52,"
胆子小一遇到危险就跑",A timid Pok@-mon that willrun if it    senses people,"Timide, il fuit dès qu'il sent des humains.",unique
MAIN:0x036CA0,MAIN,0x036CA0,pokedex_13x4,51,"
尾巴长到九条变的聪明",It's said 9  saints were  reincarnated as Ninetales,Neuf saints se seraient réincarnés en Feunard.,unique
MAIN:0x036CD4,MAIN,0x036CD4,pokedex_13x4,47,"
能发出催人入眠的歌声",It sings a   melody that  lulls the foeto sleep,Il chante une mélodie qui endort les ennemis,unique
MAIN:0x036D04,MAIN,0x036D04,pokedex_13x4,52,"
专门靠吸血为生",It will not  stop drainingits victim   once it bites,Il draine sans fin toute victime mordue.,unique
MAIN:0x036D39,MAIN,0x036D39,pokedex_13x4,49,"
身体常常贴在地面慢慢移动",It buries it-self in the  day& at nightsows seeds,Il s'enterre le jour et sème la nuit.,unique
MAIN:0x036D6B,MAIN,0x036D6B,pokedex_13x4,43,"
能分泌液体吸引食物",It oozes nec-tar from its mouth to lureprey,Il suinte du nectar pour attirer ses proies.,unique
MAIN:0x036D97,MAIN,0x036D97,pokedex_13x4,52,"
身体比虫大爱潮湿的地方",The mushroom on its back  drains energyfrom Parasect,Le champignon dorsal absorbe son énergie.,unique
MAIN:0x036DCC,MAIN,0x036DCC,pokedex_13x4,51,"
在大树下生活爱吃小虫子",Lives in the shadows of   trees where  it eats bugs,"À l'ombre des arbres, il mange des insectes.",unique
MAIN:0x036E00,MAIN,0x036E00,pokedex_13x4,50,"
在底下一公里处生活",Lives undergr-ound where  it feeds on  plant roots,Il vit sous terre et mange des racines.,unique
MAIN:0x036E33,MAIN,0x036E33,pokedex_13x4,52,"
喜欢钱币形状的东西",Loves shiny  things and   often wandersto find coins,Il erre pour trouver des pièces brillantes.,unique
MAIN:0x036E68,MAIN,0x036E68,pokedex_13x4,52,"
属于很多人喜欢的生物","Although veryadmired, it  is hard to   keep as a pet","Admiré, il reste difficile à élever.",unique
MAIN:0x036E9D,MAIN,0x036E9D,pokedex_13x4,47,"
喜欢在水里游泳",It swims verygracefully   using broad  flippers,Ses nageoires le font nager avec grâce.,unique
MAIN:0x036ECD,MAIN,0x036ECD,pokedex_13x4,49,"
生气时追着对手不放","Always angry,will chase   its prey tillits caught","Furieux, il poursuit sa proie sans relâche.",unique
MAIN:0x036EFF,MAIN,0x036EFF,pokedex_13x4,48,"
保护自己的领地不让任何人靠近","Very territo-rial, it willbark to repelintruders","Territorial, il chasse les intrus en aboyant.",unique
MAIN:0x036F30,MAIN,0x036F30,pokedex_13x4,51,"
在水里生活的精灵",It appears toprefer swimm-ing than try-ing to stand,Il préfère nager plutôt que marcher.,unique
MAIN:0x036F64,MAIN,0x036F64,pokedex_13x4,47,"
擅长游泳速度惊人",A strong swi-mmer that canbeat championswimmers,Ce puissant nageur bat même les champions.,unique
MAIN:0x036F94,MAIN,0x036F94,pokedex_13x4,51,"
发现敌人后会乘机逃跑",It can read  minds and it will teleportif in danger,Il lit les pensées et se téléporte en danger.,unique
MAIN:0x036FC8,MAIN,0x036FC8,pokedex_13x4,52,"
有比超级计算机还灵敏的技能","It can memor-ize anything,and never forgets anything",Il mémorise tout et n'oublie jamais rien.,unique
MAIN:0x036FFD,MAIN,0x036FFD,pokedex_13x4,52,"
力量强大的生物",The belt it  wears limits its incred-  ible strength,La ceinture qu'il porte limite sa force énorme,unique
MAIN:0x037032,MAIN,0x037032,pokedex_13x4,52,"
爱吃小虫子",It ensnares  tiny insects with vines   and eats them,Il piège des insectes avec des lianes et les mange,unique
MAIN:0x037067,MAIN,0x037067,pokedex_13x4,44,"
能喷出毒粉阻止敌人移动",When hungry  it swallows  anything thatmoves,"Affamé, il avale tout ce qui bouge.",unique
MAIN:0x037094,MAIN,0x037094,pokedex_13x4,49,"
在海上漂浮","Drifts in    shallow seas,will attack  using acid",Il dérive en mer et lance de l'acide.,unique
MAIN:0x0370C6,MAIN,0x0370C6,pokedex_13x4,52,"
触手在刺中食物的时候可以变长",They ensnare prey using   their numer- ous tentacles,Ils piègent leurs proies avec leurs tentacules,unique
MAIN:0x0370FB,MAIN,0x0370FB,pokedex_13x4,52,"
常常在山坡地带活动",It rolls overany obstacle without      avoiding them,Il roule sur tout obstacle sans jamais les éviter,unique
MAIN:0x037130,MAIN,0x037130,pokedex_13x4,47,"
蹄比金刚石还坚硬能踩坏任何东西",Its hooves   are 10 times harder than  diamonds,Ses sabots sont 10 fois plus durs que les diamants,unique
MAIN:0x037160,MAIN,0x037160,pokedex_13x4,48,"
移动缓慢呆头呆脑","Very slow, ittakes 5 sec. for it to    feel pain",Il sent la douleur cinq secondes plus tard.,unique
MAIN:0x037191,MAIN,0x037191,pokedex_13x4,49,"
爱吃其它生物吃剩的食物",The Shellder on its tail  eats scraps  left by it,Le Kokiyas sur sa queue mange les restes,unique
MAIN:0x0371C3,MAIN,0x0371C3,pokedex_13x4,47,"
聚集发电厂的能量",They appear  frequently   when sunspotsflare up,Les taches solaires le font apparaître.,unique
MAIN:0x0371F3,MAIN,0x0371F3,pokedex_13x4,48,"
飞行本领差但跑的速度快",It prefers torun on its   highly devel-oped legs,Il préfère courir sur ses fortes pattes.,unique
MAIN:0x037224,MAIN,0x037224,pokedex_13x4,52,"
头很硬耐攻击",It loves to  swim in a    frigid temp. of 14 degrees,Il adore nager dans une eau à 14 degrés.,unique
MAIN:0x037259,MAIN,0x037259,pokedex_13x4,45,"
生活在很脏的地方",Thrives by   sucking up   polluted     sludge,Il prospère en aspirant les boues polluées,unique
MAIN:0x037287,MAIN,0x037287,pokedex_13x4,50,"
坚硬的外壳可抵挡任何攻击","The shell canwithstand anyattack,no    matter what",Sa coquille résiste à toutes les attaques.,unique
MAIN:0x0372BA,MAIN,0x0372BA,pokedex_13x4,48,"
受到攻击时身体表面的刺会张开","For protect- ion,it shootsspikes from  its shell",Il tire des pics de sa coquille pour se défendre.,unique
MAIN:0x0372EB,MAIN,0x0372EB,pokedex_13x4,50,"
可以放出毒气让人昏迷",It has no    real shape   and appears  made of gas,Il n'a pas de forme et semble fait de gaz,unique
MAIN:0x03731E,MAIN,0x03731E,pokedex_13x4,50,"
身体很结实像金刚石一样",The caves it makes are    used as homesby Digletts,Les grottes qu'il creuse abritent des Taupiqueur.,unique
MAIN:0x037351,MAIN,0x037351,pokedex_13x4,51,"
遇到敌人的时候可以使人沉睡",It will use  hynosis when it locks eyeswith enemies,Il utilisera l'hypnose si on croise son regard,unique
MAIN:0x037385,MAIN,0x037385,pokedex_13x4,48,"
巨大的钳子有无穷的力量","Its claw has up to 10,000 lbs of crush-ing power","Sa pince broie avec une force de 4,5 tonnes.",unique
MAIN:0x0373B6,MAIN,0x0373B6,pokedex_13x4,47,"
能聚集很大的能量引发风暴",Stores elect-ric energy   within its   own body,Il stocke de l'électricité dans son propre corps,unique
MAIN:0x0373E6,MAIN,0x0373E6,pokedex_13x4,51,"
喜欢帖在地面移动",It's said    Exeggcute areborn from oneof its heads,On dit que Noeunoeuf naît d'une de ses têtes,unique
MAIN:0x03741A,MAIN,0x03741A,pokedex_13x4,48,"
能扔骨头棒打击敌人",It skillfullyweilds its   bone like a  boomerang,Il manie habilement son os comme un boomerang.,unique
MAIN:0x03744B,MAIN,0x03744B,pokedex_13x4,48,"
飞踢的时候脚可以变长",This Pok@mon destroys its opponents w/ its kicks,Ses coups de pied terrassent ses rivaux.,unique
MAIN:0x03747C,MAIN,0x03747C,pokedex_13x4,51,"
可以以超人的速度挥动拳头",It punches infast volleys that cannot  even be seen,Il frappe si vite qu'on ne voit pas ses coups.,unique
MAIN:0x0374B0,MAIN,0x0374B0,pokedex_13x4,48,"
被它的舌头舔到会麻痹",Its tongue is7 ft. long   and can causeparalysis,Sa langue de 2m de long peut causer la paralysie,unique
MAIN:0x0374E1,MAIN,0x0374E1,pokedex_13x4,52,"
能吸取各种毒气经常引发大爆炸",Its prone to explosions   due to the   gas inside it,Son gaz interne peut le faire exploser.,unique
MAIN:0x037516,MAIN,0x037516,pokedex_13x4,47,"
能长时间放出毒气",It grows by  absorbing gasdust and alsobacteria,"Gaz, poussière et bactéries le font grandir.",unique
MAIN:0x037546,MAIN,0x037546,pokedex_13x4,52,"
移动灵活在海中自由游泳",Can swim backwards using  its wing-likefins and tail,Ses nageoires et sa queue le font reculer.,unique
MAIN:0x03757B,MAIN,0x03757B,pokedex_13x4,52,"
秋天为了产卵常出现在河流中","During spawn-ing season,  they're seen goin up river","À la ponte, il remonte les rivières.",unique
MAIN:0x0375B0,MAIN,0x0375B0,pokedex_13x4,52,"
身体有发出七色光的宝石",It's thought to be commun-icating when its gem glows,Sa gemme brille quand il communique.,unique
MAIN:0x0375E5,MAIN,0x0375E5,pokedex_13x4,50,"
反应灵敏移动灵活爪子锋利",It can createillusions of itself using its agility,Il crée des illusions de lui-même avec son agilité,unique
MAIN:0x037618,MAIN,0x037618,pokedex_13x4,45,"
喜欢藏在火焰之中","Born in a volcano,its bodyis covered inflames","Né au volcan, son corps est couvert de flammes.",unique
MAIN:0x037646,MAIN,0x037646,pokedex_13x4,46,"
头上的角很厉害",It uses its  large pinsersto crush its enemies,Ses grandes pinces écrasent ses ennemis.,unique
MAIN:0x037675,MAIN,0x037675,pokedex_13x4,49,"
看上去很弱但传说过去很厉害",Horribly weakand unrelia- ble. Is foundeverywhere,"Très faible et peu fiable, il vit partout.",unique
MAIN:0x0376A7,MAIN,0x0376A7,pokedex_13x4,50,"
背上可以带人游水",A gentle Pok@mon that can read the mindof a person,Un gentil Pokémon qui lit dans les pensées,unique
MAIN:0x0376DA,MAIN,0x0376DA,pokedex_13x4,51,"
可以模仿敌人有变身的能力",It can rearr-ange it's DNAto transform into its foe,Il change son ADN pour copier son ennemi.,unique
MAIN:0x03770E,MAIN,0x03770E,pokedex_13x4,48,"
能引发很大的电能",It gathers   negative ionsto blast out lightning,Il capte des ions négatifs et lance des éclairs.,unique
MAIN:0x03773F,MAIN,0x03773F,pokedex_13x4,49,"
生体是用程序制造的",A programmed Pok@mon that can move in  cyberspace,"Programmé, il voyage dans le cyberespace.",unique
MAIN:0x037771,MAIN,0x037771,pokedex_13x4,52,"
有尖利的牙喜欢吃贝壳",Its heavy    shell makes  it difficult to catch prey,Sa lourde coquille rend la capture de proies dure,unique
MAIN:0x0377A6,MAIN,0x0377A6,pokedex_13x4,50,"
游泳速度很快爪子像镰刀",It cuts prey w/its claws  & drains its body fluids,Il tranche ses proies et aspire leurs fluides.,unique
MAIN:0x0377D9,MAIN,0x0377D9,pokedex_13x4,48,"
很暴的古代精灵",It goes for  the enemy's  throat with  its fangs,Ses crocs visent la gorge de son ennemi.,unique
MAIN:0x03780A,MAIN,0x03780A,pokedex_13x4,45,"
传说中的鸟可以引发巨大的闪电",Mystical birdsaid to app- ear during   storms,Oiseau mystique qui apparaît dans les tempêtes.,unique
MAIN:0x037838,MAIN,0x037838,pokedex_13x4,48,"
传说中的鸟可以焚烧一切",Mystical birdwhose wings  make flashes of flames,Ses ailes font jaillir des gerbes de flammes.,unique
MAIN:0x037869,MAIN,0x037869,pokedex_13x4,48,"
很少有人见过智力比人还厉害",A rare marinePok@mon whoseI.Q. matches a human's,"Pokémon marin rare, son Q.I. égale le nôtre.",unique
MAIN:0x03789A,MAIN,0x03789A,pokedex_13x4,46,"
神奇的精灵几乎没人见过它",So rare that only a few   have ever    seen it,Si rare que très peu de gens l'ont vu.,unique
MAIN:0x0378C9,MAIN,0x0378C9,pokedex_13x4,44,"
三大法皇之一炎之霸王",Volcanos are said to eruptwhen Entei   barks,Son cri ferait entrer les volcans en éruption.,unique
MAIN:0x0378F6,MAIN,0x0378F6,pokedex_13x4,51,"
三大法皇之一水之霸王",It races aro-und the worldto purify po-lluted water,Il parcourt le monde et purifie l'eau polluée.,unique
MAIN:0x03792A,MAIN,0x03792A,pokedex_13x4,52,"
宝石大陆的谜之生物海底之王",Legends say  it swells theseas by caus-ing downpours,On dit que ses déluges gonflent les mers.,unique
MAIN:0x03795F,MAIN,0x03795F,pokedex_13x4,52,"
宝石大陆的谜之生物天空之王",It has lived for millions of years in  Earth's ozone,Il vit depuis des millions d'années dans l'ozone.,unique
MAIN:0x037994,MAIN,0x037994,dialogue_19_19,188,"
小茂:怎么回事?真的结束了吗?尽了全力却还是输了!好不容易爬到这个地步...为什么我会输...我的培育方法不可能出错的...没办法,你是宠物联盟的新冠军...我真不太想承认","No! After all that work to become     champ, it's over   already? Why did I lose? I never made mistakes raising myPok@mon!...Darn it!You're the league  champ, although I  hate to admit it.","RÉGIS :
Quoi ? Déjà fini ?
J'ai tout donné,
mais j'ai perdu...
Tant d'efforts...
Et je perds ?
Mon entraînement
était parfait !
Bon... Tu es
le Champion.
J'ai du mal
à l'admettre...",unique
MAIN:0x037A51,MAIN,0x037A51,dialogue_19_19,95,,"Once again, congra-tulations Ash! You put an end to Team Rocket, hopefully  for good this time.","JESSIE : Oui !
Son nom : Kameiyu !
Il est développeur
chez Nanjing Tech,
à Céladopole !",non_aligne
MAIN:0x037AB1,MAIN,0x037AB1,dialogue_19_19,42,,You truly are a    remarkable trainer Ash!,"MIAOUSS : C'est exact, Miaouss !",non_aligne
MAIN:0x037ADC,MAIN,0x037ADC,dialogue_19_19,274,"
卡美优:小智,我知道你一定会来的!这一战应该没有任何遗憾吧!!来吧,准备好了吗?",Eusine: Greetings! I've heard about   you Ash! Glad to   meet you! I've     searched the world for the greatest   Legendary Pok@mon  and finally found  them! They seem to want to see your   power for them-    selves! Allow me toshow you the power of the Legendary   Pok@mon!,"KAMEIYU : Sacha !
Te voilà,
comme prévu !
Battons-nous
sans aucun regret !
Alors, prêt ?",unique
MAIN:0x037BEF,MAIN,0x037BEF,dialogue_19_19,56,"
洞里太黑了,能掌握一些闪光的法术就好了!","The cave is pitch  black, a Pok@mon   could light it up.","Cette grotte est
très sombre.
Avec Flash,
un Pokémon peut
l'éclairer.",unique
MAIN:0x03804B,MAIN,0x03804B,dialogue_19_19,16,,Withdraw Deposit,Retirer  Déposer,non_aligne
MAIN:0x03805C,MAIN,0x03805C,dialogue_19_19,17,"
南晶公司版权所有",<0A><B0A7><B0A8><B0A9><B0AA><B0AB><B0AC><B0AD><B0AE>,NANJING TECH. TOUS DROITS RÉSERVÉS.,unique
MAIN:0x03806F,MAIN,0x03806F,dialogue_19_19,16,"
精灵系统启动...",Turned on the PC,Le PC s'allume...,unique
MAIN:0x038080,MAIN,0x038080,dialogue_19_19,17,"
精灵系统关闭...!",Turned off the PC,Le PC s'éteint...,unique
MAIN:0x038092,MAIN,0x038092,dialogue_19_19,19,"
喔...小智在那有个圆圆的球吧,那里有宠物精灵是要给你的!拿去吧!","Go ahead,it's yours","PROF. CHEN :
Cette Poké Ball
abrite un Pokémon.
Il est pour toi !",unique
MAIN:0x0380A6,MAIN,0x0380A6,dialogue_19_19,30,"
要多和怪兽亲近.","Ash,take good care of Pikachu.","PROF. CHEN :
Rapproche-toi
de tes Pokémon.",unique
MAIN:0x0380C5,MAIN,0x0380C5,dialogue_19_19,23,"
欢迎!买东西吗?",Hello! May I help  you?,"Salut !
Je peux t'aider ?",unique
MAIN:0x0380DD,MAIN,0x0380DD,dialogue_19_19,15,"
不打不相识!",0000<B0CE><B0CF><B0CE><B0D0><B0D1>!,"Un combat suffit :
nous voilà amis !",unique
MAIN:0x0380EE,MAIN,0x0380EE,dialogue_19_19,14,"
马其斯:我输了,那么这个橙色徽章拿去吧,还有这个是我的心意!","Good job, kid!",MAJOR BOB : Battu ! Prends le Badge Foudre et ceci !,unique
MAIN:0x0380FD,MAIN,0x0380FD,dialogue_19_19,10,"
谢谢惠顾",Thank you.,Merci !,unique
MAIN:0x038108,MAIN,0x038108,dialogue_19_19,25,"
欢迎光临!",We hope to see you again!,Bienvenue !,unique
MAIN:0x038122,MAIN,0x038122,dialogue_19_19,13,"
得到杰尼龟",Got Squirtle!,Carapuce reçu !,unique
MAIN:0x038130,MAIN,0x038130,dialogue_19_19,23,"
恢复    放弃    ",0000000Heal    Leave   ,Soigner  Partir,unique
MAIN:0x038149,MAIN,0x038149,dialogue_19_19,36,"
对不起,因为机能所限这里暂时不能够对战...","Sorry, the Trading Center is closed.","Désolé, impossible de combattre ici pour le moment...",unique
MAIN:0x038173,MAIN,0x038173,dialogue_19_19,32,"
交换机器也坏了...下次再来看看吧","Sorry, the Cable   Club's closed","Même la machine
d'échange est
en panne...
Reviens plus tard.",unique
MAIN:0x038194,MAIN,0x038194,dialogue_19_19,16,"
买      不买    ",Buy     Pass    ,Acheter  Annuler,unique
MAIN:0x0381A5,MAIN,0x0381A5,dialogue_19_19,8,"
钱不够!",0<B0FE><B0CE><B0F1>!,Pas assez d'argent !,unique
MAIN:0x0381AF,MAIN,0x0381AF,dialogue_19_19,16,"
是      否      ",Yes     No      ,Oui     Non,unique
MAIN:0x0381C1,MAIN,0x0381C1,dialogue_19_19,16,"
空手道  跆拳道  ",Left    Right   ,Karaté  Taekwondo,unique
MAIN:0x0381D2,MAIN,0x0381D2,dialogue_19_19,13,"
小智使用了居合斩",0Used HM CUT!,"Sacha utilise
Coupe !",unique
MAIN:0x0381E0,MAIN,0x0381E0,dialogue_19_19,21,"
小智使用了飞天术",00000<B0B6><B0B7><B1A7><B1A8><B0F8><B1AC><B1AD><B1AE>,Sacha utilise Vol !,unique
MAIN:0x0381F6,MAIN,0x0381F6,dialogue_19_19,17,"
小智使用了冲浪术",<0A><B0B6><B0B7><B1A7><B1A8><B0F8><B1AF><B1B0><B1AE>,Sacha utilise Surf !,unique
MAIN:0x038208,MAIN,0x038208,dialogue_19_19,17,"
小智使用了怪力术",<0A><B0B6><B0B7><B1A7><B1A8><B0F8><B0CA><B0E3><B1AE>,Sacha utilise Force !,unique
MAIN:0x03821A,MAIN,0x03821A,dialogue_19_19,21,"
这块石头好像能被推动",<0A><B0EE><B1B1><B1B2><B1B3><B1B4><B1B5><B0EC><B1B6><B1B7><B0B2>,"On peut sans doute
pousser ce rocher.",unique
MAIN:0x038230,MAIN,0x038230,dialogue_19_19,23,"
这棵树苗好像能被斩断",This tree can be   cut!,"Cet arbre peut être
coupé !",unique
MAIN:0x038445,MAIN,0x038445,dialogue_19_19,177,," <B0C5><B1B4>!<B0D2><B0D3><B0C5><B0E4><B0E5><B0C0><B0C1><B0A1><B0A2><B0BC><B1BC><B1BD>!<B1BE><B1BF><B1C0><B1C1><B1C2><B1BE><B1C3><B1C4><B1C5>,<B0B8><B0EE><B1BC><B1BD><B1C6><B1C7><B1B6><B1C8><B0EA><B0C0><B0C1><B0A1><B0A2><B0BC><B1C9><B0C1>!<B0EE><B1C9><B0C1><B1B6><B1CA><B0EA><B0C0><B0C1>,<B1CB><B1A7><B1A8><B1CC><B0E7><B0F2><B1CD><B1CD>.<B1CE><B1C2><B0C2><B1CF><B1D0><B0EE><B0C0><B0C1><B0A1><B0A2><B0BC>!<B0B6><B0B7>,<B1D1><B0BA><B1D2><B1D3><B1CC><B0C5><B0BC><B1D4><B1D5>,<B1D6><B1D7><B1D8><B1D2><B1D9><B1DA>!","PROF. CHEN :
Bien le bonjour !
Bienvenue !
Voici le monde
magique
des Pokémon !
Mon nom est Chen,
le Prof Pokémon !
Des Pokémon
vivent partout.
Certains sont
nos compagnons.
D'autres les font
combattre.
Moi, je les étudie.
Sacha !
Ta quête commence !
Rêves et aventures
t'attendent !",non_aligne
MAIN:0x0384F8,MAIN,0x0384F8,dialogue_19_19,32,,YO ASH! Gramps     isn't around!,"RÉGIS : Hé, Sacha !
Pépé n'est pas là !
Pour un Pokémon,
j'ai rappliqué !",non_aligne
MAIN:0x038519,MAIN,0x038519,dialogue_19_19,141,,"Hey! Wait! Don't goout! It's unsafe!  Wild Pok@mon live  in tall grass! You need your own      Pok@mon for safety.I know! Here, come with me!","PROF. CHEN :
Ne sors pas !
Des Pokémon rôdent
dans les herbes.
Il t'en faut un.
Suis-moi !",non_aligne
MAIN:0x0385A7,MAIN,0x0385A7,dialogue_19_19,46,,Gary:Hey Gramps!   I'm fed up with    waiting!,"RÉGIS : Pépé !
Te voilà !",non_aligne
MAIN:0x0385D6,MAIN,0x0385D6,dialogue_19_19,28,,Hey! Gramps! What  about me?,RÉGIS : Pépé ! C'est pas juste ! Et moi ?,non_aligne
MAIN:0x0385F3,MAIN,0x0385F3,dialogue_19_19,44,,"Be patient Gary,   I'll give you one  later.","PROF. CHEN :
Patience, Régis.
Tu l'auras bientôt.",non_aligne
MAIN:0x038620,MAIN,0x038620,dialogue_19_19,46,,"Humph! I'll get a  better Pok@mon thanyou,Ash!",RÉGIS : Pff ! J'aurai un meilleur Pokémon que toi !,non_aligne
MAIN:0x03864F,MAIN,0x03864F,dialogue_19_19,32,,No way Ash! I want this Pok@mon!,"RÉGIS : Non !
Il est à moi !",non_aligne
MAIN:0x038670,MAIN,0x038670,dialogue_19_19,25,"
大木:喂!什么!你在做什么!",Gary! What are you doing?,"PROF. CHEN :
Régis !
Que fais-tu ?",unique
MAIN:0x03868A,MAIN,0x03868A,dialogue_19_19,23,"
小茂:爷爷!人家就是想要这个嘛!","Gramps,I want this one!","RÉGIS :
Pépé, je le veux !",unique
MAIN:0x0386A2,MAIN,0x0386A2,dialogue_19_19,114,"
大木:真是拿你没办法,好吧!那个宠物精灵就给你吧!反正是早晚的是...小智,你来一下好吗?","Oak:But, I...Oh,allright then. That   Pok@mon is yours. Iwas going to give  you one anyway...  Ash,come over here.","PROF. CHEN :
Bon, d'accord.
Il est à toi.
Je comptais déjà
t'en donner un.
Sacha, viens ici !",unique
MAIN:0x038715,MAIN,0x038715,dialogue_19_19,46,"
大木:这里还有一只是刚刚抓的.和人还不是能亲近的","Oak:Ash, this is a Pok@mon I caught   earlier.","PROF. CHEN :
Je l'ai capturé.
Il craint encore
les humains.",unique
MAIN:0x038744,MAIN,0x038744,dialogue_19_19,16,"
得到比卡丘",You can have it.,Pikachu reçu !,unique
MAIN:0x038755,MAIN,0x038755,dialogue_19_19,74,"
小茂:刚得到精灵就当我的对手练习练习吧!","Gary:Wait Ash!     Let's check out ourPok@mon! Come on,  I'll take you on!","RÉGIS : Sacha !
Testons-les.
Je te défie !",unique
MAIN:0x0387A0,MAIN,0x0387A0,dialogue_19_19,82,"
小茂:这不是开玩笑吗,你的精灵这么强??好吧,那我就去找别的精灵对战!好让我的精灵更强!小智.爷爷,再见了!",Okay! I'll make my Pok@mon fight to   toughen it up! Ash!Gramps! Smell you  later!,"RÉGIS : Ton Pokémon est fort ! Je vais entraîner le mien ailleurs. À plus, Sacha ! Salut, Papy !",unique
MAIN:0x0387F3,MAIN,0x0387F3,dialogue_19_19,110,"
店员:你是从真新镇来的吧?你知道大木博士吧.这是他要的东西,请转交给他!","Hey! You came from Pallet Town? You   know ProfOak,right?His order came in, can you take it to him? Thank you.",Bourg Palette ? Porte la commande du Prof. Chen !,unique
MAIN:0x038862,MAIN,0x038862,dialogue_19_19,29,"
老爷爷:你等等,听听我的话","00000<B2CE><B1EE><B1EE>:<B0C5><B1CD><B1CD>,<B1F1><B1F1><B1C2><B0BC><B1EF>",Attends un peu. Écoute-moi.,unique
MAIN:0x038880,MAIN,0x038880,dialogue_19_19,15,"
老爷爷:你还去?",<0A><B2CE><B1EE><B1EE>:<B0C5><B2BD><B0C7>?,"Tu veux quand même
y aller ?",unique
MAIN:0x038891,MAIN,0x038891,dialogue_19_19,43,"
士兵:请进",Lt.Surge hid a     switch inside the  cans!,Tu peux entrer.,unique
MAIN:0x0388BD,MAIN,0x0388BD,dialogue_19_19,32,"
大木:嗨!小智,怎样啊?与我给你的精灵好像相处的不错哦,你有宠物精灵训练师的才能喔!","00000Oh,Ash! How is     Pikachu?",PROF. CHEN : Pikachu t'apprécie. Tu feras un bon Dresseur !,unique
MAIN:0x0388DE,MAIN,0x0388DE,dialogue_19_19,55,"
大木:啊?有东西要交给我?",He seems to like   you...Hm? you have something for me?,"PROF. CHEN : Quoi ?
C'est pour moi ?",unique
MAIN:0x038916,MAIN,0x038916,dialogue_19_19,46,"
小智将包裹交给博士了!",Ah! This is the    custom Pok@ball I  ordered!,"Sacha remet
le Colis Chen
au Prof. Chen !",unique
MAIN:0x038945,MAIN,0x038945,dialogue_19_19,10,"
大木:这不就是我订的特制精灵球吗?谢谢你,对了!忘了告诉你有事要拜托你",Thank you!,CHEN : Ma Poké Ball spéciale ! Merci. J'ai une mission.,unique
MAIN:0x038950,MAIN,0x038950,dialogue_19_19,42,"
小茂:爷爷!我的精灵成长了!快来看啊",Gary:Gramps! What  did you call me    for?,"RÉGIS : Papy !
Mon Pokémon a
grandi ! Regarde !",unique
MAIN:0x03897B,MAIN,0x03897B,dialogue_19_19,17,"
得到图鉴",Received Pok@dex!,Pokédex obtenu !,unique
MAIN:0x03898D,MAIN,0x03898D,dialogue_19_19,38,"
大木:我的梦想就是制作一本完整的图鉴,但我已经老了不行了!现在希望由你们替我完成梦想!这是能在宠物精灵历史留名的工作,你们该出发了!",Gary:Okay Gramps!  Leave it all to me!,"PROF. CHEN :
Mon rêve : finir
le Pokédex complet.
Je suis trop vieux.
Prenez le relais !",unique
MAIN:0x0389B4,MAIN,0x0389B4,dialogue_19_19,145,"
小茂:爷爷!就交给我一个人就好了,小智真可惜没有你出场的份!对了我要去向姐姐借城镇地图去,我要叫他不要借给你,小智!哈哈,你去也没用的!","Ash, I hate to say it, but I don't    need you! I know!  I'll borrow a Town Map from my Sis!   I'll tell her not  to lend you one,   Ash! Hahaha!","RÉGIS : Papy,
confie-moi tout !
Dommage pour Sacha.
Je prends la Carte
chez ma sœur. Toi,
tu ne l'auras pas !
Ha ha !",unique
MAIN:0x038A46,MAIN,0x038A46,dialogue_19_19,71,"
小茂姐姐:爷爷有任务交给你啊,真辛苦,这个给你用吧","Gary's Sis:Grandpa asked you to run anerrand? Here,this  will help you!","SŒUR DE RÉGIS :
Pépé t'envoie
en course ?
Tiens, ça t'aidera.",unique
MAIN:0x038A8E,MAIN,0x038A8E,dialogue_19_19,18,"
得到地图",Received Town Map!,Carte obtenue !,unique
MAIN:0x038AA1,MAIN,0x038AA1,dialogue_19_19,76,"
老爷爷:上次好像喝醉似的头好痛,什么?我妨碍了你,你在完成精灵图鉴啊?那么抓精灵需要精灵球,只要到附近的商店就能买到","Old man:Ahhh! I'm  feeling much betternow! Hm? Oh! Sure, you can go through!","Quel mal de tête...
Je te bloquais ?
Pour le Pokédex,
achète
des Poké Balls !",unique
MAIN:0x038AEE,MAIN,0x038AEE,dialogue_19_19,20,"
常青道馆上了锁",00000000It's locked!,L'Arène est fermée à clé.,unique
MAIN:0x038B03,MAIN,0x038B03,dialogue_19_19,184,"
小茂:小智!你要去宠物精灵联盟啊?算了吧!反正我看你也没有徽章,把关的人不会让你过去的!还有你的精灵到底有没有变强啊?","Gary:Hey Ash!You'regoing to the       Pok@mon League?    Forget it, you     probably don't haveany Badges! The    guard won't let youthrough! So,did    your Pok@mon get   any stronger?","RÉGIS : Sacha !
Tu vas à la Ligue ?
Pas de Badge ?
Passage interdit !
Tes Pokémon
ont progressé ?",unique
MAIN:0x038BBC,MAIN,0x038BBC,dialogue_19_19,147,"
小茂:在宠物精灵联盟里尽是非常强劲的训兽师,不能不想办法通过那里,你也不能尽是停留在这里,想办法往前进吧!","I hear the Pok@mon League has many    tough trainers,I   have to figure out how to get past    them!You should    quit dawdling and  get a move on!","RÉGIS : La Ligue regorge de grands Dresseurs. Je passerai. Toi aussi, avance !",unique
MAIN:0x038C50,MAIN,0x038C50,dialogue_19_19,27,"
捉虫少年:以最强的训练家为目标你能赢的了我吗?",Hey! You have a    Pikachu!,"Tu vises le titre ?
Alors, bats-moi !",unique
MAIN:0x038C6C,MAIN,0x038C6C,dialogue_19_19,32,"
捉虫少年:你果然很强!","I looked, but I cannot find one.","T'es fort, toi !",unique
MAIN:0x038C8D,MAIN,0x038C8D,dialogue_19_19,26,"
捉虫少年:不可能...",No! Caterpie can't cut it!,Impossible...,unique
MAIN:0x038CA8,MAIN,0x038CA8,dialogue_19_19,29,"
捉虫少年:你也是训练师吧,让我们来较量一下!","Hey,wait up! What'sthe Hurry?","Toi aussi, t'es
Dresseur ? Alors,
battons-nous !",unique
MAIN:0x038CC6,MAIN,0x038CC6,dialogue_19_19,17,"
捉虫少年:你真厉害...",You're very good!,Tu es vraiment fort...,unique
MAIN:0x038CD8,MAIN,0x038CD8,dialogue_19_19,29,"
捉虫少年:不要逃避,来吧!",Hey!You scared the bugs away!,Ne te défile pas ! Viens te battre !,unique
MAIN:0x038CF6,MAIN,0x038CF6,dialogue_19_19,26,"
捉虫少年:我输了",I'm looking for a  Weedle.,J'ai perdu.,unique
MAIN:0x038D11,MAIN,0x038D11,dialogue_19_19,17,"
绅士:不想加入吗...",You're very good!,"Tu refuses donc
de nous suivre...",unique
MAIN:0x038D23,MAIN,0x038D23,dialogue_19_19,86,"
守卫:这扇门之后都是一些强劲的精灵训练家们,你还未拿到徽章啊...当然无法让你通过啊","0000000<B3DF><B3E0>:<B0EE><B3E1><B3E2><B3E3><B2A8><B1C0><B0C2><B1D1><B3E4><B2C9><B3D9><B0BC><B0A1><B0A2><B2DE><B2C5><B1BF><B2EF>,<B0C5><B2BD><B3E5><B0C6><B0DB><B3D1><B3D2><B2AC>...<B2C4><B2AA><B3E6><B2B8><B2CB><B0C5><B3DA><B3D4><B2AC>","De grands Dresseurs t'attendent. Sans Badge, passage interdit.",unique
MAIN:0x038D7A,MAIN,0x038D7A,dialogue_19_19,36,"
男孩:你是精灵训练家吧?小刚正在找寻对手...来吧!",You're a trainer   right? Follow me!,"Tu es Dresseur ?
Pierre cherche
un adversaire.
Suis-moi !",unique
MAIN:0x038D9F,MAIN,0x038D9F,dialogue_19_19,31,"
男孩:你有战胜的自信的话就去挑战小刚吧!",Brock's looking forchallengers.,"Si tu es prêt,
va défier Pierre !",unique
MAIN:0x038DBF,MAIN,0x038DBF,dialogue_19_19,108,"
裁判:你要不要朝宠物精灵冠军试试啊?我虽不是训练家但我可给你一些意见,你的比卡丘想赢这道场满难的!小刚所使用的地面系精灵是不受电气攻击的影响!","Hey champ! Let me  give you a tip.    Brock uses Rock    Pok@mon, Electric  attacks are uselessagainst them!","Hé, Champion !
Les Pokémon Sol
de Pierre ignorent
l'Électrik.
Dur pour Pikachu !",unique
MAIN:0x038E2C,MAIN,0x038E2C,dialogue_19_19,51,"
侦察员:等等!小孩有什么事啊!找小刚挑战?一万光年以后吧!",Wait! You're light years away from    facing Brock!,"Défier Pierre ?
Tu es à dix mille
années-lumière !",unique
MAIN:0x038E60,MAIN,0x038E60,dialogue_19_19,37,"
侦察员:你很厉害但比不上小刚","Darn,Light years isdistance,not time!",Tu es fort. Pierre l'est encore plus !,unique
MAIN:0x038E86,MAIN,0x038E86,dialogue_19_19,119,"
小刚:你来了!我是尼比宠物精灵道馆的领袖小刚!我的坚硬石头也就是我的精灵!我所使用的精灵以石系居多!就算会输也要战斗,这就是训练家的宿命!来吧",I'm Brock!I believein strong defense  and determination! Do you still wish  to face me? Fine   then! Show me your best!,"PIERRE : Je suis
Champion d'Argenta.
Mes Pokémon Roche
sont très solides !
Même si je perds,
je me battrai.
En garde !",unique
MAIN:0x038EFE,MAIN,0x038EFE,dialogue_19_19,74,"
小刚:哈哈,真厉害呢我给你宠物精灵联盟公认的灰色徽章!","I took you for     granted.As proof ofyour victory,here'sthe BOULDERBADGE!",PIERRE : Bravo ! Voici le Badge Roche !,unique
MAIN:0x038F49,MAIN,0x038F49,dialogue_19_19,56,"
得到灰色徽章","You can now use theHM Flash! Here,takethis with you too.",Badge Roche reçu !,unique
MAIN:0x038F82,MAIN,0x038F82,dialogue_19_19,14,"
小刚:有了灰色徽章你的精灵都将变强,持有闪光特技的精灵就算不战斗也能使用闪光!还有这个给你!",Recieved TM35!,PIERRE : Ce Badge renforce tes Pokémon. Flash marche hors combat. Tiens !,unique
MAIN:0x038F91,MAIN,0x038F91,dialogue_19_19,56,"
得到技能机器34!",It contains Harden.This raises your   Pokemon's defense.,CT35 reçue !,unique
MAIN:0x038FCA,MAIN,0x038FCA,dialogue_19_19,67,"
小刚:使用技能机器时精灵将马上记住特技,但特技就将丢弃!要让哪个精灵学习最好想清楚.特技35是变硬...被攻击时一直变硬...提升防御力!是一个有趣的特技!",A TM can only be   used once.So choosewho you use it on  carefully.,"PIERRE : Chaque CT
sert une fois.
Choisis bien !
CT35 : Armure
monte la Défense.",unique
MAIN:0x03900E,MAIN,0x03900E,dialogue_19_19,95,"
小刚:在这世上什么人都有,有人养精灵有人利用精灵战斗,在这有训练宠物精灵养成的修行!如果你以训练家为目标的话你该去华蓝市的道场试试!",You seem to be verygifted as a        trainer.Go to the  GYM in Cerulean andtest your strength.,"PIERRE : Élevage ou combat, chacun sa voie. Pour progresser, va défier l'Arène d'Azuria !",unique
MAIN:0x03906E,MAIN,0x03906E,dialogue_19_19,47,"
裁判:真不愧是强手!就是这样一来朝宠物精灵联盟冠军前进!","Just as I thought, you're Champion    Material!",Je le savais ! Tu as l'étoffe d'un Champion !,unique
MAIN:0x03909E,MAIN,0x03909E,dialogue_19_19,30,"
迷你裙:那边的人!你刚在看我吧!","You looked at me,  didn't you?",Hé ! Tu me fixais ?,unique
MAIN:0x0390BD,MAIN,0x0390BD,dialogue_19_19,12,"
迷你裙:算了...不过你再继续看的话我会打人的喔!",You're mean!,"Arrête de fixer,
ou je te frappe !",unique
MAIN:0x0390CA,MAIN,0x0390CA,dialogue_19_19,35,"
捉虫少年:你不是在常青森林遇到的家伙吗?",Hey! I met you in  Viridian Forest!,"Hé ! On s'est vus
dans la Forêt
de Jade !",unique
MAIN:0x0390EE,MAIN,0x0390EE,dialogue_19_19,18,"
捉虫少年:在这附近可以抓到和森林不一样的精灵!",You beat me again!,"Ici, les Pokémon
diffèrent de ceux
de la forêt.",unique
MAIN:0x039101,MAIN,0x039101,dialogue_19_19,31,"
谈判小子:穿短裤活动方便很好啊!你要不要穿穿看?",Are you a Pok@mon  Trainer too?,"Les shorts, c'est
pratique ! Essaie !",unique
MAIN:0x039121,MAIN,0x039121,dialogue_19_19,37,"
谈判小子:你有用电脑通信吗?捕抓到的妖怪超过六个会自动记录到电脑中",Are you storing    Pok@mon on the PC?,"Après six Pokémon, les suivants sont envoyés au PC.",unique
MAIN:0x039147,MAIN,0x039147,dialogue_19_19,31,"
捉虫少年:你是训练家?那就立刻跟我比一下!",You can fight my   new Pok@mon!,"Tu es Dresseur ?
Alors, en garde !",unique
MAIN:0x039167,MAIN,0x039167,dialogue_19_19,43,"
捉虫少年:还真是搞笑...",Trained Pok@mon arestronger than wild ones.,Quelle blague...,unique
MAIN:0x039193,MAIN,0x039193,dialogue_19_19,30,"
谈判小子:什么嘛!没有穿短裤嘛",Hey! You're don't  have shorts,Hé ! Pas de short ?,unique
MAIN:0x0391B2,MAIN,0x0391B2,dialogue_19_19,31,"
谈判小子:输了输了...",Even in winter I   wear shorts!,Encore perdu...,unique
MAIN:0x0391D2,MAIN,0x0391D2,dialogue_19_19,27,"
捉虫少年:用刚抓到的宠物精灵跟我打吧!",Do you like bug    Pok@mon?,"Ma nouvelle prise
va t'affronter !",unique
MAIN:0x0391EE,MAIN,0x0391EE,dialogue_19_19,38,"
捉虫少年:你很厉害呢",Bug types evolve   faster than others.,T'es très fort !,unique
MAIN:0x039215,MAIN,0x039215,dialogue_19_19,23,"
迷你裙:呀!你刚才有摸我身体吗?",Eek! Did you touch me!?,Aah ! Tu m'as touchée ?!,unique
MAIN:0x03922D,MAIN,0x03922D,dialogue_19_19,35,"
迷你裙:原来是误会啊...",Route 4 is at the  foot of Mt.Moon.,"Ah, je m'étais trompée...",unique
MAIN:0x039251,MAIN,0x039251,dialogue_19_19,38,"
迷你裙:你的视线!真的很令人在意!","The look you gave  me,it's intriguing!","Ton regard...
Ça me gêne !",unique
MAIN:0x039278,MAIN,0x039278,dialogue_19_19,45,"
迷你裙:如果不想打架的话就不要让视力交会",Don't let people   see you to avoid   fights!,"Pas de combat ?
Évite les regards !",unique
MAIN:0x0392A6,MAIN,0x0392A6,dialogue_19_19,62,"
大爷:只告诉你一个好消息...!秘密的鲤鱼王只卖500元!你买不买?",Have I got a deal  for you! How about a Magikarp for just500$?,"Bonjour l'ami !
J'ai une super
affaire !
Un Magicarpe :
juste 500 $ !
Qu'en dis-tu ?",unique
MAIN:0x0392E5,MAIN,0x0392E5,dialogue_19_19,10,"
是吗?真是可惜",Too bad...,Ah bon ? Dommage...,unique
MAIN:0x0392F0,MAIN,0x0392F0,dialogue_19_19,18,"
得到鲤鱼王",Recieved Magikarp!,Magicarpe reçu !,unique
MAIN:0x039303,MAIN,0x039303,dialogue_19_19,48,"
捉虫少年:可疑男人在洞内徘徊你是...",I saw suspicious   men this cave.What about you?,"Un homme suspect
rôde dans le coin.
Et toi, t'es qui ?",unique
MAIN:0x039334,MAIN,0x039334,dialogue_19_19,36,"
捉虫少年:被骗了,没错!我看到的家伙他是火箭队的人!",I'm sure they're   from Team Rocket!,"On m'a bien eu !
C'était un membre
de la Team Rocket !",unique
MAIN:0x039359,MAIN,0x039359,dialogue_19_19,43,"
迷你裙:干嘛啊?我是在这里等洞里分散的朋友啦",I'm waiting for my friends to find me here.,Quoi ? J'attends mes amis perdus dans la grotte !,unique
MAIN:0x039385,MAIN,0x039385,dialogue_19_19,43,"
迷你裙:我是听说这个洞里有很棒的化石才来的",I heard there are  very rare fossils  here.,"Je suis venue
pour les fossiles
rares cachés ici.",unique
MAIN:0x0393B1,MAIN,0x0393B1,dialogue_19_19,36,"
火箭队:宠物精灵黑手党组织火箭队!是又恐怖又强的!","We,Team Rocket,are Pok@mon gansters!","TEAM ROCKET :
Mafia Pokémon,
forte et redoutée !",unique
MAIN:0x0393D6,MAIN,0x0393D6,dialogue_19_19,22,"
火箭队:你比我更恐怖...",Darn it all! I blewit!,Tu me fais encore plus peur...,unique
MAIN:0x0393ED,MAIN,0x0393ED,dialogue_19_19,22,"
迷你裙:洞隆里相当的宽阔呢",Mt.Moon's big isn'tit?,Cette grotte est immense !,unique
MAIN:0x039404,MAIN,0x039404,dialogue_19_19,27,"
迷你裙:这么大哪边是出口都搞不清楚",How do you get out of here?,C'est immense... Où est la sortie ?,unique
MAIN:0x039420,MAIN,0x039420,dialogue_19_19,31,"
谈判小子:你也是来这里探险的吗?",Did you come to    explore too?,Tu explores aussi ?,unique
MAIN:0x039440,MAIN,0x039440,dialogue_19_19,34,"
谈判小子:到底哪里有珍奇的精灵呢?",I came here to showoff my Pok@mon.,"Mais où sont donc
les Pokémon rares ?",unique
MAIN:0x039463,MAIN,0x039463,dialogue_19_19,19,"
大叔:原来是小孩子啊!吓我一跳",Whoa!You scared me!,"Oh ! Un gamin !
Tu m'as fait peur !",unique
MAIN:0x039477,MAIN,0x039477,dialogue_19_19,37,"
大叔:小孩子不可以到这么阴暗的地方闲逛!!",Kids like you      shouldn't be here!,"Il fait trop sombre
pour un enfant !",unique
MAIN:0x03949D,MAIN,0x03949D,dialogue_19_19,37,"
火箭队:我们正在做重要的工作!小孩子赶快回家!",We're pulling a bigjob here!Get lost!,"On a du travail !
Rentre chez toi,
gamin !",unique
MAIN:0x0394C3,MAIN,0x0394C3,dialogue_19_19,44,"
火箭队:蛮厉害的嘛,加入我们火箭队吧!",If you see a fossilgive it to me and  scram!,"Pas mal ! Rejoins
la Team Rocket !",unique
MAIN:0x0394F0,MAIN,0x0394F0,dialogue_19_19,35,"
火箭队:随便闯入大人的世界可是很危险的!",Kids should leave  grown-ups alone!,"Fourrer ton nez
dans les affaires
des adultes,
c'est dangereux !",unique
MAIN:0x039514,MAIN,0x039514,dialogue_19_19,43,"
火箭队:真令人生气!",Pok@mon lived here long before people came.,Ça m'énerve !,unique
MAIN:0x039540,MAIN,0x039540,dialogue_19_19,43,"
研究员:等一下!这化石是我发现的,两个都是我的!",Stop!I found these fossils! They're   mine!,Stop ! J'ai trouvé ces deux fossiles. Ils sont à moi !,unique
MAIN:0x03956C,MAIN,0x03956C,dialogue_19_19,28,"
研究员:哇!什么啊!不要突然跟我说话!",What! Don't sneak  up on me!,"Ne me surprends pas
comme ça !",unique
MAIN:0x039589,MAIN,0x039589,dialogue_19_19,36,"
研究员:......",I have to find     stronger Pok@mon.,...,unique
MAIN:0x0395AE,MAIN,0x0395AE,dialogue_19_19,54,"
研究员:好吧,就分你一个好了,我和你各拿一个化石,一个人独吞是不行的哟","Okay,I'll share!   We'll each take 1! No being greedy!","Bon, partageons :
un fossile chacun.
Pas question
de tout garder !",unique
MAIN:0x0395E5,MAIN,0x0395E5,dialogue_19_19,122,"
研究员:听说离这里很远的红莲岛上有宠物精灵的研究所能让化石复活的研究...",Then this is mine! On Cinnabar island there's a Pok@mon  research lab that  does research on   reviving fossilizedPok@mon!,"À Cramois'Île,
un labo redonne
vie aux Pokémon
tirés de fossiles.",unique
MAIN:0x039660,MAIN,0x039660,dialogue_19_19,55,"
火箭队:等一下!化石是我们火箭队的东西!",Jesse:Stop right   there!That fossil  is Team Rocket's!,TEAM ROCKET : Hop là ! Ce fossile est à la Team Rocket ! Rends-toi ou mange ta baffe !,unique
MAIN:0x039698,MAIN,0x039698,dialogue_19_19,44,"
小智:你们是?",James:Surrender nowor prepare to      fight!,"SACHA :
Qui êtes-vous ?",unique
MAIN:0x0396C5,MAIN,0x0396C5,dialogue_19_19,32,"
武藏:既然你诚心诚意的问了",Meowth: Meeouth!   That's right!,"JESSIE :
Nous revoilà !",unique
MAIN:0x0396E6,MAIN,0x0396E6,dialogue_19_19,22,"
小次郎:没想到会输...",Jesse:A brat beat  us?,TEAM ROCKET : ??? Ce mioche a gagné ?,unique
MAIN:0x0396FD,MAIN,0x0396FD,dialogue_19_19,29,"
武藏:好讨厌的感觉哟...",James:Such a dread-ful twerp!,"TEAM ROCKET :
La Team Rocket...",unique
MAIN:0x03971B,MAIN,0x03971B,dialogue_19_19,84,"
喵喵:喵...","Jesse&James:Team   Rocket,blast off atthe speed of light!Meouth:Hey!Wait formeeowth!","À la vitesse
de la lumière...",unique
MAIN:0x039770,MAIN,0x039770,dialogue_19_19,119,"
警察:真是可怜!家里糟了小偷,我知道犯人是谁!是火箭队,警察也对他们很头疼呢!","These people were  robbed, we believe it's Team Rocket's doing! Even our    Police force has   trouble with that  gang!","POLICIER : Ces gens
ont été volés.
Le coupable ?
La Team Rocket !
Même la police
peine face à eux !",unique
MAIN:0x0397E8,MAIN,0x0397E8,dialogue_19_19,120,"
裁判:未来的冠军给你一些建议吧!这里的馆长阿霞是使用水系的精灵!如果用植物系的怪物来吸取水份或用电系来使之麻痹也行","Yo Champ!The LeaderMisty, is a pro whouses water Pok@mon!Try to zap them    with electric, or  you can use grass  types.","Hé, Champion !
Ondine utilise
des Pokémon Eau.
Plante absorbe
l'eau.
Électrik paralyse !",unique
MAIN:0x039861,MAIN,0x039861,dialogue_19_19,19,"
游泳男:你的对手是我",I'm 1st!Let's do it,"Ton adversaire ?
C'est moi !",unique
MAIN:0x039875,MAIN,0x039875,dialogue_19_19,36,"
游泳男:阿霞会成为一位很强的训练家!才不会输给你呢!",Misty won't lose tosomeone like you!,Ondine est forte. Elle ne perdra pas contre toi !,unique
MAIN:0x03989A,MAIN,0x03989A,dialogue_19_19,34,"
游泳女:对付你我就够了!用不着阿霞亲自动手!",I'm more than good enough for you!,Je peux te battre seule. Pas besoin d'Ondine !,unique
MAIN:0x0398BD,MAIN,0x0398BD,dialogue_19_19,19,"
游泳女:失败了...",You overwhelmed me.,J'ai perdu...,unique
MAIN:0x0398D1,MAIN,0x0398D1,dialogue_19_19,101,"
小霞:你在培养精灵时有什么策略吗?我的策略就是让它成为水系的精灵!让我这个世界第一美少女来成为你的对手吧!",Misty:Pro Trainers have a policy aboutPok@mon.Mine is an all-out offensive  approach! What's   yours?,"ONDINE : Ma méthode
est simple : miser
sur le type Eau !
À toi d'affronter
la plus belle fille
du monde !",unique
MAIN:0x039937,MAIN,0x039937,dialogue_19_19,164,"
小霞:是我输了?没办法!蓝色徽章就给你吧!拥有蓝色徽章就算不是在战斗中也能使用居合斩喔!特技11也送给你吧,特技11是泡沫光线让水系的精灵学吧!",Misty: You're too  much! Here's the   Cascade Badge to   show you beat me!  Now you can use theCUT HM!And you can have TM11 too. It  teaches BubbleBeam!Use it well!,"ONDINE : Battue...
Prends le Badge
Cascade ! Coupe
marche hors combat.
Apprends la CT11
Bulles d'O
à un Pokémon Eau !",unique
MAIN:0x0399DC,MAIN,0x0399DC,dialogue_19_19,71,"
小茂:嗨!小智,你还为那种事困惑啊?我都抓到又强又棒的精灵!什么什么?你抓了什么啊?让我看看嘛!",Yo Ash!You're stillstruggling along?  Me?I'm doing great!I'll show you!,"RÉGIS : Sacha ! Moi, j'ai de super Pokémon. Montre-moi les tiens !",unique
MAIN:0x039A24,MAIN,0x039A24,dialogue_19_19,161,"
小茂:嗨嗨,我到马沙家他给我看了许多珍贵的宠物精灵耶!托他的福,我的精灵图鉴又增加了好几页呢,总之马沙是一位有名的宠物精灵收集家!电脑通信的精灵保管系统也是他做的,如果你也有使用真应该去向他道谢呢","Okay,you won! Hey  guess what! I went to Bill's.You know he invented the PC system we use? You should go thank    him. Well,I better get rolling! Smell ya later!","RÉGIS : Léo m'a
montré ses Pokémon
rares. Ce célèbre
collectionneur a
enrichi mon Pokédex
et créé le stockage
PC. Tu l'utilises ?
Remercie-le !",unique
MAIN:0x039AC6,MAIN,0x039AC6,dialogue_19_19,46,"
捉虫少年:如果你能连续打败五人,将可得到丰富的奖品你能胜利吗?",Beat us 5 trainers and win a prize!   I'm 1st!,"Bats 5 Dresseurs !
Un prix t'attend.
Tu peux gagner ?",unique
MAIN:0x039AF5,MAIN,0x039AF5,dialogue_19_19,35,"
捉虫少年:不错,但你能全部胜过我们吗?","I did my best, I   have no regrets.",Pas mal ! Tu peux tous nous battre ?,unique
MAIN:0x039B19,MAIN,0x039B19,dialogue_19_19,18,"
迷你裙:第二人正是我!现在才是真正的战斗!",I'm 2nd! Let's go!,"Je suis deuxième !
Le vrai combat
commence !",unique
MAIN:0x039B2C,MAIN,0x039B2C,dialogue_19_19,24,"
迷你裙:我是第四人,你不就是为了引人注目才来的吗?",No.3! I won't be   easy!,Quatrième ! Tu veux te faire remarquer ?,unique
MAIN:0x039B45,MAIN,0x039B45,dialogue_19_19,19,"
谈判小子:第三人登场!我不会给你太好过",I'm No.4!Tired Yet?,"Troisième ! Tu vas
en baver !",unique
MAIN:0x039B59,MAIN,0x039B59,dialogue_19_19,16,"
侦察员:我就是最后的第五人了!来吧!!",No.5! Get ready!,"Je suis cinquième
et dernier !
En garde !",unique
MAIN:0x039B6A,MAIN,0x039B6A,dialogue_19_19,27,"
火箭队:太精彩了,按照约定这个礼物给你吧",Congrats!You earneda prize!,"Bravo ! Le cadeau
promis est à toi !",unique
MAIN:0x039B86,MAIN,0x039B86,dialogue_19_19,14,"
得到月之石",Got Moonstone!,Pierre Lune reçue !,unique
MAIN:0x039B95,MAIN,0x039B95,dialogue_19_19,62,"
火箭队:加入火箭队吧,我们是专门使用宠物精灵扩充地皮的集团","By the way, want tojoin TEAM ROCKET?  Fine! You'll regretthis!",La Team Rocket utilise les Pokémon pour étendre son territoire. Rejoins-nous !,unique
MAIN:0x039BD4,MAIN,0x039BD4,dialogue_19_19,19,"
火箭队:你还真是强劲!有这样的技术不加入火箭队太可惜了...",Arrgh!You are good!,"Quel gâchis !
Tu aurais brillé
chez la Team Rocket",unique
MAIN:0x039BE8,MAIN,0x039BE8,dialogue_19_19,30,"
侦察员:我在草堆里都看到了你的表现",I saw you fight at the bridge!,Je t'ai vu combattre depuis les hautes herbes.,unique
MAIN:0x039C07,MAIN,0x039C07,dialogue_19_19,15,"
侦察员:你狠...",You are good...,T'es coriace...,unique
MAIN:0x039C17,MAIN,0x039C17,dialogue_19_19,74,"
男孩:我不会培育宠物精灵,觉的它怪可怜的正想放生这只小火龙...如果你能好好照顾他的话,我就把它送给你如何?",I'm looking for a  good home for my   Charmander.Can you take care of him?,"Je l'élève mal.
Je vais relâcher
ce Salamèche...
Si tu t'en occupes,
il est à toi.",unique
MAIN:0x039C62,MAIN,0x039C62,dialogue_19_19,26,"
是吗?那我只好放生了...","Oh,I'll release himthen...","Alors, je vais
le relâcher...",unique
MAIN:0x039C7D,MAIN,0x039C7D,dialogue_19_19,17,"
真的?太谢谢你了!",Take care of him.,C'est vrai ? Merci beaucoup !,unique
MAIN:0x039C8F,MAIN,0x039C8F,dialogue_19_19,33,"
大叔:刚刚从观月山下来的还很有精神啊!",I'm still fired up after Mt.Moon!,Encore en forme après avoir franchi le Mont Sélénite ?,unique
MAIN:0x039CB1,MAIN,0x039CB1,dialogue_19_19,14,"
大叔:厉害!",You work hard!,Quelle force !,unique
MAIN:0x039CC0,MAIN,0x039CC0,dialogue_19_19,31,"
谈判小子:这片森林是附近的训练家训练的场所!",Trainers come here to practice!,"Ici, les Dresseurs
s'entraînent !",unique
MAIN:0x039CE0,MAIN,0x039CE0,dialogue_19_19,17,"
谈判小子:做的不错嘛",You trained well!,Pas mal !,unique
MAIN:0x039CF2,MAIN,0x039CF2,dialogue_19_19,37,"
大叔:你要去马沙的小屋吗?那去之前先与我比试一下!",Goin' to see Bill? Let's fight first!,Tu vas chez Léo ? Affronte-moi d'abord !,unique
MAIN:0x039D18,MAIN,0x039D18,dialogue_19_19,24,"
迷你裙:我是迷你裙!","Hi, My boyfriend iscool!","La Minijupe, c'est moi !",unique
MAIN:0x039D31,MAIN,0x039D31,dialogue_19_19,9,"
大叔:我输了...",Ya got me,J'ai perdu...,unique
MAIN:0x039D3B,MAIN,0x039D3B,raw,17,"
迷你裙:我承认你了",<B4D3><B0C5><B4D4>:<B1C2><B6C3><B4BA><B0C5><B0F8>,Prends-en soin !,unique
MAIN:0x039D4E,MAIN,0x039D4E,dialogue_19_19,17,"
大叔:算你狠!",You're somethin'.,T'es coriace !,unique
MAIN:0x039D60,MAIN,0x039D60,raw,18,,00<B1C2><B0CE><B1F9><B0C4><B0C5><B6C6><B1B4><B3D4>,Aide Salamèche !,non_aligne
MAIN:0x039D74,MAIN,0x039D74,dialogue_19_19,15,"
谈判小子:有两下子
---

得到小火龙",Got Charmander!,Salamèche reçu !,multiple
MAIN:0x039D84,MAIN,0x039D84,dialogue_19_19,35,"
谈判小子:枯叶港的铁达尼号的舞会,我和爸爸去过!羡慕吧",I went to a party  on the S.S.ANNE!,"Au bal de l'Océane
avec mon père !
Jaloux ?",unique
MAIN:0x039DA8,MAIN,0x039DA8,dialogue_19_19,28,"
迷你裙:我今后就关注你吧
---

铁达尼号上可是有很多厉害的训练师哦!",I saw trainers fromall over!,L'Océane est pleine de Dresseurs redoutables !,multiple
MAIN:0x039DC5,MAIN,0x039DC5,dialogue_19_19,31,"
迷你裙:喜欢迷你裙!",I wish he was as   good as you!,Vive la minijupe !,unique
MAIN:0x039DE5,MAIN,0x039DE5,dialogue_19_19,19,"
侦察员:你是第一个打败我们的
---

大叔:想过去,先打败我",I'm off to see Bill,Tu veux passer ? Alors bats-moi !,multiple
MAIN:0x039DF9,MAIN,0x039DF9,dialogue_19_19,19,"
侦察员:我是侦察员",I got a girlfriend!,Je suis un Scout !,unique
MAIN:0x039E0D,MAIN,0x039E0D,dialogue_19_19,19,"
侦察员:哈哈哈...",She'll cheer me up.,Ha ha ha...,unique
MAIN:0x039E21,MAIN,0x039E21,dialogue_19_19,29,"
谈判小子:我有预感,你会与我战斗",I knew I had to    fight you!,"Je pressentais
qu'on se battrait.",unique
MAIN:0x039E3F,MAIN,0x039E3F,dialogue_19_19,19,"
谈判小子:我有预感会输...",I knew I'd lose too,"Je pressentais
que je perdrais...",unique
MAIN:0x039E53,MAIN,0x039E53,dialogue_19_19,37,"
迷你裙:朋友们都拥有可爱的精灵...可恨",I'm jealous of my  friend's Clefairy!,"Mes amies ont
de jolis Pokémon...
C'est pas juste !",unique
MAIN:0x039E79,MAIN,0x039E79,dialogue_19_19,23,"
迷你裙:从观月山来的吗?我想要皮皮...",Do you have one    too?,"Du Mont Sélénite ?
Moi, je veux
un Mélofée...",unique
MAIN:0x039E91,MAIN,0x039E91,dialogue_19_19,160,"
马沙:大家好,我是马沙!大家都叫我精灵迷!你那是什么眼神?不相信的样子...我是实验失败才和精灵粘在一起的你能救我吗?我要进入传送机里,分离程序就拜托你了!对,就是那部电脑!",Hiya!I'm a Pok@Mon!I'm not. I'm Bill! I messed up an exp-eriment and turned into a Pok@mon! Canyou help me out?Youjust go to my PC   and start the cell program!,"LÉO : Salut !
Moi, Léo,
le Pokémaniac !
Tu doutes ?
Une expérience
ratée m'a fusionné
avec un Pokémon.
Aide-moi.
Je prends place
au Téléporteur.
Sur ce PC, lance
la séparation !",unique
MAIN:0x039F32,MAIN,0x039F32,dialogue_19_19,12,"
马沙获救了",Run Program.,Léo est sauvé !,unique
MAIN:0x039F3F,MAIN,0x039F3F,dialogue_19_19,60,"
马沙:谢谢你,你是来看我的收集品的是吗?对了这是给你的谢礼","Yeehah!Thanks bud!Ihave to thank you! Here, maybe this'lldo.","LÉO : Merci !
Tu viens voir
ma collection ?
Tiens, prends ça !",unique
MAIN:0x039F7C,MAIN,0x039F7C,dialogue_19_19,15,"
得到船票",Got S.S.Ticket!,Passe Bateau obtenu !,unique
MAIN:0x039F8C,MAIN,0x039F8C,dialogue_19_19,104,"
马沙:现在枯叶市枯叶港来了一搜铁达尼号听说也来了许多训练家呢,我有一张船票但我不喜欢派对,你去玩玩吧","They invited me,   but I can't stand  fancy do's. So, whydon't you go? All  the passengers are trainers!","LÉO : L'Océane est
à Carmin, pleine
de Dresseurs.
J'ai une invitation
mais je hais
les fêtes.
Vas-y à ma place !",unique
MAIN:0x039FF5,MAIN,0x039FF5,dialogue_19_19,9,"
马沙:对了,给你看一下我的收藏品吧.传说现在被发现的精灵种类在这个世界上有150种之多,但实际数量可能要比这还多,我一直在这个海边就是要等传说中的精灵出现...",Have fun!,"LÉO : Ma collection ! 150 espèces sont connues, peut-être plus. J'attends ici un Pokémon légendaire...",unique
MAIN:0x039FFF,MAIN,0x039FFF,dialogue_19_19,60,"
火箭队:喂!不可以随便进入别人的花园!...我?我只是一个过路人,可不是一个奇怪的人!什么?我很可疑?",What! I'm just an  innocent bystander!Don't you believe  me?,"Hé ! Défense d'entrer ! Moi, louche ? Je ne fais que passer.",unique
MAIN:0x03A03C,MAIN,0x03A03C,dialogue_19_19,27,"
火箭队:我再也不敢了...饶了我吧!那么...我就闪人了...拜拜!",Ok! I'll leave     quietly!,Pitié ! Je ne recommencerai plus ! Je file...,unique
MAIN:0x03A058,MAIN,0x03A058,dialogue_19_19,47,"
警卫:我是尽责的警卫,好渴喔!喂喂!现在这里是禁止通行!","I'm on guard duty. Gee, I'm thirsty   though...","Je monte la garde.
Mais j'ai soif !
Passage interdit !",unique
MAIN:0x03A088,MAIN,0x03A088,dialogue_19_19,36,"
捉虫少年:我看你不惯!","I've never seen youaround, you good?",Ta tête m'agace !,unique
MAIN:0x03A0AD,MAIN,0x03A0AD,dialogue_19_19,16,"
捉虫少年:现在看你顺眼了...",You're too good!,Tu me plais déjà davantage...,unique
MAIN:0x03A0BE,MAIN,0x03A0BE,dialogue_19_19,19,"
侦察员:想见识一下吗?",You want to battle?,Tu veux me tester ?,unique
MAIN:0x03A0D2,MAIN,0x03A0D2,dialogue_19_19,18,"
侦察员:反而让我见识了!",I didn't start it!,"Cette fois, tu m'as
donné une leçon !",unique
MAIN:0x03A0E5,MAIN,0x03A0E5,dialogue_19_19,17,"
女孩:我长的可爱吧","Me? Ok,I'll play!","Je suis mignonne, non ?",unique
MAIN:0x03A0F7,MAIN,0x03A0F7,dialogue_19_19,17,"
女孩:我喜欢你!",Just didn't work!,Je t'aime bien !,unique
MAIN:0x03A109,MAIN,0x03A109,dialogue_19_19,29,"
捉虫少年:我捉到好精灵了,比试一下吧",There aren't many  bugs here.,"J'ai capturé
un super Pokémon.
Viens te battre !",unique
MAIN:0x03A127,MAIN,0x03A127,dialogue_19_19,35,"
捉虫少年:还是欠缺训练...",I'm going back to  Viridian Forest.,"Je dois encore
m'entraîner...",unique
MAIN:0x03A14B,MAIN,0x03A14B,dialogue_19_19,29,"
女孩:你在看哪里?",Excuse me! I'm on  the phone!,Tu regardes où ?,unique
MAIN:0x03A169,MAIN,0x03A169,dialogue_19_19,19,"
女孩:是个误会",(Whisper Whisper..),"C'était un simple
malentendu.",unique
MAIN:0x03A17D,MAIN,0x03A17D,dialogue_19_19,23,"
侦察员:现在我的心情不好!",I just lost to somekid!,"Je suis de mauvais
poil !",unique
MAIN:0x03A195,MAIN,0x03A195,dialogue_19_19,17,"
侦察员:心情更糟了...",I just can't win.,"Ça m'énerve
encore plus...",unique
MAIN:0x03A1A7,MAIN,0x03A1A7,dialogue_19_19,28,"
船员:铁达尼号一年才进一次枯叶港",Welcome to the     S.S.Anne!,"L'Océane accoste
à Carmin sur Mer
une fois par an.",unique
MAIN:0x03A1C4,MAIN,0x03A1C4,dialogue_19_19,33,"
船员:欢迎来到铁达尼号!请等一等,客人你的票呢?","Excuse me, do you  have a ticket?",MATELOT : Bienvenue sur l'Océane ! Votre passe ?,unique
MAIN:0x03A1E6,MAIN,0x03A1E6,dialogue_19_19,19,"
船员:谢谢,欢迎你上船!","Ok, Welcome aboard!","Merci !
Bienvenue à bord !",unique
MAIN:0x03A1FA,MAIN,0x03A1FA,dialogue_19_19,27,"
绅士:我是从宝石大陆来的",My Pok@mon are my  freinds!,Je viens de Hoenn.,unique
MAIN:0x03A216,MAIN,0x03A216,dialogue_19_19,30,"
绅士:有空一定要去宝石大陆看看哦",You should be nice to freinds!,"Va donc à Hoenn
un de ces jours !",unique
MAIN:0x03A235,MAIN,0x03A235,dialogue_19_19,28,"
迷你裙:这里的男孩都很害羞呢",I got Pok@mon from all over!,Les garçons d'ici sont tous timides.,unique
MAIN:0x03A252,MAIN,0x03A252,dialogue_19_19,24,"
迷你裙:讨厌你这种小孩子!",Oh No! You hurt    them!,"Les gamins comme
toi m'énervent !",unique
MAIN:0x03A26B,MAIN,0x03A26B,dialogue_19_19,23,"
谈判小子:你别小看我的精灵",I love Pok@mon! Do you?,Ne sous-estime pas mes Pokémon !,unique
MAIN:0x03A283,MAIN,0x03A283,dialogue_19_19,18,"
谈判小子:还欠缺修炼啊",Wow! You're great!,"Je dois encore
m'entraîner...",unique
MAIN:0x03A296,MAIN,0x03A296,dialogue_19_19,32,"
绅士:来到这个方元地区还真是舒服","You,pup! How dare  you barge in!",On se sent vraiment bien à Hoenn.,unique
MAIN:0x03A2B7,MAIN,0x03A2B7,dialogue_19_19,25,"
绅士:你听说过还有金银地区的传说吗?",Humph! You rude    child!,"Légendes de Johto :
tu connais ?",unique
MAIN:0x03A2D1,MAIN,0x03A2D1,dialogue_19_19,25,"
水手:今天天气好啊",My pride is at     stake!,Quel beau temps !,unique
MAIN:0x03A2EB,MAIN,0x03A2EB,dialogue_19_19,12,"
水手:我玩的很开心",You sank me!,Je me suis bien amusé.,unique
MAIN:0x03A2F8,MAIN,0x03A2F8,dialogue_19_19,28,"
大胖子:看我钓上的好货色吧!",I like feisty kids like you!,Admire ma prise !,unique
MAIN:0x03A315,MAIN,0x03A315,dialogue_19_19,14,"
大胖子:可恶...",Argh! Lost it!,Zut...,unique
MAIN:0x03A324,MAIN,0x03A324,dialogue_19_19,29,"
迷你裙:我喜欢大海的感觉",I never saw you at the party!,J'adore l'air marin.,unique
MAIN:0x03A342,MAIN,0x03A342,dialogue_19_19,34,"
迷你裙:就像喜欢你一样...","Oh, I adore your   strong Pok@mon!","Je t'aime presque
autant...",unique
MAIN:0x03A365,MAIN,0x03A365,dialogue_19_19,34,"
双胞胎:你好啊!",I'm kinda bored.Howabout a battle?,Salut !,unique
MAIN:0x03A388,MAIN,0x03A388,dialogue_19_19,11,"
水手:我明白了,你是伟大的训练师",Good fight!,Sacré Dresseur !,unique
MAIN:0x03A394,MAIN,0x03A394,dialogue_19_19,31,"
水手:天天都努力工作",Us Sailors have    Pok@mon too!,Je bosse dur tous les jours.,unique
MAIN:0x03A3B4,MAIN,0x03A3B4,dialogue_19_19,19,"
水手:有没有搞错?","Ok, You're not bad.",C'est une blague ?!,unique
MAIN:0x03A3C8,MAIN,0x03A3C8,dialogue_19_19,37,"
水手:你是谁?","Matey, you walk theplank if you lose!","T'es qui, toi ?",unique
MAIN:0x03A3EE,MAIN,0x03A3EE,dialogue_19_19,23,"
水手:我又是谁??",Argh! Beaten by a  kid!,"Moi, qui suis-je ?",unique
MAIN:0x03A406,MAIN,0x03A406,dialogue_19_19,24,"
水手:出海愉快!",Ahoy! Are you sea  sick?,Bonne traversée !,unique
MAIN:0x03A41F,MAIN,0x03A41F,dialogue_19_19,19,"
水手:晚饭什么时候开始?",I was just careless,À quand le dîner ?,unique
MAIN:0x03A433,MAIN,0x03A433,dialogue_19_19,25,"
大胖子:我正在减肥!",Hey matey! Let's   fight!,Je suis au régime !,unique
MAIN:0x03A44D,MAIN,0x03A44D,dialogue_19_19,18,"
大胖子:不过现在又胖了!","Urf, I Feel Ill...","Et me voilà encore
gros !",unique
MAIN:0x03A460,MAIN,0x03A460,dialogue_19_19,87,"
小茂:小智真没想到会在这里见到你!你也受到了邀请啊?图鉴又增加了吗?我可是收集到四十多种了!让我看看你有没有进步吧!!","Bonjour Ash! Were  you really invited?How's your Pok@Dex?I already have 40  kinds, pal!","RÉGIS : Sacha !
Toi aussi, invité ?
Mon Pokédex compte
plus de 40 espèces.
Voyons tes progrès.",unique
MAIN:0x03A4B8,MAIN,0x03A4B8,dialogue_19_19,75,"
小茂:听说居合斩的名人也在船上,看了一下竟然是会晕船的老头!你也去看看吧,再会了!",There's an old man here who can teach CUT! It's really   usefull! Smell ya!,"RÉGIS : À bord,
le maître de Coupe
a le mal de mer !
Va le voir.
À plus !",unique
MAIN:0x03A504,MAIN,0x03A504,dialogue_19_19,18,"
名人:晕船,不行了...好难过",Urrp! I'm Seasick!,"Beurk...
J'ai le mal
de mer !",unique
MAIN:0x03A517,MAIN,0x03A517,dialogue_19_19,13,"
名人:嗯,好多了...谢谢你!什么你想看我的居合斩?如果我的身体好点的话就可以表演给你看...对了,这个给你吧!只要教你的精灵那你就随时都可看到居合斩了!","(Rub,rub,rub)","Merci, ça va mieux ! Coupe ? Je suis épuisé... Apprends-la plutôt à un Pokémon.",unique
MAIN:0x03A525,MAIN,0x03A525,dialogue_19_19,18,"
船员:船已经出发了",The S.S.ANNE left.,L'Océane est partie.,unique
MAIN:0x03A538,MAIN,0x03A538,dialogue_19_19,28,"
水手:就算你的精灵有多强都不可能是你这种小孩该来的!",This is no place   for kids!,"Même tes Pokémon
ne suffisent pas :
t'es trop jeune !",unique
MAIN:0x03A555,MAIN,0x03A555,dialogue_19_19,38,"
女警君莎:抓到最近老是恶作剧的杰尼龟",My Squirtle keeps  getting in trouble.,"AGENT JENNY :
Ce Carapuce faisait
n'importe quoi.
Je l'ai capturé !",unique
MAIN:0x03A57C,MAIN,0x03A57C,dialogue_19_19,95,"
裁判:为来的冠军!马其斯少佐的外号叫闪电美国!使用电系精灵可称的上美国第一!飞行类和水类是不适用的...","Hey Champ! Lt.Surgeloves electric Pok@mon,avoid birds andwater pok@mon! And beware of paralysis","Hé, Champion ! Major Bob, le Ricain Survolté, a la meilleure équipe Électrik d'Amérique ! Évite Eau et Vol !",unique
MAIN:0x03A5DC,MAIN,0x03A5DC,dialogue_19_19,50,"
船员:小鬼,这艘铁达尼号上的客人都是有钱人,你别到这里闲逛!!","I'm sorry,but you  need a ticket to   come aboard.","Les passagers
de l'Océane
sont tous riches !
Ne traîne pas ici,
gamin !",unique
MAIN:0x03A60F,MAIN,0x03A60F,dialogue_19_19,10,"
得到依布",Got Eevee!,Évoli reçu !,unique
MAIN:0x03A61A,MAIN,0x03A61A,dialogue_19_19,20,"
水手:有两下子",000You surprised me!,Pas mal !,unique
MAIN:0x03A62F,MAIN,0x03A62F,dialogue_19_19,124,"
得到特技01居合斩","Whew! Thanks! Here,let me give ya thisCUT HM!Your Pok@moncan use it outside of battle to cut   down trees!        Got HM 01!",CS01 obtenue !,unique
MAIN:0x03A6AC,MAIN,0x03A6AC,dialogue_19_19,31,"
绅士:马其斯少佐是军人,你也想加入吗?",Lt.Surge was my CO.in the army!,"Le Major Bob est
militaire. Tu veux
t'engager ?",unique
MAIN:0x03A6CC,MAIN,0x03A6CC,dialogue_19_19,28,"
士兵:能过我这关吗?",There's a secret tothis GYM!,"Tu crois pouvoir
passer ?",unique
MAIN:0x03A6E9,MAIN,0x03A6E9,dialogue_19_19,91,"
马其斯:哦?宝贝你要挑战啊?哈哈!就凭你那微弱的力量!就想与我挑战?真是有胆量?精灵做的不是这么简单的!让你尝尝苦头!","Electric Pok@mon   saved me in the    war! They zapped myenemies,just like  I'll do to you!","MAJOR BOB :
Tu oses me défier
si faible ?
Quel cran ! Prends
donc ta leçon !",unique
MAIN:0x03A745,MAIN,0x03A745,dialogue_19_19,119,"
得到技能24",You're the real    deal kid!Here's theThunderbadge! That badge lets you use FLY any time kid!  And take this TM aswell!,CT24 reçue !,unique
MAIN:0x03A7BD,MAIN,0x03A7BD,dialogue_19_19,26,"
绅士:明年我要去旅游",0000000<B7B4><B1C5>:<B5E6><B3EA><B1C2><B0C3><B0C7><B7C1><B5FB>,Je voyagerai l'an prochain.,unique
MAIN:0x03A7D8,MAIN,0x03A7D8,dialogue_19_19,27,"
绅士:都一把年纪了,走不动了","<0A><B7B4><B1C5>:<B1C0><B1D1><B3D3><B3EA><B7C2><B0F8>,<B7C3><B0CE><B0B2><B0F8>",Je suis trop vieux pour marcher loin.,unique
MAIN:0x03A7F4,MAIN,0x03A7F4,dialogue_19_19,18,"
水手:小子,别乱逛!","<0A><B5F7><B1A3>:<B0B6><B1DF>,<B2CA><B7C4><B5C1>!","Ne traîne pas ici, gamin !",unique
MAIN:0x03A807,MAIN,0x03A807,dialogue_19_19,25,"
水手:我错了,请您随便参观","<0A><B5F7><B1A3>:<B1C2><B2DC><B0F8>,<B2D8><B7C5><B5C2><B3A2><B7C6><B6DB>",J'avais tort. Visite à ta guise.,unique
MAIN:0x03A821,MAIN,0x03A821,dialogue_19_19,104,"
女警君莎:那是橙色徽章?你可能是厉害的训练家!!抓到最近老是恶作剧的杰尼龟给你好吗?",This Squirtle I gotkeeps getting into mischief.I think heneeds a better     trainer. Would you like him?,AGENT JENNY : Le Badge Foudre ? Tu es fort ! Veux-tu ce Carapuce farceur ?,unique
MAIN:0x03A88A,MAIN,0x03A88A,dialogue_19_19,26,"
是吗?谁能领养这只杰尼龟呢...",Oh...What am I to  do now?,Qui veut Carapuce ?,unique
MAIN:0x03A8A5,MAIN,0x03A8A5,dialogue_19_19,24,"
拜托了,要好好照顾它哦!",Please treat him   well.,"Prends soin de lui,
s'il te plaît !",unique
MAIN:0x03A8BE,MAIN,0x03A8BE,dialogue_19_19,19,"
水手:快走开!",0000000<B5F7><B1A3>:<B2EC><B7C3><B1D9>!,"Va-t'en, vite !",unique
MAIN:0x03A8D2,MAIN,0x03A8D2,dialogue_19_19,21,"
水手:刚才我有说话吗?",<0A><B5F7><B1A3>:<B2BF><B1F2><B1C2><B0AE><B1E7><B1EF><B0D7>?,"J'ai parlé, là ?",unique
MAIN:0x03A8E8,MAIN,0x03A8E8,dialogue_19_19,30,"
绅士:我有个女儿现在和你一样大",<0A><B7B4><B1C5>:<B1C2><B0AE><B0BA><B2CF><B7D0><B2F5><B0B8><B0C9><B0C5><B1D1><B2DA><B1BE>,Ma fille a ton âge.,unique
MAIN:0x03A907,MAIN,0x03A907,dialogue_19_19,19,"
绅士:做我女婿吧...",<0A><B7B4><B1C5>:<B2B4><B1C2><B2CF><B7D1><B0BE>...,Épouse ma fille !,unique
MAIN:0x03A91B,MAIN,0x03A91B,dialogue_19_19,19,"
老爷爷:我的精灵是无敌的!","Win, Lose, or Draw!",Mes Pokémon sont invincibles !,unique
MAIN:0x03A92F,MAIN,0x03A92F,dialogue_19_19,26,"
老爷爷:在我家是无敌的...",To live is to      gamble!,Enfin... seulement chez moi.,unique
MAIN:0x03A94A,MAIN,0x03A94A,dialogue_19_19,12,"
谈判小子:我困了...",No cheating!,J'ai sommeil...,unique
MAIN:0x03A957,MAIN,0x03A957,dialogue_19_19,25,"
谈判小子:干嘛打扰我休息?",Huh? That's not    right!,Pourquoi m'empêcher de dormir ?,unique
MAIN:0x03A971,MAIN,0x03A971,dialogue_19_19,29,"
双胞胎:我们脸上有东西吗?","I'm new,but I thinkI can win!",On a quelque chose sur le visage ?,unique
MAIN:0x03A98F,MAIN,0x03A98F,dialogue_19_19,19,"
双胞胎:说你呢,你还看!!",My Pok@mon couldn't,"Oui, toi ! Arrête de nous dévisager !",unique
MAIN:0x03A9A3,MAIN,0x03A9A3,dialogue_19_19,26,,I have never won   before.,Traite tes Pokémon avec amour.,non_aligne
MAIN:0x03A9BE,MAIN,0x03A9BE,dialogue_19_19,18,,I saw this coming.,"Pas mal, petit !",non_aligne
MAIN:0x03A9D1,MAIN,0x03A9D1,dialogue_19_19,24,,Fwahaha! I've neverlost!,"RÉGIS : À bord,
le maître de Coupe
est un vieux.
Il a le mal
de mer !
Va voir. À plus !",non_aligne
MAIN:0x03A9EA,MAIN,0x03A9EA,dialogue_19_19,17,,Luck of the draw!,Tu m'as battu.,non_aligne
MAIN:0x03A9F7,MAIN,0x03A9F7,dialogue_19_19,4,"
小智:我帮你拍拍!",raw!,"SACHA :
Je vais vous masser
le dos !",unique
MAIN:0x03A9FC,MAIN,0x03A9FC,dialogue_19_19,25,"
谈判小子:你怎么这么没有礼貌?",I'm the best in my class!,"Hé ! C'est quoi,
ces manières ?",unique
MAIN:0x03AA16,MAIN,0x03AA16,dialogue_19_19,33,"
谈判小子:算了,我不和你计较","Darn,I need to makethem stronger!","Bon, je laisse tomber.",unique
MAIN:0x03AA38,MAIN,0x03AA38,dialogue_19_19,28,,My Pok@mon should  be ready!,Comment peux-tu faire ça ?,non_aligne
MAIN:0x03AA55,MAIN,0x03AA55,dialogue_19_19,24,,I should get betterones.,Je n'ai rien dit.,non_aligne
MAIN:0x03AA6E,MAIN,0x03AA6E,dialogue_19_19,34,,Competition! I can not get enough!,Tu ne passeras pas.,non_aligne
MAIN:0x03AA91,MAIN,0x03AA91,dialogue_19_19,15,,I had a chance!,"Je n'ai rien vu. Allez, file !",non_aligne
MAIN:0x03AAA1,MAIN,0x03AAA1,dialogue_19_19,24,,Careful! I am on   fire!,Réglons ça aujourd'hui !,non_aligne
MAIN:0x03AABA,MAIN,0x03AABA,dialogue_19_19,17,,I've burnt out...,"Tu as eu
de la chance...",non_aligne
MAIN:0x03AACC,MAIN,0x03AACC,dialogue_19_19,52,"
谈判小子:你完蛋了!",There's a huge     Pok@mon that sleepsback this way.,Tu es fichu !,unique
MAIN:0x03AB01,MAIN,0x03AB01,dialogue_19_19,37,"
谈判小子:今天肚子疼,不和你计较",I think you need a Flute to wake him.,"J'ai mal au ventre.
Pas de dispute
aujourd'hui.",unique
MAIN:0x03AB27,MAIN,0x03AB27,dialogue_19_19,52,"
爷爷:听说这个是地鼠挖的山洞,好像能通到常青市的样子","A fainted Pok@mon  can't fight,but canstill use HMs.","D'après la rumeur,
les Taupiqueur ont
creusé ce tunnel
jusqu'à Jadielle !",unique
MAIN:0x03AB5C,MAIN,0x03AB5C,dialogue_19_19,69,"
男孩:这个秘传技05你应该用的上,让能学闪光的精灵学会后可以照亮山洞",I'm Prof.Oaks Aide!I was sent to give you an HM05! Here  you are Ash!,Certains Pokémon apprennent Flash avec la CS05. Utile dans les grottes !,unique
MAIN:0x03ABA2,MAIN,0x03ABA2,dialogue_19_19,9,"
得到特技05",Got HM05!,CS05 obtenue !,unique
MAIN:0x03ABAC,MAIN,0x03ABAC,dialogue_19_19,47,"
女孩:你还长的蛮英俊的嘛",You have Pok@Mon?  You're mine!You deceived me!,"Dis donc, tu es plutôt mignon !",unique
MAIN:0x03ABCB,MAIN,0x03ABCB,dialogue_19_19,16,"
女孩:有实力我欣赏",You deceived me!,"Tu es fort, j'aime ça !",unique
MAIN:0x03ABDC,MAIN,0x03ABDC,dialogue_19_19,52,"
谈判小子:我们商量一下,把你的比卡丘让给我吧",I'm taking Rock    Tunnel to go to    Lavender Town.,"On négocie ?
Ton Pikachu,
donne-le-moi !",unique
MAIN:0x03AC11,MAIN,0x03AC11,dialogue_19_19,18,"
谈判小子:我知道错了",Are you going too?,J'avais tort.,unique
MAIN:0x03AC24,MAIN,0x03AC24,dialogue_19_19,18,"
捉虫少年:没想到又见到你了","Go,my bug Pok@mon!",Te revoir ici ? Quelle surprise !,unique
MAIN:0x03AC37,MAIN,0x03AC37,dialogue_19_19,11,"
捉虫少年:你的实力又提升了呢",You bug me!,Encore plus fort !,unique
MAIN:0x03AC43,MAIN,0x03AC43,dialogue_19_19,19,"
大叔:小心我对你不客气!","Haha! Come on,dude!","Attention, ou ça va
mal finir !",unique
MAIN:0x03AC57,MAIN,0x03AC57,dialogue_19_19,24,"
大叔:您好吗?哈哈...",Haha! You beat me  fair!,"Alors, comment vas-tu ? Ha ha...",unique
MAIN:0x03AC70,MAIN,0x03AC70,dialogue_19_19,19,"
大叔:有意思...",Great! I was bored!,Intéressant...,unique
MAIN:0x03AC84,MAIN,0x03AC84,dialogue_19_19,18,"
大叔:这回完蛋了...",You sure got guts!,"Cette fois, je suis
fichu...",unique
MAIN:0x03AC97,MAIN,0x03AC97,dialogue_19_19,33,"
谈判小子:别说我没忠告你,快逃吧",Don't you dare     condescend me!,Un conseil : fuis !,unique
MAIN:0x03ACB9,MAIN,0x03ACB9,dialogue_19_19,19,"
谈判小子:有两下子...",No! You're to much!,Pas mal...,unique
MAIN:0x03ACCD,MAIN,0x03ACCD,dialogue_19_19,38,"
谈判小子:再怎么努力也不是我的对手!",Who's that with    those cool Pok@mon?,"Tous tes efforts
sont vains.
Je suis trop fort !",unique
MAIN:0x03ACF4,MAIN,0x03ACF4,dialogue_19_19,13,"
谈判小子:怎么可能呢?",Keep walking!,"Mais... C'est pas
possible !",unique
MAIN:0x03AD02,MAIN,0x03AD02,dialogue_19_19,27,"
大胖子:有碰见你了",Aren't you a littletoughie!,Encore toi !,unique
MAIN:0x03AD1E,MAIN,0x03AD1E,dialogue_19_19,10,"
大胖子:又输了...",Too tough!,Encore perdu...,unique
MAIN:0x03AD29,MAIN,0x03AD29,dialogue_19_19,25,"
女孩:让姐姐看看你",I got up early to  train!,Laisse-moi te voir.,unique
MAIN:0x03AD43,MAIN,0x03AD43,dialogue_19_19,24,"
女孩:不要不给面子吧!",I need to train    more.,Tu aurais pu y aller mollo !,unique
MAIN:0x03AD5C,MAIN,0x03AD5C,dialogue_19_19,29,"
职员:这么暗你也敢来",I've never won a   badge yet.,"Tu as osé venir
dans ce noir !",unique
MAIN:0x03AD7A,MAIN,0x03AD7A,dialogue_19_19,16,"
职员:佩服你的勇气",I blew it again.,Quel courage !,unique
MAIN:0x03AD8B,MAIN,0x03AD8B,dialogue_19_19,18,"
职员:我的东西掉了",This cave is long!,J'ai perdu quelque chose.,unique
MAIN:0x03AD9E,MAIN,0x03AD9E,dialogue_19_19,17,"
职员:一定要找出来",Doh! You won kid!,Je dois le trouver.,unique
MAIN:0x03ADB0,MAIN,0x03ADB0,dialogue_19_19,23,"
职员:我不怕黑暗",I'll leave ya cryinkid!,"Moi, je n'ai pas peur du noir.",unique
MAIN:0x03ADC8,MAIN,0x03ADC8,dialogue_19_19,7,"
职员:你也不是等闲之辈",I give!,Tu n'es pas n'importe qui.,unique
MAIN:0x03ADD0,MAIN,0x03ADD0,dialogue_19_19,31,"
女孩:人家好害怕哦",You have Pok@Mon!  Let's start!,J'ai vraiment très peur...,unique
MAIN:0x03ADF0,MAIN,0x03ADF0,dialogue_19_19,14,"
女孩:你保护我好吗?",You play hard!,"Tu me protèges, d'accord ?",unique
MAIN:0x03ADFF,MAIN,0x03ADFF,dialogue_19_19,24,"
大叔:你在这里干什么??",Give it your best  shot!,Que fais-tu ici ?,unique
MAIN:0x03AE18,MAIN,0x03AE18,dialogue_19_19,11,"
大叔:对不起,好象我管不着",Fired away!,"Désolé...
Je m'en mêle pas.",unique
MAIN:0x03AE24,MAIN,0x03AE24,dialogue_19_19,30,"
职员:整天都无聊的在干活",You have a Pok@dex?I want one!,Je passe mes journées à travailler ici. Quel ennui !,unique
MAIN:0x03AE43,MAIN,0x03AE43,dialogue_19_19,13,"
马沙:谢谢......",Thanks again!,LÉO : Merci...,unique
MAIN:0x03AE51,MAIN,0x03AE51,dialogue_19_19,11,"
名人:......",<B3B1><B2B5>:......,...,unique
MAIN:0x03B058,MAIN,0x03B058,dialogue_19_19,15,"
职员:明天该轻松了吧",I'm so jealous!,"Demain, ça ira
mieux... pas vrai ?",unique
MAIN:0x03B068,MAIN,0x03B068,dialogue_19_19,33,"
女孩:你可别乱摸我哦",Hikers use twigs astrail markers.,Pas touche !,unique
MAIN:0x03B08A,MAIN,0x03B08A,dialogue_19_19,18,"
女孩:都叫你别乱摸了!!",I want to go home!,Je t'avais prévenu. Pas touche !,unique
MAIN:0x03B09D,MAIN,0x03B09D,dialogue_19_19,18,"
大叔:山里才能锻炼身体",Pok@mon fight! Go!,"La montagne, ça endurcit !",unique
MAIN:0x03B0B0,MAIN,0x03B0B0,dialogue_19_19,10,"
大叔:果然是这样",Game over!,Je m'en doutais !,unique
MAIN:0x03B0BB,MAIN,0x03B0BB,dialogue_19_19,15,"
女孩:我想找个男朋友",I'll fight you!,Je cherche un petit ami.,unique
MAIN:0x03B0CB,MAIN,0x03B0CB,dialogue_19_19,19,"
女孩:你呀,不合我胃口!",I like tiny Pok@mon,Pas mon genre !,unique
MAIN:0x03B0DF,MAIN,0x03B0DF,dialogue_19_19,27,"
大叔:你想知道吗",I like drawing     Pok@mon!,Tu veux savoir ?,unique
MAIN:0x03B0FB,MAIN,0x03B0FB,dialogue_19_19,27,"
大叔:精灵会随着等级提高而进化的!","I'm an artist,not afighter.",Les Pokémon peuvent évoluer en gagnant des niveaux !,unique
MAIN:0x03B117,MAIN,0x03B117,dialogue_19_19,26,"
大叔:我觉得石头类的精灵是最强的!",Maybe I'm lost in  here...,"Les Pokémon Roche
sont imbattables !",unique
MAIN:0x03B132,MAIN,0x03B132,dialogue_19_19,17,"
大叔:我想错了吗?",Which way is out?,Je me trompais ?,unique
MAIN:0x03B144,MAIN,0x03B144,dialogue_19_19,27,"
男孩:刚和女朋友分手了",I came this far forPok@mon!,Je viens de rompre avec ma copine.,unique
MAIN:0x03B160,MAIN,0x03B160,dialogue_19_19,19,"
男孩:心情不好",You looked harmless,Je suis de mauvaise humeur.,unique
MAIN:0x03B174,MAIN,0x03B174,dialogue_19_19,19,"
男孩:你碰到我了",Eek!Don't scare me!,Tu m'as bousculé !,unique
MAIN:0x03B188,MAIN,0x03B188,dialogue_19_19,94,"
我终于明白了好好照顾宠物精灵,妙蛙种子很有精神,其实精灵也在找训练师,你能不能帮我照顾这只妙蛙种子呢?",This Pok@mon needs a strong trainer totake care of it.   Would you take careof this Bulbasaur?,"Bulbizarre va bien.
Il lui faut un bon
Dresseur.
Tu le veux ?",unique
MAIN:0x03B1E7,MAIN,0x03B1E7,dialogue_19_19,23,"
是吗?那真是太可惜了...",Take good care of  him!,Ah bon ? Dommage...,unique
MAIN:0x03B1FF,MAIN,0x03B1FF,dialogue_19_19,14,"
那拜托你了!",Got Bulbasaur!,"Alors, prends soin
de Bulbizarre !",unique
MAIN:0x03B20E,MAIN,0x03B20E,dialogue_19_19,16,"
得到妙蛙种子",Oh...too bad... ,Bulbizarre reçu !,unique
MAIN:0x03B21F,MAIN,0x03B21F,dialogue_19_19,19,"
男孩:是误会,对不起",It's too dark here!,"Désolé, je me suis trompé !",unique
MAIN:0x03B233,MAIN,0x03B233,dialogue_19_19,16,"
大叔:别乱走动",Can you beat me?,Ne te balade pas partout.,unique
MAIN:0x03B244,MAIN,0x03B244,dialogue_19_19,18,"
大叔:小心山塌下来,我们都完了",Oops! Out-muscled!,"Si ça s'écroule,
on est fichus !",unique
MAIN:0x03B257,MAIN,0x03B257,dialogue_19_19,15,"
大叔:你好!",Do you Cosplay?,Bonjour !,unique
MAIN:0x03B267,MAIN,0x03B267,dialogue_19_19,27,"
大叔:认识你很高兴",We dress as Pok@monfor fun!,Ravi d'avoir fait ta connaissance.,unique
MAIN:0x03B283,MAIN,0x03B283,dialogue_19_19,23,"
谈判小子:和你没得商量!",Wanna see my Pok@  mon?,Rien à négocier !,unique
MAIN:0x03B29B,MAIN,0x03B29B,dialogue_19_19,18,"
谈判小子:你想说什么都可以",Oh no! My Pok@mon!,"Bon, vas-y, parle.",unique
MAIN:0x03B2AE,MAIN,0x03B2AE,dialogue_19_19,19,"
女孩:我最爱打人了",That's a tough hike,J'adore distribuer des coups !,unique
MAIN:0x03B2C2,MAIN,0x03B2C2,dialogue_19_19,17,"
女孩:我下次不敢了...",I'm not up to it!,Je ne recommencerai plus...,unique
MAIN:0x03B2D4,MAIN,0x03B2D4,dialogue_19_19,15,"
叔叔:你想知道我的厉害吗?",Ha-hahah-ah-ha!,Tu veux voir de quoi je suis capable ?,unique
MAIN:0x03B2E4,MAIN,0x03B2E4,dialogue_19_19,19,"
叔叔:我知道你的厉害了...",Haha-ha-choo! Snort,Impressionnant...,unique
MAIN:0x03B2F8,MAIN,0x03B2F8,dialogue_19_19,23,"
叔叔:我的防御力是最强的",I love the mountainair!,Ma Défense est imbattable !,unique
MAIN:0x03B310,MAIN,0x03B310,dialogue_19_19,24,"
叔叔:这么强的防御你都破了??",That cleared my    head!,"Tu as percé
ma Défense ?!",unique
MAIN:0x03B329,MAIN,0x03B329,dialogue_19_19,37,"
男孩:奇怪?吉野老人不在跑哪去了?",People pay a lot   for Cubone skulls.,"C'est bizarre...
Où est donc passé
M. Fuji ?",unique
MAIN:0x03B34F,MAIN,0x03B34F,dialogue_19_19,64,"
女孩:这里是吉野老爷爷的家,他人很好哦,照顾那些被丢弃回不了家的精灵们",I saw Cubone's mom die trying to get  away from Team     Rocket!,"M. Fuji recueille
ici les Pokémon
abandonnés.",unique
MAIN:0x03B390,MAIN,0x03B390,dialogue_19_19,49,"
商人:火箭队的混蛋们为了钱什么都干的出来",This town's known  as the grave site  of Pok@mon.,"Pour de l'argent,
la Team Rocket
est prête à tout.",unique
MAIN:0x03B3C2,MAIN,0x03B3C2,dialogue_19_19,28,"
修女:幽灵塔是为了安慰死去的精灵之灵而盖的",Did you come to payrespects?,Cette Tour apaise l'âme des Pokémon disparus.,unique
MAIN:0x03B3DF,MAIN,0x03B3DF,dialogue_19_19,11,"
女孩:你居然能找到这里?",<B0EC><B1EA><B0DB><B0EE><B0BF>?,"Tu as réussi
à trouver
cet endroit ?",unique
MAIN:0x03B3EB,MAIN,0x03B3EB,dialogue_19_19,44,"
女孩:我也是听说附近出现了传说中的精灵才来的",<0A><B2CF><B1DE>:<B1C2><B0F6><B0C2><B1F1><B1E7><B3C8><B0CD><B0A4><B2F5><B0F8><B6F2><B1E7><B0DC><B0BC><B0A1><B0A2><B1F2><B0FC><B0BC>,On raconte qu'un Pokémon légendaire est apparu par ici. Je suis venue voir.,unique
MAIN:0x03B418,MAIN,0x03B418,dialogue_19_19,14,"
闪电鸟:......",Zapdos: Kree!!,ÉLECTHOR : ...,unique
MAIN:0x03B427,MAIN,0x03B427,dialogue_19_19,34,"
修女:我是祈祷师!我感觉到上面有迷凸的灵魂...",There are spirits  up to mischief!,"EXORCISTE :
Une âme erre
plus haut...",unique
MAIN:0x03B44A,MAIN,0x03B44A,dialogue_19_19,47,"
女孩:对已死去的皮皮一直无法忘怀...糟糕又哭了...",Growlith...(Sniff!)I can't stop...    crying...,"Mon Mélofée est
mort... Je pleure
encore...",unique
MAIN:0x03B47A,MAIN,0x03B47A,dialogue_19_19,62,"
女孩:你也是来参拜的吗?真是一位对精灵用情很深的男孩",Pok@mon Tower was  built in memory of Pok@mon that have  died.,"Tu viens prier ?
Tu aimes beaucoup
les Pokémon.",unique
MAIN:0x03B4B9,MAIN,0x03B4B9,dialogue_19_19,92,"
小茂:小智?你怎么也到这里来了,你的精灵死了吗?混蛋不是还活着吗!!小心我把你打的不能站起来!","Why are you here   Ash? You're Pok@monlook fine!But,I canat least make them faint! Let's go!","RÉGIS : Sacha ?
Ils sont en vie !
Je peux les mettre
K.O. quand même !",unique
MAIN:0x03B516,MAIN,0x03B516,dialogue_19_19,123,"
小茂:王八蛋!你对我这么狠!枉我对你这么手下留情!!对了,宠物精灵图鉴怎样了?我发现可拉可拉了但没有发现进化后的嘎拉嘎拉!在这附近一定没有那我要走了!我和你不同我可是个大忙人啊...再见了","How's your Pok@dex pal? I just caught a Cubone! Well, I  better get going!  I've got a lot to  accomplish, Smell  ya later!","RÉGIS : Doucement !
Je t'avais ménagé.
Ton Pokédex ? J'ai
trouvé Osselait,
mais pas Ossatueur.
Je suis pressé.
Salut !",unique
MAIN:0x03B592,MAIN,0x03B592,dialogue_19_19,53,"
修女:我们也不知道幽灵的真正身份...如果有幽灵眼镜的话说不定就能知道了...",A Silph Scope may  be able to identifywayward Ghosts!,"Un Scope Sylphe
pourrait démasquer
les Spectres...",unique
MAIN:0x03B5C8,MAIN,0x03B5C8,dialogue_19_19,31,"
上面阴森森的...精灵们都很害怕...",Ghost: Get out...  Get...Out...,"Là-haut,
les Pokémon
sont terrifiés...",unique
MAIN:0x03B5E8,MAIN,0x03B5E8,dialogue_19_19,27,"
少年:知道毒的恐怖吗?",Such an adorable   Pok@mon!,Tu sais combien le poison est terrifiant ?,unique
MAIN:0x03B604,MAIN,0x03B604,dialogue_19_19,28,"
少年:他会让你的体力慢慢减少的",Don't be so mean toClefairy!,"Le poison réduit
peu à peu tes PV.",unique
MAIN:0x03B621,MAIN,0x03B621,dialogue_19_19,15,"
迷你裙:怎么又见到你了?",I love Nidoran!,Encore toi ?,unique
MAIN:0x03B631,MAIN,0x03B631,dialogue_19_19,27,"
迷你裙:你真是阴魂不散啊",That's my favorite Pok@mon!,Tu me colles !,unique
MAIN:0x03B64D,MAIN,0x03B64D,dialogue_19_19,24,"
迷你裙:我爱喵喵...喵",Meowth is so cute! Meow!,"J'adore Miaouss...
Miaou !",unique
MAIN:0x03B666,MAIN,0x03B666,dialogue_19_19,32,"
迷你裙:招财猫能带来好运!",Pidgey and Rattata are cute too!,Miaouss porte chance !,unique
MAIN:0x03B687,MAIN,0x03B687,dialogue_19_19,43,"
迷你裙:普通的精灵才不普通",We must look silly standing here like this.,Même un Pokémon ordinaire peut être unique.,unique
MAIN:0x03B6B3,MAIN,0x03B6B3,dialogue_19_19,37,"
迷你裙:像你这种普通的训练师训练的精灵一定普通!",Saffron's guard    won't let us pass!,"Comme tu es banal,
tes Pokémon le sont
forcément aussi !",unique
MAIN:0x03B6D9,MAIN,0x03B6D9,dialogue_19_19,26,"
职员:今天运气不好",You need a strategyto win!,Pas de chance aujourd'hui.,unique
MAIN:0x03B6F4,MAIN,0x03B6F4,dialogue_19_19,33,"
职员:真是运气不好啊","Go with Grimer, and...and then...",Quelle malchance...,unique
MAIN:0x03B716,MAIN,0x03B716,dialogue_19_19,34,"
老爷爷:我还年轻呢","School is fun, but so are Pok@mon.",Je suis encore jeune !,unique
MAIN:0x03B739,MAIN,0x03B739,dialogue_19_19,26,"
老爷爷:如何?看到我的活力了吧!",I'll just stay withschool.,Tu vois ? En pleine forme !,unique
MAIN:0x03B754,MAIN,0x03B754,dialogue_19_19,27,"
职员:我无法忍受我的臭泥军团",How are you with   Pok@mon?,Je ne supporte plus tous ces Tadmorv !,unique
MAIN:0x03B770,MAIN,0x03B770,dialogue_19_19,13,"
职员:谢谢你帮我教训了这堆臭泥军团!",Ow! Meltdown!,"Merci d'avoir maté
ces Tadmorv !",unique
MAIN:0x03B77E,MAIN,0x03B77E,dialogue_19_19,19,"
老爷爷:火焰是最美的",I'm a gambling dude,"Rien de plus beau
que les flammes !",unique
MAIN:0x03B792,MAIN,0x03B792,dialogue_19_19,14,"
老爷爷:有点过火了...",Came up short!,Je me suis un peu trop échauffé...,unique
MAIN:0x03B7A1,MAIN,0x03B7A1,dialogue_19_19,19,"
迷你裙:看看我的皮皮吧",All right! Let's go,"Regarde
mon Mélofée !",unique
MAIN:0x03B7B5,MAIN,0x03B7B5,dialogue_19_19,18,"
迷你裙:你没被吹眠吧...",Drat! You're good.,Tu n'as pas été hypnotisé ?,unique
MAIN:0x03B7C8,MAIN,0x03B7C8,dialogue_19_19,31,"
裁判:哈哈哈,这个道馆好啊,都是女生!",Welcome to Celadon Pok@mon Gym!,"Héhé ! Cette Arène
est terrible !
Y'a plein d'meufs !",unique
MAIN:0x03B7E8,MAIN,0x03B7E8,dialogue_19_19,12,"
水手:你一定会被佳丽亚打败的!",You're mean!,"Pfff ! Erika va
gagner, c'est sûr !",unique
MAIN:0x03B7F5,MAIN,0x03B7F5,dialogue_19_19,63,"
女孩:可拉可拉的妈妈就是在逃出来的时候被火箭队杀了,我也看到了!","00<B2CF><B1DE>:<B0DE><B8BB><B0DE><B8BB><B0BC><B1DB><B1DB><B2AB><B0C2><B0B8><B3EF><B0A4><B0FC><B0BC><B0F0><B7CD><B1B6><B5A2><B5A3><B5A4><B8BC><B0F8>,<B1C2><B0F6><B0FD><B0DB><B0F8>!","La mère d'Osselait
fuyait. J'ai vu
la Team Rocket
la tuer !",unique
MAIN:0x03B835,MAIN,0x03B835,dialogue_19_19,27,"
女生:喂!这里是只有女孩才能进入的!",You're not allowed in here!,Réservé aux filles.,unique
MAIN:0x03B851,MAIN,0x03B851,dialogue_19_19,19,"
大姐姐:呀!这里都是女人真是无聊死了!",I was getting bored,"Que des femmes !
Quel ennui mortel !",unique
MAIN:0x03B865,MAIN,0x03B865,dialogue_19_19,10,"
大姐姐:真无聊",My makeup!,Quel ennui...,unique
MAIN:0x03B870,MAIN,0x03B870,dialogue_19_19,33,"
大姐姐:看,这是我的宠物精灵!草系的好处就是养起来很轻松!",Grass Pok@mon are  easy to raise!,"Les Pokémon Plante
s'élèvent bien !",unique
MAIN:0x03B892,MAIN,0x03B892,dialogue_19_19,38,"
大姐姐:你真强",They also help makeflower arrangements,Tu es vraiment fort !,unique
MAIN:0x03B8B9,MAIN,0x03B8B9,dialogue_19_19,30,"
女孩:你在看我!?",Don't underestimategirl power!,Tu m'observes ?,unique
MAIN:0x03B8D8,MAIN,0x03B8D8,dialogue_19_19,32,"
女孩:你真的没有偷看吗?最近有很多这种人哦!",I didn't have my   best Pok@mon!,Tu ne matais pas ? Les voyeurs sont partout !,unique
MAIN:0x03B8F9,MAIN,0x03B8F9,dialogue_19_19,31,"
迷你裙:喂,虫系和火系的精灵别带到这里来!",Aren't you the     peeping Tom?,Pas de Pokémon Insecte ou Feu ici !,unique
MAIN:0x03B919,MAIN,0x03B919,dialogue_19_19,30,"
迷你裙:就是它!","Sorry, we get a lotof gawkers.",C'est ça !,unique
MAIN:0x03B938,MAIN,0x03B938,dialogue_19_19,38,"
女孩:欢迎来到彩虹道场!不要以为这里都是女孩子就大意了喔!",Don't bring fire orbug Pok@mon in here,"Bienvenue à l'Arène
de Céladopole !
Ne sous-estime pas
les filles !",unique
MAIN:0x03B95F,MAIN,0x03B95F,dialogue_19_19,8,"
女孩:还蛮行的!",Oh! You!,Pas mal !,unique
MAIN:0x03B968,MAIN,0x03B968,dialogue_19_19,17,"
大姐姐:你的兴趣是?",Nice to meet you.,Qu'aimes-tu faire ?,unique
MAIN:0x03B97A,MAIN,0x03B97A,dialogue_19_19,24,"
大姐姐:下个礼拜要相亲...",I have a blind datesoon.,J'ai un rendez-vous arrangé la semaine prochaine...,unique
MAIN:0x03B993,MAIN,0x03B993,dialogue_19_19,93,"
佳丽亚:今天天气真好!欢迎光临我是彩虹道场的佳丽亚!兴趣是插花哎呀!讨厌,你是来比赛的吗?我是不会输的!","Hello, I am Erika, leader of this gym.You wish to battle me? Very well, but I shall not lose.","ERIKA : Quel beau
temps ! Bienvenue
dans mon Arène.
J'aime les fleurs.
Tu veux combattre ?
Je ne perdrai pas !",unique
MAIN:0x03B9F1,MAIN,0x03B9F1,dialogue_19_19,102,"
佳丽亚:真是强啊!这个彩虹徽章就奉送给您吧,有了这个徽章就能使用怪力术了!",I concede defeat.I confer to you the  Rainbow badge. You can use the HM     Strength outside ofbattle.,ERIKA : Bravo ! Voici le Badge Prisme. Il permet d'utiliser Force !,unique
MAIN:0x03BA58,MAIN,0x03BA58,dialogue_19_19,46,"
阿姨:我是从枯叶市来的",My sister's so im- mature! She drives me nuts!,Je viens de Carmin sur Mer.,unique
MAIN:0x03BA87,MAIN,0x03BA87,dialogue_19_19,46,"
大叔:宠物精灵之笛之所以可以叫醒睡着的宠物精灵是因为它可以发出人听不到的特殊声音",I road uphill on   Cycling Road from  Fuchsia!,"La Poké Flûte
émet un son spécial
inaudible à l'homme
qui réveille
un Pokémon endormi.",unique
MAIN:0x03BAB6,MAIN,0x03BAB6,dialogue_19_19,66,"
蓓蓓:没有我不知道的事,就连电玩里的世界也一样!这只依布就送给你吧!","I'm looking for a  good home for my   Eevee, would you   like him?","BEIBEI : Je sais tout, jeux vidéo compris ! Cet Évoli est pour toi !",unique
MAIN:0x03BAF9,MAIN,0x03BAF9,dialogue_19_19,33,"
啊?在海报的后面有秘密按钮!按按看吧!",There's a switch!  Let's push it.,Oh ? Un bouton secret derrière l'affiche ! Essayons !,unique
MAIN:0x03BB1B,MAIN,0x03BB1B,dialogue_19_19,29,"
火箭队:你是什么人?如何进到这里来的?",You broke into our operation?,"T'es qui ? Comment
t'es entré ici ?",unique
MAIN:0x03BB39,MAIN,0x03BB39,dialogue_19_19,29,"
火箭队:可恶...你竟然小看我们火箭队!",You won't get away with this!,"Tu sous-estimes
la Team Rocket ?!",unique
MAIN:0x03BB57,MAIN,0x03BB57,dialogue_19_19,33,"
火箭队:悄悄潜入火箭队的是什么家伙?",Who are you? How'd you get here!?,TEAM ROCKET : Qui ose s'infiltrer ici ?,unique
MAIN:0x03BB79,MAIN,0x03BB79,dialogue_19_19,12,"
火箭队:混蛋别想轻松的向前进!",Oww! Beaten!,"Pas si vite !
Tu ne passeras pas.",unique
MAIN:0x03BB86,MAIN,0x03BB86,dialogue_19_19,43,"
火箭队:老大说过使用精灵眼镜可看到平时看不到的幽灵...",Do you really thinkyou can reach our  Boss?,"Le chef dit qu'un
Scope Sylphe révèle
les fantômes.",unique
MAIN:0x03BBB2,MAIN,0x03BBB2,dialogue_19_19,12,"
火箭队:你太嚣张了!!",I surrender!,Tu te crois tout permis ?!,unique
MAIN:0x03BBBF,MAIN,0x03BBBF,dialogue_19_19,14,"
火箭队:你到这里的目的是什么",This won't do!,Tu viens faire quoi ici ?,unique
MAIN:0x03BBCE,MAIN,0x03BBCE,dialogue_19_19,43,"
火箭队:我明白了,请走好",I'll talk! Take theelevator to see my Boss!,D'accord. Tu peux y aller.,unique
MAIN:0x03BBFA,MAIN,0x03BBFA,dialogue_19_19,15,"
火箭队:发现侵入者!",Intruder alert!,TEAM ROCKET : Intrus repéré !,unique
MAIN:0x03BC0A,MAIN,0x03BC0A,dialogue_19_19,38,"
火箭队:在找精灵眼镜吗?我不知道",I don't know where the Silph Scope is!,"TEAM ROCKET :
Le Scope Sylphe ?
Je ne sais rien !",unique
MAIN:0x03BC31,MAIN,0x03BC31,dialogue_19_19,26,"
火箭队:跟火箭队作对没有前途的!",We heard you were  coming!,Défier la Team Rocket est inutile !,unique
MAIN:0x03BC4C,MAIN,0x03BC4C,dialogue_19_19,13,"
火箭队:精灵眼镜不就是老大在南晶开发部中偷的东西!",What? I lost?,Le Boss a dérobé ce Scope à Nanjing Tech !,unique
MAIN:0x03BC5A,MAIN,0x03BC5A,dialogue_19_19,31,"
大姐头:来的正好!",Stop meddling in   our affairs!,Tu tombes à pic !,unique
MAIN:0x03BC7A,MAIN,0x03BC7A,dialogue_19_19,33,"
火箭队:有胆就尽管去找我们老大!!",The Silph Scope's  here somwhere.,"Tu as du cran ?
Va donc trouver
notre Boss !",unique
MAIN:0x03BC9C,MAIN,0x03BC9C,dialogue_19_19,10,"
火箭队:真的不知道!","No, Why..?","Je ne sais rien, moi !",unique
MAIN:0x03BCA7,MAIN,0x03BCA7,dialogue_19_19,64,"
营业员:您是我们这里新开店的一百位幸运顾客,本店特别送您一支矿泉水做纪念!!",Hi! Would you care for some lemonade? It'll quench your  thirst!,100e client ! Eau Fraîche offerte !,unique
MAIN:0x03BCE8,MAIN,0x03BCE8,dialogue_19_19,13,"
得到矿泉水",Got Lemonade!,Eau Fraîche reçue !,unique
MAIN:0x03BCF6,MAIN,0x03BCF6,dialogue_19_19,35,"
小红:我是绘图师,画你的人就是我喔!",My friend and I aretrading Pok@mon!,"XIAOHONG : C'est moi, la graphiste qui t'a dessiné !",unique
MAIN:0x03BD1A,MAIN,0x03BD1A,dialogue_19_19,36,"
卡美优:我是写剧本的...比卡丘很可爱吧!",Caught Pok@mon are given ID numbers.,"KAMEIYU : Le scénario, c'est moi ! Pikachu est mignon, non ?",unique
MAIN:0x03BD3F,MAIN,0x03BD3F,dialogue_19_19,37,"
魏村夫:我吗?我是程序师,多多关照!",My buddy's sending me her Kangaskhan!,WEI CUNFU : Je suis le programmeur. Enchanté !,unique
MAIN:0x03BD65,MAIN,0x03BD65,dialogue_19_19,56,"
BOSS:哎呀!我是BOSS!要集全所有的宠物精灵很难,不过好好加油吧!如果全部集全的话就去告诉卡美优吧!",I heard you can seeghosts using Silph Co.'s Silph Scope!,"BOSS : La tâche est
rude : les attraper
tous ! Courage !
Une fois ta quête
achevée, préviens
Kameiyu.",unique
MAIN:0x03BD9E,MAIN,0x03BD9E,dialogue_19_19,18,"
修女:......",Urrg...Awaa...graa,...,unique
MAIN:0x03BDB1,MAIN,0x03BDB1,dialogue_19_19,19,"
修女:啊?我做了什么?对不起!被邪恶的力量附身而暴乱...",Huh?What am I doing,"Qu'ai-je fait ?
Pardon... J'étais
possédée !",unique
MAIN:0x03BDC5,MAIN,0x03BDC5,dialogue_19_19,20,"
火箭队:我什么都不知道!","0Are you lost, brat?",Je ne sais rien !,unique
MAIN:0x03BDDA,MAIN,0x03BDDA,,7,,Why...?,Hein ?,non_aligne
MAIN:0x03BDE2,MAIN,0x03BDE2,dialogue_19_19,43,"
老大:哈哈!你真有办法能到这里!这是将世界上的宠物用来交易的火箭队总部,我就是火箭队的老大,我的名字叫沙奇!!想反抗我只有自讨苦吃","So,I must say, I amimpressed you got  here!","GIOVANNI : Ha ha !
Bien joué.
Je dirige ce QG
de trafic Pokémon.
Tu vas le payer !",unique
MAIN:0x03BE0E,MAIN,0x03BE0E,dialogue_19_19,65,"
小李:被你发现了...我的事千万不要告诉任何人,这个给你拜托了!","Are you taking the gym challenge too? Here, this'll be   helpful!","XIAO LI : Tu m'as trouvé... Garde ça secret. Tiens, prends ça !",unique
MAIN:0x03BE50,MAIN,0x03BE50,dialogue_19_19,13,"
得到特技02飞天",Got HM 02 Fly,CS02 : Vol reçue !,unique
MAIN:0x03BE5E,MAIN,0x03BE5E,dialogue_19_19,130,"
火箭队:好大的胆子还敢到这里来捣乱!!","Jesse: Aha! I smella little brat!     James:Hold it rightthere, brat! Our   Boss is over here! Meowth: You better not disturb him!","JAMES : Cette fois, tu vas prendre cher !",unique
MAIN:0x03BEE1,MAIN,0x03BEE1,dialogue_19_19,75,,"Like always...Team Rocket, Blast off  at the speed of     light!...Again...","JAMES :
T'as pas honte ?",non_aligne
MAIN:0x03BF2D,MAIN,0x03BF2D,dialogue_19_19,168,"
老大:怎...怎么可能?你相当珍惜和爱护宠物精灵啊,我是无法理解...正好我还有要事就不奉陪了!(老大隐掉)",I see you raise    Pok@mon with utmostcare. A child like you would never    understand what I  hope to achieve. I shall step aside   this time! I hope  we meet again...,"GIOVANNI :
Im... impossible !
Tu tiens vraiment
à tes Pokémon ?
Ça me dépasse...
J'ai fort à faire.
Je pars !",unique
MAIN:0x03BFD6,MAIN,0x03BFD6,dialogue_19_19,16,"
得到精灵眼镜",Got Silph Scope!,Scope Sylphe reçu !,unique
MAIN:0x03BFE7,MAIN,0x03BFE7,dialogue_19_19,16,"
修女:一起诅咒吧...",Kekeke...Kwaaah!,Maudissons-le ensemble...,unique
MAIN:0x03BFF8,MAIN,0x03BFF8,dialogue_19_19,15,"
修女:啊?我是怎么了?",Hwa! I'm saved!,Hein ? Que m'est-il arrivé ?,unique
MAIN:0x03C008,MAIN,0x03C008,dialogue_19_19,19,"
修女:把灵魂交...出来!",Begone evil spirit!,Ton âme... Donne-la-moi !,unique
MAIN:0x03C01C,MAIN,0x03C01C,dialogue_19_19,16,"
修女:我是累了...",The spirit left.,Je suis épuisée...,unique
MAIN:0x03C02D,MAIN,0x03C02D,dialogue_19_19,7,"
神婆:呜呜...幽灵...",Kwaaah!,"Ouh...
Un Spectre...",unique
MAIN:0x03C035,MAIN,0x03C035,dialogue_19_19,25,"
神婆:啊?这是...",We need the Silph  Scope!,Hein ? Qu'est-ce que c'est...,unique
MAIN:0x03C04F,MAIN,0x03C04F,dialogue_19_19,9,"
修女:你能赢吗?",Huhuhu...,Tu vas gagner ?,unique
MAIN:0x03C059,MAIN,0x03C059,dialogue_19_19,46,"
修女:啊?我是怎么了?",May the souls of   Pok@mon rest in    peace...,Hein ? Que m'est-il arrivé ?,unique
MAIN:0x03C088,MAIN,0x03C088,dialogue_19_19,12,"
神婆:可恶...",Join...Us...,Bon sang...,unique
MAIN:0x03C096,MAIN,0x03C096,dialogue_19_19,46,"
神婆:晕晕的,我难道贫血吗?",Step in the magic  circle to heal yourPok@mon.,"Tout tourne...
Suis-je anémique ?",unique
MAIN:0x03C0C5,MAIN,0x03C0C5,dialogue_19_19,16,"
修女:僵尸啊...",Ghost! Kwaaaaah!,Un zombie...,unique
MAIN:0x03C0D6,MAIN,0x03C0D6,dialogue_19_19,61,"
火箭队:我是在这里看守这张海报的,妨碍我的话可是要尝到苦头的哦!","<B5A2><B5A3><B5A4>:<B1C2><B0C2><B0B8><B0EE><B0BF><B0FD><B3DF><B0EE><B6F9><B6FC><B9A3><B0BC>,<B3C5><B3C6><B1C2><B0BC><B1EF><B0DE><B0C2><B0C3><B7EA><B0DB><B3C0><B1B3><B0BC><B2DD>!","Je garde
cette affiche. Si
tu me gênes, tu vas
le regretter !",unique
MAIN:0x03C114,MAIN,0x03C114,dialogue_19_19,69,"
火箭队:可恶,这样下去的话火箭队的基地会被发现的!要赶快和老大联络才行!","<0A><B5A2><B5A3><B5A4>:<B0DE><B5E0>,<B0EE><B2DA><B0F9><B0C7><B0BC><B1EF><B5A2><B5A3><B5A4><B0BC><B9A4><B3BB><B1F9><B1B6><B2F4><B2F5><B0BC>!<B0C3><B1F3><B2EC><B0C9><B2CE><B1BE><B3CE><B9A5><B1F2><B3A9>!","Not' cachette va
être découverte !
J'va prév'nir eul
chef !",unique
MAIN:0x03C15A,MAIN,0x03C15A,dialogue_19_19,15,"
修女:我的意识恢复了",Was I dreaming?,"Ça y est, j'ai repris mes esprits.",unique
MAIN:0x03C16A,MAIN,0x03C16A,dialogue_19_19,18,"
修女:康儿...康儿...",Give me your soul!,Kang'er... Kang'er...,unique
MAIN:0x03C17D,MAIN,0x03C17D,dialogue_19_19,16,"
修女:颤抖了...",I was possessed.,Je tremble...,unique
MAIN:0x03C18E,MAIN,0x03C18E,dialogue_19_19,8,"
修女:伤心啊...",Zombies!,Quelle tristesse...,unique
MAIN:0x03C197,MAIN,0x03C197,dialogue_19_19,10,"
修女:有什么从我身体里飞出...",Huh? What?,Quelque chose est sorti de moi...,unique
MAIN:0x03C1A2,MAIN,0x03C1A2,dialogue_19_19,15,"
神婆:嘻嘻...嘻嘻...",Urgah...Urff...,Hi hi... Hi hi...,unique
MAIN:0x03C1B2,MAIN,0x03C1B2,dialogue_19_19,35,"
神婆:嘻嘻...我到底是怎么了?",I was controlled   by evil spirits.,"Hi hi...
Que m'arrive-t-il ?",unique
MAIN:0x03C1D6,MAIN,0x03C1D6,dialogue_19_19,19,"
离开!离开这里!...",Begone...intruders.,Partez... Quittez ce lieu !,unique
MAIN:0x03C1EA,MAIN,0x03C1EA,dialogue_19_19,52,"
使用精灵眼镜看穿幽灵的真正身份!",The Silph Scope    identified the     Marowak ghost.,"Le Scope Sylphe
a révélé la vraie
nature du Spectre !",unique
MAIN:0x03C21F,MAIN,0x03C21F,dialogue_19_19,109,"
小智:原来幽灵的真正身份是温柔的可拉可拉的妈妈...",The Ghost was the  restless soul of   Cubone's mother!   Her soul was calmedand she departed tothe afterlife.,SACHA : Le fantôme était en fait la douce mère d'Osselait...,unique
MAIN:0x03C28D,MAIN,0x03C28D,dialogue_19_19,177,"
火箭队:这个吉野老头真难缠!不打败我们是救不了吉野老头的!","Jessie: Stop right there!             Meowth: Grampa herewanted to complain,so we're setting   him straight.      James: So render   yourself invisible,or prepare to      fight!","JESSIE : Pas bouger ! Le vieux s'est plaint, alors on l'a enfermé !",unique
MAIN:0x03C33F,MAIN,0x03C33F,dialogue_19_19,48,,Looks like Team    Rocket's blasting  off again!,"JAMES :
Tu vas voir !",non_aligne
MAIN:0x03C370,MAIN,0x03C370,dialogue_19_19,179,"
吉野:你是来救我的吗?谢谢你...我是来告诫可拉可拉的母亲嘎拉嘎拉之灵而来的,看样子嘎拉嘎拉到天国去了!真要感谢你们特地来这!那现在跟我一起回家",Fuji:Heh? You came to save me? Thank  you. I came here tocalm the soul of   Cubone's mother. I think her spirit isat rest and moved  on. I must thank   you. Follow me to  my home.,"M. FUJI :
Tu viens m'aider ?
Merci.
Je suis venu
apaiser l'âme
de la mère
d'Osselait.
Elle est en paix.
Rentrons.",unique
MAIN:0x03C424,MAIN,0x03C424,dialogue_19_19,63,"
吉野:小智在完成精灵图鉴的时候如果不对精灵们付出爱心想完成是很困难的...也不知该如何帮助你,这给你吧!","Here Ash, I think  this Pok@Flute willhelp you on your   quest.","M. FUJI :
Aime tes Pokémon,
sinon ton Pokédex
restera incomplet.
Tiens, prends ceci.",unique
MAIN:0x03C464,MAIN,0x03C464,dialogue_19_19,46,"
吉野:吹起宠物精灵笛就算是熟睡的精灵也会跳起,遇到睡着的精灵使用看看吧!",The Pok@Flute will wake any sleeping  Pok@mon.,"M. FUJI :
La Poké Flûte
réveille un Pokémon
qui dort.
Essaie-la !",unique
MAIN:0x03C493,MAIN,0x03C493,dialogue_19_19,106,"
守卫:好渴啊...想喝水...什么?这个矿泉水真的要送给我??好吧为了答谢你就特别的放你过去吧...","Boy! I'm parched!  Huh?I can have thisdrink? Thanks! If  you want to go to  Saffron, you can goon through.","GARDE : J'ai soif.
Cette Eau Fraîche
est pour moi ?
Merci ! Safrania
t'est ouverte !",unique
MAIN:0x03C4FE,MAIN,0x03C4FE,dialogue_19_19,29,"
火箭队:在那边的小鬼别到这里徘徊!!",What are you doing here kid!?,"Hé, gamin !
Ne traîne pas ici !",unique
MAIN:0x03C51C,MAIN,0x03C51C,dialogue_19_19,36,"
火箭队:老大想侵占这栋新力公司...",Silph Co.will mergewith Team Rocket!,"TEAM ROCKET :
Le Boss convoite
la Sylphe SARL !",unique
MAIN:0x03C541,MAIN,0x03C541,dialogue_19_19,12,"
火箭队:我就是火箭队四兄弟之一!",Go home kid!,Je suis l'un des quatre frères Rocket !,unique
MAIN:0x03C54E,MAIN,0x03C54E,dialogue_19_19,12,"
火箭队:如果控制了新力就能把宠物精灵卖个好价钱!",You're good.,"Contrôler Sylphe SARL, c'est vendre les Pokémon au prix fort !",unique
MAIN:0x03C55B,MAIN,0x03C55B,dialogue_19_19,27,"
火箭队:妨碍我的家伙,太可恶了!!",Kids aren't allowedin here!,Quel casse-pieds !,unique
MAIN:0x03C577,MAIN,0x03C577,dialogue_19_19,22,"
火箭队:我错了...",Why do you fight   us?,J'ai eu tort...,unique
MAIN:0x03C58E,MAIN,0x03C58E,dialogue_19_19,23,"
火箭队:发现可疑的家伙!!",That's far enough  kid!,Un individu suspect !,unique
MAIN:0x03C5A6,MAIN,0x03C5A6,dialogue_19_19,35,"
火箭队:你到底是什么人?",I work for Silph   and Team Rocket!,"TEAM ROCKET : T'es qui, toi ?",unique
MAIN:0x03C5CA,MAIN,0x03C5CA,dialogue_19_19,26,"
火箭队:能来到这里你还真有办法...","Quit messing with  us,kid!",T'as réussi à venir jusqu'ici...,unique
MAIN:0x03C5E5,MAIN,0x03C5E5,dialogue_19_19,10,"
火箭队:我真要夸奖你能顺利到这来,但社长室可没这么容易让你过去",I give up!,"Bravo ! Le bureau
du Président reste
inaccessible.",unique
MAIN:0x03C5F0,MAIN,0x03C5F0,dialogue_19_19,29,"
火箭队:没见过的家伙",I was a scientist  for Silph.,"Toi, je t'ai jamais vu ici !",unique
MAIN:0x03C60E,MAIN,0x03C60E,dialogue_19_19,65,"
火箭队:打倒我你就满足了吗?我是不会让你赢的","Team Rocket said ifI helped them, theywould let me study Pok@mon!","Tu me crois fini ?
Je t'empêcherai
de gagner !",unique
MAIN:0x03C650,MAIN,0x03C650,dialogue_19_19,17,"
火箭队:这个新力公司被我们火箭队占据了!!",Intruder spotted!,La Team Rocket contrôle la Sylphe SARL !,unique
MAIN:0x03C662,MAIN,0x03C662,dialogue_19_19,12,"
火箭队:火箭队万岁!",Who are you?,"Vive
la Team Rocket !",unique
MAIN:0x03C66F,MAIN,0x03C66F,dialogue_19_19,29,"
火箭队:又是你在这里捣乱!?",We have control of Silph Co.!,"Encore toi ?
Tu viens semer
le trouble ?",unique
MAIN:0x03C68D,MAIN,0x03C68D,dialogue_19_19,30,"
火箭队:请随便看...",Boss has been afterthis place!,Tu peux regarder...,unique
MAIN:0x03C6AC,MAIN,0x03C6AC,dialogue_19_19,34,"
火箭队:你想干什么?",My Pok@mon are my  loyal soldiers!,Tu veux quoi ?,unique
MAIN:0x03C6CF,MAIN,0x03C6CF,dialogue_19_19,27,"
火箭队:可恶的家伙",Darn these weak    Pok@mon!,Sale morveux !,unique
MAIN:0x03C6EB,MAIN,0x03C6EB,dialogue_19_19,34,"
大姐头:老大已经在这里我们就没有什么好害怕的!!",Show Team Rocket a little respect!,Le Boss est là. Rien à craindre !,unique
MAIN:0x03C70E,MAIN,0x03C70E,dialogue_19_19,19,"
大姐头:我是新力的社员同时也是火箭队的一员",Disrespectful brat!,Employée de Sylphe SARL. Je suis aussi de la Team Rocket !,unique
MAIN:0x03C722,MAIN,0x03C722,dialogue_19_19,37,"
火箭队:新力已经是我们的了",There shouldn't be any children here!,La Team Rocket contrôle la Sylphe SARL !,unique
MAIN:0x03C748,MAIN,0x03C748,dialogue_19_19,28,"
火箭队:别打我,我也是被逼的...",It's a long way to our boss!,"Me frappe pas ! Moi aussi, on m'a forcé...",unique
MAIN:0x03C765,MAIN,0x03C765,dialogue_19_19,121,"
小茂:等你很久了小智!!我就知道在这等你会出现的!好像被火箭队为难了!反正与我无关!!让我看看你底有没有变强!","What kept you Ash? Haha! I guess Team Rocket slowed you  down! I saw you in Saffron,so I wantedto see if you got  better!",RÉGIS : Sacha ! Je savais que tu viendrais. La Team Rocket t'a ralenti ? Peu importe ! Montre tes progrès !,unique
MAIN:0x03C7DF,MAIN,0x03C7DF,dialogue_19_19,129,"
小茂:开玩笑...那小智我先走了...我还要去精灵联盟挑战最强的四天王啊!!小智你也要加油喔!再见了!!","Well,Ash!I'm movingon up,I'm going to the Pok@mon League to boot out the    Elite Four! Good   luck to ya Ash!    Smell ya later!","RÉGIS : Je file
au Conseil des 4 !
Fais de ton mieux.
À plus, Sacha !",unique
MAIN:0x03C861,MAIN,0x03C861,dialogue_19_19,36,"
火箭队:我也是火箭队四兄弟其中之一!",I heard a kid was  wandering around.,"Moi, je compte
parmi les quatre
frères Rocket !",unique
MAIN:0x03C886,MAIN,0x03C886,dialogue_19_19,9,"
火箭队:算了,我弟弟会为我报仇的!",Blast it!,"Tant pis !
Mon cadet vengera
cet affront !",unique
MAIN:0x03C890,MAIN,0x03C890,dialogue_19_19,19,"
火箭队:你敢小看我?",You dare betray us?,Tu m'crois faible ?,unique
MAIN:0x03C8A4,MAIN,0x03C8A4,dialogue_19_19,12,"
火箭队:小看就小看吧",You traitor!,Sous-estime-moi !,unique
MAIN:0x03C8B1,MAIN,0x03C8B1,dialogue_19_19,23,"
火箭队:刚刚有消息说有小孩在这附近徘徊!",Oh ho! I smell a   rat!,On dit qu'un gamin rôde dans le coin !,unique
MAIN:0x03C8C9,MAIN,0x03C8C9,dialogue_19_19,27,"
火箭队:不要反抗火箭队的好...",You are a skilled  trainer!,"Ne résiste pas
à la Team Rocket...",unique
MAIN:0x03C8E5,MAIN,0x03C8E5,dialogue_19_19,114,"
火箭队:等等!老大在谈重要的事不能让你去打扰!",Jessie: Stop right there twerp!       Jessie:Render your-self invisible or  prepare to fight!  Meowth:That's right,"JAMES : Avorton !
Notre Boss est
en réunion !
Ne le dérange pas !",unique
MAIN:0x03C958,MAIN,0x03C958,dialogue_19_19,57,"
小智:你们是?",Team Rocket: Looks like Team Rocket's blasting off again!,"SACHA :
Qui êtes-vous ?",unique
MAIN:0x03C992,MAIN,0x03C992,dialogue_19_19,147,"
老大:哦?小智啊?又见面了...我现在在和新力的社员谈工作的事情.大人的世界小孩千万别插嘴!不然会很难看的!",Ash! We meet again!The President and Iare discussing a   vital proposition. Keep your nose out of grown up matters...or experience a world of pain!,"GIOVANNI : Sacha !
Encore toi...
Le PDG et moi
parlons affaires.
Ne t'en mêle pas,
gamin. Gare à toi !",unique
MAIN:0x03CA26,MAIN,0x03CA26,dialogue_19_19,140,"
老大:混蛋!没办法只好暂时放弃新力!我们火箭队是不灭的!所有的怪兽是为我们火箭队而存在的!小智你千万不要忘了!我先走了!!","Blast! You ruined  our plans for SilphBut, Team Rocket   will never fall!   Ash! All Pok@mon   exist for Team     Rocket! I shall    return!","GIOVANNI : Zut !
La Sylphe m'échappe
mais la Team Rocket
est éternelle !
Tous les Pokémon
sont à nous !
Retiens ça, Sacha.
Je reviendrai !",unique
MAIN:0x03CAB3,MAIN,0x03CAB3,dialogue_19_19,51,"
秘书:呀真是谢谢你的相救!我和社长充满感激啊!",Thank you for resc-uing us! We admire your courage.,SECRÉTAIRE : Merci ! Le PDG et moi te sommes reconnaissants.,unique
MAIN:0x03CAE7,MAIN,0x03CAE7,dialogue_19_19,19,"
使用精灵笛唤醒睡着的卡比兽",The Pok@mon woke up,Ronflex s'éveille !,unique
MAIN:0x03CAFB,MAIN,0x03CAFB,dialogue_19_19,18,"
钓鱼者:这里是有名的钓鱼区",I got a bite here!,Ce coin est réputé pour la pêche.,unique
MAIN:0x03CB0E,MAIN,0x03CB0E,dialogue_19_19,17,"
钓鱼者:你不喜欢钓鱼吗?",Just a small fry!,Tu n'aimes pas pêcher ?,unique
MAIN:0x03CB20,MAIN,0x03CB20,dialogue_19_19,24,"
钓鱼者:水上也有很多精灵哦",Fishing's a waitinggame!,Plein de Pokémon vivent dans l'eau !,unique
MAIN:0x03CB39,MAIN,0x03CB39,dialogue_19_19,18,"
钓鱼者:水系精灵最可爱!",That one got away!,Les Pokémon Eau sont les plus mignons !,unique
MAIN:0x03CB4C,MAIN,0x03CB4C,dialogue_19_19,17,"
女孩:水系精灵好漂亮",You like fishing?,Les Pokémon Eau sont magnifiques !,unique
MAIN:0x03CB5E,MAIN,0x03CB5E,dialogue_19_19,5,"
女孩:你不喜欢吗?",Ouch!,"Tu les trouves moches, peut-être ?",unique
MAIN:0x03CB64,MAIN,0x03CB64,dialogue_19_19,27,"
钓鱼者:你看不到我在钓鱼吗?",I would rather be  working!,"Tu vois pas
que je pêche ?",unique
MAIN:0x03CB80,MAIN,0x03CB80,dialogue_19_19,16,"
钓鱼者:算了...鱼都让你吓跑了",It's not easy...,"Laisse tomber...
Tous les poissons
ont fui !",unique
MAIN:0x03CB91,MAIN,0x03CB91,dialogue_19_19,32,"
钓鱼者:我有好动西,要看吗",You never know whatyou'll catch!,J'ai une belle prise. Tu veux voir ?,unique
MAIN:0x03CBB2,MAIN,0x03CBB2,dialogue_19_19,8,"
钓鱼者:水系精灵克火系的哦",Lost it!,L'Eau bat le Feu !,unique
MAIN:0x03CBBB,MAIN,0x03CBBB,dialogue_19_19,29,"
电气团:在这里我的精灵难碰敌手",Electricity is my  specialty!,"Ici, mes Pokémon
n'ont presque aucun
rival !",unique
MAIN:0x03CBD9,MAIN,0x03CBD9,dialogue_19_19,27,"
电气团:居然栽跟头了...",Water conducts electricity.,Je me suis fait avoir...,unique
MAIN:0x03CBF5,MAIN,0x03CBF5,dialogue_19_19,19,"
侦察员:我什么要求都没有",Water calms my mind,Je ne demande rien.,unique
MAIN:0x03CC09,MAIN,0x03CC09,dialogue_19_19,36,"
侦察员:我不是可疑的人哪",Pok@mon battles arerelaxing as well.,Je ne suis pas louche !,unique
MAIN:0x03CC2E,MAIN,0x03CC2E,dialogue_19_19,37,"
女孩:随便的人走开",I saw a large Pok@-mon sleeping here!,"Dégage !
Je te connais pas !",unique
MAIN:0x03CC54,MAIN,0x03CC54,dialogue_19_19,19,"
女孩:对不起,误会你了",Snorlax love to nap,"Pardon, je t'avais mal jugé.",unique
MAIN:0x03CC68,MAIN,0x03CC68,dialogue_19_19,31,"
捉鸟人:速度才是一切",Bird Watcher Vs.   Pok@mon Kid!,La vitesse avant tout !,unique
MAIN:0x03CC88,MAIN,0x03CC88,dialogue_19_19,23,"
捉鸟人:失败了我的想法也不变!",You beat me at Pok@mon.,"Même battu,
je ne change pas !",unique
MAIN:0x03CCA0,MAIN,0x03CCA0,dialogue_19_19,23,"
大姐姐:你的样子让我的口水都流出来了","Sure,I'll play withyou!","Rien qu'à te voir,
j'en salive !",unique
MAIN:0x03CCB8,MAIN,0x03CCB8,dialogue_19_19,17,"
大姐姐:我知错了...",You little brute!,J'avais tort...,unique
MAIN:0x03CCCA,MAIN,0x03CCCA,dialogue_19_19,29,"
大姐姐:你说什么,我没有魅力吗?",I'm told I'm good  for a kid!,"Quoi ?
Je te plais pas ?",unique
MAIN:0x03CCE8,MAIN,0x03CCE8,dialogue_19_19,12,"
大姐姐:你说的是对的",Ohh! I lost!,Tu as raison.,unique
MAIN:0x03CCF5,MAIN,0x03CCF5,dialogue_19_19,24,"
女孩:又是你!!",Your Badges are so cool!,"Toi, encore !",unique
MAIN:0x03CD0E,MAIN,0x03CD0E,dialogue_19_19,19,"
女孩:我们还真有缘啊",You're very strong!,"C'est le destin !
On se revoit !",unique
MAIN:0x03CD22,MAIN,0x03CD22,dialogue_19_19,22,"
女孩:别在我眼前走来走去",Want to battle withme?,Arrête de tourner devant moi !,unique
MAIN:0x03CD39,MAIN,0x03CD39,dialogue_19_19,18,"
女孩:我不该欺人太甚",It's over already?,J'ai exagéré...,unique
MAIN:0x03CD4C,MAIN,0x03CD4C,dialogue_19_19,32,"
捉鸟人:我是鸟类训练专家",I always go with   bird Pok@mon!,"Je suis spécialiste
des Pokémon Vol.",unique
MAIN:0x03CD6D,MAIN,0x03CD6D,dialogue_19_19,19,"
捉鸟人:你的精灵的确比我强",I wish I could fly.,"Tes Pokémon
battent les miens.",unique
MAIN:0x03CD81,MAIN,0x03CD81,dialogue_19_19,26,"
捉鸟人:别以为打败了我大哥我就服你!!",The wind's blowing my way!,"T'as battu l'aîné ?
Je m'incline pas !",unique
MAIN:0x03CD9C,MAIN,0x03CD9C,dialogue_19_19,9,"
捉鸟人:我无话可说了",I'm beat.,Plus rien à dire.,unique
MAIN:0x03CDA6,MAIN,0x03CDA6,dialogue_19_19,22,"
暴走族:你喜欢速度吗?一起来吧",What're you lookin'at?,Tu aimes la vitesse ? Suis-moi !,unique
MAIN:0x03CDBD,MAIN,0x03CDBD,dialogue_19_19,9,"
暴走族:不该强人所难的",Get lost!,J'aurais pas dû insister.,unique
MAIN:0x03CDC7,MAIN,0x03CDC7,dialogue_19_19,33,"
捉鸟人:飞吧!我的精灵!!",My bird Pok@mon    want to fight!,"Envole-toi,
mon Pokémon !",unique
MAIN:0x03CDE9,MAIN,0x03CDE9,dialogue_19_19,19,"
捉鸟人:什么都完了...",My bird combo lost?,Tout est fini...,unique
MAIN:0x03CDFD,MAIN,0x03CDFD,dialogue_19_19,24,"
捉鸟人:你去过狩猎区吗",My birds are the   best!,Tu es allé au Parc Safari ?,unique
MAIN:0x03CE16,MAIN,0x03CE16,dialogue_19_19,7,"
捉鸟人:那里有很多珍贵的精灵...",Oh man!,"Le Parc regorge
de Pokémon rares...",unique
MAIN:0x03CE1E,MAIN,0x03CE1E,dialogue_19_19,28,"
大婶婶:鸟类精灵是虫系精灵的克星!",My Pok@mon wish to meet you!,"Le type Vol domine
le type Insecte !",unique
MAIN:0x03CE3B,MAIN,0x03CE3B,dialogue_19_19,19,"
大婶婶:原来你懂这个道理啊","Wow,You totally won","Ah, tu avais donc
compris !",unique
MAIN:0x03CE4F,MAIN,0x03CE4F,dialogue_19_19,25,"
捉鸟人:你得罪我了",My bird Pok@mon areready!,Tu m'as cherché !,unique
MAIN:0x03CE69,MAIN,0x03CE69,dialogue_19_19,14,"
捉鸟人:没事...",Not ready yet.,Ce n'est rien...,unique
MAIN:0x03CE78,MAIN,0x03CE78,dialogue_19_19,18,"
大姐姐:好可爱的样子哦","Sure, I'll fight! ",T'es trop mignon !,unique
MAIN:0x03D088,MAIN,0x03D088,dialogue_19_19,30,,<B3E7><B8A7><B2B5>:<B0B9><B0BF><B0AE><B3F7><B0C8><B5C5><B6B2><B0BC><B0A1><B0A2>...,"ORNITHOLOGUE :
Des Pokémon rares
vivent ici...",non_aligne
MAIN:0x03D0A7,MAIN,0x03D0A7,dialogue_19_19,26,"
大姐姐:不要走吧,陪姐姐我说说话嘛","Win,lose,it doesn'tmatter.",Ne pars pas ! Reste discuter avec moi !,unique
MAIN:0x03D0C2,MAIN,0x03D0C2,dialogue_19_19,16,"
暴走族:老子要教训你","C'mon, Let's go!",Je vais t'apprendre les bonnes manières !,unique
MAIN:0x03D0D3,MAIN,0x03D0D3,dialogue_19_19,15,"
暴走族:我最喜欢有实力的人!",Arrg! Get lost!,J'adore les gens forts !,unique
MAIN:0x03D0E3,MAIN,0x03D0E3,dialogue_19_19,23,"
捉鸟人:我有只珍贵的精灵",Can your Pok@mon   fly?,J'ai un Pokémon rare.,unique
MAIN:0x03D0FB,MAIN,0x03D0FB,dialogue_19_19,19,"
捉鸟人:怎么样?不错吧...",Best way to travel!,"Alors ? Pas mal, hein ?",unique
MAIN:0x03D10F,MAIN,0x03D10F,dialogue_19_19,15,"
女孩:请多关照",Do you use TMs?,"Enchantée !
À nous deux !",unique
MAIN:0x03D11F,MAIN,0x03D11F,dialogue_19_19,11,"
女孩:输的心服口服","Aww,bummer!",Je m'incline !,unique
MAIN:0x03D12B,MAIN,0x03D12B,dialogue_19_19,19,"
女孩:糟了,你碰了我一下!",I use TMs I bought!,Aïe ! Tu m'as touchée !,unique
MAIN:0x03D13F,MAIN,0x03D13F,dialogue_19_19,23,"
女孩:要是怀孕了怎么办...",HMs are harder to  get.,Et si je tombais enceinte ?,unique
MAIN:0x03D157,MAIN,0x03D157,dialogue_19_19,19,"
暴走族:偶看你不惯!",I need to burn time,Ta tête m'agace !,unique
MAIN:0x03D16B,MAIN,0x03D16B,dialogue_19_19,37,"
捉鸟人:拥有连续攻击能力的我你没有胜算",<B3E7><B8A7><B2B5>:<B6A9><B0AE><B6BA><B4D7><B4AB><B4AC><B0EC><B0E3><B0BC><B1C2><B0C5><B2B6><B0AE><B3F9><B3D0>,"ORNITHOLOGUE : Avec mes attaques en rafale, tu n'as aucune chance !",unique
MAIN:0x03D191,MAIN,0x03D191,dialogue_19_19,18,"
捉鸟人:又说大话了",<0A><B3E7><B8A7><B2B5>:<B5B0><B1E7><B1BE><B1EF><B0F8>,ORNITHOLOGUE : J'ai encore parlé trop vite...,unique
MAIN:0x03D1A4,MAIN,0x03D1A4,dialogue_19_19,10,"
暴走族:现在看惯了,没事",What? You!,Je m'y suis fait. Ça va.,unique
MAIN:0x03D1AF,MAIN,0x03D1AF,dialogue_19_19,19,"
暴走族:看你的样子一定不像好人!!",Pok@mon fight? Cool,T'as vraiment pas l'air honnête !,unique
MAIN:0x03D1C3,MAIN,0x03D1C3,dialogue_19_19,11,"
暴走族:你应该很讲义气吧!",Blown away!,"Tu es loyal, non ?",unique
MAIN:0x03D1CF,MAIN,0x03D1CF,dialogue_19_19,37,"
大姐姐:你是我第五十二任男朋友",Have you heard of  legendary Pok@mon?,Tu es mon 52e petit ami.,unique
MAIN:0x03D1F5,MAIN,0x03D1F5,dialogue_19_19,25,"
大姐姐:算了,放过你吧...",There's 3 legendarybirds!,"Bon, je te laisse partir...",unique
MAIN:0x03D20F,MAIN,0x03D20F,dialogue_19_19,26,"
捉鸟人:明白我的力量还不滚",You don't stand a  chance!,"T'as vu ma force ?
Alors, dégage !",unique
MAIN:0x03D22A,MAIN,0x03D22A,dialogue_19_19,16,"
捉鸟人:请您慢走,哈哈",Not good enough!,Bonne route ! Ha ha !,unique
MAIN:0x03D23B,MAIN,0x03D23B,dialogue_19_19,15,"
女孩:谁叫你这么看人家的?","Oh,you're cute!",Pourquoi ce drôle de regard ?,unique
MAIN:0x03D24B,MAIN,0x03D24B,dialogue_19_19,14,"
女孩:可惜我有男朋友了...",I forgive you!,"Dommage, j'ai déjà un petit ami...",unique
MAIN:0x03D25A,MAIN,0x03D25A,dialogue_19_19,27,"
捉鸟人:我是专业捉鸟人",What's cool?TradingPok@mon!,"Je suis un pro
des Pokémon Vol.",unique
MAIN:0x03D276,MAIN,0x03D276,dialogue_19_19,27,"
捉鸟人:今年我要参加精灵联盟大赛啊",I trade with my    friends.,Je vais à la Ligue cette année !,unique
MAIN:0x03D292,MAIN,0x03D292,dialogue_19_19,74,"
裁判:浅红道馆是栋有机关的房子.用眼睛是看不到墙的",Yo Champ! This GYM has invisible wallsYou have to find   the gaps in them.,"Hé, Champion !
Ici, les murs
sont invisibles !
Repère les trous !",unique
MAIN:0x03D2DD,MAIN,0x03D2DD,dialogue_19_19,16,"
忍者:这里不是你能来的!",Strategy is key!,"Tu n'as rien
à faire ici !",unique
MAIN:0x03D2EE,MAIN,0x03D2EE,dialogue_19_19,14,"
忍者:你的忍术很厉害!",Good strategy!,"Belle technique
de ninja !",unique
MAIN:0x03D2FD,MAIN,0x03D2FD,dialogue_19_19,30,"
忍者:光只是力量强是没用的!你知道吗?最强的是技术!!",Can you beat my    techniques?,"La force brute ?
Ça ne suffit pas !
La technique,
voilà le secret !",unique
MAIN:0x03D31C,MAIN,0x03D31C,dialogue_19_19,36,"
忍者:看来你已明白了",I like poison and  sleep techniques.,"Apparemment,
t'as compris.",unique
MAIN:0x03D341,MAIN,0x03D341,dialogue_19_19,27,"
忍者:这个道馆的首领很厉害,你最好小心",I joined to become a ninja!,Le Champion de cette Arène est fort. Sois prudent.,unique
MAIN:0x03D35D,MAIN,0x03D35D,dialogue_19_19,30,"
忍者:看来是我多心了...",I'll keep training under Koga!,Je me suis inquiété pour rien...,unique
MAIN:0x03D37C,MAIN,0x03D37C,dialogue_19_19,29,"
忍者:你看来很有自信啊!",I study the way of the Ninja!,"Tu as l'air
sûr de toi !",unique
MAIN:0x03D39A,MAIN,0x03D39A,dialogue_19_19,28,"
忍者:我很久没这么认真了",I still have a lot to learn.,"Enfin un combat
sérieux !
Depuis le temps !",unique
MAIN:0x03D3B7,MAIN,0x03D3B7,dialogue_19_19,17,"
忍者:看你能过我这关吗?",Stop right there!,"Voyons si tu peux
passer !",unique
MAIN:0x03D3C9,MAIN,0x03D3C9,dialogue_19_19,14,"
忍者:你过关了...",I'm impressed!,Tu as réussi...,unique
MAIN:0x03D3D8,MAIN,0x03D3D8,dialogue_19_19,45,"
忍者:我对忍者充满幻想才进入这个浅红道馆的",Master Koga comes  from a long line ofninjas!,"Je rêvais de devenir ninja, alors j'ai rejoint cette Arène.",unique
MAIN:0x03D406,MAIN,0x03D406,dialogue_19_19,24,"
忍者:你的确很强大",What do you descendfrom?,T'es très fort !,unique
MAIN:0x03D41F,MAIN,0x03D41F,dialogue_19_19,51,"
乔:你这种小子就想向我挑战?自讨苦吃!!中了毒就只有死路一条!!让你知道毒的艺术!!",I shall show you   true terror as a   ninja master!,"KOGA : Un gamin
ose me défier ?
Le poison tue.
Découvre son art !",unique
MAIN:0x03D453,MAIN,0x03D453,dialogue_19_19,73,"
乔:你小子有一套,那么这个浅红徽章就交给你了,有了浅红徽章就能在大海中使用冲浪术了!",The Soulbadge lets you use Surf out-  side of battle.    Congratulations.,KOGA : Bien joué ! Prends le Badge Âme. Tu peux utiliser Surf hors combat !,unique
MAIN:0x03D49D,MAIN,0x03D49D,dialogue_19_19,81,"
服务员:欢迎来到狩猎场!在这广大的狩猎广场有很多特有的宠物精灵,一次500元!要进去吗?","Welcome to the     Safari Zone! For   $500,you can catch all the Pok@mon youwant!","Bienvenue au Parc
Safari ! Ici vivent
des Pokémon rares.
Entrée : 500 $.
Ça te dit ?",unique
MAIN:0x03D4EF,MAIN,0x03D4EF,dialogue_19_19,11,"
是嘛!那下次再来啊!",Come again!,À la prochaine !,unique
MAIN:0x03D4FB,MAIN,0x03D4FB,dialogue_19_19,16,"
那么请进收您500元!祝您好运!!",That'll be $500!,"Ça fera 500 $.
Bonne chance !",unique
MAIN:0x03D50C,MAIN,0x03D50C,dialogue_19_19,44,"
男孩:这里是最深处平时都没有人会来,我就送件礼物给你吧!",Congratulations!Youfound the Secret   House!,"Tu as trouvé
la Cabane Secrète !
Voici ton prix !",unique
MAIN:0x03D539,MAIN,0x03D539,dialogue_19_19,9,"
得到特技03冲浪术",Got HM03!,CS03 obtenue !,unique
MAIN:0x03D543,MAIN,0x03D543,dialogue_19_19,62,"
男孩:特技03是冲浪术,你可以坐在宠物精灵身上通过水面!而且这个技能机器是用后也不会消失的!能拿到这么好的奖品你还真是幸运!",HM03 is Surf! Pok@-mon can carry you  across water using Surf!,"CS03 : Surf !
Un Pokémon te porte
sur l'eau.
Elle ne s'use pas !",unique
MAIN:0x03D582,MAIN,0x03D582,dialogue_19_19,11,"
得到金牙",Gold Teeth!,Dent d'Or obtenue !,unique
MAIN:0x03D58E,MAIN,0x03D58E,dialogue_19_19,33,"
园长:哎呀我的金牙不知道到哪里去了...不会掉到狩猎区去了吧...",Hif fuff hefifoo!  Heff hee fwee!,"Ma Dent d'Or ?
Où est-elle donc ?
Je l'ai peut-être
perdue...
au Parc Safari ?",unique
MAIN:0x03D5B0,MAIN,0x03D5B0,dialogue_19_19,105,"
园长:那个是我的金牙!!抱歉真是谢谢你的帮助!不要对任何人说哦,我的假牙丢了连办公室都不敢去露脸呢!为了谢谢你给你个好东西!",(Ash gave the teethto the Warden).    Thanks kid! No one could understand a word I said. Here  take this!,"Mes Dents d'Or !
Merci ! Secret :
sans mon dentier,
j'avais honte
au bureau. Voici
ta récompense !",unique
MAIN:0x03D61A,MAIN,0x03D61A,dialogue_19_19,9,"
得到秘传04怪力术",Got HM04!,CS04 obtenue !,unique
MAIN:0x03D624,MAIN,0x03D624,dialogue_19_19,37,"
园长:秘传04是怪力术,能推开挡路的大石头!!",Strength lets Pok@-mon move boulders!,"CS04 : Force !
Bouge les rochers !",unique
MAIN:0x03D64A,MAIN,0x03D64A,dialogue_19_19,16,"
游泳女:不要愁眉苦脸的",I love swimming!,"Allons, ne fais pas cette tête.",unique
MAIN:0x03D65B,MAIN,0x03D65B,dialogue_19_19,11,"
游泳女:和我约会吧",Belly flop!,Sors avec moi !,unique
MAIN:0x03D667,MAIN,0x03D667,dialogue_19_19,27,"
游泳男:没见过的面孔",What's beyond the  horizon?,Je ne t'ai jamais vu par ici.,unique
MAIN:0x03D683,MAIN,0x03D683,dialogue_19_19,14,"
游泳男:你是我见过最强的训练师",I see islands!,Tu es le meilleur Dresseur que j'aie vu !,unique
MAIN:0x03D692,MAIN,0x03D692,dialogue_19_19,17,"
游泳女:再看我揍你!",Swimming's great!,"Encore un regard ?
Je te frappe !",unique
MAIN:0x03D6A4,MAIN,0x03D6A4,dialogue_19_19,16,"
游泳女:我不敢了!",Sunburns aren't!,Je ne recommencerai plus !,unique
MAIN:0x03D6B5,MAIN,0x03D6B5,dialogue_19_19,25,"
游泳男:哈哈哈...","I swam here,but I'mtired.",Ha ha ha...,unique
MAIN:0x03D6CF,MAIN,0x03D6CF,dialogue_19_19,16,"
游泳男:没什么",I'm exhausted...,Ce n'est rien.,unique
MAIN:0x03D6E0,MAIN,0x03D6E0,dialogue_19_19,31,"
游泳男:说什么也不能让你过去",These waters are   treacherous!,Tu ne passeras pas.,unique
MAIN:0x03D700,MAIN,0x03D700,dialogue_19_19,14,"
游泳男:和你开玩笑的",I got a cramp!,Je plaisantais !,unique
MAIN:0x03D70F,MAIN,0x03D70F,dialogue_19_19,29,"
游泳男:你惹火了我!",I look at the sea  to forget.,Tu m'as vraiment énervé !,unique
MAIN:0x03D72D,MAIN,0x03D72D,dialogue_19_19,4,"
游泳男:我的火灭了...",Ooh!,Ma flamme est éteinte...,unique
MAIN:0x03D732,MAIN,0x03D732,dialogue_19_19,19,"
游泳女","Oh,I love your ride",...,unique
MAIN:0x03D746,MAIN,0x03D746,dialogue_19_19,32,"
游泳女",Must be fun to rideyour Pok@mon!,...,unique
MAIN:0x03D767,MAIN,0x03D767,dialogue_19_19,35,"
游泳男:不要和我开玩笑",I have to warm up  before swimming!,"Ne te moque pas
de moi !",unique
MAIN:0x03D78B,MAIN,0x03D78B,dialogue_19_19,14,"
游泳男:对不起...",All warmed up!,Désolé...,unique
MAIN:0x03D79A,MAIN,0x03D79A,dialogue_19_19,24,"
游泳男:水系精灵也有防御力高的哦",The water's shallowhere.,Certains Pokémon Eau ont une Défense élevée.,unique
MAIN:0x03D7B3,MAIN,0x03D7B3,dialogue_19_19,6,"
游泳男:不错,高防御你都有办法对付...",Spash!,Même la Défense cède devant toi...,unique
MAIN:0x03D7BA,MAIN,0x03D7BA,dialogue_19_19,16,"
游泳男:我怎么都要让你知道...",I love floating.,Tu vas comprendre !,unique
MAIN:0x03D7CB,MAIN,0x03D7CB,dialogue_19_19,53,"
社长:少年!谢谢你救了我,在我最需要帮助的时候救了我!这恩情我不会忘的...对了!这礼物可不能忘了!就给你这个好吗?",00I have to thank youin some way! Maybe this will do!,"PRÉSIDENT :
Merci, mon garçon !
Tu m'as sauvé !
Juste à temps !
Je ne l'oublierai !
Prends ce cadeau !",unique
MAIN:0x03D801,MAIN,0x03D801,dialogue_19_19,27,"
空手道:还不想说道歉吗?",I hear you're good!Show me!,Toujours pas d'excuses ?,unique
MAIN:0x03D81D,MAIN,0x03D81D,dialogue_19_19,9,"
空手道:这里是全国格斗家所聚集的道馆啊!",I give up,Les meilleurs combattants du pays sont ici !,unique
MAIN:0x03D827,MAIN,0x03D827,dialogue_19_19,21,"
火箭队:小鬼滚一边去!!",<B5A2><B5A3><B5A4>:<B0B6><B7B2><B9E7><B1D1><B4D5><B0C7>!!,"TEAM ROCKET :
Dégage, morveux !",unique
MAIN:0x03D83E,MAIN,0x03D83E,dialogue_19_19,76,"
得到大师球",Recieved MasterballThat will catch anyPok@mon without    fail! Use it wisely,Master Ball reçue !,unique
MAIN:0x03D88B,MAIN,0x03D88B,dialogue_19_19,19,"
跆拳道:你想踢馆啊?",Our Master's a pro!,Tu viens défier notre dojo ?,unique
MAIN:0x03D89F,MAIN,0x03D89F,dialogue_19_19,15,"
空手道:格斗家害怕的是超能力",Judge! 1 point!,"Seul le type Psy
nous fait peur !",unique
MAIN:0x03D8AF,MAIN,0x03D8AF,dialogue_19_19,18,"
跆拳道:听说你很强,那我就不客气了!!",Nothing scares me!,"Tu serais fort ? Alors, aucune pitié !",unique
MAIN:0x03D8C2,MAIN,0x03D8C2,dialogue_19_19,29,"
空手道:大当家是格斗家之神,想挑战你要有相当的觉悟啊!",Only psychic power scares us!,"Notre Maître ?
Le dieu du combat !
Tu veux le défier ?
Prépare-toi !",unique
MAIN:0x03D8E0,MAIN,0x03D8E0,dialogue_19_19,7,"
空手道:硬的东西一点都不可怕!",Hoargh!,"Les pierres ?
Même pas peur !",unique
MAIN:0x03D8E8,MAIN,0x03D8E8,dialogue_19_19,19,"
空手道:格斗家害怕的是超能力","Ow,Stubbed fingers!","Seul le type Psy
nous fait peur !",unique
MAIN:0x03D8FC,MAIN,0x03D8FC,dialogue_19_19,19,"
二当家:我是这个道馆的二当家,你想踢馆!那不能饶恕你!!看招",Take your shoes off,"Numéro 2 du dojo,
c'est moi !
Tu nous défies ?
Impardonnable !
En garde !",unique
MAIN:0x03D910,MAIN,0x03D910,dialogue_19_19,34,"
二当家:看大当家怎么对付你!!",You wait 'til you  see our master!,"Attends le Maître !
Tu vas dérouiller !",unique
MAIN:0x03D933,MAIN,0x03D933,dialogue_19_19,44,"
大当家:我是这个道馆的大当家,你会后悔的!",I am the Karate    Master! Expect no  mercy!,"LE GRAND MAÎTRE :
Tu le regretteras !",unique
MAIN:0x03D960,MAIN,0x03D960,dialogue_19_19,108,"
大当家:我输了...你千万别摘我的招牌,不如我送给你我最珍贵的怪兽吧...你是喜欢空手道还是跆拳道??","Indeed I have lost!As your trophy, I  will give you a    prized Fighting    Pok@mon! Whichever one you like!","J'ai perdu...
Épargne l'enseigne.
Choisis ton prix :
Kicklee ou Tygnon ?",unique
MAIN:0x03D9CD,MAIN,0x03D9CD,dialogue_19_19,15,"
得到艾比郎",Got Hitmonchan!,Tygnon reçu !,unique
MAIN:0x03D9DD,MAIN,0x03D9DD,dialogue_19_19,14,,Got Hitmonlee!,Kicklee reçu !,non_aligne
MAIN:0x03D9EC,MAIN,0x03D9EC,dialogue_19_19,76,"
裁判:未来的冠军!娜梅的精灵是使用超能力的...格斗系的攻击是没用的!",Yo Champ! Sabrina'sPok@mon are Psychictypes.Fighting Pok@mon have no chance!,"Hé, Champion !
Les Pokémon Psy
de Morgane ignorent
le type Combat !",unique
MAIN:0x03DA39,MAIN,0x03DA39,dialogue_19_19,31,"
超能力:娜梅年纪轻轻就掌管这个金黄道馆实力不容小看!",Sabrina's young butvery strong!,"Morgane est jeune,
mais dirige l'Arène
de Safrania !",unique
MAIN:0x03DA59,MAIN,0x03DA59,dialogue_19_19,25,"
超能力:告诉你吧,曾经金黄市有两个道馆,隔壁的道馆在比赛中输了...",I lost my concentr-ation!,"Safrania avait deux
Arènes. L'Arène
voisine a perdu...",unique
MAIN:0x03DA73,MAIN,0x03DA73,dialogue_19_19,26,"
精神师:你知道吗?精灵只靠力量是不会赢的!",Power alone isn't  enough!,"La force seule
ne suffit pas !",unique
MAIN:0x03DA8E,MAIN,0x03DA8E,dialogue_19_19,48,"
超能力:我怎么会输呢?",Sabrina wiped out  the Karate Master  next door!,Comment ai-je pu perdre ?,unique
MAIN:0x03DABF,MAIN,0x03DABF,dialogue_19_19,35,"
精神师:使用看不到的力量就是使用不超能力!",Does our unseen    power scare you?,"Le pouvoir Psy, c'est une force invisible !",unique
MAIN:0x03DAE3,MAIN,0x03DAE3,dialogue_19_19,24,"
超能力:有这样的事?",I never foresaw    this!,Comment est-ce possible ?,unique
MAIN:0x03DAFC,MAIN,0x03DAFC,dialogue_19_19,37,"
超能力:娜梅比我还年轻啊...","Sabrina is younger,but I respect her.","Morgane est encore
plus jeune que moi.",unique
MAIN:0x03DB22,MAIN,0x03DB22,dialogue_19_19,29,"
超能力:想赢娜梅的话必须要有强大的念力!",The one of strongerwill wins!,"Face à Morgane,
il faut de grands
pouvoirs Psy !",unique
MAIN:0x03DB40,MAIN,0x03DB40,dialogue_19_19,32,"
超能力:精灵性格会像主人你知道吗?",We're famous for   our psychics!,"Le Pokémon reflète
le caractère
de son Dresseur.",unique
MAIN:0x03DB61,MAIN,0x03DB61,dialogue_19_19,19,"
超能力:嗯...看来你明白啊",I foresaw this loss,"Hmm...
Tu as donc compris.",unique
MAIN:0x03DB75,MAIN,0x03DB75,dialogue_19_19,24,"
超能力:你想见娜梅吧",I can read your    mind!,Tu veux voir Morgane ?,unique
MAIN:0x03DB8E,MAIN,0x03DB8E,dialogue_19_19,38,"
超能力:我不会阻止你的",You want Sabrina's Gym badge!I see it!,Je te laisse passer.,unique
MAIN:0x03DBB5,MAIN,0x03DBB5,dialogue_19_19,25,"
精神师:哦,你不想学超能力吗?",Our Pok@mon shall  fight!,"Oh ? Apprendre
les pouvoirs Psy
ne te tente pas ?",unique
MAIN:0x03DBCF,MAIN,0x03DBCF,dialogue_19_19,17,"
超能力:不想学就算了...",I lost after all!,"Si tu ne veux pas apprendre, tant pis...",unique
MAIN:0x03DBE1,MAIN,0x03DBE1,dialogue_19_19,86,"
娜梅:我有预感你会来,我是超能力少女,我不喜欢战斗,不过我可以让你看看我的厉害!","I had a vision of  your arrival! I    dislike fighting,  but I will show youmy powers!","MORGANE :
J'avais prédit
ta venue.
Je suis médium
et hais le combat.
Vois mes pouvoirs !",unique
MAIN:0x03DC38,MAIN,0x03DC38,dialogue_19_19,74,"
娜梅:好吧金色徽章就给你吧!还有技能机器40也拿去吧.技能机器40是精神波动!强大的念力使对方受到巨大的伤害",A loss is a loss.  You have earned theMarshbadge. Please take this TM too.,MORGANE : Le Badge Marais et la CT40 sont à toi ! Vague Psy inflige de gros dégâts psychiques.,unique
MAIN:0x03DC83,MAIN,0x03DC83,dialogue_19_19,10,"
得到金色徽章",Got TM 40!,Badge Marais reçu !,unique
MAIN:0x03DC8E,MAIN,0x03DC8E,dialogue_19_19,27,"
得到技能机器40",That TM teaches    Psybeam.,CT40 reçue !,unique
MAIN:0x03DCAA,MAIN,0x03DCAA,dialogue_19_19,57,,All people have    Psychic power. Theyjust don't know it.,"MORGANE :
Encore toi ? Pff !",non_aligne
MAIN:0x03DCE4,MAIN,0x03DCE4,dialogue_19_19,6,"
游泳男:我想你已经知道了!",Yowch!,Je crois que tu as compris !,unique
MAIN:0x03DCEB,MAIN,0x03DCEB,dialogue_19_19,27,"
滑雪男:什么我耳朵不好!",I tried diving for Pok@mon.,Hein ? J'entends mal !,unique
MAIN:0x03DD07,MAIN,0x03DD07,dialogue_19_19,31,"
滑雪男:现在听到了",You have to fish   for Pok@mon!,"Cette fois,
j'ai bien entendu.",unique
MAIN:0x03DD27,MAIN,0x03DD27,dialogue_19_19,27,"
滑雪女:你到过双子岛吗?",Seafoam's a quiet  getaway.,Déjà allé aux Îles Écume ?,unique
MAIN:0x03DD43,MAIN,0x03DD43,dialogue_19_19,8,"
滑雪女:传说里面有传说中的精灵...",Quit it!,On raconte qu'un Pokémon légendaire vivrait là...,unique
MAIN:0x03DD4C,MAIN,0x03DD4C,dialogue_19_19,17,"
成熟姐姐:又是你?",Wait! Be careful!,Encore toi ?,unique
MAIN:0x03DD5E,MAIN,0x03DD5E,dialogue_19_19,24,"
成熟姐姐:如何,不想和我约会吗",Watch out for Tentacool!,Tu ne veux pas sortir avec moi ?,unique
MAIN:0x03DD77,MAIN,0x03DD77,dialogue_19_19,16,"
急冻鸟:......",Articuno: Gyaoo!,ARTIKODIN : ...,unique
MAIN:0x03DD88,MAIN,0x03DD88,dialogue_19_19,15,"
游泳女:好可爱的样子",Can't you swim?,T'es trop mignon !,unique
MAIN:0x03DD98,MAIN,0x03DD98,dialogue_19_19,10,"
游泳女:是吗?太可惜了...",Torpedoed!,Ah bon ? Dommage...,unique
MAIN:0x03DDA3,MAIN,0x03DDA3,dialogue_19_19,23,"
游泳男:我比你长的帅!",Are you on vacationtoo?,Je suis plus beau que toi !,unique
MAIN:0x03DDBB,MAIN,0x03DDBB,dialogue_19_19,16,"
游泳男:原来你长的比我还帅啊!",No mercy at all!,"En fait,
t'es le plus beau !",unique
MAIN:0x03DDCC,MAIN,0x03DDCC,dialogue_19_19,28,"
游泳男:大海是所有生命的源泉",Check out my buff  physique!,La mer est la source de toute vie.,unique
MAIN:0x03DDE9,MAIN,0x03DDE9,dialogue_19_19,34,"
游泳男:我明白了!你说的都是对的",I should buff my   Pok@mon up too!,"J'ai compris !
Tu avais raison.",unique
MAIN:0x03DE0C,MAIN,0x03DE0C,dialogue_19_19,24,"
游泳女:你要去哪里?",I rode my Pok@mon  here!,Où vas-tu ?,unique
MAIN:0x03DE25,MAIN,0x03DE25,dialogue_19_19,6,"
游泳女:你去哪里我管不着...",Oh no!,Va où tu veux. Ça m'est égal.,unique
MAIN:0x03DE2C,MAIN,0x03DE2C,dialogue_19_19,29,"
游泳女:不要盯着人家看!",My boyfriend gave  me pearls!,Cesse de me fixer !,unique
MAIN:0x03DE4A,MAIN,0x03DE4A,dialogue_19_19,28,"
游泳女:请随便看",They grew inside a Cloyster!,"Vas-y, regarde tant que tu veux.",unique
MAIN:0x03DE67,MAIN,0x03DE67,dialogue_19_19,35,"
游泳女:你想干什么?",I'm swimming to    Cinnabar Island!,Que veux-tu ?,unique
MAIN:0x03DE8B,MAIN,0x03DE8B,dialogue_19_19,19,"
游泳女:想干什么都可以啦",I'm so disappointed,"Finalement, fais comme tu veux.",unique
MAIN:0x03DE9F,MAIN,0x03DE9F,dialogue_19_19,31,"
游泳男:和我一起玩吧!",Cinnabar has a lab for Pok@mon.,On joue ensemble ?,unique
MAIN:0x03DEBF,MAIN,0x03DEBF,dialogue_19_19,31,"
游泳男:对不起,我知道你很忙",Cinnabar is a volc-anic island!,Désolé... Je sais que tu es occupé.,unique
MAIN:0x03DEDF,MAIN,0x03DEDF,dialogue_19_19,45,"
博士:我一直都在研究珍贵的化石你有不错的化石吗?","Hi,I study Pok@mon!You have a fossil  for me?",Salut ! J'étudie les fossiles rares. T'aurais un fossile pour moi ?,unique
MAIN:0x03DF0D,MAIN,0x03DF0D,raw,109,,"000<BAAB><B2EB>:<B3E9><B3EA>!<B0D8><B0D8><B0C5><B6F1><B0F8><B1C2>,<B0B8><B1C2><B3F2><B3C7><B0C3><B7D7><B9CD><B0BC><B0F0><B7CD><B6F1><B0F8><B1C2>!<B0EE><BAB5><B7AB><B1C2><B0CE><B1F9><B2E5><B0BC>...<B0E7><B0F8>!<B0EE><B6CE><B0C1><B0DE><B0CE><B0EC><B2E5><B0F8>!<B2AB><B0C4><B0C5><B0EE><B0BA><B1B4><B0D7>?",Salut ! Je suis scientifique. J'étudie les fossiles de Pokémon rares. Tu en as un pour moi ?,non_aligne
MAIN:0x03DF7B,MAIN,0x03DF7B,,11,,<0A><B2C1><B0DB><B1BE><B2DF><B0BD>,Dommage !,non_aligne
MAIN:0x03DF87,MAIN,0x03DF87,dialogue_19_19,56,"
博士:啊?这个是古代菊石兽的化石!!如果使用我的再生机器一定可以让他复活!!把化石交给我吧",Oh! That's a Helix Fossil! It is a    fossil of Omanyte!,"Fossile Nautile !
Celui d'Amonita !
Je le ressusciterai
avec ma machine.
Confie-le-moi !",unique
MAIN:0x03DFC0,MAIN,0x03DFC0,dialogue_19_19,55,"
再生机器再生出菊石兽",My Resurrection    machine will give  Omanyte new life!,Amonita revit !,unique
MAIN:0x03DFF8,MAIN,0x03DFF8,dialogue_19_19,12,"
得到菊石兽",Got Omanyte!,Amonita reçu !,unique
MAIN:0x03E005,MAIN,0x03E005,dialogue_19_19,56,"
博士:啊?这个是古代化石盔的化石!!如果使用我的再生机器一定可以让他复活!!把化石交给我吧",Oh! That's a Dome  Fossil! It is a    fossil of Kabuto! ,"Fossile Dôme !
Il contient Kabuto.
Je le ressusciterai
avec ma machine.
Confie-le-moi !",unique
MAIN:0x03E03E,MAIN,0x03E03E,dialogue_19_19,55,"
再生机器再生出化石盔",My Resurrection    machine will give  Kabuto new life! ,"Ma machine va
réanimer Kabuto !",unique
MAIN:0x03E076,MAIN,0x03E076,dialogue_19_19,11,"
得到化石盔",Got Kabuto!,Kabuto reçu !,unique
MAIN:0x03E082,MAIN,0x03E082,dialogue_19_19,12,"
小偷:这种地方没想到还有人",Who're you!?,Je me croyais seul.,unique
MAIN:0x03E08F,MAIN,0x03E08F,dialogue_19_19,25,"
小偷:我知道错了...",I don't know about a key!,J'avais tort...,unique
MAIN:0x03E0A9,MAIN,0x03E0A9,dialogue_19_19,29,"
研究员:这个研究所被火山给毁了",My Mentor used to  live here.,Le volcan a détruit ce laboratoire.,unique
MAIN:0x03E0C7,MAIN,0x03E0C7,dialogue_19_19,45,"
研究员:这里面应该有珍稀的精灵...",He discovered a NewPok@mon and named  it Mew.,Il doit encore y avoir des Pokémon rares ici...,unique
MAIN:0x03E0F5,MAIN,0x03E0F5,dialogue_19_19,37,"
研究员:你来干什么",We used Mew's DNA  to create a clone!,Tu fais quoi ici ?,unique
MAIN:0x03E11B,MAIN,0x03E11B,dialogue_19_19,35,"
研究员:请随便参观","We named the new   Pok@mon, Mewtwo.",Visite librement.,unique
MAIN:0x03E13F,MAIN,0x03E13F,dialogue_19_19,70,"
研究员:真不小心...",Mewtwo is far too  powerful.We failed to curb its vicioustendencies...,Quelle imprudence !,unique
MAIN:0x03E186,MAIN,0x03E186,dialogue_19_19,19,"
小偷:糟了!被发现了",This place is huge!,"Zut !
Tu m'as trouvé !",unique
MAIN:0x03E19A,MAIN,0x03E19A,dialogue_19_19,32,"
小偷:放过我吧",I wonder where my  partner went.,Épargne-moi !,unique
MAIN:0x03E1BB,MAIN,0x03E1BB,dialogue_19_19,68,"
裁判:未来的冠军!热情的阿桂是炎系的行家",Yo Champ! Blaine isa fire Pok@mon pro!Douse his spirits  with water!,"Salut !
Champion en herbe !
Auguste maîtrise
les Pokémon Feu !",unique
MAIN:0x03E200,MAIN,0x03E200,dialogue_19_19,50,"
研究员:反正就是喜欢炎系的精灵!",I'll tell you how  to get to Blaine ifyou beat me!,"Les Pokémon Feu,
j'adore ça !",unique
MAIN:0x03E233,MAIN,0x03E233,dialogue_19_19,37,"
研究员:烧起来了...",These computers    operate the doors.,Je brûle...,unique
MAIN:0x03E259,MAIN,0x03E259,dialogue_19_19,32,"
研究员:火系是最强的!!","I'll win, I have   studied hard!","Le type Feu est
le plus fort !",unique
MAIN:0x03E27A,MAIN,0x03E27A,dialogue_19_19,17,"
研究员:还需要多做点研究...",Waah! My Studies!,"J'ai encore tant
à étudier...",unique
MAIN:0x03E28C,MAIN,0x03E28C,dialogue_19_19,32,"
研究员:能过我这关吗?",I just like using  fire Pok@mon!,Tu crois pouvoir passer ?,unique
MAIN:0x03E2AD,MAIN,0x03E2AD,dialogue_19_19,18,"
研究员:哈哈你可以过去了",Too hot to handle!,Ha ha ! Tu peux passer.,unique
MAIN:0x03E2C0,MAIN,0x03E2C0,dialogue_19_19,25,"
研究员:你知道精灵喜欢什么吗?",Fire's weak againstwater!,"Chacun a ses goûts.
Tu les connais ?",unique
MAIN:0x03E2DA,MAIN,0x03E2DA,dialogue_19_19,15,"
研究员:怎么会...",Fire melts ice!,Comment est-ce possible...,unique
MAIN:0x03E2EA,MAIN,0x03E2EA,dialogue_19_19,29,"
小偷:去过许多道馆这个道馆最适合偷了",I know why Blaine'sa trainer!,"J'ai vu beaucoup
d'Arènes. Celle-ci
est parfaite
pour un vol !",unique
MAIN:0x03E308,MAIN,0x03E308,dialogue_19_19,62,"
小偷:好热",A fiery bird helpedBlaine off a mount-ain when he was    lost!,Quelle chaleur !,unique
MAIN:0x03E347,MAIN,0x03E347,dialogue_19_19,30,"
小偷:以前我是小偷,如今金盆洗手了",This is my favoritegym of all!,J'étais voleur. J'ai changé de vie.,unique
MAIN:0x03E366,MAIN,0x03E366,dialogue_19_19,15,"
小偷:哈哈你可以过去了",Yowza! Too hot!,Ha ha ! Tu peux passer.,unique
MAIN:0x03E376,MAIN,0x03E376,dialogue_19_19,89,"
阿桂:我是热情的男子汉!!这个火焰之岛红莲岛道馆的馆主就是我!!看看我的火焰精灵的厉害!",I am Cinnabar Gym  Leader Blaine! My  Pok@mon will incin-erate all those whochallenge me!,AUGUSTE : Je suis le fougueux Champion de Cramois'Île ! Admire mes Pokémon Feu !,unique
MAIN:0x03E3D0,MAIN,0x03E3D0,dialogue_19_19,73,"
阿桂:哈哈你更适合拥有红色徽章!我输的心服口服...红色徽章能提高你所有精灵的攻击力",I've burnt out! Youearned the Volcano Badge!             Congratulations!,"AUGUSTE : Bravo !
Le Badge Volcan
augmente l'Attaque
de tes Pokémon.",unique
MAIN:0x03E41A,MAIN,0x03E41A,dialogue_19_19,24,"
游泳男:我的鲤鱼王队伍天下无双!",I'm in a triathlon meet!,Mon équipe de Magicarpe est imbattable !,unique
MAIN:0x03E433,MAIN,0x03E433,dialogue_19_19,13,"
游泳男:真糟糕...大败了",Man I'm beat!,"Quelle défaite
cuisante...",unique
MAIN:0x03E441,MAIN,0x03E441,dialogue_19_19,37,"
游泳男:再过去就是真新镇了...",The sea cleanses   the body and soul!,"Encore un peu :
Bourg Palette est
tout près...",unique
MAIN:0x03E467,MAIN,0x03E467,dialogue_19_19,27,"
游泳男:你的家就在真新镇啊",I like mountains   as well.,"Bourg Palette ?
C'est chez toi !",unique
MAIN:0x03E483,MAIN,0x03E483,dialogue_19_19,34,"
游泳男:我看见你的样子就不爽",I caught all my    Pok@mon at sea!,"Rien qu'à te voir,
tu m'énerves !",unique
MAIN:0x03E4A6,MAIN,0x03E4A6,dialogue_19_19,32,"
游泳男:别以为你打败我就会改口!!",Where'd you catch  your Pok@Mon?,"Même battu, je ne changerai pas d'avis !",unique
MAIN:0x03E4C7,MAIN,0x03E4C7,dialogue_19_19,32,"
游泳男:不自量力的家伙,看我打的你满地找牙!!",Ahh! Feel the sun  and the wind!,"Tu te crois fort ?
Je vais te casser
les dents !",unique
MAIN:0x03E4E8,MAIN,0x03E4E8,dialogue_19_19,25,"
游泳男:我错了...",I'm sunburnt to a  crisp!,J'avais tort...,unique
MAIN:0x03E502,MAIN,0x03E502,dialogue_19_19,28,"
游泳女:你好,比试一?",Swimming's great   exercise!,"Salut ! Ça te dit, un combat ?",unique
MAIN:0x03E51F,MAIN,0x03E51F,dialogue_19_19,30,"
游泳女:真不甘心",It sure wears me   out though.,C'est rageant...,unique
MAIN:0x03E53E,MAIN,0x03E53E,dialogue_19_19,38,"
空手道:我不会让你再前进的!",Rrrroar!I'm workingmyself into a rage!,"Halte !
Tu restes ici !",unique
MAIN:0x03E565,MAIN,0x03E565,dialogue_19_19,26,"
空手道:目标是精灵联盟啊!有志气的小孩!训兽师:不要怕",Grr! I'm still not worthy!,"Tu vises la Ligue ?
Quel courage !
N'aie pas peur.",unique
MAIN:0x03E580,MAIN,0x03E580,dialogue_19_19,51,"
训兽师:没有体力是不能赢老大的!空手道:我的愤怒已到最高点!",Karate is the      ultimate form of   martial arts!,"DOMPTEUR : Sans PV, le Boss te bat ! KARATÉKA : Ma rage est au comble !",unique
MAIN:0x03E5B4,MAIN,0x03E5B4,dialogue_19_19,45,"
空手道:练习还不够啊...训兽师:我与精灵之间的沟通是最在行的!",If my Pok@mon were as good at karate  as I...,"KARATÉKA : Je dois
progresser...
DOMPTEUR :
Je les comprends !",unique
MAIN:0x03E5E2,MAIN,0x03E5E2,dialogue_19_19,47,"
训兽师:请...空手道:来吧!!",Pok@mon and I make wonderful music    together!,DOMPTEUR : Je t'en prie... KARATÉKA : Viens !,unique
MAIN:0x03E612,MAIN,0x03E612,dialogue_19_19,45,"
空手道:如果我能像老大那么强就好了!训兽师:差不多该走了!",Do you know the    identity of our GymLeader?,KARATÉKA : Si j'étais fort comme le Boss ! DOMPTEUR : On s'en va !,unique
MAIN:0x03E640,MAIN,0x03E640,dialogue_19_19,51,"
训兽师:如果你能胜我们老大的话就能朝精灵联盟前进!老大:哈哈,又见面了...",Heh! You must be   running out of     steam by now!,DOMPTEUR : Bats notre Boss et file à la Ligue ! GIOVANNI : Ha ha ! Encore toi...,unique
MAIN:0x03E674,MAIN,0x03E674,dialogue_19_19,49,"
小智:火箭队的老大??难道你是这个道馆的主人?",You need power to  keep up with our   Gym Leader!,"SACHA :
Tu diriges
la Team Rocket
et l'Arène ?",unique
MAIN:0x03E6A6,MAIN,0x03E6A6,dialogue_19_19,37,"
火箭队:等等!你居然害我们失业了我们不会饶恕你的!!",Your Pok@mon will  cower at my power!,ROCKET : Tu nous as mis au chômage ! Impardonnable !,unique
MAIN:0x03E6CC,MAIN,0x03E6CC,dialogue_19_19,28,"
小智:你们是?",Wait! I was just   careless.,"SACHA :
Qui êtes-vous ?",unique
MAIN:0x03E6E9,MAIN,0x03E6E9,dialogue_19_19,72,"
训兽师:该死!你知道我是谁吗?空手道:真正强的训练家连赢的方法都很漂亮!","Viridian Gym was   closed for a long  time, but now our  Leader is back!","Tu sais au moins
qui je suis ?
KARATÉKA : Un vrai
Dresseur remporte
ses victoires
avec élégance !",unique
MAIN:0x03E732,MAIN,0x03E732,dialogue_19_19,68,"
空手道:我输了,老大会生气的...训兽师:我是天才!",You can go onto thePok@mon League onlyby defeating our   Gym Leader!,"Le Boss va être furieux... TOPDRESSEUR : Moi, je suis un génie !",unique
MAIN:0x03E777,MAIN,0x03E777,dialogue_19_19,31,"
研究员:这里不是你这种小孩能来的",<B1CF><B1D0><B2D4>:<B0EE><B0BF><B0CE><B0C2><B0C5><B0EE><B6AD><B0B6><B1DE><B0EC><B0FC><B0BC>,"Ici, les gamins sont interdits !",unique
MAIN:0x03E797,MAIN,0x03E797,dialogue_19_19,148,"
成熟姐姐:在这不远就是红莲镇了",00000000000000000000000000000000000000000000000000000000000000000000000000000000000000000000000000000000000000000000000<B2EA><B9CE><B3B8><B3B8>:<B0B8><B0EE><B0CE><B5CD><B2AB><B0C2><B5CE><B5CF><B2D6><B0F8>,Cramois'Île n'est plus très loin.,unique
MAIN:0x03E82C,MAIN,0x03E82C,dialogue_19_19,38,"
成熟姐姐:红莲镇经常会有火山爆发的情况",<0A><B2EA><B9CE><B3B8><B3B8>:<B5CE><B5CF><B2D6><B2A5><B3CA><B1F9><B0AE><B5A2><B6DC><BAD9><B2F4><B0BC><B7AB><BADA>,Le volcan entre souvent en éruption à Cramois'Île.,unique
MAIN:0x03E853,MAIN,0x03E853,dialogue_19_19,32,"
研究员:在这每天都有对精灵的研究",<0A><B1CF><B1D0><B2D4>:<B0B8><B0EE><BADB><B1AD><B1C0><B0AE><B0E7><B0A1><B0A2><B0BC><B1CF><B1D0>,"Ici, on étudie
chaque jour
les Pokémon.",unique
MAIN:0x03E874,MAIN,0x03E874,dialogue_19_19,43,"
小孩:我在观月山发现的化石好象是珍贵的化石!",<0A><B0B6><B1DE>:<B1C2><B0B8><B6DB><B6CF><B6DC><B2F4><B2F5><B0BC><B5AB><B1B2><B1B4><B8B4><B0C2><B5C5><B6B2><B0BC><B5AB><B1B2>!,"Ce fossile trouvé
au Mont Sélénite
semble précieux !",unique
MAIN:0x03E8A0,MAIN,0x03E8A0,dialogue_19_19,179,"
老大:哈哈,这里是我藏身的地方!既然被你发现那就没办法了.我可不会手下留情的!再让你尝尝最强的训练师我沙奇的厉害!!","This is my hideout!I planned to resur-rect Team Rocket   here! But, you havecaught me again! Sobe it! I'm not     holding back! You  shall face Giovannithe greatest       trainer!","GIOVANNI : Ha ha ! Tu as trouvé ma cachette. Aucune pitié ! Je suis Giovanni, le plus puissant Dresseur !",unique
MAIN:0x03E954,MAIN,0x03E954,dialogue_19_19,351,"
老大:虽然不想承认但我还是输了,按照约定这个黑色徽章就交给你了,你一定能成为一位厉害的训练家.我想从今起重新开始我的精灵修行之旅!想暂时解散火箭队!有缘的话我们再见吧!","Ha! That was truly an intense fight!  You've earned the  Earth Badge! It is proof of your      mastery as a       Pok@mon trainer!   With it, you can   enter the Pok@mon  League! Having lostI cannot face my   underlings! Team   Rocket is finished forever! I will    dedicate my life tothe study of       Pok@mon! Let us    meet again someday!Farewell!","GIOVANNI :
J'ai perdu. Prends
le Badge Terre.
Tu seras un grand
Dresseur !
Je reprends
mon entraînement.
Je dissous
la Team Rocket
pour le moment.
À bientôt !",unique
MAIN:0x03EAB4,MAIN,0x03EAB4,dialogue_19_19,220,"
小次郎:那我就大发慈悲的告诉你们!","Jessie:Hold it runtWe can't allow TeamRocket to lose likethis!              James: You've been quite a thorn in   our side, but Team Rocket will never  be defeated!       Meowth: Meowth!    We'll show you     who's boss!",JAMES : Un mauvais tour vous attend !,unique
MAIN:0x03EB91,MAIN,0x03EB91,dialogue_19_19,143,"
研究员:火系还是有弱点啊...",000000000000000000000000000000000000000000000000000000000000000000000000000000000000000000000000000000000000000000000<B1CF><B1D0><B2D4>:<B5A2><B0AF><B2BD><B0C2><B0AE><B7E6><B7D9><B2AC>...,Même le type Feu a ses faiblesses...,unique
MAIN:0x03EC21,MAIN,0x03EC21,dialogue_19_19,36,"
研究员:火对水确实没办法但比冰系要强",<0A><B1CF><B1D0><B2D4>:<B5A2><B0E7><B5F7><B9DB><B5DE><B2B6><B2B7><B2B8><B3A8><B2B2><BAE8><B0AF><B0C3><B2C9>,Le Feu craint l'Eau et domine la Glace.,unique
MAIN:0x03EC46,MAIN,0x03EC46,dialogue_19_19,182,"
武藏:为了防止世界被破坏",James: I can't     believe it! Team   Rocket defeated by this brat!         Jessie: You may    have won this time!But we'll be back! Meowth: Meowth! Youhaven't heard the  last of us!,"JESSIE :
Préservons le monde
de la dévastation !",unique
MAIN:0x03ECFD,MAIN,0x03ECFD,dialogue_19_19,309,"
裁判:未来的冠军!这个常青道馆的首领是谁我也不知道...",000000000000000000000000000000000000000000000000000000000000000000000000000000000000000000000000000000000000000000000000000000000000000000000000000000000000000000000000000000000000000000000000000000000000000000000000000000000000000000000000000000000000000000<B3FC><B3FD>:<B3E5><B0FC><B0BC><B4A1><B4A2>!<B0EE><B0BA><B3CA><B3CB><B1A4><B3CC><B0BC><B9EF><B4B3><B0C2><B5F1><B1C2><B0F6><B0CE><B2D7><B1A4>...,"Futur Champion ! Même moi, j'ignore qui est le Champion à Jadielle...",unique
MAIN:0x03F033,MAIN,0x03F033,dialogue_19_19,583,"
武藏:既然你诚心诚意的问了",000000000000000000000000000000000000000000000000000000000000000000000000000000000000000000000000000000000000000000000000000000000000000000000000000000000000000000000000000000000000000000000000000000000000000000000000000000000000000000000000000000000000000000000000000000000000000000000000000000000000000000000000000000000000000000000000000000000000000000000000000000000000000000000000000000000000000000000000000000000000000000000000000000000000000000000000000000000000000000000000000000000000000000000000000000000000000000000000000000000000000000000000000000000000000Take care of 'em,Tu es vraiment coriace...,unique
MAIN:0x03F27B,MAIN,0x03F27B,dialogue_19_19,114,,"Mother: Right, All boys leave home    someday, It said soon TV.             PROF.OAK, next dooris looking for you.","MAMAN : C'est vrai.
Tous les garçons
partent un jour.
La télé l'a dit !
Le Prof te cherche.
Il est à côté.",non_aligne
MAIN:0x03F2EE,MAIN,0x03F2EE,dialogue_19_19,227,,"Hmm? Gary? Why are you here already? Isaid for you to    come by later...Ah,whatever! Just waitthere.Look,Ash! Do you see that ball  on the table? It's called a Pok@ball. It holds a Pok@mon inside.You may haveit! Go on,take it!","PROF. CHEN : Régis ? Déjà là ? Je t'avais dit d'attendre. Sacha, cette Poké Ball contient ton Pokémon. Prends-la !",non_aligne
MAIN:0x03F3D2,MAIN,0x03F3D2,dialogue_19_19,83,"
欢迎!到精灵中心可以恢复精灵的体力.",Welcome to our     Pok@mon Center! We heal your Pok@mon  back to perfect    health!,"Bienvenue !
Au Centre Pokémon,
nous soignons
tes Pokémon !",unique
MAIN:0x03F426,MAIN,0x03F426,dialogue_19_19,380,"
大木:小茂啊,正好我有事要麻烦你们,桌上的东西是我做的宠物精灵图鉴,可自动将发现的精灵资料记录起来并增加页数,是一本方便的资料图鉴啊!小智小茂!这就交给你们保管了!","Oak:Oh right! I    have a request of  you two.Here's my  new invention, the Pok@dex.It records data on Pok@mon    you've seen or     caught.Take them   with you! To make acomplete guide on  all Pok@mon in the world...That was mydream! But, I'm tooold! I can't do it!So,I want you two  to fulfill my dreamfor me! Get moving,you two! This is a great undertaking  in Pok@mon history!","PROF. CHEN :
Sacha, Régis !
J'ai une mission :
le Pokédex recense
chaque Pokémon vu.
Ils sont à vous !",unique
MAIN:0x03F5A3,MAIN,0x03F5A3,dialogue_19_19,81,"
女孩:老爷爷怎在这睡着了?真没办法!只好等到睡醒了",Old Man:Ouch!      Girl:I'm sorry my  grandfather injuredhis back and can't move.,"Il dort ?
Attendons un peu.",unique
MAIN:0x03F5F5,MAIN,0x03F5F5,dialogue_19_19,48,"
捉虫少年:让你见识一下",You have Pok@mon!  Come on! Let's     battle'em!,"Je vais te montrer
mes talents !",unique
RESTORED:0x033137,RESTORED,0x033137,dialogue_19_19,,武藏:我们是穿过银河系的即将解散的火箭队!,,"JESSIE :
La Team Rocket
traverse l'espace !
Sa fin est proche !",restaure
RESTORED:0x033139,RESTORED,0x033139,dialogue_19_19,,"小次郎:黑洞,没有明天的黑色在等着我们!",,JAMES : Trou noir ! Aucun lendemain !,restaure
RESTORED:0x03313B,RESTORED,0x03313B,dialogue_19_19,,喵喵:就是这样!!,,MIAOUSS : C'est ça !,restaure
RESTORED:0x03313D,RESTORED,0x03313D,dialogue_19_19,,小次郎:怎么没次都这样...,,JAMES : Pourquoi toujours pareil...,restaure
RESTORED:0x03313F,RESTORED,0x03313F,dialogue_19_19,,武藏:好讨厌的感觉哟...,,JESSIE : C'est affreux...,restaure
RESTORED:0x033141,RESTORED,0x033141,dialogue_19_19,,喵喵:喵...,,MIAOUSS : Miaouss...,restaure
RESTORED:0x033193,RESTORED,0x033193,dialogue_19_19,,小智:超梦?,,SACHA : Mewtwo ?,restaure
RESTORED:0x033195,RESTORED,0x033195,dialogue_19_19,,"加纳:是火箭队干的好事,他们用梦幻的遗传基因克隆出来的精灵...幸好你及时发现了才没有造成大的轰动!我也该返回联盟了那么随时欢迎你到联盟挑战!",,"OLGA :
La Team Rocket
a cloné Mewtwo
avec l'ADN de Mew.
Tu l'as trouvé.
Juste à temps !
Je file à la Ligue.
Viens nous défier !",restaure
RESTORED:0x033197,RESTORED,0x033197,dialogue_19_19,,小智:一定会的!,,"SACHA :
Compte sur moi !",restaure
RESTORED:0x033199,RESTORED,0x033199,dialogue_19_19,,"加纳:啊,对了!我有件礼物要送给你!朋友给我的梦幻旅行船票...但我因为还有联盟的事情没时间去作为答谢就送给你了.",,"OLGA :
Un ami m'a donné
ce Ticket Mystik.
La Ligue m'occupe.
C'est ton cadeau !",restaure
RESTORED:0x0331B3,RESTORED,0x0331B3,dialogue_19_19,,武藏:既然你诚心诚意的问了,,"JESSIE :
Nous revoilà !",restaure
RESTORED:0x0331B5,RESTORED,0x0331B5,dialogue_19_19,,小次郎:那我就大发慈悲的告诉你们!,,JAMES : Un mauvais tour vous attend !,restaure
RESTORED:0x0331B7,RESTORED,0x0331B7,dialogue_19_19,,武藏:为了防止世界被破坏,,"JESSIE :
Préservons le monde
de la dévastation !",restaure
RESTORED:0x0331B9,RESTORED,0x0331B9,dialogue_19_19,,小次郎:为了维护世界的和平.,,"JAMES : Peuples du monde, ralliez notre nation !",restaure
RESTORED:0x0331BB,RESTORED,0x0331BB,dialogue_19_19,,武藏:坚持爱与真实的罪恶,,JESSIE : Écrasons amour et vérité !,restaure
RESTORED:0x0331BD,RESTORED,0x0331BD,dialogue_19_19,,小次郎:最有魅力的反派人物!,,"JAMES :
Notre pouvoir
s'étend jusqu'à
la Voie Lactée !",restaure
RESTORED:0x0331BF,RESTORED,0x0331BF,dialogue_19_19,,武藏:武藏!,,JESSIE : Jessie !,restaure
RESTORED:0x0331C1,RESTORED,0x0331C1,dialogue_19_19,,小次郎:小次郎!,,JAMES : James !,restaure
RESTORED:0x0331C3,RESTORED,0x0331C3,dialogue_19_19,,武藏:我们是穿过银河系的南晶队!,,"JESSIE :
La Team Nanjing,
plus rapide
que la lumière !",restaure
RESTORED:0x0331C5,RESTORED,0x0331C5,dialogue_19_19,,"小次郎:白洞,白色的明天在等着我们!",,"JAMES : Rendez-vous, sinon guerre à vous !",restaure
RESTORED:0x0331C7,RESTORED,0x0331C7,dialogue_19_19,,喵喵:说的对!喵...,,"MIAOUSS : Miaouss, oui la guerre !",restaure
RESTORED:0x0331C9,RESTORED,0x0331C9,dialogue_19_19,,"小次郎:我们现在跟了新的老大,已经不是从前的我们了!!",,"JAMES : Nouveau Boss, on a changé !",restaure
RESTORED:0x0331D1,RESTORED,0x0331D1,dialogue_19_19,,"小次郎:尽管你的实力非常强,但是碰上我们新老大卡美优的精灵只有落败的份!哈哈哈",,"JAMES : Tu es fort.
Pourtant,
notre nouveau chef,
Kameiyu, te battra
avec ses Pokémon !
Ha ha !",restaure
RESTORED:0x0348F1,RESTORED,0x0348F1,dialogue_19_19,,得到解麻药,,Anti-Para reçu !,restaure
RESTORED:0x038313,RESTORED,0x038313,dialogue_19_19,,小次郎:那我就大发慈悲的告诉你们!,,JAMES : Un mauvais tour vous attend !,restaure
RESTORED:0x038315,RESTORED,0x038315,dialogue_19_19,,武藏:为了防止世界被破坏,,"JESSIE :
Préservons le monde
de la dévastation !",restaure
RESTORED:0x038317,RESTORED,0x038317,dialogue_19_19,,小次郎:为了维护世界的和平.,,"JAMES : Peuples du monde, ralliez notre nation !",restaure
RESTORED:0x038319,RESTORED,0x038319,dialogue_19_19,,武藏:坚持爱与真实的罪恶,,JESSIE : Écrasons amour et vérité !,restaure
RESTORED:0x03831B,RESTORED,0x03831B,dialogue_19_19,,小次郎:最有魅力的反派人物!,,"JAMES :
Notre pouvoir
s'étend jusqu'à
la Voie Lactée !",restaure
RESTORED:0x03831D,RESTORED,0x03831D,dialogue_19_19,,武藏:武藏!,,JESSIE : Jessie !,restaure
RESTORED:0x03831F,RESTORED,0x03831F,dialogue_19_19,,小次郎:小次郎!,,JAMES : James !,restaure
RESTORED:0x038321,RESTORED,0x038321,dialogue_19_19,,武藏:我们是穿过银河系的火箭队!,,"JESSIE :
La Team Rocket,
plus rapide
que la lumière !",restaure
RESTORED:0x038323,RESTORED,0x038323,dialogue_19_19,,"小次郎:白洞,白色的明天在等着我们!",,"JAMES : Rendez-vous, sinon guerre à vous !",restaure
RESTORED:0x038325,RESTORED,0x038325,dialogue_19_19,,喵喵:说的对!喵...,,"MIAOUSS : Miaouss, oui la guerre !",restaure
RESTORED:0x038347,RESTORED,0x038347,dialogue_19_19,,迷你裙:我承认你了,,FILLETTE : Tu as fait tes preuves.,restaure
RESTORED:0x03834B,RESTORED,0x03834B,dialogue_19_19,,谈判小子:有两下子,,GARÇON : Pas mal !,restaure
RESTORED:0x03834F,RESTORED,0x03834F,dialogue_19_19,,迷你裙:我今后就关注你吧,,"FILLETTE :
Je te surveillerai.",restaure
RESTORED:0x038353,RESTORED,0x038353,dialogue_19_19,,侦察员:你是第一个打败我们的,,"SCOUT :
Tu es le premier
à nous avoir tous
battus !",restaure
RESTORED:0x03AF94,RESTORED,0x03AF94,dialogue_19_19,,小智:你们是?,,"SACHA :
Qui êtes-vous ?",restaure
RESTORED:0x03AF96,RESTORED,0x03AF96,dialogue_19_19,,武藏:既然你诚心诚意的问了,,"JESSIE :
Nous revoilà !",restaure
RESTORED:0x03AF98,RESTORED,0x03AF98,dialogue_19_19,,小次郎:那我就大发慈悲的告诉你们!,,JAMES : Un mauvais tour vous attend !,restaure
RESTORED:0x03AF9A,RESTORED,0x03AF9A,dialogue_19_19,,武藏:为了防止世界被破坏,,"JESSIE :
Préservons le monde
de la dévastation !",restaure
RESTORED:0x03AF9C,RESTORED,0x03AF9C,dialogue_19_19,,小次郎:为了维护世界的和平.,,"JAMES : Peuples du monde, ralliez notre nation !",restaure
RESTORED:0x03AF9E,RESTORED,0x03AF9E,dialogue_19_19,,武藏:坚持爱与真实的罪恶,,JESSIE : Écrasons amour et vérité !,restaure
RESTORED:0x03AFA0,RESTORED,0x03AFA0,dialogue_19_19,,小次郎:最有魅力的反派人物!,,"JAMES :
Notre pouvoir
s'étend jusqu'à
la Voie Lactée !",restaure
RESTORED:0x03AFA2,RESTORED,0x03AFA2,dialogue_19_19,,武藏:武藏!,,JESSIE : Jessie !,restaure
RESTORED:0x03AFA4,RESTORED,0x03AFA4,dialogue_19_19,,小次郎:小次郎!,,JAMES : James !,restaure
RESTORED:0x03AFA6,RESTORED,0x03AFA6,dialogue_19_19,,武藏:我们是穿过银河系的火箭队!,,"JESSIE :
La Team Rocket,
plus rapide
que la lumière !",restaure
RESTORED:0x03AFA8,RESTORED,0x03AFA8,dialogue_19_19,,"小次郎:白洞,白色的明天在等着我们!",,"JAMES : Rendez-vous, sinon guerre à vous !",restaure
RESTORED:0x03AFAA,RESTORED,0x03AFAA,dialogue_19_19,,喵喵:说的对!喵...,,"MIAOUSS : Miaouss, oui la guerre !",restaure
RESTORED:0x03AFAC,RESTORED,0x03AFAC,dialogue_19_19,,小次郎:现在就让我们算清旧帐吧!!,,JAMES : C'est l'heure de régler nos vieux comptes !,restaure
RESTORED:0x03AFB0,RESTORED,0x03AFB0,dialogue_19_19,,武藏:好讨厌的感觉哟...,,"TEAM ROCKET :
À la vitesse
du son...",restaure
RESTORED:0x03AFB2,RESTORED,0x03AFB2,dialogue_19_19,,喵喵:喵...,,MIAOUSS : Miaouss...,restaure
RESTORED:0x03AFEA,RESTORED,0x03AFEA,dialogue_19_19,,小智:你们是?,,"SACHA :
Qui êtes-vous ?",restaure
RESTORED:0x03AFEC,RESTORED,0x03AFEC,dialogue_19_19,,武藏:既然你诚心诚意的问了,,"JESSIE :
Nous revoilà !",restaure
RESTORED:0x03AFEE,RESTORED,0x03AFEE,dialogue_19_19,,小次郎:那我就大发慈悲的告诉你们!,,JAMES : Un mauvais tour vous attend !,restaure
RESTORED:0x03AFF0,RESTORED,0x03AFF0,dialogue_19_19,,武藏:为了防止世界被破坏,,"JESSIE :
Préservons le monde
de la dévastation !",restaure
RESTORED:0x03AFF2,RESTORED,0x03AFF2,dialogue_19_19,,小次郎:为了维护世界的和平.,,"JAMES : Peuples du monde, ralliez notre nation !",restaure
RESTORED:0x03AFF4,RESTORED,0x03AFF4,dialogue_19_19,,武藏:坚持爱与真实的罪恶,,JESSIE : Écrasons amour et vérité !,restaure
RESTORED:0x03AFF6,RESTORED,0x03AFF6,dialogue_19_19,,小次郎:最有魅力的反派人物!,,"JAMES :
Notre pouvoir
s'étend jusqu'à
la Voie Lactée !",restaure
RESTORED:0x03AFF8,RESTORED,0x03AFF8,dialogue_19_19,,武藏:武藏!,,JESSIE : Jessie !,restaure
RESTORED:0x03AFFA,RESTORED,0x03AFFA,dialogue_19_19,,小次郎:小次郎!,,JAMES : James !,restaure
RESTORED:0x03AFFC,RESTORED,0x03AFFC,dialogue_19_19,,武藏:我们是穿过银河系的火箭队!,,"JESSIE :
La Team Rocket,
plus rapide
que la lumière !",restaure
RESTORED:0x03AFFE,RESTORED,0x03AFFE,dialogue_19_19,,"小次郎:白洞,白色的明天在等着我们!",,"JAMES : Rendez-vous, sinon guerre à vous !",restaure
RESTORED:0x03B000,RESTORED,0x03B000,dialogue_19_19,,喵喵:说的对!喵...,,"MIAOUSS : Miaouss, oui la guerre !",restaure
RESTORED:0x03B004,RESTORED,0x03B004,dialogue_19_19,,武藏:好讨厌的感觉哟...,,"TEAM ROCKET :
À la vitesse
d'un gros vélo...",restaure
RESTORED:0x03B006,RESTORED,0x03B006,dialogue_19_19,,喵喵:喵...,,MIAOUSS : Miaouss...,restaure
RESTORED:0x03CF3E,RESTORED,0x03CF3E,dialogue_19_19,,武藏:既然你诚心诚意的问了,,"JESSIE :
Nous revoilà !",restaure
RESTORED:0x03CF40,RESTORED,0x03CF40,dialogue_19_19,,小次郎:那我就大发慈悲的告诉你们!,,JAMES : Un mauvais tour vous attend !,restaure
RESTORED:0x03CF42,RESTORED,0x03CF42,dialogue_19_19,,武藏:为了防止世界被破坏,,"JESSIE :
Préservons le monde
de la dévastation !",restaure
RESTORED:0x03CF44,RESTORED,0x03CF44,dialogue_19_19,,小次郎:为了维护世界的和平.,,"JAMES : Peuples du monde, ralliez notre nation !",restaure
RESTORED:0x03CF46,RESTORED,0x03CF46,dialogue_19_19,,武藏:坚持爱与真实的罪恶,,JESSIE : Écrasons amour et vérité !,restaure
RESTORED:0x03CF48,RESTORED,0x03CF48,dialogue_19_19,,小次郎:最有魅力的反派人物!,,"JAMES :
Notre pouvoir
s'étend jusqu'à
la Voie Lactée !",restaure
RESTORED:0x03CF4A,RESTORED,0x03CF4A,dialogue_19_19,,武藏:武藏!,,JESSIE : Jessie !,restaure
RESTORED:0x03CF4C,RESTORED,0x03CF4C,dialogue_19_19,,小次郎:小次郎!,,JAMES : James !,restaure
RESTORED:0x03CF4E,RESTORED,0x03CF4E,dialogue_19_19,,武藏:我们是穿过银河系的火箭队!,,"JESSIE :
La Team Rocket,
plus rapide
que la lumière !",restaure
RESTORED:0x03CF50,RESTORED,0x03CF50,dialogue_19_19,,"小次郎:白洞,白色的明天在等着我们!",,"JAMES : Rendez-vous, sinon guerre à vous !",restaure
RESTORED:0x03CF52,RESTORED,0x03CF52,dialogue_19_19,,喵喵:说的对!喵...,,"MIAOUSS : Miaouss, oui la guerre !",restaure
RESTORED:0x03CF54,RESTORED,0x03CF54,dialogue_19_19,,小次郎:果然和平常一样...,,TEAM ROCKET : ... Ça craint...,restaure
RESTORED:0x03CF56,RESTORED,0x03CF56,dialogue_19_19,,武藏:好讨厌的感觉哟...,,"TEAM ROCKET :
À la vitesse
d'une voiture !",restaure
RESTORED:0x03CF58,RESTORED,0x03CF58,dialogue_19_19,,喵喵:喵...,,"MIAOUSS :
En gros...",restaure
RESTORED:0x03D07A,RESTORED,0x03D07A,dialogue_19_19,,小次郎:为了维护世界的和平.,,"JAMES : Peuples du monde, ralliez notre nation !",restaure
RESTORED:0x03D07C,RESTORED,0x03D07C,dialogue_19_19,,武藏:坚持爱与真实的罪恶,,JESSIE : Écrasons amour et vérité !,restaure
RESTORED:0x03D07E,RESTORED,0x03D07E,dialogue_19_19,,小次郎:最有魅力的反派人物!,,"JAMES :
Notre pouvoir
s'étend jusqu'à
la Voie Lactée !",restaure
RESTORED:0x03D080,RESTORED,0x03D080,dialogue_19_19,,武藏:武藏!,,JESSIE : Jessie !,restaure
