stable_key,record_type,entry_index,dialogue_id,category,source_offset_or_pointer,pointer_references,selected_pointer_references,layout,speaker,chinese_record_indexes,chinese_offsets,chinese_text,english_2015_storage,english_2015,english_v2,editorial_origin,alignment_method,alignment_confidence,source_resolution,review_status,source_capacity_bytes,compression,compression_justification,fidelity_comment,multi_source_mode,pointer_variant_count,storage_overlap_group,storage_overlap_role
MAIN:0x0301C4,MAIN,1,,Ordinary text,0x0301C4,0x03002B,0x03002B,,,1,0x0301C4,南晶公司版权所有,graphical_codes,<0A><B0A7><B0A8><B0A9><B0AA><B0AB><B0AC><B0AD><B0AE>,(c) Nanjing Co. All rights reserved.,translated_directly_from_chinese_ai_review,pointer_table,high,pointer_table,ai_source_reviewed,17,no,,Restores Nanjing as the rights holder instead of retaining the unreadable graphical residue in the old English ROM.,,,,
MAIN:0x0301D7,MAIN,2,,Ordinary text,0x0301D7,0x03002F,0x03002F,,,3,0x0301E1,出来了!,ascii,Appeared!, appeared!,translated_directly_from_chinese_ai_review,pointer_table,high,pointer_table,ai_source_reviewed,19,no,,Renders the appearance suffix and keeps the leading space required after the preceding Pokémon name. Full-text review: Keeps the wild-appearance suffix on the engine-provided second row.,,,,
MAIN:0x0301EB,MAIN,3,,Ordinary text,0x0301EB,0x030031,0x030031,,,4,0x0301EA,冲啊!,ascii,Go!,Go! ,translated_directly_from_chinese_ai_review,pointer_table,high,pointer_table,ai_source_reviewed,4,no,,Preserves the short send-out cry and its trailing join before the player's Pokémon name.,,,,
MAIN:0x0301F0,MAIN,4,,Ordinary text,0x0301F0,0x030033,0x030033,,,5,0x0301F1,野生的,graphical_codes,00<B1F8><B1C9><B0BC>,Wild ,translated_directly_from_chinese_ai_review,pointer_table,high,pointer_table,ai_source_reviewed,8,no,,Uses the standard wild-Pokémon prefix and preserves the trailing space before the species name.,,,,
MAIN:0x0301F9,MAIN,5,,Ordinary text,0x0301F9,0x030035,0x030035,,,6,0x0301F9,不行了!,ascii,Fainted!, fainted!,translated_directly_from_chinese_ai_review,pointer_table,high,pointer_table,ai_source_reviewed,9,no,,Conveys that the named Pokémon can no longer battle and keeps the suffix's structural leading space.,,,,
MAIN:0x030203,MAIN,6,,Ordinary text,0x030203,,0x030037,,,7,0x030202,经验值得到了!,ascii,Experience!,Exp. gained!,translated_directly_from_reviewed_chinese_source_ai_review,containing_offset,medium,reviewed_source_adjudication,ai_source_reviewed,12,no,,Restores the complete experience-gained message identified by the reviewed structural record rather than the vague old Experience fragment.,,,,
MAIN:0x030210,MAIN,7,,Ordinary text,0x030210,0x030039,0x030039,,,8,0x030211,情况不妙快逃!,ascii,Got away safely!,Got away safely!,adapted_from_official_english_gen1_with_chinese_fidelity_ai_review,pointer_table,high,pointer_table,ai_source_reviewed,16,no,,The executable branch is a completed escape; uses the official Generation I success message instead of an instruction to run after the fact.,,,,
MAIN:0x030221,MAIN,8,,Ordinary text,0x030221,0x03003B,0x03003B,,,9,0x030220,小智使用了,ascii,Threw a,Ash used ,translated_directly_from_chinese_ai_review,pointer_table,high,pointer_table,ai_source_reviewed,8,no,,Retains Ash as the explicit user and the trailing join before the item name.,,,,
MAIN:0x03022A,MAIN,9,,Ordinary text,0x03022A,0x03003D,0x03003D,,,10,0x03022C,将,ascii,Yes!,Gotcha! ,translated_directly_from_chinese_ai_review,pointer_table,high,pointer_table,ai_source_reviewed,5,no,,Restructures the Chinese object marker into a natural capture lead-in before the Pokémon name; the following fragment supplies the caught result.,,,,
MAIN:0x030230,MAIN,10,,Ordinary text,0x030230,0x030041,0x030041,,,12,0x030238,不行啊!,ascii,Oh No!,Oh no! ,translated_directly_from_chinese_ai_review,pointer_table,high,pointer_table,ai_source_reviewed,16,no,,Preserves the failed-capture exclamation and its structural trailing join before the Pokémon name.,,,,
MAIN:0x030242,MAIN,11,,Ordinary text,0x030242,0x030043,0x030043,,,13,0x030241,从精灵球中跑出来了,ascii,Broke free!, broke free!,translated_directly_from_chinese_ai_review,pointer_table,high,pointer_table,ai_source_reviewed,11,no,,"Preserves both the escape and the explicit Poké Ball, with a leading space for attachment to the Pokémon name. Full-text review: Uses the compact Gen I capture-failure formula on the engine-provided second row.",,,,
MAIN:0x03024E,MAIN,12,,Ordinary text,0x03024E,0x03003F,0x03003F,,,11,0x030230,抓到了,ascii,was caught!, was caught!,translated_directly_from_chinese_ai_review,pointer_table,high,pointer_table,ai_source_reviewed,19,no,,Renders the capture-result suffix and preserves its join after the Pokémon name. Full-text review: Keeps the capture-success suffix on the engine-provided second row.,,,,
MAIN:0x030262,MAIN,13,,Ordinary text,0x030262,0x030047,0x030047,,,15,0x030264,使用了,ascii,sent out, sent out ,translated_directly_from_chinese_ai_review,pointer_table,high,pointer_table,ai_source_reviewed,10,no,,"Uses the battle-context sense of the verb between the Trainer and Pokémon names, retaining both joining spaces.",,,,
MAIN:0x03026D,MAIN,14,,Ordinary text,0x03026D,0x030049,0x030049,,,16,0x03026C,不行!胜负的关键不能逃!,ascii,Can't run from trainer,"No! There's no running
from a Trainer battle!",translated_directly_from_chinese_ai_review,pointer_table,high,pointer_table,ai_source_reviewed,22,yes,"Uses complete, natural English while respecting dialogue pagination and ROM bank limits; no displayed word is truncated.",Preserves the prohibition on fleeing while using the natural official English battle phrasing. Full-text review: Keeps the complete Gen I Trainer-battle escape formula across two bounded rows.,,,,
MAIN:0x030290,MAIN,15,,Ordinary text,0x030290,0x030051,0x030051,,,20,0x03029E,不行!这是偷盗行为!,ascii,Trainer blocked the ball,"No! That would be
stealing!",translated_directly_from_chinese_ai_review,pointer_table,high,pointer_table,ai_source_reviewed,24,no,,Directly preserves the warning that attempting this action would constitute theft. Full-text review: Keeps the complete Gen I stealing warning across two bounded rows.,,,,
MAIN:0x0302A9,MAIN,16,,Ordinary text,0x0302A9,0x030053,0x030053,,,21,0x0302B2,请准备应战,ascii,Your turn!,Your turn!,translated_directly_from_chinese_ai_review,pointer_table,high,pointer_table,ai_source_reviewed,20,yes,The left battle pane cannot safely render Prepare to battle!; the concise 2015 Luiga wording fits without overwriting the command menu.,Preserves the Chinese prompt to prepare for battle in the compact battle-screen voice used by the 2015 English build.,,,,
MAIN:0x0302BF,MAIN,17,,Ordinary text,0x0302BF,0x030055,0x030055,,,22,0x0302BE,使用,ascii,used, used ,translated_directly_from_chinese_ai_review,pointer_table,high,pointer_table,ai_source_reviewed,5,no,,"Preserves the move-use connector between the acting Pokémon and move names, including both structural spaces.",,,,
MAIN:0x0302C5,MAIN,18,,Ordinary text,0x0302C5,0x030057,0x030057,,,23,0x0302C4,效果一般!,ascii,Good Hit!,It was effective!,translated_directly_from_chinese_ai_review,pointer_table,high,pointer_table,ai_source_reviewed,9,no,,"Conveys the Chinese assessment that the attack had an effective, ordinary result without importing the old unrelated hit-quality wording.",,,,
MAIN:0x0302CF,MAIN,19,,Ordinary text,0x0302CF,0x03005B,0x03005B,,,25,0x0302DA,效果不好!,ascii,Not very effective!,It's not very effective!,translated_directly_from_chinese_ai_review,pointer_table,high,pointer_table,ai_source_reviewed,20,no,,Uses the standard Pokémon phrasing for the explicitly poor-effectiveness branch. Full-text review: Uses the canonical effectiveness formula in exactly 24 artifact-free cells.,,,,
MAIN:0x0302E4,MAIN,20,,Ordinary text,0x0302E4,0x03005D,0x03005D,,,26,0x0302E5,没有效果!,ascii,Missed!,It had no effect!,translated_directly_from_chinese_ai_review,pointer_table,high,pointer_table,ai_source_reviewed,9,no,,Restores the explicit no-effect result instead of the mechanically different old message about missing.,,,,
MAIN:0x0302EE,MAIN,21,,Ordinary text,0x0302EE,0x03005F,0x03005F,,,27,0x0302F0,中毒了,ascii,is poisoned, was poisoned!,translated_directly_from_chinese_ai_review,pointer_table,high,pointer_table,ai_source_reviewed,11,no,,Renders the poison-infliction suffix with the leading space needed after the affected Pokémon's name.,,,,
MAIN:0x0302FA,MAIN,22,,Ordinary text,0x0302FA,0x03006B 0x03006D,0x03006B 0x03006D,,,33 34,0x030322 0x03032C,"中剧毒了
---

害怕了",ascii,Flinched, was badly poisoned!,translated_directly_from_chinese_ai_review,pointer_table,high,pointer_variants_declared,ai_source_reviewed,9,no,,The primary pointer 0x03006B is the badly-poisoned infliction suffix and preserves its structural leading space; pointer 0x03006D is split to the distinct flinched suffix in pointer_variants.csv. Full-text review: Keeps the distinct bad-poison result natural on the engine-provided second row.,pointer_variant_split,2,,
MAIN:0x030304,MAIN,23,,Ordinary text,0x030304,0x030065,0x030065,,,30,0x030308,被烧伤了,ascii,is burned, was burned!,translated_directly_from_chinese_ai_review,pointer_table,high,pointer_table,ai_source_reviewed,9,no,,Renders the burn-infliction suffix and preserves its structural leading space.,,,,
MAIN:0x03030E,MAIN,24,,Ordinary text,0x03030E,0x030067,0x030067,,,31,0x030312,混乱了,ascii,is confused, became confused!,translated_directly_from_chinese_ai_review,pointer_table,high,pointer_table,ai_source_reviewed,11,no,,Conveys the transition into confusion rather than merely labeling a standing condition. Full-text review: Keeps the normal confusion result natural on the engine-provided second row.,,,,
MAIN:0x03031A,MAIN,25,,Ordinary text,0x03031A,0x030069,0x030069,,,32,0x03031A,冰冻了,ascii,is frozen, was frozen!,translated_directly_from_chinese_ai_review,pointer_table,high,pointer_table,ai_source_reviewed,9,no,,Renders the freeze-infliction suffix with its required leading join.,,,,
MAIN:0x030324,MAIN,26,,Ordinary text,0x030324,0x03006F,0x03006F,,,35,0x030334,中毒了有损伤,ascii,is hurt due to poison!, was hurt by poison!,translated_directly_from_chinese_ai_review,pointer_table,high,pointer_table,ai_source_reviewed,28,no,,"Preserves that poison, not the initial infliction, causes this damage tick. Full-text review: Keeps poison damage intact on the engine-provided second row.",,,,
MAIN:0x030341,MAIN,27,,Ordinary text,0x030341,0x030071,0x030071,,,36,0x030342,睡着了,ascii,is asleep, fell asleep!,translated_directly_from_chinese_ai_review,pointer_table,high,pointer_table,ai_source_reviewed,9,no,,Conveys entering sleep and retains the suffix join after the Pokémon name.,,,,
MAIN:0x03034B,MAIN,28,,Ordinary text,0x03034B,0x030075,0x030075,,,38,0x030358,烧伤了有损伤,ascii,is hurt from it's burn!, was hurt by its burn!,translated_directly_from_chinese_ai_review,pointer_table,high,pointer_table,ai_source_reviewed,24,no,,Faithfully identifies the burn as the source of this residual damage tick. Full-text review: Keeps burn damage intact on the engine-provided second row.,,,,
MAIN:0x030364,MAIN,29,,Ordinary text,0x030364,0x030077,0x030077,,,39,0x030366,混乱了攻击自己,ascii,is confused, hurt itself!,translated_directly_from_chinese_ai_review,pointer_table,high,pointer_table,ai_source_reviewed,14,no,,Preserves the omitted old-English fact that confusion causes the Pokémon to attack itself. Full-text review: Uses the concise official battle sense without splitting a word.,,,,
MAIN:0x030373,MAIN,30,,Ordinary text,0x030373,0x030079,0x030079,,,40,0x030376,冰冻了不能动,ascii,is frozen, is frozen solid!,translated_directly_from_chinese_ai_review,pointer_table,high,pointer_table,ai_source_reviewed,13,no,,Retains both facts in the Chinese: the Pokémon is frozen and therefore unable to move. Full-text review: Keeps the frozen/no-action state natural within one row.,,,,
MAIN:0x030381,MAIN,31,,Ordinary text,0x030381,0x03007B,0x03007B,,,41,0x030384,中剧毒了损伤,graphical_codes,0000<B0DC><B7AE><B8D8><B0F8><BBA2><B9C7>, was hurt by poison!,translated_directly_from_chinese_ai_review,pointer_table,high,pointer_table,ai_source_reviewed,16,no,,Distinguishes the severe-poison damage tick expressed by the Chinese from ordinary poison damage. Full-text review: Keeps the severe-poison damage event clear without overflowing.,,,,
MAIN:0x030392,MAIN,32,,Ordinary text,0x030392,0x03007D,0x03007D,,,42,0x030392,害怕不能行动,graphical_codes,<0A><B3EE><B8AC><B0CE><B0EC><B3A9><B0B2>, flinched!,translated_directly_from_chinese_ai_review,pointer_table,high,pointer_table,ai_source_reviewed,13,no,,Uses the matching battle mechanic for fear while retaining the source's explicit inability to act. Full-text review: Uses the concise Gen I flinch formula on the engine-provided second row.,,,,
MAIN:0x0303A1,MAIN,33,,Ordinary text,0x0303A1,0x03007F,0x03007F,,,43,0x0303A0,上升了,ascii,Rose, rose!,translated_directly_from_chinese_ai_review,pointer_table,high,pointer_table,ai_source_reviewed,5,no,,"Supplies the stat-increase suffix after a separately printed stat label, with the required leading space.",,,,
MAIN:0x0303A9,MAIN,34,,Ordinary text,0x0303A9,0x030083,0x030083,,,45,0x0303B4,不能再上升了,ascii,can't go higher!, won't rise!,translated_directly_from_chinese_ai_review,pointer_table,high,pointer_table,ai_source_reviewed,18,no,,Preserves the failed stat-increase limit and its suffix join after the stat label. Full-text review: Keeps the stat-limit result grammatical alongside the longest stat label.,,,,
MAIN:0x0303BC,MAIN,35,,Ordinary text,0x0303BC,0x030085,0x030085,,,46,0x0303C2,下降了,ascii,Fell, fell!,translated_directly_from_chinese_ai_review,pointer_table,high,pointer_table,ai_source_reviewed,11,no,,"Runtime order confirms this is the decrease suffix following a stat label, so its leading space is significant.",,,,
MAIN:0x0303C8,MAIN,36,,Ordinary text,0x0303C8,0x030087,0x030087,,,47,0x0303CA,迅速下降了,graphical_codes,000<BBA4><B9D4><B0F9><BBA5><B0F8>, fell sharply!,translated_directly_from_chinese_ai_review,pointer_table,high,pointer_table,ai_source_reviewed,13,no,,"Preserves the stronger, rapid stat decrease rather than flattening it to an ordinary fall.",,,,
MAIN:0x0303D6,MAIN,37,,Ordinary text,0x0303D6,0x030089,0x030089,,,48,0x0303D6,不能再下降了,ascii,can't go lower, won't fall!,translated_directly_from_chinese_ai_review,pointer_table,high,pointer_table,ai_source_reviewed,15,no,,Preserves the failed stat-decrease limit and its suffix join after the stat label. Full-text review: Keeps the stat-limit result grammatical alongside the longest stat label.,,,,
MAIN:0x0303E6,MAIN,38,,Ordinary text,0x0303E6,0x03008B,0x03008B,,,49,0x0303E4,谢谢,graphical_codes,<B0D8><B0D8>,Thanks!,translated_directly_from_chinese_ai_review,pointer_table,high,pointer_table,ai_source_reviewed,4,no,,Directly translates this first distinct pointer's brief expression of thanks.,,,,
MAIN:0x0303EB,MAIN,39,,Ordinary text,0x0303EB,0x03008D,0x03008D,,,50,0x0303EA,谢谢,graphical_codes,<B0D8><B0D8>,Thanks!,translated_directly_from_chinese_ai_review,pointer_table,high,pointer_table,ai_source_reviewed,4,no,,Directly translates this second distinct pointer's brief expression of thanks.,,,,
MAIN:0x0303F0,MAIN,40,,Ordinary text,0x0303F0,0x03008F,0x03008F,,,51,0x0303F0,谢谢,graphical_codes,<0A><B0D8><B0D8>,Thanks!,translated_directly_from_chinese_ai_review,pointer_table,high,pointer_table,ai_source_reviewed,5,no,,Directly translates this third distinct pointer's brief expression of thanks.,,,,
MAIN:0x0303F6,MAIN,41,,Ordinary text,0x0303F6,0x030091,0x030091,,,52,0x0303F6,谢谢,graphical_codes,<0A><B0D8><B0D8>,Thanks!,translated_directly_from_chinese_ai_review,pointer_table,high,pointer_table,ai_source_reviewed,5,no,,Directly translates this fourth distinct pointer's brief expression of thanks.,,,,
MAIN:0x0303FC,MAIN,42,,Ordinary text,0x0303FC,0x030093,0x030093,,,53,0x0303FC,谢谢,graphical_codes,<0A><B0D8><B0D8>,Thanks!,translated_directly_from_chinese_ai_review,pointer_table,high,pointer_table,ai_source_reviewed,5,no,,Directly translates this fifth distinct pointer's brief expression of thanks.,,,,
MAIN:0x030403,MAIN,43,,Ordinary text,0x030403,0x030095,0x030095,,,54,0x030402,什么!?,ascii,What?,What!?,translated_directly_from_chinese_ai_review,pointer_table,high,pointer_table,ai_source_reviewed,5,no,,Preserves the startled question and the source's emphatic paired punctuation at evolution onset.,,,,
MAIN:0x030409,MAIN,44,,Ordinary text,0x030409,0x030097,0x030097,,,55,0x03040A,的样子...!,ascii,is Evolving!, is evolving!,translated_directly_from_chinese_ai_review,pointer_table,high,pointer_table,ai_source_reviewed,13,no,,The pointer neighborhood identifies the changing appearance as evolution; the leading space joins it to the Pokémon name. Full-text review: Removes the contradictory ellipsis-plus-exclamation ending from the dynamic evolution suffix.,,,,
MAIN:0x030417,MAIN,45,,Ordinary text,0x030417,0x030099,0x030099,,,56,0x030416,恭喜!,ascii,Wow!,Congrats! ,translated_directly_from_chinese_ai_review,pointer_table,high,pointer_table,ai_source_reviewed,5,no,,Restores the explicit congratulation following evolution rather than weakening it to surprise. Full-text review: Keeps the evolution result plus a ten-cell Pokémon name within the first physical row.,,,,
MAIN:0x03041D,MAIN,46,,Ordinary text,0x03041D,0x03002D,0x03002D,,,2,0x0301D6,啊!野生的,ascii,Oh!A Wild,Wild ,adapted_from_official_english_gen1_with_chinese_fidelity_ai_review,pointer_table,high,pointer_table,ai_source_reviewed,10,no,,Uses the official Generation I wild-encounter lead-in and preserves the trailing join before the species name.,,,,
MAIN:0x030428,MAIN,47,,Ordinary text,0x030428,,,,,58,0x030428,学会了,ascii,learned,learned,translated_directly_from_reviewed_chinese_source_ai_review,exact_offset,medium,reviewed_source_adjudication,ai_source_reviewed,8,no,,Keeps the exact sequential source as the lowercase learned fragment used to complete a move-learning sentence.,,,,
MAIN:0x03043F,MAIN,48,,Ordinary text,0x03043F,0x0300A7,0x0300A7,,,61,0x030444,四个技能已经满了!,ascii,more than 4 moves!,It knows four moves!,translated_directly_from_chinese_ai_review,pointer_table,high,pointer_table,ai_source_reviewed,24,no,,"Correctly states that all four move slots are occupied, not that the Pokémon knows more than four moves. Full-text review: Keeps the full move-slot warning natural within one artifact-free row.",,,,
MAIN:0x030458,MAIN,49,,Ordinary text,0x030458,0x0300A9,0x0300A9,,,62,0x030457,要学会,graphical_codes,<B0C3><B4C3><B1F9>, wants to learn ,translated_directly_from_chinese_ai_review,pointer_table,high,pointer_table,ai_source_reviewed,6,no,,"Forms the move-learning connector between the Pokémon and move names, preserving both joining spaces.",,,,
MAIN:0x03045F,MAIN,50,,Ordinary text,0x03045F,0x0300B1,0x0300B1,,,66,0x030487,将,ascii,Forgot,The move ,translated_directly_from_chinese_ai_review,pointer_table,high,pointer_table,ai_source_reviewed,7,no,,"Restructures the Chinese object marker into a grammatical connector between the Pokémon and forgotten move names, preserving both joins. Full-text review: Starts a complete passive sentence with the forgotten move on row one; the verb is rendered alone on row two.",,,,
MAIN:0x030467,MAIN,51,,Ordinary text,0x030467,0x0300AD,0x0300AD,,,64,0x030472,是否,graphical_codes,000000000000<B0C2><B1A1>,Yes  No,translated_directly_from_chinese_ai_review,pointer_table,high,pointer_table,ai_source_reviewed,16,no,,Renders the binary whether-or-not choice as its executable Yes/No menu and retains the two-cell separation.,,,,
MAIN:0x030479,MAIN,52,,Ordinary text,0x030479,0x0300AF,0x0300AF,,,65,0x030478,忘记哪个技能?,ascii,Which move?,"Which move should be
forgotten?",translated_directly_from_chinese_ai_review,pointer_table,high,pointer_table,ai_source_reviewed,11,no,,Preserves both the requested selection and the fact that the chosen move will be forgotten. Full-text review: Keeps the complete move-forgetting prompt across two bounded rows.,,,,
MAIN:0x030485,MAIN,53,,Ordinary text,0x030485,0x0300B3,0x0300B3,,,67,0x03048B,用法完全忘记了!,ascii,And...,was forgotten!,translated_directly_from_chinese_ai_review,pointer_table,high,pointer_table,ai_source_reviewed,6,no,,Completes the restructured forgotten-move construction directly after the move name; the preceding fragment retains completely. Full-text review: Completes the forgotten-move sentence on the engine-provided second row instead of leaving an orphan exclamation mark.,,,,
MAIN:0x03048C,MAIN,54,,Ordinary text,0x03048C,0x030081,0x030081,,,44,0x0303A8,迅速上升了,ascii,Greatly Rose, rose sharply!,translated_directly_from_chinese_ai_review,pointer_table,high,pointer_table,ai_source_reviewed,13,no,,"Preserves the stronger, rapid stat increase and the suffix join after its stat label.",,,,
MAIN:0x03049A,MAIN,55,,Ordinary text,0x03049A,0x0300B5,0x0300B5,,,68,0x03049C,而且学会了,ascii,Learned,Learned move:,translated_directly_from_chinese_ai_review,pointer_table,high,pointer_table,ai_source_reviewed,11,no,,Retains the connective sense and both joins in the Pokémon-plus-new-move construction. Full-text review: Introduces the newly learned move as a complete standalone result before the engine renders its name on row two.,,,,
MAIN:0x0304AB,MAIN,56,,Ordinary text,0x0304AB,0x0300BB,0x0300BB,,,71,0x0304B7,没有学习,ascii,Did not learn, didn't learn,translated_directly_from_chinese_ai_review,pointer_table,high,pointer_table,ai_source_reviewed,22,no,,Forms the negative move-learning result between the Pokémon and move names with both structural spaces. Full-text review: Fits Pokémon plus result on row one; the move is rendered separately on row two.,,,,
MAIN:0x0304C2,MAIN,57,,Ordinary text,0x0304C2,0x0300BD,0x0300BD,,,72,0x0304C1,聚集了太阳光,graphical_codes,<BAB7><B6B8><B0F8><B6C6><BBA7><B0E4>, absorbed sunlight!,translated_directly_from_chinese_ai_review,pointer_table,high,pointer_table,ai_source_reviewed,12,no,,"The executable move-message sequence identifies this as the sunlight-gathering turn, rendered in standard battle language. Full-text review: Keeps the charging message intact on the engine-provided second row.",,,,
MAIN:0x0304CF,MAIN,58,,Ordinary text,0x0304CF,0x0300BF,0x0300BF,,,73,0x0304CF,太阳光射出,graphical_codes,<0A><B6C6><BBA7><B0E4><BBA8><B0A4>, unleashed solar energy!,translated_directly_from_chinese_ai_review,pointer_table,high,pointer_table,ai_source_reviewed,11,no,,Preserves the second-stage release of the gathered sunlight rather than treating it as another charge. Full-text review: Uses the complete solar-release message within exactly 24 cells.,,,,
MAIN:0x0304DB,MAIN,59,,Ordinary text,0x0304DB,0x0300C1,0x0300C1,,,74,0x0304DB,钻到了地下,graphical_codes,<0A><BBA9><B0DB><B0F8><B3BB><B0F9>, burrowed underground!,translated_directly_from_chinese_ai_review,pointer_table,high,pointer_table,ai_source_reviewed,11,no,,Faithfully describes the acting Pokémon going underground for the move's hidden turn. Full-text review: Keeps the underground message intact on the engine-provided second row.,,,,
MAIN:0x0304E7,MAIN,60,,Ordinary text,0x0304E7,0x0300C3,0x0300C3,,,75,0x0304E7,迅速攻击,graphical_codes,<0A><BBA4><B9D4><B4AB><B4AC>, attacked swiftly!,translated_directly_from_chinese_ai_review,pointer_table,high,pointer_table,ai_source_reviewed,9,no,,Preserves the source's defining fact that this attack is executed rapidly without assigning an unsupported move name. Full-text review: Keeps the swift-attack message intact on the engine-provided second row.,,,,
MAIN:0x0304F1,MAIN,61,,Ordinary text,0x0304F1,0x0300C5,0x0300C5,,,76,0x0304F1,蓄集力量,graphical_codes,<0A><BBAA><B6B8><B0E3><B3EC>, stored up power!,translated_directly_from_chinese_ai_review,pointer_table,high,pointer_table,ai_source_reviewed,9,no,,Renders the first power-storage battle state and keeps it as a suffix after the acting Pokémon. Full-text review: Keeps the stored-power message intact on the engine-provided second row.,,,,
MAIN:0x0304FB,MAIN,62,,Ordinary text,0x0304FB,0x0300C7,0x0300C7,,,77,0x0304FB,全力一击,graphical_codes,<0A><B6C0><B0E3><B1D1><B4AC>, struck with full force!,translated_directly_from_chinese_ai_review,pointer_table,high,pointer_table,ai_source_reviewed,9,no,,Preserves the corresponding all-out release attack without inventing a move identity. Full-text review: Uses exactly 24 artifact-free cells on the engine-provided second row.,,,,
MAIN:0x030505,MAIN,63,,Ordinary text,0x030505,0x0300C9,0x0300C9,,,78,0x030505,蓄集力量,graphical_codes,<0A><BBAA><B6B8><B0E3><B3EC>, stored up power!,translated_directly_from_chinese_ai_review,pointer_table,high,pointer_table,ai_source_reviewed,9,no,,Faithfully retains the duplicate executable pointer's power-storage state for the parallel battle path. Full-text review: Applies the same bounded stored-power formula to the duplicate state.,,,,
MAIN:0x03050F,MAIN,64,,Ordinary text,0x03050F,0x0300CB,0x0300CB,,,79,0x03050F,全力一击,graphical_codes,<0A><B6C0><B0E3><B1D1><B4AC>, struck with full force!,translated_directly_from_chinese_ai_review,pointer_table,high,pointer_table,ai_source_reviewed,9,no,,Faithfully retains the duplicate executable pointer's full-force release for the parallel battle path. Full-text review: Applies the same bounded full-force formula to the duplicate state.,,,,
MAIN:0x030519,MAIN,65,,Ordinary text,0x030519,0x0300CD,0x0300CD,,,80,0x030519,蓄集打消,graphical_codes,<0A><BBAA><B6B8><B0CF><B4F1>, stopped storing power!,translated_directly_from_chinese_ai_review,pointer_table,high,pointer_table,ai_source_reviewed,9,no,,Preserves cancellation of the stored-power state rather than describing an attack or ordinary failure. Full-text review: Keeps the release-cancel message intact on the engine-provided second row.,,,,
MAIN:0x030523,MAIN,66,,Ordinary text,0x030523,0x0300CF,0x0300CF,,,81,0x030523,飞上高空,graphical_codes,<0A><B1AC><B1E5><B8AF><B1A2>, flew high into the sky!,translated_directly_from_chinese_ai_review,pointer_table,high,pointer_table,ai_source_reviewed,9,no,,Directly describes the airborne preparation state and retains the suffix join after the Pokémon name. Full-text review: Uses exactly 24 artifact-free cells on the engine-provided second row.,,,,
MAIN:0x03052D,MAIN,67,,Ordinary text,0x03052D,0x0300D1,0x0300D1,,,82,0x03052D,舍命一击,graphical_codes,<0A><BBAB><B4B9><B1D1><B4AC>, risked everything!,translated_directly_from_chinese_ai_review,pointer_table,high,pointer_table,ai_source_reviewed,9,no,,Keeps both the self-endangering commitment and the single all-out strike expressed by the Chinese. Full-text review: Keeps the one-strike risk in a natural compact formula.,,,,
MAIN:0x030537,MAIN,68,,Ordinary text,0x030537,0x0300D3,0x0300D3,,,83,0x030537,蓄集神力,graphical_codes,<0A><BBAA><B6B8><B6DD><B0E3>, gathered mystical power!,translated_directly_from_chinese_ai_review,pointer_table,high,pointer_table,ai_source_reviewed,9,no,,Preserves the preparatory gathering of mystical power as a distinct first-stage action. Full-text review: Keeps the complete charge wording within the fully cleared 25-cell row.,,,,
MAIN:0x030541,MAIN,69,,Ordinary text,0x030541,0x0300D5,0x0300D5,,,84,0x030541,神力射出,graphical_codes,<0A><B6DD><B0E3><BBA8><B0A4>, released mystic power!,translated_directly_from_chinese_ai_review,pointer_table,high,pointer_table,ai_source_reviewed,9,no,,Preserves the release stage paired with the preceding mystical-power charge. Full-text review: Keeps the release meaning within 22 second-row cells.,,,,
MAIN:0x03054B,MAIN,70,,Ordinary text,0x03054B,0x0300D7,0x0300D7,,,85,0x03054B,预知未来,graphical_codes,<0A><B6EC><B2D7><B3E5><B0FC>, foresaw an attack!,translated_directly_from_chinese_ai_review,pointer_table,high,pointer_table,ai_source_reviewed,9,no,,Renders the Future Sight setup action while avoiding a premature claim that damage has already occurred. Full-text review: Keeps the foresight message intact on the engine-provided second row.,,,,
MAIN:0x030555,MAIN,71,,Ordinary text,0x030555,0x0300D9,0x0300D9,,,86,0x030555,受到预知未来攻击,graphical_codes,<0A><B4A9><B0DB><B6EC><B2D7><B3E5><B0FC><B4AB><B4AC>, hit by Future Sight!,translated_directly_from_chinese_ai_review,pointer_table,high,pointer_table,ai_source_reviewed,17,no,,Identifies the delayed Future Sight hit and keeps the leading join after the target Pokémon's name. Full-text review: Keeps the named move and result within one second row.,,,,
MAIN:0x030567,MAIN,72,,Ordinary text,0x030567,0x0300DB,0x0300DB,,,87,0x030567,吃掉了,graphical_codes,<0A><B9B3><B8AB><B0F8>, ate ,translated_directly_from_chinese_ai_review,pointer_table,high,pointer_table,ai_source_reviewed,7,no,,"Forms the verb between the acting Pokémon and target names in the dream-eating sentence, with both joins intact.",,,,
MAIN:0x03056F,MAIN,73,,Ordinary text,0x03056F,0x0300DD,0x0300DD,,,88,0x03056F,的梦,graphical_codes,<0A><B0BC><B1D6>,'s dream!,translated_directly_from_chinese_ai_review,pointer_table,high,pointer_table,ai_source_reviewed,5,no,,Completes the dream-eating construction as a possessive suffix directly after the target's name.,,,,
MAIN:0x030575,MAIN,74,,Ordinary text,0x030575,0x0300DF,0x0300DF,,,89,0x030575,发怒了,graphical_codes,<0A><B2F4><BAF0><B0F8>, flew into a rage!,translated_directly_from_chinese_ai_review,pointer_table,high,pointer_table,ai_source_reviewed,7,no,,Conveys the acting Pokémon becoming enraged and retains the leading suffix join. Full-text review: Keeps the rage message intact on the engine-provided second row.,,,,
MAIN:0x03057D,MAIN,75,,Ordinary text,0x03057D,0x0300E1,0x0300E1,,,90,0x03057D,受到诅咒,graphical_codes,<0A><B4A9><B0DB><B9BA><B9BB>, was cursed!,translated_directly_from_chinese_ai_review,pointer_table,high,pointer_table,ai_source_reviewed,9,no,,"Directly renders the curse applied to the named Pokémon, including its structural leading space.",,,,
MAIN:0x030588,MAIN,76,,Ordinary text,0x030588,0x0300E3,0x0300E3,,,91,0x030587,战斗,ascii,Fight,Fight,translated_directly_from_chinese_ai_review,pointer_table,high,pointer_table,ai_source_reviewed,5,no,,Uses the standard battle command for the attack-selection branch of the executable menu.,,,,
MAIN:0x03058E,MAIN,77,,Ordinary text,0x03058E,0x0300E5,0x0300E5,,,92,0x03058D,背包,ascii,Item, Bag,translated_directly_from_chinese_ai_review,pointer_table,high,pointer_table,ai_source_reviewed,5,no,,Uses the official Pokémon interface term and preserves the leading separator required by the original 16-glyph battle-command renderer.,,,,
MAIN:0x030594,MAIN,78,,Ordinary text,0x030594,0x0300E7,0x0300E7,,,93,0x030593,精灵,ascii,PKMN,PKMN,translated_directly_from_chinese_ai_review,pointer_table,high,pointer_table,ai_source_reviewed,4,yes,"The fixed battle menu provides four cells, so Pokémon is abbreviated to the conventional PKMN label.",Represents the party-Pokémon command in the fixed-width four-cell battle menu without the forbidden at-sign substitution.,,,,
MAIN:0x030599,MAIN,79,,Ordinary text,0x030599,0x0300E9,0x0300E9,,,94,0x030599,逃跑,ascii,Ru,Run,translated_directly_from_chinese_ai_review,pointer_table,high,pointer_table,ai_source_reviewed,3,no,,Restores the complete flee command in the executable battle menu.,,,,
MAIN:0x0305E8,MAIN,80,,Ordinary text,0x0305E8,,0x03010F,,,113,0x0305E7,战斗,ascii,Send,Battle,translated_directly_from_reviewed_chinese_source_ai_review,containing_offset,medium,reviewed_source_adjudication,ai_source_reviewed,6,no,,Corrects the party-menu command to Battle from the reviewed Chinese source; the old Send label expressed a different action.,,,,
MAIN:0x0305F5,MAIN,81,,Ordinary text,0x0305F5,0x030115,0x030115,,,116,0x0305F9,普  通,ascii,00Item,Items,translated_directly_from_chinese_ai_review,pointer_table,high,pointer_table,ai_source_reviewed,9,no,,The executable inventory tabs show this general category as the ordinary-items pocket.,,,,
MAIN:0x030602,MAIN,82,,Ordinary text,0x030602,0x030117,0x030117,,,117,0x030601,精灵球,ascii,Balls,Balls,translated_directly_from_chinese_ai_review,pointer_table,high,pointer_table,ai_source_reviewed,5,yes,"The fixed pocket tab has five cells, so Poké Ball is shortened to the unambiguous Balls label.",Labels the Poké Ball pocket while keeping the fixed five-cell interface width.,,,,
MAIN:0x030608,MAIN,83,,Ordinary text,0x030608,0x030119,0x030119,,,118,0x030609,秘传技,ascii,TM/HMs,TM/HM,translated_directly_from_chinese_ai_review,pointer_table,high,pointer_table,ai_source_reviewed,8,yes,The compact inventory tab uses the standard TM/HM acronym for Technical and Hidden Machines.,Executable item grouping confirms this pocket contains the machines for teachable and hidden moves.,,,,
MAIN:0x030611,MAIN,84,,Ordinary text,0x030611,0x03011B,0x03011B,,,119,0x030611,贵  重,ascii,KeyItm,Key,translated_directly_from_chinese_ai_review,pointer_table,high,pointer_table,ai_source_reviewed,6,yes,The fixed pocket tab is shortened from Key Items to Key to fit its compact label field.,"Uses the interface category for the valuable, nonordinary key-item pocket.",,,,
MAIN:0x030618,MAIN,85,,Ordinary text,0x030618,0x03011D,0x03011D,,,120,0x030619,威力:,ascii,PWR :,Power:,translated_directly_from_chinese_ai_review,pointer_table,high,pointer_table,ai_source_reviewed,7,no,,Directly labels the move's power value and retains the source colon.,,,,
MAIN:0x030621,MAIN,86,,Ordinary text,0x030621,0x03011F,0x03011F,,,121,0x030620,命中:,ascii,Acc.:,Acc.:,translated_directly_from_chinese_ai_review,pointer_table,high,pointer_table,ai_source_reviewed,5,yes,Accuracy is abbreviated to Acc. to fit the fixed five-cell move-summary label.,Labels the move's accuracy field with a conventional interface abbreviation and the source colon.,,,,
MAIN:0x03062E,MAIN,87,,Ordinary text,0x03062E,0x030123,0x030123,,,123,0x03062E,野生,ascii,Wild,Wild ,translated_directly_from_chinese_ai_review,pointer_table,high,pointer_table,ai_source_reviewed,5,no,,Preserves the wild-opponent prefix and its significant trailing space before the Pokémon name.,,,,
MAIN:0x030634,MAIN,88,,Ordinary text,0x030634,0x030125,0x030125,,,124,0x030634,对手,ascii,Enemy,Enemy ,adapted_from_official_english_gen1_with_chinese_fidelity_ai_review,pointer_table,high,pointer_table,ai_source_reviewed,6,no,,Uses the official Generation I enemy label; runtime tracing confirms that its trailing space joins the following Pokémon name.,,,,
MAIN:0x03063B,MAIN,89,,Ordinary text,0x03063B,0x030127,0x030127,,,125,0x03063A,命中要害!,ascii,Critical!,A critical hit!,translated_directly_from_chinese_ai_review,pointer_table,high,pointer_table,ai_source_reviewed,9,no,,Uses the standard Pokémon announcement for a hit that strikes a vital point.,,,,
MAIN:0x030646,MAIN,90,,Ordinary text,0x030646,0x030129,0x030129,,,126,0x030645,使用下一个怪兽吗?,ascii,Send another PKMN?,Use next Pokémon?,adapted_from_official_english_gen1_with_chinese_fidelity_ai_review,pointer_table,high,pointer_table,ai_source_reviewed,18,no,,Uses the compact official Generation I prompt for sending the player's next Pokémon.,,,,
MAIN:0x030659,MAIN,91,,Ordinary text,0x030659,0x03012B,0x03012B,,,127,0x030658,是  否,ascii,Yes No,Yes  No,translated_directly_from_chinese_ai_review,pointer_table,high,pointer_table,ai_source_reviewed,6,no,,Directly renders the two menu choices and retains their two-cell separation.,,,,
MAIN:0x030660,MAIN,92,,Ordinary text,0x030660,0x03012F,0x03012F,,,129,0x03066C,小智要改变怪兽吗?,ascii,Switch Pok@mon?,Will Ash change Pokémon?,adapted_from_official_english_gen1_with_chinese_fidelity_ai_review,pointer_table,high,pointer_table,ai_source_reviewed,28,no,,Keeps Ash explicitly named while using the official Generation I change-Pokémon wording.,,,,
MAIN:0x03067D,MAIN,93,,Ordinary text,0x03067D,0x030131,0x030131,,,130,0x03067F,等级提升到了,ascii,Grew to level, grew to level ,translated_directly_from_chinese_ai_review,pointer_table,high,pointer_table,ai_source_reviewed,16,no,,"Forms the level-up connector between the Pokémon name and the following level number, with both joins preserved.",,,,
MAIN:0x03068E,MAIN,94,,Ordinary text,0x03068E,0x030135,0x030135,,,132,0x030698,已经,ascii,already,Status unchanged!,translated_directly_from_chinese_ai_review,pointer_table,high,pointer_table,ai_source_reviewed,15,no,,Keeps the stat-limit adverb as a leading-space fragment before a following cannot-rise-or-fall suffix. Full-text review: Gives the already-affected branch a complete standalone result before its dedicated routine return.,,,,
MAIN:0x03069F,MAIN,95,,Ordinary text,0x03069F,0x030137,0x030137,,,133,0x03069E,攻击力,ascii,Attack,'s Attack,translated_directly_from_chinese_ai_review,pointer_table,high,pointer_table,ai_source_reviewed,6,yes,The battle renderer concatenates the Pokémon name directly; pointer repacking accommodates the possessive prefix.,Uses the official Generation I possessive construction and the source's Attack stat.,,,,
MAIN:0x0306A6,MAIN,96,,Ordinary text,0x0306A6,0x030139,0x030139,,,134,0x0306A6,防御力,ascii,Defense,'s Defense,translated_directly_from_chinese_ai_review,pointer_table,high,pointer_table,ai_source_reviewed,7,yes,The battle renderer concatenates the Pokémon name directly; pointer repacking accommodates the possessive prefix.,Uses the official Generation I possessive construction and the source's Defense stat.,,,,
MAIN:0x0306AF,MAIN,97,,Ordinary text,0x0306AF,0x03013B,0x03013B,,,135,0x0306AE,特攻,ascii,S.Atk,'s Sp. Atk,translated_directly_from_chinese_ai_review,pointer_table,high,pointer_table,ai_source_reviewed,5,yes,The battle renderer concatenates the Pokémon name directly; pointer repacking accommodates the possessive prefix.,Uses the official Generation I possessive construction and the standard Sp. Atk abbreviation.,,,,
MAIN:0x0306B5,MAIN,98,,Ordinary text,0x0306B5,0x03013D,0x03013D,,,136,0x0306B4,特防,ascii,S.DE,'s Sp. Def,translated_directly_from_chinese_ai_review,pointer_table,high,pointer_table,ai_source_reviewed,4,yes,The battle renderer concatenates the Pokémon name directly; pointer repacking accommodates the possessive prefix.,Uses the official Generation I possessive construction and the standard Sp. Def abbreviation.,,,,
MAIN:0x0306BA,MAIN,99,,Ordinary text,0x0306BA,0x03013F,0x03013F,,,137,0x0306BA,速度,ascii,Speed,'s Speed,translated_directly_from_chinese_ai_review,pointer_table,high,pointer_table,ai_source_reviewed,5,yes,The battle renderer concatenates the Pokémon name directly; pointer repacking accommodates the possessive prefix.,Uses the official Generation I possessive construction and the source's Speed stat.,,,,
MAIN:0x0306C0,MAIN,100,,Ordinary text,0x0306C0,0x030141,0x030141,,,138,0x0306C0,命中率,ascii,Accuracy,'s Accuracy,translated_directly_from_chinese_ai_review,pointer_table,high,pointer_table,ai_source_reviewed,8,yes,"Uses complete, natural English while respecting dialogue pagination and ROM bank limits; no displayed word is truncated.",Uses the official Generation I possessive construction and the source's Accuracy stat. Full-text review: Keeps the full stat name now that all 25 interior cells are cleared between messages.,,,,
MAIN:0x0306C9,MAIN,101,,Ordinary text,0x0306C9,0x030143,0x030143,,,139,0x0306C8,血值有所恢复,ascii,Recovered HP!, recovered some HP!,translated_directly_from_chinese_ai_review,pointer_table,high,pointer_table,ai_source_reviewed,13,no,,Preserves that an unspecified amount of HP was restored and keeps the suffix join after the Pokémon name.,,,,
MAIN:0x0306D7,MAIN,102,,Ordinary text,0x0306D7,0x030145,0x030145,,,140,0x0306D6,不能行动!,graphical_codes,<B0CE><B0EC><B3A9><B0B2>!, can't move!,translated_directly_from_chinese_ai_review,pointer_table,high,pointer_table,ai_source_reviewed,9,no,,Directly renders the inability to act as a suffix after the affected Pokémon's name.,,,,
MAIN:0x0306E1,MAIN,103,,Ordinary text,0x0306E1,0x030147,0x030147,,,141,0x0306E1,一击必杀!,graphical_codes,<0A><B1D1><B4AC><BAC5><B8BC>!,One-hit KO!,translated_directly_from_chinese_ai_review,pointer_table,high,pointer_table,ai_source_reviewed,10,no,,Uses the standard Pokémon term for the source's explicit one-strike knockout result.,,,,
MAIN:0x0306EC,MAIN,104,,Ordinary text,0x0306EC,0x030149,0x030149,,,142,0x0306EC,逃跑了!,graphical_codes,<0A><B3EF><B8B9><B0F8>!, fled!,translated_directly_from_chinese_ai_review,pointer_table,high,pointer_table,ai_source_reviewed,8,no,,"Renders the completed escape as a suffix after the fleeing Pokémon's name, preserving its leading space.",,,,
MAIN:0x0306F5,MAIN,105,,Ordinary text,0x0306F5,0x03014B,0x03014B,,,143,0x0306F5,不能逃!,graphical_codes,<0A><B0CE><B0EC><B3EF>!,Can't escape!,translated_directly_from_chinese_ai_review,pointer_table,high,pointer_table,ai_source_reviewed,8,no,,Directly renders the Chinese source as Can't escape!; the 2015 English and French gloss were used only as secondary witnesses.,,,,
MAIN:0x0306FE,MAIN,106,,Ordinary text,0x0306FE,0x03014D,0x03014D,,,144,0x0306FE,中毒解除了,graphical_codes,<0A><B0DC><B8D8><B9B5><BBB2><B0F8>,No longer poisoned!,translated_directly_from_chinese_ai_review,pointer_table,high,pointer_table,ai_source_reviewed,11,no,,Directly states that the poisoned condition has ended; no unreadable 2015 graphic residue is reused. Full-text review: Keeps the cured-status sentence on the engine-provided second row.,,,,
MAIN:0x03070B,MAIN,107,,Ordinary text,0x03070B,0x03014F,0x03014F,,,145,0x03070A,醒过来了,ascii,Woke up!,Woke up!,translated_directly_from_chinese_ai_review,pointer_table,high,pointer_table,ai_source_reviewed,8,no,,Directly renders the Chinese source as Woke up!; the 2015 English and French gloss were used only as secondary witnesses.,,,,
MAIN:0x030714,MAIN,108,,Ordinary text,0x030714,0x030151,0x030151,,,146,0x030714,麻痹解除了,graphical_codes,<0A><B2ED><B5FA><B9B5><BBB2><B0F8>,No longer paralyzed!,translated_directly_from_chinese_ai_review,pointer_table,high,pointer_table,ai_source_reviewed,11,no,,Directly states that paralysis has ended; no unreadable 2015 graphic residue is reused. Full-text review: Keeps the cured-status sentence on the engine-provided second row.,,,,
MAIN:0x030720,MAIN,109,,Ordinary text,0x030720,0x030153,0x030153,,,147,0x030720,烧伤解除了,graphical_codes,<0A><BAE7><B9C7><B9B5><BBB2><B0F8>,No longer burned!,translated_directly_from_chinese_ai_review,pointer_table,high,pointer_table,ai_source_reviewed,11,no,,Directly states that the burned condition has ended; no unreadable 2015 graphic residue is reused. Full-text review: Keeps the cured-status sentence on the engine-provided second row.,,,,
MAIN:0x03072D,MAIN,110,,Ordinary text,0x03072D,0x030155,0x030155,,,148,0x03072C,混乱解除了,ascii,Recovered!,No longer confused!,translated_directly_from_chinese_ai_review,pointer_table,high,pointer_table,ai_source_reviewed,10,no,,Directly states that confusion has ended rather than retaining the vague 2015 recovery message.,,,,
MAIN:0x030738,MAIN,111,,Ordinary text,0x030738,0x030157,0x030157,,,149,0x030738,冰冻解除了,graphical_codes,<0A><BAE8><BAD4><B9B5><BBB2><B0F8>,No longer frozen!,translated_directly_from_chinese_ai_review,pointer_table,high,pointer_table,ai_source_reviewed,11,no,,Directly renders the Chinese source as No longer frozen!; the 2015 English and French gloss were used only as secondary witnesses. Full-text review: Keeps the cured-status sentence on the engine-provided second row.,,,,
MAIN:0x030744,MAIN,112,,Ordinary text,0x030744,0x030159,0x030159,,,150,0x030744,剧毒解除了,graphical_codes,<0A><B7AE><B8D8><B9B5><BBB2><B0F8>,No longer badly poisoned!,translated_directly_from_chinese_ai_review,pointer_table,high,pointer_table,ai_source_reviewed,11,no,,Preserves the source's distinct severe-poison condition and states that it has ended. Full-text review: Keeps the complete severe-poison cure formula within the fully cleared 25-cell row.,,,,
MAIN:0x030750,MAIN,113,,Ordinary text,0x030750,0x03015B,0x03015B,,,151,0x030750,害怕解除了,graphical_codes,<0A><B3EE><B8AC><B9B5><BBB2><B0F8>,No longer afraid!,translated_directly_from_chinese_ai_review,pointer_table,high,pointer_table,ai_source_reviewed,11,no,,Directly states that the fear condition has ended; no unreadable 2015 graphic residue is reused. Full-text review: Keeps the cured-flinch sentence on the engine-provided second row.,,,,
MAIN:0x03075C,MAIN,114,,Ordinary text,0x03075C,0x03015D,0x03015D,,,152,0x03075C,得到了,ascii,You got,Got ,translated_directly_from_chinese_ai_review,pointer_table,high,pointer_table,ai_source_reviewed,8,no,,The trailing space is deliberate: this obtained-value fragment precedes a dynamically inserted object name or prize amount.,,,,
MAIN:0x030765,MAIN,115,,Ordinary text,0x030765,0x03015F,0x03015F,,,153,0x030764,支付了,ascii,Lost,Paid ,translated_directly_from_chinese_ai_review,pointer_table,high,pointer_table,ai_source_reviewed,5,no,,The trailing space is deliberate: this payment fragment precedes a dynamically inserted amount.,,,,
MAIN:0x03076B,MAIN,116,,Ordinary text,0x03076B,0x030161,0x030161,,,154,0x03076C,和,ascii,Trainer,Trainer ,translated_from_chinese_with_executable_context_ai_review,pointer_table,high,pointer_table,ai_source_reviewed,9,no,,Executable tracing proves that no player name precedes this fragment; it therefore labels the following dynamic opponent name as the winning Trainer.,,,,
MAIN:0x030775,MAIN,117,,Ordinary text,0x030775,0x030163,0x030163,,,155,0x030770,比试失败了,ascii,Won!,won!,translated_from_chinese_with_executable_context_ai_review,pointer_table,high,pointer_table,ai_source_reviewed,4,no,,Completes the executable two-line loss message as 'Trainer <name>' followed by 'won!'.,,,,
MAIN:0x03077A,MAIN,118,,Ordinary text,0x03077A,0x030165,0x030165,,,156,0x03077C,需要,graphical_codes,000<B3C7><B0C3>,Requires ,translated_directly_from_chinese_ai_review,pointer_table,high,pointer_table,ai_source_reviewed,7,no,,The trailing space is deliberate because this requirement fragment precedes a dynamically selected Badge label.,,,,
MAIN:0x030782,MAIN,119,,Ordinary text,0x030782,0x030167,0x030167,,,157,0x030782,蓝色徽章,graphical_codes,<0A><B4D0><B4BC><B3D1><B3D2>,Cascade Badge,translated_directly_from_chinese_ai_review,pointer_table,high,pointer_table,ai_source_reviewed,9,no,,"Keeps the Chinese color label Blue Badge; the executable badge identity may correspond to Cascade Badge, but the source itself does not say Cascade. Full-text review: Uses the official Badge name for the blue/Cut requirement.",,,,
MAIN:0x03078C,MAIN,120,,Ordinary text,0x03078C,0x030169,0x030169,,,158,0x03078C,橙色徽章,graphical_codes,<0A><B7EB><B4BC><B3D1><B3D2>,Thunder Badge,translated_directly_from_chinese_ai_review,pointer_table,high,pointer_table,ai_source_reviewed,9,no,,"Keeps the Chinese color label Orange Badge; the executable badge identity may correspond to Thunder Badge, but the source itself does not say Thunder. Full-text review: Uses the official Badge name for the orange requirement.",,,,
MAIN:0x030796,MAIN,121,,Ordinary text,0x030796,0x03016B,0x03016B,,,159,0x030796,粉红徽章,graphical_codes,<0A><BBB3><B5CE><B3D1><B3D2>,Soul Badge,translated_directly_from_chinese_ai_review,pointer_table,high,pointer_table,ai_source_reviewed,9,no,,"Keeps the Chinese color label Pink Badge; the executable badge identity may correspond to Soul Badge, but the source itself does not say Soul. Full-text review: Uses the official Badge name for the pink/Surf requirement.",,,,
MAIN:0x0307A0,MAIN,122,,Ordinary text,0x0307A0,0x03016D,0x03016D,,,160,0x0307A0,彩虹徽章,graphical_codes,<0A><B6CA><B8FD><B3D1><B3D2>,Rainbow Badge,translated_directly_from_chinese_ai_review,pointer_table,high,pointer_table,ai_source_reviewed,9,no,,"Directly preserves Rainbow Badge, whose Chinese label and established official English identity coincide. Full-text review: Retains the official Rainbow Badge name.",,,,
MAIN:0x0307AA,MAIN,123,,Ordinary text,0x0307AA,0x03016F,0x03016F,,,161,0x0307AA,灰色徽章,graphical_codes,<0A><B4BB><B4BC><B3D1><B3D2>,Boulder Badge,translated_directly_from_chinese_ai_review,pointer_table,high,pointer_table,ai_source_reviewed,9,no,,"Keeps the Chinese color label Gray Badge; the executable badge identity may correspond to Boulder Badge, but the source itself does not say Boulder. Full-text review: Uses the official Badge name for the gray/Flash requirement.",,,,
MAIN:0x0307B9,MAIN,124,,Ordinary text,0x0307B9,0x030173,0x030173,,,162,0x0307B9,不能中毒!,graphical_codes,<0A><B0CE><B0EC><B0DC><B8D8>!,"
Can't be poisoned!",translated_directly_from_chinese_ai_review,pointer_table,high,pointer_table,ai_source_reviewed,10,no,,Directly renders the Chinese source as Can't be poisoned!; the 2015 English and French gloss were used only as secondary witnesses. Full-text review: Moves the poison-immunity result to row two after the Pokémon name.,,,,
MAIN:0x0307C4,MAIN,125,,Ordinary text,0x0307C4,0x030175,0x030175,,,163,0x0307C4,不能烧伤!,graphical_codes,<0A><B0CE><B0EC><BAE7><B9C7>!,"
Can't be burned!",translated_directly_from_chinese_ai_review,pointer_table,high,pointer_table,ai_source_reviewed,10,no,,Directly renders the Chinese source as Can't be burned!; the 2015 English and French gloss were used only as secondary witnesses. Full-text review: Moves the burn-immunity result to row two after the Pokémon name.,,,,
MAIN:0x0307CF,MAIN,126,,Ordinary text,0x0307CF,0x030177,0x030177,,,164,0x0307CF,不能冰冻!,graphical_codes,<0A><B0CE><B0EC><BAE8><BAD4>!,"
Can't be frozen!",translated_directly_from_chinese_ai_review,pointer_table,high,pointer_table,ai_source_reviewed,10,no,,Directly renders the Chinese source as Can't be frozen!; the 2015 English and French gloss were used only as secondary witnesses. Full-text review: Moves the freeze-immunity result to row two after the Pokémon name.,,,,
MAIN:0x0307DA,MAIN,127,,Ordinary text,0x0307DA,0x030179,0x030179,,,165,0x0307DA,存放,ascii,Send,Store,translated_directly_from_chinese_ai_review,pointer_table,high,pointer_table,ai_source_reviewed,6,no,,Directly renders the Chinese source as Store; the 2015 English and French gloss were used only as secondary witnesses.,,,,
MAIN:0x0307E1,MAIN,128,,Ordinary text,0x0307E1,0x03017B,0x03017B,,,166,0x0307E0,箱子一,ascii,Box 1,Box 1,translated_directly_from_chinese_ai_review,pointer_table,high,pointer_table,ai_source_reviewed,5,no,,Directly renders the Chinese source as Box 1; the 2015 English and French gloss were used only as secondary witnesses.,,,,
MAIN:0x0307E9,MAIN,129,,Ordinary text,0x0307E9,0x03017D,0x03017D,,,167,0x0307E8,箱子二,ascii,Box 2,Box 2,translated_directly_from_chinese_ai_review,pointer_table,high,pointer_table,ai_source_reviewed,5,no,,Directly renders the Chinese source as Box 2; the 2015 English and French gloss were used only as secondary witnesses.,,,,
MAIN:0x0307F1,MAIN,130,,Ordinary text,0x0307F1,0x03017F,0x03017F,,,168,0x0307F0,箱子三,ascii,Box 3,Box 3,translated_directly_from_chinese_ai_review,pointer_table,high,pointer_table,ai_source_reviewed,5,no,,Directly renders the Chinese source as Box 3; the 2015 English and French gloss were used only as secondary witnesses.,,,,
MAIN:0x0307F9,MAIN,131,,Ordinary text,0x0307F9,0x030181,0x030181,,,169,0x0307F8,箱子四,ascii,Box 4,Box 4,translated_directly_from_chinese_ai_review,pointer_table,high,pointer_table,ai_source_reviewed,5,no,,Directly renders the Chinese source as Box 4; the 2015 English and French gloss were used only as secondary witnesses.,,,,
MAIN:0x030801,MAIN,132,,Ordinary text,0x030801,0x030183,0x030183,,,170,0x030800,箱子五,ascii,Box 5,Box 5,translated_directly_from_chinese_ai_review,pointer_table,high,pointer_table,ai_source_reviewed,5,no,,Directly renders the Chinese source as Box 5; the 2015 English and French gloss were used only as secondary witnesses.,,,,
MAIN:0x030809,MAIN,133,,Ordinary text,0x030809,0x030185,0x030185,,,171,0x030808,箱子六,ascii,Box 6,Box 6,translated_directly_from_chinese_ai_review,pointer_table,high,pointer_table,ai_source_reviewed,5,no,,Directly renders the Chinese source as Box 6; the 2015 English and French gloss were used only as secondary witnesses.,,,,
MAIN:0x030811,MAIN,134,,Ordinary text,0x030811,0x030187,0x030187,,,172,0x030810,箱子七,ascii,Box 7,Box 7,translated_directly_from_chinese_ai_review,pointer_table,high,pointer_table,ai_source_reviewed,5,no,,Directly renders the Chinese source as Box 7; the 2015 English and French gloss were used only as secondary witnesses.,,,,
MAIN:0x030819,MAIN,135,,Ordinary text,0x030819,0x030189,0x030189,,,173,0x030818,箱子八,ascii,Box 8,Box 8,translated_directly_from_chinese_ai_review,pointer_table,high,pointer_table,ai_source_reviewed,5,no,,Directly renders the Chinese source as Box 8; the 2015 English and French gloss were used only as secondary witnesses.,,,,
MAIN:0x03081F,MAIN,136,,Ordinary text,0x03081F,0x03018B,0x03018B,,,174,0x030820,携带已满!,ascii,Party Full,Party full!,translated_directly_from_chinese_ai_review,pointer_table,high,pointer_table,ai_source_reviewed,12,no,,Directly renders the Chinese source as Party full!; the 2015 English and French gloss were used only as secondary witnesses.,,,,
MAIN:0x03082C,MAIN,137,D0001,Introduction,0x03082C,0x03018D,0x03018D,dialogue_intro_17_19,PROF. OAK,175,0x03082B,"你好!欢迎你光临宠物精灵的世界!大家都叫我大木博士,在这世界住着被称为宠物精灵的生物!",ascii,Hello there! Welcome to the world of Pok@mon! My name is OAK! People call me the Pok@mon PROF!,"PROF. OAK: Hello there! Welcome to the world of Pokémon! I'm Oak, the Pokémon Prof.! Creatures called Pokémon live here!",adapted_from_official_english_gen1_with_chinese_fidelity_ai_review,pointer_table,high,dialogue_inventory_overlay,ai_source_reviewed,106,no,,Uses the matching official English Red/Blue/Yellow scene as its primary voice while retaining Chinese-only facts and Famicom-specific terminology.,,,,
MAIN:0x030898,MAIN,138,,Pokédex,0x030898,0x03201E,0x03201E,pokedex_13x4,,744,0x032160,在阳光的照耀下种子慢慢生长,ascii,It uses the bulb on it's back to storeenergy.,Its seed grows slowly in sunlight.,translated_directly_from_chinese_ai_review,pointer_table,high,pointer_table,ai_source_reviewed,46,no,,Direct Chinese-source rendering: Its seed grows slowly in sunlight; no divergent 2015 detail is imported.,,,,
MAIN:0x0308C7,MAIN,139,,Ordinary text,0x0308C7,0x0301A9,0x0301A9,,,189,0x030944,攻击,ascii,Unleashed!, attacks!,translated_directly_from_chinese_ai_review,pointer_table,high,pointer_table,ai_source_reviewed,11,no,,The leading space is deliberate so the dynamically printed attacker and this verb compose as 'name attacks!'.,,,,
MAIN:0x0308D3,MAIN,140,,Ordinary text,0x0308D3,0x030197,0x030197,,,180,0x0308E9,欢迎光临,ascii,Item Shop,Welcome!,translated_directly_from_chinese_ai_review,pointer_table,high,pointer_table,ai_source_reviewed,12,no,,Directly renders the Chinese source as Welcome!; the 2015 English and French gloss were used only as secondary witnesses.,,,,
MAIN:0x0308E1,MAIN,141,,Ordinary text,0x0308E1,0x030193,0x030193,,,178,0x0308E1,买,ascii,Buy,Buy,translated_directly_from_chinese_ai_review,pointer_table,high,pointer_table,ai_source_reviewed,3,no,,Directly renders the Chinese source as Buy; the 2015 English and French gloss were used only as secondary witnesses.,,,,
MAIN:0x0308E5,MAIN,142,,Ordinary text,0x0308E5,0x030195,0x030195,,,179,0x0308E5,卖,ascii,Sel,Sell,translated_directly_from_chinese_ai_review,pointer_table,high,pointer_table,ai_source_reviewed,3,no,,Directly renders the Chinese source as Sell; the 2015 English and French gloss were used only as secondary witnesses.,,,,
MAIN:0x0308E9,MAIN,143,,Ordinary text,0x0308E9,0x030199 0x03019B,0x030199 0x03019B,,,181 182,0x0308F3 0x0308FC,"买几个?
---

卖几个?",ascii,How Many?,How many?,translated_directly_from_chinese_ai_review,pointer_table,high,safe_shared_source_declared,ai_source_reviewed,12,no,,Both the buy-count and sell-count pointers intentionally share this neutral quantity prompt.,safe_shared_payload,,,
MAIN:0x0308F6,MAIN,144,,Ordinary text,0x0308F6,0x03019D,0x03019D,,,183,0x030905,交易成功,ascii,Thank you!,Transaction complete!,translated_directly_from_chinese_ai_review,pointer_table,high,pointer_table,ai_source_reviewed,11,no,,Directly renders the Chinese source as Transaction complete!; the 2015 English and French gloss were used only as secondary witnesses.,,,,
MAIN:0x030902,MAIN,145,,Ordinary text,0x030902,0x03019F,0x03019F,,,184,0x03090F,无法交易,ascii,Can't Hold!,Transaction failed!,translated_directly_from_chinese_ai_review,pointer_table,high,pointer_table,ai_source_reviewed,22,no,,Directly renders the Chinese source as Transaction failed!; the 2015 English and French gloss were used only as secondary witnesses.,,,,
MAIN:0x030919,MAIN,146,,Ordinary text,0x030919,0x0301A3,0x0301A3,,,186,0x030921,未得到图鉴!,ascii,Don't have!,No Pokédex!,translated_directly_from_chinese_ai_review,pointer_table,high,pointer_table,ai_source_reviewed,19,no,,Directly renders the Chinese source as Pokédex not obtained!; the 2015 English and French gloss were used only as secondary witnesses. Full-text review: Replaces a noun-fragment error with a compact natural system message.,,,,
MAIN:0x03092D,MAIN,147,,Ordinary text,0x03092D,0x0301A5,0x0301A5,,,187,0x03092E,没有精灵,ascii,No Pokemon!,No Pokémon!,translated_directly_from_chinese_ai_review,pointer_table,high,pointer_table,ai_source_reviewed,11,no,,Directly renders the Chinese source as No Pokémon!; the 2015 English and French gloss were used only as secondary witnesses.,,,,
MAIN:0x030939,MAIN,148,,Ordinary text,0x030939,0x0301A7,0x0301A7,,,188,0x030938,也有所损伤,ascii,Hit with recoil!,Also took damage!,translated_directly_from_chinese_ai_review,pointer_table,high,pointer_table,ai_source_reviewed,16,no,,Directly renders the Chinese source as Also took damage!; the 2015 English and French gloss were used only as secondary witnesses.,,,,
MAIN:0x03094A,MAIN,149,,Ordinary text,0x03094A,0x0301AB,0x0301AB,,,190,0x03094A,受到诅咒,graphical_codes,0<B4A9><B0DB><B9BA><B9BB>,Was cursed!,translated_directly_from_chinese_ai_review,pointer_table,high,pointer_table,ai_source_reviewed,9,no,,Directly renders the Chinese source as Was cursed!; the 2015 English and French gloss were used only as secondary witnesses.,,,,
MAIN:0x030955,MAIN,150,,Ordinary text,0x030955,0x0301B1,0x0301B1,,,193,0x030966,血值恢复了,ascii,Regained HP!,HP restored!,translated_directly_from_chinese_ai_review,pointer_table,high,pointer_table,ai_source_reviewed,29,no,,Directly renders the Chinese source as HP restored!; the 2015 English and French gloss were used only as secondary witnesses.,,,,
MAIN:0x030AB5,MAIN,151,,Ordinary text,0x030AB5,0x030037,0x030037,,,7,0x030202,经验值得到了!,ascii,Experience Gained!, EXP gained!,translated_directly_from_chinese_ai_review,pointer_table,high,pointer_table,ai_source_reviewed,19,no,,The leading space is deliberate because the runtime places a dynamic experience value immediately before this fragment.,,,,
MAIN:0x030AC9,MAIN,152,,Ordinary text,0x030AC9,0x0301A1,0x0301A1,,,185,0x030919,钱不够,ascii,Can't Afford it!,Not enough money!,translated_directly_from_chinese_ai_review,pointer_table,high,pointer_table,ai_source_reviewed,17,no,,Directly renders the Chinese source as Not enough money!; the 2015 English and French gloss were used only as secondary witnesses.,,,,
MAIN:0x030ADB,MAIN,153,,Ordinary text,0x030ADB,0x03004B,0x03004B,,,17,0x030284,打败了,ascii,Defeated,Ash defeated ,adapted_from_official_english_gen1_with_chinese_fidelity_ai_review,pointer_table,high,pointer_table,ai_source_reviewed,9,yes,Pointer repacking accommodates the official Generation I subject-verb order without changing the battle routine.,The trailing space joins the following dynamic Trainer name to form 'Ash defeated <Trainer>'.,,,,
MAIN:0x030AE5,MAIN,154,,Ordinary text,0x030AE5,0x0301AD,0x0301AD,,,191,0x030954,撞击,ascii,Used Struggle!,Tackle,translated_directly_from_chinese_ai_review,pointer_table,high,pointer_table,ai_source_reviewed,14,no,,The Chinese slot explicitly says Tackle. Adjacent recoil handling plus both 2015 witnesses suggest the executable event may instead be Struggle; Chinese wording is retained and the mechanical conflict remains flagged.,,,,
MAIN:0x030F83,MAIN,155,,Ordinary text,0x030F83,0x03168D,0x03168D,,,561,0x0317FA,梦幻船票,ascii,Secret Key,MystTkt,translated_directly_from_chinese_ai_review,pointer_table,high,pointer_table,ai_source_reviewed,10,yes,"The Bag list reserves eight cells for the item name and writes the two-digit quantity immediately after them; this unambiguous label uses at most seven cells, leaving a visible separator.",Maps the Chinese dream-or-Mew voyage ticket to Mystic Ticket only because the established boarding dialogue and executable event-ticket context identify that item. Full-text review: Abbreviates Mystic Ticket for the seven-cell Bag-list field.,,,,
MAIN:0x030F8E,MAIN,156,,Ordinary text,0x030F8E,0x031675,0x031675,,,549,0x03179A,叶之石,ascii,LeafSton,LeafSt.,translated_directly_from_chinese_ai_review,pointer_table,high,pointer_table,ai_source_reviewed,8,yes,"The Bag list reserves eight cells for the item name and writes the two-digit quantity immediately after them; this unambiguous label uses at most seven cells, leaving a visible separator.",Directly renders the Chinese source as Leaf Stone; the 2015 English and French gloss were used only as secondary witnesses. Full-text review: Abbreviates Leaf Stone for the seven-cell Bag-list field.,,,,
MAIN:0x0310FB,MAIN,157,,Ordinary text,0x0310FB,,0x030F99,,,,0x0310FB,火花,ascii,Ember,Ember,translated_directly_from_reviewed_chinese_source_ai_review,unaligned,low,reviewed_source_adjudication,ai_source_reviewed,5,no,,"The directly decoded move-name payload denotes Ember, so the matching official English move name is retained.",,,,
MAIN:0x031101,MAIN,158,,Ordinary text,0x031101,0x030F9B,0x030F9B,,,353,0x031100,火炎车,graphical_codes,<B0C7><B0C9><B0CB>,FlameWhl,translated_directly_from_chinese_ai_review,pointer_table,high,pointer_table,ai_source_reviewed,6,yes,The executable battle grid provides nine-character move cells; Flame Wheel is displayed as FlameWhl.,Directly renders the Chinese source as Flame Wheel; the 2015 English and French gloss were used only as secondary witnesses. The executable nine-character battle cell displays FlameWhl for the full move name Flame Wheel.,,,,
MAIN:0x031108,MAIN,159,,Ordinary text,0x031108,0x030F9D,0x030F9D,,,354,0x031108,炎之拳,graphical_codes,<B0CD><B0CF><B0D1>,FirePnch,translated_directly_from_chinese_ai_review,pointer_table,high,pointer_table,ai_source_reviewed,6,yes,The two-column battle grid needs an empty separator cell; this compact label is capped at eight glyphs.,Directly renders the Chinese source as Fire Punch; the 2015 English and French gloss were used only as secondary witnesses. The executable eight-character battle cell displays FirePnch for the full move name Fire Punch.,,,,
MAIN:0x03110F,MAIN,160,,Ordinary text,0x03110F,0x030F9F,0x030F9F,,,355,0x031110,火炎放射,graphical_codes,<B0D3><B0D5><B0D7><B0D9>,Flamethr,translated_directly_from_chinese_ai_review,pointer_table,high,pointer_table,ai_source_reviewed,8,yes,The executable battle grid provides nine-character move cells; Flamethrower is displayed as Flamethr.,Directly renders the Chinese source as Flamethrower; the 2015 English and French gloss were used only as secondary witnesses. The executable nine-character battle cell displays Flamethr for the full move name Flamethrower.,,,,
MAIN:0x031118,MAIN,161,,Ordinary text,0x031118,0x030FA1,0x030FA1,,,356,0x03111A,神圣火焰,graphical_codes,<B0DB><B0DD><B0DF>,SacrFire,translated_directly_from_chinese_ai_review,pointer_table,high,pointer_table,ai_source_reviewed,6,yes,The two-column battle grid needs an empty separator cell; this compact label is capped at eight glyphs.,Directly renders the Chinese source as Sacred Fire; the 2015 English and French gloss were used only as secondary witnesses. The executable eight-character battle cell displays SacrFire for the full move name Sacred Fire.,,,,
MAIN:0x03111F,MAIN,162,,Ordinary text,0x03111F,0x030FA3,0x030FA3,,,357,0x031124,大文字烧,graphical_codes,<B0E1><B0E3><B0E5>,FireBlst,translated_directly_from_chinese_ai_review,pointer_table,high,pointer_table,ai_source_reviewed,6,yes,The two-column battle grid needs an empty separator cell; this compact label is capped at eight glyphs.,Directly renders the Chinese source as Fire Blast; the 2015 English and French gloss were used only as secondary witnesses. The executable eight-character battle cell displays FireBlst for the full move name Fire Blast.,,,,
MAIN:0x031126,MAIN,163,,Ordinary text,0x031126,0x030FA5,0x030FA5,,,358,0x03112E,喷火,ascii,Erupt,Eruption,translated_directly_from_chinese_ai_review,pointer_table,high,pointer_table,ai_source_reviewed,5,no,,Directly renders the Chinese source as Eruption; the 2015 English and French gloss were used only as secondary witnesses.,,,,
MAIN:0x03112C,MAIN,164,,Ordinary text,0x03112C,0x030FA7,0x030FA7,,,359,0x031134,鬼火,ascii,Wisp,WillWisp,translated_directly_from_chinese_ai_review,pointer_table,high,pointer_table,ai_source_reviewed,4,yes,The two-column battle grid needs an empty separator cell; this compact label is capped at eight glyphs.,Directly renders the Chinese source as Will-O-Wisp; the 2015 English and French gloss were used only as secondary witnesses. The executable eight-character battle cell displays WillWisp for the full move name Will-O-Wisp.,,,,
MAIN:0x031131,MAIN,165,,Ordinary text,0x031131,0x030FA9,0x030FA9,,,360,0x03113A,泡泡,ascii,Bubble,Bubble,translated_directly_from_chinese_ai_review,pointer_table,high,pointer_table,ai_source_reviewed,6,no,,Directly renders the Chinese source as Bubble; the 2015 English and French gloss were used only as secondary witnesses.,,,,
MAIN:0x031138,MAIN,166,,Ordinary text,0x031138,0x030FAB,0x030FAB,,,361,0x031140,水枪,graphical_codes,<B561><B563><B565>,Watr Gun,translated_directly_from_chinese_ai_review,pointer_table,high,pointer_table,ai_source_reviewed,6,yes,The two-column battle grid needs an empty separator cell; this compact label is capped at eight glyphs.,Directly renders the Chinese source as Watr Gun; the 2015 English and French gloss were used only as secondary witnesses. The eight-character battle label uses Watr Gun so adjacent moves remain visually separated.,,,,
MAIN:0x031142,MAIN,167,,Ordinary text,0x031142,0x030FAD,0x030FAD,,,362,0x031146,水之波动,graphical_codes,<B0E7><B0E9><B0EB>,WatrPlse,translated_directly_from_chinese_ai_review,pointer_table,high,pointer_table,ai_source_reviewed,6,yes,The two-column battle grid needs an empty separator cell; this compact label is capped at eight glyphs.,Directly renders the Chinese source as Water Pulse; the 2015 English and French gloss were used only as secondary witnesses. The executable eight-character battle cell displays WatrPlse for the full move name Water Pulse.,,,,
MAIN:0x031149,MAIN,168,,Ordinary text,0x031149,0x030FAF,0x030FAF,,,363,0x031150,泡泡光线,graphical_codes,<B0ED><B0EF><B0F1>,BubbleBm,translated_directly_from_chinese_ai_review,pointer_table,high,pointer_table,ai_source_reviewed,6,yes,The executable battle grid provides nine-character move cells; Bubble Beam is displayed as BubbleBm.,Directly renders the Chinese source as Bubble Beam; the 2015 English and French gloss were used only as secondary witnesses. The executable nine-character battle cell displays BubbleBm for the full move name Bubble Beam.,,,,
MAIN:0x031150,MAIN,169,,Ordinary text,0x031150,0x030FB1,0x030FB1,,,364,0x03115A,墨汁炮,graphical_codes,<B567><B569><B56B>,Octazook,translated_directly_from_chinese_ai_review,pointer_table,high,pointer_table,ai_source_reviewed,6,yes,The two-column battle grid needs an empty separator cell; this compact label is capped at eight glyphs.,Directly renders the Chinese source as Octazook; the 2015 English and French gloss were used only as secondary witnesses. The eight-character battle label uses Octazook so adjacent moves remain visually separated.,,,,
MAIN:0x03115A,MAIN,170,,Ordinary text,0x03115A,0x030FB3,0x030FB3,,,365,0x031162,大钳槌,graphical_codes,<B0F3><B0F5><B0F7>,Crabhamr,translated_directly_from_chinese_ai_review,pointer_table,high,pointer_table,ai_source_reviewed,6,yes,The executable battle grid provides nine-character move cells; Crabhammer is displayed as Crabhamr.,Directly renders the Chinese source as Crabhammer; the 2015 English and French gloss were used only as secondary witnesses. The executable nine-character battle cell displays Crabhamr for the full move name Crabhammer.,,,,
MAIN:0x031166,MAIN,171,,Ordinary text,0x031166,0x030FB7,0x030FB7,,,367,0x031170,高压水泵,graphical_codes,<B56D><B56F><B571>,HydroPmp,translated_directly_from_chinese_ai_review,pointer_table,high,pointer_table,ai_source_reviewed,6,yes,The two-column battle grid needs an empty separator cell; this compact label is capped at eight glyphs.,Directly renders the Chinese source as Hydro Pump; the 2015 English and French gloss were used only as secondary witnesses. The executable eight-character battle cell displays HydroPmp for the full move name Hydro Pump.,,,,
MAIN:0x031170,MAIN,172,,Ordinary text,0x031170,0x030FB9,0x030FB9,,,368,0x03117A,喷水,graphical_codes,<B0F9><B0FB><B0FD>,WtrSpout,translated_directly_from_chinese_ai_review,pointer_table,high,pointer_table,ai_source_reviewed,6,yes,The two-column battle grid needs an empty separator cell; this compact label is capped at eight glyphs.,"The Chinese name literally matches Water Spout. The French table calls this slot Water Sport, so the possible name-versus-effect conflict remains explicitly flagged. The executable eight-character battle cell displays WtrSpout for the full move name Water Spout.",,,,
MAIN:0x031177,MAIN,173,,Ordinary text,0x031177,0x030FBB,0x030FBB,,,369,0x031180,贝壳夹,ascii,Clamp,Clamp,translated_directly_from_chinese_ai_review,pointer_table,high,pointer_table,ai_source_reviewed,5,no,,Directly renders the Chinese source as Clamp; the 2015 English and French gloss were used only as secondary witnesses.,,,,
MAIN:0x03117D,MAIN,174,,Ordinary text,0x03117D,0x030FBD,0x030FBD,,,370,0x031188,躲进贝壳,ascii,Withdraw,Withdraw,translated_directly_from_chinese_ai_review,pointer_table,high,pointer_table,ai_source_reviewed,8,no,,Directly renders the Chinese source as Withdraw; the 2015 English and French gloss were used only as secondary witnesses.,,,,
MAIN:0x031186,MAIN,175,,Ordinary text,0x031186,0x030FBF,0x030FBF,,,371,0x031192,电气,graphical_codes,<B1A1><B1A3><B1A5><B1A7>,ThndrShk,translated_directly_from_chinese_ai_review,pointer_table,high,pointer_table,ai_source_reviewed,8,yes,The two-column battle grid needs an empty separator cell; this compact label is capped at eight glyphs.,"The first Electric move and Pikachu starting move are the official ThunderShock, also rendered as Thunder Shock by the 2015 Luiga build; the executable eight-character battle cell displays ThndrShk.",,,,
MAIN:0x03118F,MAIN,176,,Ordinary text,0x03118F,0x030FC1,0x030FC1,,,372,0x031198,电击波,graphical_codes,<B1A9><B1AB><B1AD>,ShockWav,translated_directly_from_chinese_ai_review,pointer_table,high,pointer_table,ai_source_reviewed,6,yes,The two-column battle grid needs an empty separator cell; this compact label is capped at eight glyphs.,Directly renders the Chinese source as Shock Wave; the 2015 English and French gloss were used only as secondary witnesses. The executable eight-character battle cell displays ShockWav for the full move name Shock Wave.,,,,
MAIN:0x031196,MAIN,177,,Ordinary text,0x031196,0x030FC3,0x030FC3,,,373,0x0311A0,电火花,ascii,Spark,Spark,translated_directly_from_chinese_ai_review,pointer_table,high,pointer_table,ai_source_reviewed,5,no,,Directly renders the Chinese source as Spark; the 2015 English and French gloss were used only as secondary witnesses.,,,,
MAIN:0x03119C,MAIN,178,,Ordinary text,0x03119C,0x030FC5,0x030FC5,,,374,0x0311A8,闪电拳,graphical_codes,<B1AF><B1B1><B1B3><B1B5>,ThndrPch,translated_directly_from_chinese_ai_review,pointer_table,high,pointer_table,ai_source_reviewed,8,yes,The two-column battle grid needs an empty separator cell; this compact label is capped at eight glyphs.,Directly renders the Chinese source as Thunder Punch; the 2015 English and French gloss were used only as secondary witnesses. The executable eight-character battle cell displays ThndrPch for the full move name Thunder Punch.,,,,
MAIN:0x0311A5,MAIN,179,,Ordinary text,0x0311A5,0x030FC7,0x030FC7,,,375,0x0311B0,十万伏特,graphical_codes,<B1B7><B1B9><B1BB><B1BD>,ThndrBlt,translated_directly_from_chinese_ai_review,pointer_table,high,pointer_table,ai_source_reviewed,8,yes,The two-column battle grid needs an empty separator cell; this compact label is capped at eight glyphs.,Directly renders the Chinese source as Thunderbolt; the 2015 English and French gloss were used only as secondary witnesses. The executable eight-character battle cell displays ThndrBlt for the full move name Thunderbolt.,,,,
MAIN:0x0311AE,MAIN,180,,Ordinary text,0x0311AE,0x030FC9,0x030FC9,,,376,0x0311BA,电磁炮,graphical_codes,<B1BF><B1C1><B1C3>,ZapCanon,translated_directly_from_chinese_ai_review,pointer_table,high,pointer_table,ai_source_reviewed,6,yes,The two-column battle grid needs an empty separator cell; this compact label is capped at eight glyphs.,Directly renders the Chinese source as Zap Cannon; the 2015 English and French gloss were used only as secondary witnesses. The executable eight-character battle cell displays ZapCanon for the full move name Zap Cannon.,,,,
MAIN:0x0311B5,MAIN,181,,Ordinary text,0x0311B5,0x030FCB,0x030FCB,,,377,0x0311C2,高压电击,graphical_codes,<B1C5><B1C7><B1C9>,VoltTckl,translated_directly_from_chinese_ai_review,pointer_table,high,pointer_table,ai_source_reviewed,6,yes,The two-column battle grid needs an empty separator cell; this compact label is capped at eight glyphs.,Directly renders the Chinese source as Volt Tackle; the 2015 English and French gloss were used only as secondary witnesses. The executable eight-character battle cell displays VoltTckl for the full move name Volt Tackle.,,,,
MAIN:0x0311BC,MAIN,182,,Ordinary text,0x0311BC,0x030FCD,0x030FCD,,,378,0x0311CC,雷电,ascii,Thunder,Thunder,translated_directly_from_chinese_ai_review,pointer_table,high,pointer_table,ai_source_reviewed,7,no,,Directly renders the Chinese source as Thunder; the 2015 English and French gloss were used only as secondary witnesses.,,,,
MAIN:0x0311C4,MAIN,183,,Ordinary text,0x0311C4,0x030FCF,0x030FCF,,,379,0x0311D2,电磁波,graphical_codes,<B1CB><B1CD><B1CF><B1D1>,ThndrWav,translated_directly_from_chinese_ai_review,pointer_table,high,pointer_table,ai_source_reviewed,8,yes,The two-column battle grid needs an empty separator cell; this compact label is capped at eight glyphs.,Directly renders the Chinese source as Thunder Wave; the 2015 English and French gloss were used only as secondary witnesses. The executable eight-character battle cell displays ThndrWav for the full move name Thunder Wave.,,,,
MAIN:0x0311CD,MAIN,184,,Ordinary text,0x0311CD,0x030FD1,0x030FD1,,,380,0x0311DA,吸取,ascii,Avsorb,Absorb,translated_directly_from_chinese_ai_review,pointer_table,high,pointer_table,ai_source_reviewed,6,no,,Directly renders the Chinese source as Absorb; the 2015 English and French gloss were used only as secondary witnesses.,,,,
MAIN:0x0311D4,MAIN,185,,Ordinary text,0x0311D4,0x030FD3,0x030FD3,,,381,0x0311E0,百力吸取,graphical_codes,<B1D3><B1D5><B1D7>,MegaDrn,translated_directly_from_chinese_ai_review,pointer_table,high,pointer_table,ai_source_reviewed,6,yes,The two-column battle grid needs an empty separator cell; this compact label is capped at eight glyphs.,Directly renders the Chinese source as Mega Drain; the 2015 English and French gloss were used only as secondary witnesses. The executable eight-character battle cell displays MegaDrn for the full move name Mega Drain.,,,,
MAIN:0x0311DB,MAIN,186,,Ordinary text,0x0311DB,0x030FD5,0x030FD5,,,382,0x0311EA,亿力吸取,graphical_codes,<B1D9><B1DB><B1DD>,GigaDrn,translated_directly_from_chinese_ai_review,pointer_table,high,pointer_table,ai_source_reviewed,6,yes,The two-column battle grid needs an empty separator cell; this compact label is capped at eight glyphs.,"The Chinese escalating drain name supports Giga Drain. The French table calls this slot Magical Leaf, so the possible name-versus-effect conflict remains flagged. The executable eight-character battle cell displays GigaDrn for the full move name Giga Drain.",,,,
MAIN:0x0311E2,MAIN,187,,Ordinary text,0x0311E2,0x030FD7,0x030FD7,,,383,0x0311F4,蔓藤鞭,graphical_codes,<B573><B575>,VineWhip,translated_directly_from_chinese_ai_review,pointer_table,high,pointer_table,ai_source_reviewed,4,yes,The two-column battle grid needs an empty separator cell; this compact label is capped at eight glyphs.,Directly renders the Chinese source as VineWhip; the 2015 English and French gloss were used only as secondary witnesses. The eight-character battle label uses VineWhip so adjacent moves remain visually separated.,,,,
MAIN:0x0311E7,MAIN,188,,Ordinary text,0x0311E7,,0x030FD7,,,383,0x0311F4,蔓藤鞭,ascii,Whip,Vine,translated_directly_from_reviewed_chinese_source_ai_review,containing_offset,medium,reviewed_source_adjudication,ai_source_reviewed,4,yes,Fixed four-byte move-name cell; Vine is the shortest unambiguous English label for Vine Whip.,The reviewed move is Vine Whip; the fixed four-byte move-name cell preserves its distinguishing Vine element.,,,,
MAIN:0x0311EC,MAIN,189,,Ordinary text,0x0311EC,0x030FD9,0x030FD9,,,384,0x0311FC,飞叶快刀,graphical_codes,<B1DF><B1E1><B1E3>,RazorLef,translated_directly_from_chinese_ai_review,pointer_table,high,pointer_table,ai_source_reviewed,6,yes,The two-column battle grid needs an empty separator cell; this compact label is capped at eight glyphs.,Directly renders the Chinese source as Razor Leaf; the 2015 English and French gloss were used only as secondary witnesses. The executable eight-character battle cell displays RazorLef for the full move name Razor Leaf.,,,,
MAIN:0x0311F3,MAIN,190,,Ordinary text,0x0311F3,0x030FDB,0x030FDB,,,385,0x031206,魔叶斩,graphical_codes,<B1E5><B1E7><B1E9>,LeafSlsh,translated_directly_from_chinese_ai_review,pointer_table,high,pointer_table,ai_source_reviewed,6,yes,The two-column battle grid needs an empty separator cell; this compact label is capped at eight glyphs.,"Literally preserves the Chinese Magic Leaf Slash label. The French table calls this slot Needle Arm, so the possible name-versus-effect conflict remains flagged. The executable eight-character battle cell displays LeafSlsh for the full move name Magic Leaf Slash.",,,,
MAIN:0x0311FA,MAIN,191,,Ordinary text,0x0311FA,0x030FDD,0x030FDD,,,386,0x03120E,刃叶斩,graphical_codes,<B577><B579>,LeafBlde,translated_directly_from_chinese_ai_review,pointer_table,high,pointer_table,ai_source_reviewed,4,yes,The two-column battle grid needs an empty separator cell; this compact label is capped at eight glyphs.,"The Chinese blade-leaf label matches Leaf Blade. The French table calls this slot Seed Bomb, so the possible name-versus-effect conflict remains flagged. The executable eight-character battle cell displays LeafBlde for the full move name Leaf Blade.",,,,
MAIN:0x0311FF,MAIN,192,,Ordinary text,0x0311FF,,0x030FDD,,,386,0x03120E,刃叶斩,ascii,Bomb,Leaf,translated_directly_from_reviewed_chinese_source_ai_review,containing_offset,medium,reviewed_source_adjudication,ai_source_reviewed,4,yes,Fixed four-byte move-name cell; Leaf preserves the move's defining concept.,The reviewed move is Leaf Blade; the fixed four-byte move-name cell preserves Leaf and rejects the false old Bomb alignment.,,,,
MAIN:0x031204,MAIN,193,,Ordinary text,0x031204,0x030FDF,0x030FDF,,,387,0x031216,太阳光线,graphical_codes,<B1EB><B1ED><B1EF>,SolarBem,translated_directly_from_chinese_ai_review,pointer_table,high,pointer_table,ai_source_reviewed,6,yes,The two-column battle grid needs an empty separator cell; this compact label is capped at eight glyphs.,Directly renders the Chinese source as Solar Beam; the 2015 English and French gloss were used only as secondary witnesses. The executable eight-character battle cell displays SolarBem for the full move name Solar Beam.,,,,
MAIN:0x03120B,MAIN,194,,Ordinary text,0x03120B,0x030FE1,0x030FE1,,,388,0x031220,硬化植物,graphical_codes,<B1F1><B1F3><B1F5>,FrnzyPlt,translated_directly_from_chinese_ai_review,pointer_table,high,pointer_table,ai_source_reviewed,6,yes,The two-column battle grid needs an empty separator cell; this compact label is capped at eight glyphs.,Directly renders the Chinese source as Frenzy Plant; the 2015 English and French gloss were used only as secondary witnesses. The executable eight-character battle cell displays FrnzyPlt for the full move name Frenzy Plant.,,,,
MAIN:0x031212,MAIN,195,,Ordinary text,0x031212,0x030FE3,0x030FE3,,,389,0x03122A,草笛,graphical_codes,<B1F7><B1F9><B1FB><B1FD>,GrssWstl,translated_directly_from_chinese_ai_review,pointer_table,high,pointer_table,ai_source_reviewed,8,yes,The two-column battle grid needs an empty separator cell; this compact label is capped at eight glyphs.,Directly renders the Chinese source as GrassWhistle; the 2015 English and French gloss were used only as secondary witnesses. The executable eight-character battle cell displays GrssWstl for the full move name GrassWhistle.,,,,
MAIN:0x03121B,MAIN,196,,Ordinary text,0x03121B,0x030FE5,0x030FE5,,,390,0x031230,催眠粉,graphical_codes,<B1FF><B101><B103><B105>,SlpPowdr,translated_directly_from_chinese_ai_review,pointer_table,high,pointer_table,ai_source_reviewed,8,yes,The two-column battle grid needs an empty separator cell; this compact label is capped at eight glyphs.,Directly renders the Chinese source as Sleep Powder; the 2015 English and French gloss were used only as secondary witnesses. The executable eight-character battle cell displays SlpPowdr for the full move name Sleep Powder.,,,,
MAIN:0x031224,MAIN,197,,Ordinary text,0x031224,0x030FE7,0x030FE7,,,391,0x031238,蘑菇孢子,ascii,Spore,Spore,translated_directly_from_chinese_ai_review,pointer_table,high,pointer_table,ai_source_reviewed,5,no,,Directly renders the Chinese source as Spore; the 2015 English and French gloss were used only as secondary witnesses.,,,,
MAIN:0x03122A,MAIN,198,,Ordinary text,0x03122A,0x030FE9,0x030FE9,,,392,0x031242,麻痹粉,graphical_codes,<B107><B109><B10B>,StunSpor,translated_directly_from_chinese_ai_review,pointer_table,high,pointer_table,ai_source_reviewed,6,yes,The two-column battle grid needs an empty separator cell; this compact label is capped at eight glyphs.,Directly renders the Chinese source as Stun Spore; the 2015 English and French gloss were used only as secondary witnesses. The executable eight-character battle cell displays StunSpor for the full move name Stun Spore.,,,,
MAIN:0x031231,MAIN,199,,Ordinary text,0x031231,0x030FEB,0x030FEB,,,393,0x03124A,细雪,graphical_codes,<B10D><B10F><B111>,PwdrSnow,translated_directly_from_chinese_ai_review,pointer_table,high,pointer_table,ai_source_reviewed,6,yes,The two-column battle grid needs an empty separator cell; this compact label is capped at eight glyphs.,Directly renders the Chinese source as Powder Snow; the 2015 English and French gloss were used only as secondary witnesses. The executable eight-character battle cell displays PwdrSnow for the full move name Powder Snow.,,,,
MAIN:0x031238,MAIN,200,,Ordinary text,0x031238,0x030FED,0x030FED,,,394,0x031250,冰结之风,ascii,Icy Wind,Icy Wind,translated_directly_from_chinese_ai_review,pointer_table,high,pointer_table,ai_source_reviewed,8,no,,Directly renders the Chinese source as Icy Wind; the 2015 English and French gloss were used only as secondary witnesses.,,,,
MAIN:0x031241,MAIN,201,,Ordinary text,0x031241,0x030FEF,0x030FEF,,,395,0x03125A,极光光线,graphical_codes,<B113><B115><B117>,AuroraBm,translated_directly_from_chinese_ai_review,pointer_table,high,pointer_table,ai_source_reviewed,6,yes,The executable battle grid provides nine-character move cells; Aurora Beam is displayed as AuroraBm.,"The Chinese aurora-ray label matches Aurora Beam. The French table calls this slot Arctic Breeze, so the possible name-versus-effect conflict remains flagged. The executable nine-character battle cell displays AuroraBm for the full move name Aurora Beam.",,,,
MAIN:0x031248,MAIN,202,,Ordinary text,0x031248,0x030FF1,0x030FF1,,,396,0x031264,冷冻拳,graphical_codes,<B57B><B57D><B57F>,IcePnch,translated_directly_from_chinese_ai_review,pointer_table,high,pointer_table,ai_source_reviewed,6,yes,The two-column battle grid needs an empty separator cell; this compact label is capped at eight glyphs.,Directly renders the Chinese source as IcePnch; the 2015 English and French gloss were used only as secondary witnesses. The eight-character battle label uses IcePnch so adjacent moves remain visually separated.,,,,
MAIN:0x031252,MAIN,203,,Ordinary text,0x031252,0x030FF3,0x030FF3,,,397,0x03126C,冷冻光线,ascii,Ice Beam,Ice Beam,translated_directly_from_chinese_ai_review,pointer_table,high,pointer_table,ai_source_reviewed,8,no,,Directly renders the Chinese source as Ice Beam; the 2015 English and French gloss were used only as secondary witnesses.,,,,
MAIN:0x03125B,MAIN,204,,Ordinary text,0x03125B,0x030FF5,0x030FF5,,,398,0x031276,吹雪,ascii,Blizzard,Blizzard,translated_directly_from_chinese_ai_review,pointer_table,high,pointer_table,ai_source_reviewed,8,no,,Directly renders the Chinese source as Blizzard; the 2015 English and French gloss were used only as secondary witnesses.,,,,
MAIN:0x031264,MAIN,205,,Ordinary text,0x031264,0x030FF7,0x030FF7,,,399,0x03127C,绝对零度,graphical_codes,<B119><B11B><B11D>,SheerCld,translated_directly_from_chinese_ai_review,pointer_table,high,pointer_table,ai_source_reviewed,6,yes,The two-column battle grid needs an empty separator cell; this compact label is capped at eight glyphs.,Directly renders the Chinese source as Sheer Cold; the 2015 English and French gloss were used only as secondary witnesses. The executable eight-character battle cell displays SheerCld for the full move name Sheer Cold.,,,,
MAIN:0x03126B,MAIN,206,,Ordinary text,0x03126B,0x030FF9,0x030FF9,,,400,0x031286,扔泥,ascii,Mud Slap,Mud-Slap,translated_directly_from_chinese_ai_review,pointer_table,high,pointer_table,ai_source_reviewed,8,no,,Directly renders the Chinese source as Mud-Slap; the 2015 English and French gloss were used only as secondary witnesses.,,,,
MAIN:0x031274,MAIN,207,,Ordinary text,0x031274,0x030FFB,0x030FFB,,,401,0x03128C,泥浆喷射,ascii,Mud Shot,Mud Shot,translated_directly_from_chinese_ai_review,pointer_table,high,pointer_table,ai_source_reviewed,8,no,,Directly renders the Chinese source as Mud Shot; the 2015 English and French gloss were used only as secondary witnesses.,,,,
MAIN:0x03127D,MAIN,208,,Ordinary text,0x03127D,0x030FFD,0x030FFD,,,402,0x031296,挖洞,ascii,Dig,Dig,translated_directly_from_chinese_ai_review,pointer_table,high,pointer_table,ai_source_reviewed,3,no,,Directly renders the Chinese source as Dig; the 2015 English and French gloss were used only as secondary witnesses.,,,,
MAIN:0x031281,MAIN,209,,Ordinary text,0x031281,0x030FFF,0x030FFF,,,403,0x03129C,骨头击,graphical_codes,<B581><B583>,BoneClub,translated_directly_from_chinese_ai_review,pointer_table,high,pointer_table,ai_source_reviewed,4,yes,The two-column battle grid needs an empty separator cell; this compact label is capped at eight glyphs.,Directly renders the Chinese source as BoneClub; the 2015 English and French gloss were used only as secondary witnesses. The eight-character battle label uses BoneClub so adjacent moves remain visually separated.,,,,
MAIN:0x031286,MAIN,210,,Ordinary text,0x031286,,0x030FFF,,,403,0x03129C,骨头击,ascii,Club,Bone,translated_directly_from_reviewed_chinese_source_ai_review,exact_offset,medium,reviewed_source_adjudication,ai_source_reviewed,4,yes,Fixed four-byte move-name cell; Bone is the shortest distinguishing label for Bone Club.,The reviewed move is Bone Club; the fixed four-byte move-name cell preserves Bone instead of the less distinctive old Club suffix.,,,,
MAIN:0x03128B,MAIN,211,,Ordinary text,0x03128B,0x031001,0x031001,,,404,0x0312A4,地震,graphical_codes,<B11F><B121><B123>,EarthQke,translated_directly_from_chinese_ai_review,pointer_table,high,pointer_table,ai_source_reviewed,6,yes,The two-column battle grid needs an empty separator cell; this compact label is capped at eight glyphs.,The Chinese move name directly denotes Earthquake; unreadable legacy graphics are not retained. The executable eight-character battle cell displays EarthQke for the full move name Earthquake.,,,,
MAIN:0x031292,MAIN,212,,Ordinary text,0x031292,0x031003,0x031003,,,405,0x0312AA,骨头旋镖,graphical_codes,0000<B129><B12B><B12D>,BoneRang,translated_directly_from_chinese_ai_review,pointer_table,high,pointer_table,ai_source_reviewed,10,yes,The two-column battle grid needs an empty separator cell; this compact label is capped at eight glyphs.,"Uses the official move name matching the Chinese bone boomerang, with no legacy padding copied into the payload. The executable eight-character battle cell displays BoneRang for the full move name Bonemerang.",,,,
MAIN:0x03129D,MAIN,213,,Ordinary text,0x03129D,0x031005,0x031005,,,406,0x0312B4,地裂,ascii,Fissure,Fissure,translated_directly_from_chinese_ai_review,pointer_table,high,pointer_table,ai_source_reviewed,11,no,,The Chinese label and executable move-table slot both identify Fissure; no surrounding spaces are semantically required.,,,,
MAIN:0x0312A9,MAIN,214,,Ordinary text,0x0312A9,0x031007,0x031007,,,407,0x0312BA,扔沙,graphical_codes,<B133><B135><B137>,SandAtk,translated_directly_from_chinese_ai_review,pointer_table,high,pointer_table,ai_source_reviewed,6,yes,The two-column battle grid needs an empty separator cell; this compact label is capped at eight glyphs.,Uses the official two-word move name for the Chinese instruction to throw sand. The executable eight-character battle cell displays SandAtk for the full move name Sand Attack.,,,,
MAIN:0x0312B0,MAIN,215,,Ordinary text,0x0312B0,0x031009,0x031009,,,408,0x0312C0,落石,graphical_codes,<B139><B13B><B13D>,RockThrw,translated_directly_from_chinese_ai_review,pointer_table,high,pointer_table,ai_source_reviewed,6,yes,The two-column battle grid needs an empty separator cell; this compact label is capped at eight glyphs.,The Chinese falling-rock label identifies Rock Throw in the neighboring Rock-type move sequence. The executable eight-character battle cell displays RockThrw for the full move name Rock Throw.,,,,
MAIN:0x0312B7,MAIN,216,,Ordinary text,0x0312B7,0x03100B,0x03100B,,,409,0x0312C6,岩石封杀,graphical_codes,<B585><B587>,RockTomb,translated_directly_from_chinese_ai_review,pointer_table,high,pointer_table,ai_source_reviewed,4,yes,The two-column battle grid needs an empty separator cell; this compact label is capped at eight glyphs.,The rock-sealing wording is mechanically resolved as RockTomb by its Rock-move neighbors; this is not a literal-name substitution with a different effect. The eight-character battle label uses RockTomb so adjacent moves remain visually separated.,,,,
MAIN:0x0312BC,MAIN,217,,Ordinary text,0x0312BC,,0x03100B,,,409,0x0312C6,岩石封杀,ascii,Tomb,Tomb,translated_directly_from_reviewed_chinese_source_ai_review,containing_offset,medium,reviewed_source_adjudication,ai_source_reviewed,4,yes,Fixed four-byte move-name cell; Tomb is the available identifying element of Rock Tomb.,The reviewed move is Rock Tomb; the fixed four-byte move-name cell retains the distinctive Tomb element.,,,,
MAIN:0x0312C1,MAIN,218,,Ordinary text,0x0312C1,0x03100D,0x03100D,,,410,0x0312D0,原始力量,graphical_codes,<B13F><B141><B143><B145>,AncntPwr,translated_directly_from_chinese_ai_review,pointer_table,high,pointer_table,ai_source_reviewed,8,yes,The executable battle grid provides nine-character move cells; Ancient Power is displayed as AncntPwr.,Uses the official spaced English name matching the Chinese ancient-power label. The executable nine-character battle cell displays AncntPwr for the full move name Ancient Power.,,,,
MAIN:0x0312CA,MAIN,219,,Ordinary text,0x0312CA,0x03100F,0x03100F,,,411,0x0312DA,岩崩,graphical_codes,<B147><B149><B14B>,RockSlid,translated_directly_from_chinese_ai_review,pointer_table,high,pointer_table,ai_source_reviewed,6,yes,The two-column battle grid needs an empty separator cell; this compact label is capped at eight glyphs.,The Chinese rock-collapse label directly matches Rock Slide. The executable eight-character battle cell displays RockSlid for the full move name Rock Slide.,,,,
MAIN:0x0312D1,MAIN,220,,Ordinary text,0x0312D1,0x031011,0x031011,,,412,0x0312E0,吸血,graphical_codes,<B14D><B14F><B151>,LechLife,translated_directly_from_chinese_ai_review,pointer_table,high,pointer_table,ai_source_reviewed,6,yes,The two-column battle grid needs an empty separator cell; this compact label is capped at eight glyphs.,The Chinese blood-draining label directly identifies Leech Life. The executable eight-character battle cell displays LechLife for the full move name Leech Life.,,,,
MAIN:0x0312D8,MAIN,221,,Ordinary text,0x0312D8,0x031013,0x031013,,,413,0x0312E6,双针,graphical_codes,<B153><B155><B157>,TwinNeed,translated_directly_from_chinese_ai_review,pointer_table,high,pointer_table,ai_source_reviewed,6,yes,The two-column battle grid needs an empty separator cell; this compact label is capped at eight glyphs.,Uses the official one-word move name for the Chinese double-needle label. The eight-character battle label uses TwinNeed so adjacent moves remain visually separated.,,,,
MAIN:0x0312DF,MAIN,222,,Ordinary text,0x0312DF,0x031015,0x031015,,,414,0x0312EC,银色之风,graphical_codes,<B159><B15B><B15D>,SlvrWind,translated_directly_from_chinese_ai_review,pointer_table,high,pointer_table,ai_source_reviewed,6,yes,The two-column battle grid needs an empty separator cell; this compact label is capped at eight glyphs.,The Chinese silver-wind label directly matches Silver Wind. The executable eight-character battle cell displays SlvrWind for the full move name Silver Wind.,,,,
MAIN:0x0312E6,MAIN,223,,Ordinary text,0x0312E6,0x031017,0x031017,,,415,0x0312F6,信号光线,graphical_codes,<B15F><B161><B163>,SignalBm,translated_directly_from_chinese_ai_review,pointer_table,high,pointer_table,ai_source_reviewed,6,yes,The executable battle grid provides nine-character move cells; Signal Beam is displayed as SignalBm.,The Chinese signal-ray label directly matches Signal Beam. The executable nine-character battle cell displays SignalBm for the full move name Signal Beam.,,,,
MAIN:0x0312ED,MAIN,224,,Ordinary text,0x0312ED,0x031019,0x031019,,,416,0x031300,威力角突,graphical_codes,<B589><B58B>,Megahorn,translated_directly_from_chinese_ai_review,pointer_table,high,pointer_table,ai_source_reviewed,4,no,,The powerful horn-thrust wording and its Bug-move context identify Megahorn.,,,,
MAIN:0x0312F2,MAIN,225,,Ordinary text,0x0312F2,,0x031019,,,416,0x031300,威力角突,ascii,Horn,Horn,translated_directly_from_reviewed_chinese_source_ai_review,containing_offset,medium,reviewed_source_adjudication,ai_source_reviewed,4,yes,Fixed four-byte move-name cell; Horn preserves the move's defining attack concept.,The reviewed powerful horn-thrust move is Megahorn; the fixed four-byte move-name cell retains Horn.,,,,
MAIN:0x0312F7,MAIN,226,,Ordinary text,0x0312F7,0x03101B,0x03101B,,,417,0x03130A,萤火,graphical_codes,<B58D><B58F>,TailGlow,translated_directly_from_chinese_ai_review,pointer_table,high,pointer_table,ai_source_reviewed,4,yes,The two-column battle grid needs an empty separator cell; this compact label is capped at eight glyphs.,"Although the Chinese literally evokes a firefly glow, the executable slot and matching witness identify the move TailGlow. The eight-character battle label uses TailGlow so adjacent moves remain visually separated.",,,,
MAIN:0x0312FC,MAIN,227,,Ordinary text,0x0312FC,,0x03101B,,,417,0x03130A,萤火,ascii,Glow,Glow,translated_directly_from_reviewed_chinese_source_ai_review,containing_offset,medium,reviewed_source_adjudication,ai_source_reviewed,4,yes,Fixed four-byte move-name cell; Glow directly preserves the Chinese firefly-light concept.,"The adjudicated move is Tail Glow, whose Chinese name refers to a firefly glow; the fixed four-byte cell retains Glow.",,,,
MAIN:0x031301,MAIN,228,,Ordinary text,0x031301,0x03101D,0x03101D,,,418,0x031310,吐丝,graphical_codes,<B165><B167><B169>,StrngSht,translated_directly_from_chinese_ai_review,pointer_table,high,pointer_table,ai_source_reviewed,6,yes,The two-column battle grid needs an empty separator cell; this compact label is capped at eight glyphs.,The Chinese silk-spitting label directly identifies String Shot. The executable eight-character battle cell displays StrngSht for the full move name String Shot.,,,,
MAIN:0x031308,MAIN,229,,Ordinary text,0x031308,0x03101F,0x03101F,,,419,0x031316,毒针,graphical_codes,0000<B16F><B171><B173>,PsnSting,translated_directly_from_chinese_ai_review,pointer_table,high,pointer_table,ai_source_reviewed,10,yes,The two-column battle grid needs an empty separator cell; this compact label is capped at eight glyphs.,Uses the official move name for the Chinese poison-needle label; apparent legacy leading padding is not semantic text. The executable eight-character battle cell displays PsnSting for the full move name Poison Sting.,,,,
MAIN:0x031313,MAIN,230,,Ordinary text,0x031313,0x031021,0x031021,,,420,0x03131C,烟雾,ascii,Smog,Smog,translated_directly_from_chinese_ai_review,pointer_table,high,pointer_table,ai_source_reviewed,4,no,,The Chinese smoke label and Poison-move neighborhood concord with Smog.,,,,
MAIN:0x031318,MAIN,231,,Ordinary text,0x031318,0x031023,0x031023,,,421,0x031322,溶解液,ascii,Acid,Acid,translated_directly_from_chinese_ai_review,pointer_table,high,pointer_table,ai_source_reviewed,4,no,,The Chinese dissolving-liquid label directly identifies Acid in this move slot.,,,,
MAIN:0x03131D,MAIN,232,,Ordinary text,0x03131D,0x031025,0x031025,,,422,0x03132A,毒尾巴,graphical_codes,<B175><B177><B179>,PsnTail,translated_directly_from_chinese_ai_review,pointer_table,high,pointer_table,ai_source_reviewed,6,yes,The two-column battle grid needs an empty separator cell; this compact label is capped at eight glyphs.,The Chinese poison-tail label directly matches Poison Tail. The executable eight-character battle cell displays PsnTail for the full move name Poison Tail.,,,,
MAIN:0x031324,MAIN,233,,Ordinary text,0x031324,0x031027,0x031027,,,423,0x031332,剧毒之牙,graphical_codes,<B17B><B17D><B17F>,PsnFang,translated_directly_from_chinese_ai_review,pointer_table,high,pointer_table,ai_source_reviewed,6,yes,The two-column battle grid needs an empty separator cell; this compact label is capped at eight glyphs.,The Chinese venomous-fang label directly matches Poison Fang. The executable eight-character battle cell displays PsnFang for the full move name Poison Fang.,,,,
MAIN:0x03132B,MAIN,234,,Ordinary text,0x03132B,0x031029,0x031029,,,424,0x03133C,泥攻击,ascii,Sludge,Sludge,translated_directly_from_chinese_ai_review,pointer_table,high,pointer_table,ai_source_reviewed,6,no,,"The mud-like attack is resolved as Sludge by the contiguous Poison-move table and the following Sludge Bomb entry, not as a Ground move.",,,,
MAIN:0x031332,MAIN,235,,Ordinary text,0x031332,0x03102B,0x03102B,,,425,0x031344,泥爆弹,graphical_codes,<B181><B183><B185>,SludgBom,translated_directly_from_chinese_ai_review,pointer_table,high,pointer_table,ai_source_reviewed,6,yes,The two-column battle grid needs an empty separator cell; this compact label is capped at eight glyphs.,The Chinese sludge-bomb label and adjacent Poison moves directly identify Sludge Bomb. The executable eight-character battle cell displays SludgBom for the full move name Sludge Bomb.,,,,
MAIN:0x031339,MAIN,236,,Ordinary text,0x031339,0x03102D,0x03102D,,,426,0x03134C,毒烟,graphical_codes,0000<B18B><B18D><B18F>,PoisnGas,translated_directly_from_chinese_ai_review,pointer_table,high,pointer_table,ai_source_reviewed,10,yes,The executable battle grid provides nine-character move cells; Poison Gas is displayed as PoisnGas.,The Chinese poison-smoke label identifies Poison Gas; legacy visual padding is not reproduced. The executable nine-character battle cell displays PoisnGas for the full move name Poison Gas.,,,,
MAIN:0x031344,MAIN,237,,Ordinary text,0x031344,0x031031,0x031031,,,428,0x031358,剧毒,ascii,Toxic,Toxic,translated_directly_from_chinese_ai_review,pointer_table,high,pointer_table,ai_source_reviewed,5,no,,The Chinese severe-poison label and executable context directly identify Toxic.,,,,
MAIN:0x03134A,MAIN,238,,Ordinary text,0x03134A,0x031033,0x031033,,,429,0x03135E,岩碎,ascii,Low Kick,RockSmsh,translated_directly_from_chinese_ai_review,pointer_table,high,pointer_table,ai_source_reviewed,8,yes,The two-column battle grid needs an empty separator cell; this compact label is capped at eight glyphs.,Corrects the mechanically wrong old Low Kick label: the Chinese explicitly names Rock Smash. The executable eight-character battle cell displays RockSmsh for the full move name Rock Smash.,,,,
MAIN:0x031353,MAIN,239,,Ordinary text,0x031353,0x031035,0x031035,,,430,0x031364,音速拳,graphical_codes,<B191><B193><B195>,MachPnch,translated_directly_from_chinese_ai_review,pointer_table,high,pointer_table,ai_source_reviewed,6,yes,The two-column battle grid needs an empty separator cell; this compact label is capped at eight glyphs.,The Chinese sonic-speed punch label and Fighting-move sequence identify Mach Punch. The executable eight-character battle cell displays MachPnch for the full move name Mach Punch.,,,,
MAIN:0x03135A,MAIN,240,,Ordinary text,0x03135A,0x031037,0x031037,,,431,0x03136C,空手切,graphical_codes,<B197><B199><B19B>,KaratChp,translated_directly_from_chinese_ai_review,pointer_table,high,pointer_table,ai_source_reviewed,6,yes,The two-column battle grid needs an empty separator cell; this compact label is capped at eight glyphs.,The Chinese empty-hand chop label directly matches Karate Chop. The executable eight-character battle cell displays KaratChp for the full move name Karate Chop.,,,,
MAIN:0x031361,MAIN,241,,Ordinary text,0x031361,0x031039,0x031039,,,432,0x031374,低踢,graphical_codes,<B3E1><B3E3><B3E5>,Low Kick,translated_directly_from_chinese_ai_review,pointer_table,high,pointer_table,ai_source_reviewed,6,no,,The Chinese low-kick label identifies Low Kick; the shifted French witness is not followed.,,,,
MAIN:0x031368,MAIN,242,,Ordinary text,0x031368,0x03103B,0x03103B,,,433,0x03137A,二段踢,ascii,Revenge,DblKick,translated_directly_from_chinese_ai_review,pointer_table,high,pointer_table,ai_source_reviewed,7,yes,The executable battle grid provides nine-character move cells; Double Kick is displayed as DblKick.,"Corrects the old Revenge mismatch: the Chinese explicitly describes a two-stage kick, Double Kick. The executable nine-character battle cell displays DblKick for the full move name Double Kick.",,,,
MAIN:0x031370,MAIN,243,,Ordinary text,0x031370,0x03103D,0x03103D,,,434,0x031382,回旋踢,graphical_codes,<B3E7><B3E9><B3EB><B3ED>,RollKick,translated_directly_from_chinese_ai_review,pointer_table,high,pointer_table,ai_source_reviewed,8,yes,The executable battle grid provides nine-character move cells; Rolling Kick is displayed as RollKick.,The Chinese spinning-kick label directly matches Rolling Kick. The executable nine-character battle cell displays RollKick for the full move name Rolling Kick.,,,,
MAIN:0x031379,MAIN,244,,Ordinary text,0x031379,0x03103F,0x03103F,,,435,0x03138A,当身投,graphical_codes,<B3EF><B3F1><B3F3>,VitalThr,translated_directly_from_chinese_ai_review,pointer_table,high,pointer_table,ai_source_reviewed,6,yes,The two-column battle grid needs an empty separator cell; this compact label is capped at eight glyphs.,The martial-arts counter-throw term is resolved as Vital Throw by its exact position in the Fighting-move sequence. The executable eight-character battle cell displays VitalThr for the full move name Vital Throw.,,,,
MAIN:0x031380,MAIN,245,,Ordinary text,0x031380,0x031041,0x031041,,,436,0x031392,飞踢,graphical_codes,<B3F5><B3F7><B3F9><B3FB>,JumpKick,translated_directly_from_chinese_ai_review,pointer_table,high,pointer_table,ai_source_reviewed,8,yes,The two-column battle grid needs an empty separator cell; this compact label is capped at eight glyphs.,"The Chinese flying-kick label identifies JumpKick in this Fighting-move slot, not the shifted old witness. The eight-character battle label uses JumpKick so adjacent moves remain visually separated.",,,,
MAIN:0x031389,MAIN,246,,Ordinary text,0x031389,0x031043,0x031043,,,437,0x031398,瓦割,graphical_codes,<B3FD><B3FF><B301>,BrickBrk,translated_directly_from_chinese_ai_review,pointer_table,high,pointer_table,ai_source_reviewed,6,yes,The executable battle grid provides nine-character move cells; Brick Break is displayed as BrickBrk.,The Chinese tile-breaking label directly matches Brick Break. The executable nine-character battle cell displays BrickBrk for the full move name Brick Break.,,,,
MAIN:0x031390,MAIN,247,,Ordinary text,0x031390,0x031045,0x031045,,,438,0x03139E,天升拳,graphical_codes,<B303><B305><B307><B309>,SkyUpCut,translated_directly_from_chinese_ai_review,pointer_table,high,pointer_table,ai_source_reviewed,8,yes,The two-column battle grid needs an empty separator cell; this compact label is capped at eight glyphs.,The Chinese rising-to-the-sky punch label directly identifies Sky Uppercut. The executable eight-character battle cell displays SkyUpCut for the full move name Sky Uppercut.,,,,
MAIN:0x031399,MAIN,248,,Ordinary text,0x031399,0x031047,0x031047,,,439,0x0313A6,十字切,graphical_codes,<B30B><B30D><B30F>,CrossChp,translated_directly_from_chinese_ai_review,pointer_table,high,pointer_table,ai_source_reviewed,6,yes,The two-column battle grid needs an empty separator cell; this compact label is capped at eight glyphs.,The Chinese cross-cut label directly matches Cross Chop. The executable eight-character battle cell displays CrossChp for the full move name Cross Chop.,,,,
MAIN:0x0313A0,MAIN,249,,Ordinary text,0x0313A0,0x031049,0x031049,,,440,0x0313AE,爆裂拳,graphical_codes,<B311><B313><B315><B317>,DynmPnch,translated_directly_from_chinese_ai_review,pointer_table,high,pointer_table,ai_source_reviewed,8,yes,The two-column battle grid needs an empty separator cell; this compact label is capped at eight glyphs.,The Chinese explosive-punch label and Fighting-move order identify Dynamic Punch. The executable eight-character battle cell displays DynmPnch for the full move name Dynamic Punch.,,,,
MAIN:0x0313A9,MAIN,250,,Ordinary text,0x0313A9,0x03104B,0x03104B,,,441,0x0313B6,蛮力,graphical_codes,<B319><B31B><B31D><B31F>,SuperPwr,translated_directly_from_chinese_ai_review,pointer_table,high,pointer_table,ai_source_reviewed,8,yes,The executable battle grid provides nine-character move cells; Superpower is displayed as SuperPwr.,The Chinese brute-force label directly identifies Superpower; the divergent French witness is not used. The executable nine-character battle cell displays SuperPwr for the full move name Superpower.,,,,
MAIN:0x0313B2,MAIN,251,,Ordinary text,0x0313B2,0x03104D,0x03104D,,,442,0x0313BC,气合拳,graphical_codes,<B321><B323><B325>,FocsPnch,translated_directly_from_chinese_ai_review,pointer_table,high,pointer_table,ai_source_reviewed,6,yes,The two-column battle grid needs an empty separator cell; this compact label is capped at eight glyphs.,The focused-energy punch term and its Fighting-move slot identify Focus Punch. The executable eight-character battle cell displays FocsPnch for the full move name Focus Punch.,,,,
MAIN:0x0313B9,MAIN,252,,Ordinary text,0x0313B9,0x03104F,0x03104F,,,443,0x0313C4,啄,ascii,Peck,Peck,translated_directly_from_chinese_ai_review,pointer_table,high,pointer_table,ai_source_reviewed,4,no,,The Chinese pecking label directly matches Peck.,,,,
MAIN:0x0313BE,MAIN,253,,Ordinary text,0x0313BE,0x031051,0x031051,,,444,0x0313C8,旋风,ascii,Gust,Gust,translated_directly_from_chinese_ai_review,pointer_table,high,pointer_table,ai_source_reviewed,4,no,,The Chinese whirlwind label identifies Gust in the Flying-move sequence.,,,,
MAIN:0x0313C3,MAIN,254,,Ordinary text,0x0313C3,0x031053,0x031053,,,445,0x0313CE,真空斩,graphical_codes,<B327><B329><B32B>,AirCuttr,translated_directly_from_chinese_ai_review,pointer_table,high,pointer_table,ai_source_reviewed,6,yes,The two-column battle grid needs an empty separator cell; this compact label is capped at eight glyphs.,The Chinese vacuum-slash label and neighboring Flying moves identify Air Cutter. The executable eight-character battle cell displays AirCuttr for the full move name Air Cutter.,,,,
MAIN:0x0313CA,MAIN,255,,Ordinary text,0x0313CA,0x031055,0x031055,,,446,0x0313D6,翅膀拍击,graphical_codes,<B32D><B32F><B331>,WingAtk,translated_directly_from_chinese_ai_review,pointer_table,high,pointer_table,ai_source_reviewed,6,yes,The two-column battle grid needs an empty separator cell; this compact label is capped at eight glyphs.,The Chinese wing-strike label directly matches Wing Attack. The executable eight-character battle cell displays WingAtk for the full move name Wing Attack.,,,,
MAIN:0x0313D1,MAIN,256,,Ordinary text,0x0313D1,0x031057,0x031057,,,447,0x0313E0,燕返,graphical_codes,<B333><B335><B337>,Aerl Ace,translated_directly_from_chinese_ai_review,pointer_table,high,pointer_table,ai_source_reviewed,6,yes,The two-column battle grid needs an empty separator cell; this compact label is capped at eight glyphs.,The traditional swallow-return name is the established source term for Aerial Ace in this executable slot. The executable eight-character battle cell displays Aerl Ace for the full move name Aerial Ace.,,,,
MAIN:0x0313D8,MAIN,257,,Ordinary text,0x0313D8,0x031059,0x031059,,,448,0x0313E6,飞天术,ascii,Fly,Fly,translated_directly_from_chinese_ai_review,pointer_table,high,pointer_table,ai_source_reviewed,3,no,,The Chinese flying technique directly identifies Fly.,,,,
MAIN:0x0313DC,MAIN,258,,Ordinary text,0x0313DC,0x03105B,0x03105B,,,449,0x0313EE,钻孔啄,graphical_codes,<B339><B33B><B33D>,DrilPeck,translated_directly_from_chinese_ai_review,pointer_table,high,pointer_table,ai_source_reviewed,6,yes,The two-column battle grid needs an empty separator cell; this compact label is capped at eight glyphs.,The Chinese drilling-peck label directly matches Drill Peck. The executable eight-character battle cell displays DrilPeck for the full move name Drill Peck.,,,,
MAIN:0x0313E3,MAIN,259,,Ordinary text,0x0313E3,0x03105D,0x03105D,,,450,0x0313F6,飞跃,ascii,Bounce,Bounce,translated_directly_from_chinese_ai_review,pointer_table,high,pointer_table,ai_source_reviewed,6,no,,The Chinese airborne leap and executable Flying-move slot concord with Bounce.,,,,
MAIN:0x0313EA,MAIN,260,,Ordinary text,0x0313EA,0x03105F,0x03105F,,,451,0x0313FC,空中爆破,graphical_codes,<B33F><B341><B343>,AeroBlst,translated_directly_from_chinese_ai_review,pointer_table,high,pointer_table,ai_source_reviewed,6,yes,The two-column battle grid needs an empty separator cell; this compact label is capped at eight glyphs.,The Chinese aerial blast label directly matches AeroBlst. The eight-character battle label uses AeroBlst so adjacent moves remain visually separated.,,,,
MAIN:0x0313F1,MAIN,261,,Ordinary text,0x0313F1,0x031061,0x031061,,,452,0x031406,神鸟,graphical_codes,<B345><B347><B349>,Sky Atk,translated_directly_from_chinese_ai_review,pointer_table,high,pointer_table,ai_source_reviewed,6,yes,The two-column battle grid needs an empty separator cell; this compact label is capped at eight glyphs.,The Chinese divine-bird move name is the established source label for Sky Attack in this slot. The executable eight-character battle cell displays Sky Atk for the full move name Sky Attack.,,,,
MAIN:0x0313F8,MAIN,262,,Ordinary text,0x0313F8,0x031063,0x031063,,,453,0x03140C,念力,graphical_codes,<B591><B593><B595>,Confusn,translated_directly_from_chinese_ai_review,pointer_table,high,pointer_table,ai_source_reviewed,6,yes,The two-column battle grid needs an empty separator cell; this compact label is capped at eight glyphs.,The Chinese telekinetic-force label and Psychic-move sequence identify Confusn. The eight-character battle label uses Confusn so adjacent moves remain visually separated.,,,,
MAIN:0x031402,MAIN,263,,Ordinary text,0x031402,0x031065,0x031065,,,454,0x031412,精神光线,ascii,Psy Beam,Psybeam,translated_directly_from_chinese_ai_review,pointer_table,high,pointer_table,ai_source_reviewed,8,no,,Uses the official one-word English name matching the Chinese psychic-beam label.,,,,
MAIN:0x03140B,MAIN,264,,Ordinary text,0x03140B,0x031067,0x031067,,,455,0x03141C,迷雾球,graphical_codes,<B597><B599>,MistBall,translated_directly_from_chinese_ai_review,pointer_table,high,pointer_table,ai_source_reviewed,4,yes,The two-column battle grid needs an empty separator cell; this compact label is capped at eight glyphs.,The Chinese mist-ball label and the structurally verified move-table target identify MistBall. The eight-character battle label uses MistBall so adjacent moves remain visually separated.,,,,
MAIN:0x031415,MAIN,265,,Ordinary text,0x031415,0x031069,0x031069,,,456,0x031424,神通力,graphical_codes,<B59B><B59D><B59F>,ExtrSens,translated_directly_from_chinese_ai_review,pointer_table,high,pointer_table,ai_source_reviewed,6,yes,The two-column battle grid needs an empty separator cell; this compact label is capped at eight glyphs.,The Chinese supernatural-power term and its Psychic-move position identify Extrasensory. The executable eight-character battle cell displays ExtrSens for the full move name Extrasensory.,,,,
MAIN:0x03141F,MAIN,266,,Ordinary text,0x03141F,0x03106B,0x03106B,,,457,0x03142C,预知未来,graphical_codes,<B34B><B34D><B34F><B351>,FutrSght,translated_directly_from_chinese_ai_review,pointer_table,high,pointer_table,ai_source_reviewed,8,yes,The two-column battle grid needs an empty separator cell; this compact label is capped at eight glyphs.,"Corrects the shifted witness: the Chinese explicitly says to foresee the future, identifying Future Sight. The executable eight-character battle cell displays FutrSght for the full move name Future Sight.",,,,
MAIN:0x031428,MAIN,267,,Ordinary text,0x031428,0x03106D,0x03106D,,,458,0x031436,精神波动,ascii,Psychic,Psywave,translated_directly_from_chinese_ai_review,pointer_table,high,pointer_table,ai_source_reviewed,7,no,,"Corrects the old Psychic mismatch: the Chinese specifically names a psychic wave, Psywave.",,,,
MAIN:0x031430,MAIN,268,,Ordinary text,0x031430,0x03106F,0x03106F,,,459,0x031440,食梦,graphical_codes,<B353><B355><B357>,DrmEater,translated_directly_from_chinese_ai_review,pointer_table,high,pointer_table,ai_source_reviewed,6,yes,The two-column battle grid needs an empty separator cell; this compact label is capped at eight glyphs.,The Chinese dream-eating label directly matches Dream Eater. The executable eight-character battle cell displays DrmEater for the full move name Dream Eater.,,,,
MAIN:0x031437,MAIN,269,,Ordinary text,0x031437,0x031071,0x031071,,,460,0x031446,精神增压,graphical_codes,<B7E5><B7E7><B7E9>,PsyBoost,translated_directly_from_chinese_ai_review,pointer_table,high,pointer_table,ai_source_reviewed,6,yes,The executable battle grid provides nine-character move cells; Psycho Boost is displayed as PsyBoost.,The Chinese psychic-boost label directly identifies Psycho Boost. The executable nine-character battle cell displays PsyBoost for the full move name Psycho Boost.,,,,
MAIN:0x031441,MAIN,270,,Ordinary text,0x031441,0x031073,0x031073,,,461,0x031450,催眠术,ascii,Hypnosis,Hypnosis,translated_directly_from_chinese_ai_review,pointer_table,high,pointer_table,ai_source_reviewed,8,no,,The Chinese hypnosis technique directly matches Hypnosis.,,,,
MAIN:0x03144A,MAIN,271,,Ordinary text,0x03144A,0x031075,0x031075,,,462,0x031458,睡眠,ascii,Rest,Rest,translated_directly_from_chinese_ai_review,pointer_table,high,pointer_table,ai_source_reviewed,4,no,,The literal sleep label is mechanically resolved as Rest by this Psychic/status move slot and both aligned witnesses.,,,,
MAIN:0x03144F,MAIN,272,,Ordinary text,0x03144F,0x031077,0x031077,,,463,0x03145E,瞬间移动,ascii,Teleport,Teleport,translated_directly_from_chinese_ai_review,pointer_table,high,pointer_table,ai_source_reviewed,8,no,,The Chinese instantaneous-movement label directly identifies Teleport.,,,,
MAIN:0x031458,MAIN,273,,Ordinary text,0x031458,0x031079,0x031079,,,464,0x031468,瞑想,graphical_codes,<B7EB><B7ED>,CalmMind,translated_directly_from_chinese_ai_review,pointer_table,high,pointer_table,ai_source_reviewed,4,yes,The two-column battle grid needs an empty separator cell; this compact label is capped at eight glyphs.,The meditation label and its verified position before Agility identify CalmMind rather than a generic state fragment. The eight-character battle label uses CalmMind so adjacent moves remain visually separated.,,,,
MAIN:0x03145D,MAIN,274,,Ordinary text,0x03145D,,0x031079,,,464,0x031468,瞑想,ascii,Mind,Mind,translated_directly_from_reviewed_chinese_source_ai_review,containing_offset,medium,reviewed_source_adjudication,ai_source_reviewed,4,yes,Fixed four-byte move-name cell; Mind preserves the meditation concept.,The reviewed meditation move is Calm Mind; the fixed four-byte move-name cell retains Mind.,,,,
MAIN:0x031462,MAIN,275,,Ordinary text,0x031462,0x03107B,0x03107B,,,465,0x03146E,高速移动,ascii,Agility,Agility,translated_directly_from_chinese_ai_review,pointer_table,high,pointer_table,ai_source_reviewed,7,no,,The Chinese high-speed movement label directly matches Agility.,,,,
MAIN:0x03146A,MAIN,276,,Ordinary text,0x03146A,0x03107D,0x03107D,,,466,0x031478,舌头舔,ascii,Lick,Lick,translated_directly_from_chinese_ai_review,pointer_table,high,pointer_table,ai_source_reviewed,4,no,,The Chinese tongue-lick label directly matches Lick.,,,,
MAIN:0x03146F,MAIN,277,,Ordinary text,0x03146F,0x03107F,0x03107F,,,467,0x031480,惊吓,ascii,Astonish,Astonish,translated_directly_from_chinese_ai_review,pointer_table,high,pointer_table,ai_source_reviewed,8,no,,The Chinese fright or surprise label identifies Astonish in the Ghost-move sequence.,,,,
MAIN:0x031478,MAIN,278,,Ordinary text,0x031478,0x031081,0x031081,,,468,0x031486,暗影拳,graphical_codes,<B359><B35B><B35D>,ShdwPnch,translated_directly_from_chinese_ai_review,pointer_table,high,pointer_table,ai_source_reviewed,6,yes,The two-column battle grid needs an empty separator cell; this compact label is capped at eight glyphs.,The Chinese shadow-punch label directly matches Shadow Punch. The executable eight-character battle cell displays ShdwPnch for the full move name Shadow Punch.,,,,
MAIN:0x03147F,MAIN,279,,Ordinary text,0x03147F,0x031083,0x031083,,,469,0x03148E,影子球,graphical_codes,<B401><B403><B405>,ShdwBall,translated_directly_from_chinese_ai_review,pointer_table,high,pointer_table,ai_source_reviewed,6,yes,The executable battle grid provides nine-character move cells; Shadow Ball is displayed as ShdwBall.,The Chinese shadow-ball label directly matches Shadow Ball. The executable nine-character battle cell displays ShdwBall for the full move name Shadow Ball.,,,,
MAIN:0x031486,MAIN,280,,Ordinary text,0x031486,0x031085,0x031085,,,470,0x031496,恶梦,graphical_codes,<B407><B409><B40B>,Nightmar,translated_directly_from_chinese_ai_review,pointer_table,high,pointer_table,ai_source_reviewed,6,yes,The two-column battle grid needs an empty separator cell; this compact label is capped at eight glyphs.,Corrects the shifted French witness: the Chinese explicitly names Nightmar. The eight-character battle label uses Nightmar so adjacent moves remain visually separated.,,,,
MAIN:0x03148D,MAIN,281,,Ordinary text,0x03148D,0x031087,0x031087,,,471,0x03149C,怪异光,graphical_codes,<B40D><B40F><B411><B413>,ConfRay,translated_directly_from_chinese_ai_review,pointer_table,high,pointer_table,ai_source_reviewed,8,yes,The two-column battle grid needs an empty separator cell; this compact label is capped at eight glyphs.,The Chinese strange-light label and Ghost-move context identify Confuse Ray. The executable eight-character battle cell displays ConfRay for the full move name Confuse Ray.,,,,
MAIN:0x031496,MAIN,282,,Ordinary text,0x031496,0x031089,0x031089,,,472,0x0314A4,龙卷,ascii,Twister,Twister,translated_directly_from_chinese_ai_review,pointer_table,high,pointer_table,ai_source_reviewed,7,no,,The Chinese dragon-tornado label identifies Twister at the start of the Dragon-move sequence.,,,,
MAIN:0x03149E,MAIN,283,,Ordinary text,0x03149E,0x03108B,0x03108B,,,473,0x0314AA,龙之怒,graphical_codes,<B415><B417><B419>,DrgnRage,translated_directly_from_chinese_ai_review,pointer_table,high,pointer_table,ai_source_reviewed,6,yes,The two-column battle grid needs an empty separator cell; this compact label is capped at eight glyphs.,The Chinese dragon-rage label directly matches Dragon Rage. The executable eight-character battle cell displays DrgnRage for the full move name Dragon Rage.,,,,
MAIN:0x0314A5,MAIN,284,,Ordinary text,0x0314A5,0x03108D,0x03108D,,,474,0x0314B2,龙之息吹,graphical_codes,<B41B><B41D><B41F>,DrgnBrth,translated_directly_from_chinese_ai_review,pointer_table,high,pointer_table,ai_source_reviewed,6,yes,The two-column battle grid needs an empty separator cell; this compact label is capped at eight glyphs.,The Chinese dragon-breath label directly matches Dragon Breath. The executable eight-character battle cell displays DrgnBrth for the full move name Dragon Breath.,,,,
MAIN:0x0314AC,MAIN,285,,Ordinary text,0x0314AC,0x03108F,0x03108F,,,475,0x0314BC,龙之爪,graphical_codes,<B421><B423><B425>,DrgnClaw,translated_directly_from_chinese_ai_review,pointer_table,high,pointer_table,ai_source_reviewed,6,yes,The two-column battle grid needs an empty separator cell; this compact label is capped at eight glyphs.,The Chinese dragon-claw label directly matches Dragon Claw. The executable eight-character battle cell displays DrgnClaw for the full move name Dragon Claw.,,,,
MAIN:0x0314B3,MAIN,286,,Ordinary text,0x0314B3,0x031091,0x031091,,,476,0x0314C4,激鳞,graphical_codes,<B427><B429><B42B>,Outrage,translated_directly_from_chinese_ai_review,pointer_table,high,pointer_table,ai_source_reviewed,6,no,,The Chinese enraged-scales term and Dragon-move context identify Outrage.,,,,
MAIN:0x0314BA,MAIN,287,,Ordinary text,0x0314BA,0x031093,0x031093,,,477,0x0314CA,龙之舞,graphical_codes,<B42D><B42F><B431>,DrgnDnce,translated_directly_from_chinese_ai_review,pointer_table,high,pointer_table,ai_source_reviewed,6,yes,The two-column battle grid needs an empty separator cell; this compact label is capped at eight glyphs.,The Chinese dragon-dance label directly matches Dragon Dance. The executable eight-character battle cell displays DrgnDnce for the full move name Dragon Dance.,,,,
MAIN:0x0314C1,MAIN,288,,Ordinary text,0x0314C1,0x031095,0x031095,,,478,0x0314D2,打落,graphical_codes,<B7EF><B7F1><B7F3>,KnockOff,translated_directly_from_chinese_ai_review,pointer_table,high,pointer_table,ai_source_reviewed,6,yes,The two-column battle grid needs an empty separator cell; this compact label is capped at eight glyphs.,The Chinese knock-down or knock-away label and Dark-move sequence identify KnockOff. The eight-character battle label uses KnockOff so adjacent moves remain visually separated.,,,,
MAIN:0x0314CB,MAIN,289,,Ordinary text,0x0314CB,0x031097,0x031097,,,479,0x0314D8,追击,graphical_codes,<B433><B435><B437>,Pursuit,translated_directly_from_chinese_ai_review,pointer_table,high,pointer_table,ai_source_reviewed,6,no,,Corrects the shifted witness: the Chinese explicitly names pursuit or chasing.,,,,
MAIN:0x0314D2,MAIN,290,,Ordinary text,0x0314D2,0x031099,0x031099,,,480,0x0314DE,齿突,ascii,Bite,Bite,translated_directly_from_chinese_ai_review,pointer_table,high,pointer_table,ai_source_reviewed,4,no,,The Chinese tooth-thrust label and Dark-move context identify Bite.,,,,
MAIN:0x0314D7,MAIN,291,,Ordinary text,0x0314D7,0x03109B,0x03109B,,,481,0x0314E4,咬碎,ascii,Crunch,Crunch,translated_directly_from_chinese_ai_review,pointer_table,high,pointer_table,ai_source_reviewed,6,no,,The Chinese crushing-bite label directly matches Crunch.,,,,
MAIN:0x0314DE,MAIN,292,,Ordinary text,0x0314DE,0x03109D,0x03109D,,,482,0x0314EA,钢之爪,graphical_codes,<B439><B43B><B43D>,MetlClaw,translated_directly_from_chinese_ai_review,pointer_table,high,pointer_table,ai_source_reviewed,6,yes,The two-column battle grid needs an empty separator cell; this compact label is capped at eight glyphs.,The Chinese steel-claw label directly identifies Metal Claw. The executable eight-character battle cell displays MetlClaw for the full move name Metal Claw.,,,,
MAIN:0x0314E5,MAIN,293,,Ordinary text,0x0314E5,0x03109F,0x03109F,,,483,0x0314F2,钢之翼,graphical_codes,<B43F><B441><B443>,StelWing,translated_directly_from_chinese_ai_review,pointer_table,high,pointer_table,ai_source_reviewed,6,yes,The two-column battle grid needs an empty separator cell; this compact label is capped at eight glyphs.,The Chinese steel-wing label directly matches Steel Wing. The executable eight-character battle cell displays StelWing for the full move name Steel Wing.,,,,
MAIN:0x0314EC,MAIN,294,,Ordinary text,0x0314EC,0x0310A1,0x0310A1,,,484,0x0314FA,钢之尾,graphical_codes,<B7F5><B7F7>,IronTail,translated_directly_from_chinese_ai_review,pointer_table,high,pointer_table,ai_source_reviewed,4,yes,The two-column battle grid needs an empty separator cell; this compact label is capped at eight glyphs.,"The Chinese steel-tail concept and Steel-move slot identify the official move IronTail, not a different mechanic. The eight-character battle label uses IronTail so adjacent moves remain visually separated.",,,,
MAIN:0x0314F1,MAIN,295,,Ordinary text,0x0314F1,,0x0310A1,,,484,0x0314FA,钢之尾,ascii,Tail,Iron,translated_directly_from_reviewed_chinese_source_ai_review,containing_offset,medium,reviewed_source_adjudication,ai_source_reviewed,4,yes,Fixed four-byte move-name cell; Iron preserves the move's defining material and avoids ambiguity with Tail Whip.,"The reviewed move is Iron Tail; the fixed four-byte move-name cell retains Iron, which distinguishes it from Tail Whip.",,,,
MAIN:0x0314F6,MAIN,296,,Ordinary text,0x0314F6,0x0310A3,0x0310A3,,,485,0x031502,慧星拳,graphical_codes,<B445><B447><B449>,MetrMash,translated_directly_from_chinese_ai_review,pointer_table,high,pointer_table,ai_source_reviewed,6,yes,The two-column battle grid needs an empty separator cell; this compact label is capped at eight glyphs.,The apparent Chinese character typo still denotes a meteor punch; its Steel-move position resolves it as Meteor Mash. The executable eight-character battle cell displays MetrMash for the full move name Meteor Mash.,,,,
MAIN:0x0314FD,MAIN,297,,Ordinary text,0x0314FD,0x0310A5,0x0310A5,,,486,0x03150A,铁壁,graphical_codes,<B44B><B44D><B44F><B451>,IronDef,translated_directly_from_chinese_ai_review,pointer_table,high,pointer_table,ai_source_reviewed,8,yes,The two-column battle grid needs an empty separator cell; this compact label is capped at eight glyphs.,The Chinese iron-wall label directly identifies Iron Defense. The executable eight-character battle cell displays IronDef for the full move name Iron Defense.,,,,
MAIN:0x031506,MAIN,298,,Ordinary text,0x031506,0x0310A7,0x0310A7,,,487,0x031510,跳跃,ascii,Splash,Splash,translated_directly_from_chinese_ai_review,pointer_table,high,pointer_table,ai_source_reviewed,6,no,,The generic leap label is mechanically resolved as Splash by this move-table slot and both aligned witnesses; Bounce already occupies its own earlier slot.,,,,
MAIN:0x03150D,MAIN,299,,Ordinary text,0x03150D,0x0310A9,0x0310A9,,,488,0x031516,音速波,graphical_codes,<B453><B455><B457>,SonicBom,translated_directly_from_chinese_ai_review,pointer_table,high,pointer_table,ai_source_reviewed,6,yes,The two-column battle grid needs an empty separator cell; this compact label is capped at eight glyphs.,Corrects the shifted French witness: the Chinese sonic-wave label identifies Sonic Boom. The executable eight-character battle cell displays SonicBom for the full move name Sonic Boom.,,,,
MAIN:0x031514,MAIN,300,,Ordinary text,0x031514,0x0310AB,0x0310AB,,,489,0x03151E,撞击,ascii,Tackle,Tackle,translated_directly_from_chinese_ai_review,pointer_table,high,pointer_table,ai_source_reviewed,6,no,,The Chinese collision or body-check label directly matches Tackle.,,,,
MAIN:0x03151B,MAIN,301,,Ordinary text,0x03151B,0x0310AD,0x0310AD,,,490,0x031524,刀背打,ascii,Scratch,FlsSwipe,translated_directly_from_chinese_ai_review,pointer_table,high,pointer_table,ai_source_reviewed,7,yes,The two-column battle grid needs an empty separator cell; this compact label is capped at eight glyphs.,Corrects the old Scratch mismatch: the Chinese blunt-edge strike is the established label for False Swipe. The executable eight-character battle cell displays FlsSwipe for the full move name False Swipe.,,,,
MAIN:0x031523,MAIN,302,,Ordinary text,0x031523,0x0310AF,0x0310AF,,,491,0x03152C,抓,ascii,Pound,Scratch,translated_directly_from_chinese_ai_review,pointer_table,high,pointer_table,ai_source_reviewed,5,no,,"The Chinese clawing or scratching label identifies Scratch, not the shifted old Pound entry.",,,,
MAIN:0x031529,MAIN,303,,Ordinary text,0x031529,0x0310B1,0x0310B1,,,492,0x031530,电光石火,graphical_codes,<B459><B45B><B45D>,QuickAtk,translated_directly_from_chinese_ai_review,pointer_table,high,pointer_table,ai_source_reviewed,6,yes,The two-column battle grid needs an empty separator cell; this compact label is capped at eight glyphs.,The Chinese lightning-fast action idiom directly identifies Quick Attack. The executable eight-character battle cell displays QuickAtk for the full move name Quick Attack.,,,,
MAIN:0x031530,MAIN,304,,Ordinary text,0x031530,0x0310B3,0x0310B3,,,493,0x03153A,招财猫,ascii,Pay Day,Pay Day,translated_directly_from_chinese_ai_review,pointer_table,high,pointer_table,ai_source_reviewed,7,no,,The beckoning lucky-cat label and executable slot concord with Pay Day.,,,,
MAIN:0x031538,MAIN,305,,Ordinary text,0x031538,0x0310B5,0x0310B5,,,494,0x031542,鼾声,ascii,Fake Out,Snore,translated_directly_from_chinese_ai_review,pointer_table,high,pointer_table,ai_source_reviewed,8,no,,"Corrects the old Fake Out mismatch: the Chinese explicitly means the sound of snoring, identifying Snore.",,,,
MAIN:0x031541,MAIN,306,,Ordinary text,0x031541,0x0310B7,0x0310B7,,,495,0x031548,居合斩,ascii,Cut,Cut,translated_directly_from_chinese_ai_review,pointer_table,high,pointer_table,ai_source_reviewed,3,no,,The Chinese iai-cut technique and executable move slot identify Cut.,,,,
MAIN:0x031545,MAIN,307,,Ordinary text,0x031545,0x0310B9,0x0310B9,,,496,0x031550,流星,ascii,Swift,Swift,translated_directly_from_chinese_ai_review,pointer_table,high,pointer_table,ai_source_reviewed,5,no,,The Chinese meteor label is the established source name for Swift in this slot.,,,,
MAIN:0x03154B,MAIN,308,,Ordinary text,0x03154B,0x0310BB,0x0310BB,,,497,0x031556,角突,ascii,Stomp,HornAtk,translated_directly_from_chinese_ai_review,pointer_table,high,pointer_table,ai_source_reviewed,5,yes,The two-column battle grid needs an empty separator cell; this compact label is capped at eight glyphs.,"Corrects the old Stomp mismatch: the Chinese explicitly describes a horn thrust, identifying Horn Attack. The executable eight-character battle cell displays HornAtk for the full move name Horn Attack.",,,,
MAIN:0x031551,MAIN,309,,Ordinary text,0x031551,0x0310BD,0x0310BD,,,498,0x03155C,崩击之爪,graphical_codes,<B501><B503><B505>,CrshClaw,translated_directly_from_chinese_ai_review,pointer_table,high,pointer_table,ai_source_reviewed,6,yes,The two-column battle grid needs an empty separator cell; this compact label is capped at eight glyphs.,The Chinese crushing-claw label directly identifies Crush Claw. The executable eight-character battle cell displays CrshClaw for the full move name Crush Claw.,,,,
MAIN:0x031558,MAIN,310,,Ordinary text,0x031558,0x0310BF,0x0310BF,,,499,0x031566,秘密力量,graphical_codes,<B507><B509><B50B>,SecrtPwr,translated_directly_from_chinese_ai_review,pointer_table,high,pointer_table,ai_source_reviewed,6,yes,The executable battle grid provides nine-character move cells; Secret Power is displayed as SecrtPwr.,The Chinese secret-power label identifies Secret Power; the French witness names a different move and is not followed. The executable nine-character battle cell displays SecrtPwr for the full move name Secret Power.,,,,
MAIN:0x03155F,MAIN,311,,Ordinary text,0x03155F,0x0310C1,0x0310C1,,,500,0x031570,必杀门牙,graphical_codes,<B50D><B50F><B511>,HyprFang,translated_directly_from_chinese_ai_review,pointer_table,high,pointer_table,ai_source_reviewed,6,yes,The two-column battle grid needs an empty separator cell; this compact label is capped at eight glyphs.,The Chinese finishing-fang term is the established source label for Hyper Fang. The executable eight-character battle cell displays HyprFang for the full move name Hyper Fang.,,,,
MAIN:0x031566,MAIN,312,,Ordinary text,0x031566,0x0310C3,0x0310C3,,,501,0x03157A,三角攻击,graphical_codes,<B513><B515><B517>,Tri Atk,translated_directly_from_chinese_ai_review,pointer_table,high,pointer_table,ai_source_reviewed,6,yes,The two-column battle grid needs an empty separator cell; this compact label is capped at eight glyphs.,"Corrects the shifted French witness: the Chinese explicitly names a triangular attack, Tri Attack. The executable eight-character battle cell displays Tri Atk for the full move name Tri Attack.",,,,
MAIN:0x03156D,MAIN,313,,Ordinary text,0x03156D,0x0310C5,0x0310C5,,,502,0x031584,舍身一击,graphical_codes,<B519><B51B><B51D>,Dbl-Edge,translated_directly_from_chinese_ai_review,pointer_table,high,pointer_table,ai_source_reviewed,6,yes,The executable battle grid provides nine-character move cells; Double-Edge is displayed as Dbl-Edge.,The Chinese self-sacrificing strike label directly identifies Double-Edge. The executable nine-character battle cell displays Dbl-Edge for the full move name Double-Edge.,,,,
MAIN:0x031574,MAIN,314,,Ordinary text,0x031574,0x0310C7,0x0310C7,,,503,0x03158E,破坏光线,graphical_codes,<B51F><B521><B523>,HyprBeam,translated_directly_from_chinese_ai_review,pointer_table,high,pointer_table,ai_source_reviewed,6,yes,The two-column battle grid needs an empty separator cell; this compact label is capped at eight glyphs.,The Chinese destructive-beam label directly identifies Hyper Beam. The executable eight-character battle cell displays HyprBeam for the full move name Hyper Beam.,,,,
MAIN:0x03157B,MAIN,315,,Ordinary text,0x03157B,0x0310C9,0x0310C9,,,504,0x031598,自爆,graphical_codes,<B525><B527><B529><B52B>,SelfDstr,translated_directly_from_chinese_ai_review,pointer_table,high,pointer_table,ai_source_reviewed,8,yes,The two-column battle grid needs an empty separator cell; this compact label is capped at eight glyphs.,"The Chinese self-detonation label identifies Self-Destruct specifically, not the separate move Explosion. The executable eight-character battle cell displays SelfDstr for the full move name Self-Destruct.",,,,
MAIN:0x031584,MAIN,316,,Ordinary text,0x031584,0x0310CB,0x0310CB,,,505,0x03159E,大爆炸,ascii,Explode,Explosn,translated_directly_from_chinese_ai_review,pointer_table,high,pointer_table,ai_source_reviewed,7,yes,The two-column battle grid needs an empty separator cell; this compact label is capped at eight glyphs.,"The Chinese large-explosion label identifies Explosn, distinct from the preceding Self-Destruct entry. The eight-character battle label uses Explosn so adjacent moves remain visually separated.",,,,
MAIN:0x03158C,MAIN,317,,Ordinary text,0x03158C,0x0310CD,0x0310CD,,,506,0x0315A6,尖角钻,graphical_codes,<B52D><B52F><B531><B533>,HornDril,translated_directly_from_chinese_ai_review,pointer_table,high,pointer_table,ai_source_reviewed,8,yes,The two-column battle grid needs an empty separator cell; this compact label is capped at eight glyphs.,"Corrects the swapped witness: the Chinese explicitly names a pointed-horn drill, which is Horn Drill rather than Guillotine. The executable eight-character battle cell displays HornDril for the full move name Horn Drill.",,,,
MAIN:0x031595,MAIN,318,,Ordinary text,0x031595,0x0310CF,0x0310CF,,,507,0x0315AE,剪刀断头,graphical_codes,<B535><B537><B539>,Guillotn,translated_directly_from_chinese_ai_review,pointer_table,high,pointer_table,ai_source_reviewed,6,yes,The two-column battle grid needs an empty separator cell; this compact label is capped at eight glyphs.,"Corrects the reciprocal witness swap: the Chinese scissor-decapitation label identifies Guillotne, not Horn Drill. The executable eight-character battle cell displays Guillotn for the full move name Guillotne.",,,,
MAIN:0x03159C,MAIN,319,,Ordinary text,0x03159C,0x0310D1,0x0310D1,,,508,0x0315B8,歌唱,ascii,Sing,Sing,translated_directly_from_chinese_ai_review,pointer_table,high,pointer_table,ai_source_reviewed,4,no,,The Chinese label directly means singing and identifies Sing.,,,,
MAIN:0x0315A1,MAIN,320,,Ordinary text,0x0315A1,0x0310D3,0x0310D3,,,509,0x0315BE,恶魔之吻,graphical_codes,<B7F9><B7FB>,LovlyKis,translated_directly_from_chinese_ai_review,pointer_table,high,pointer_table,ai_source_reviewed,4,yes,The two-column battle grid needs an empty separator cell; this compact label is capped at eight glyphs.,The reviewed demon-kiss label and executable move slot identify Lovely Kiss; the unreadable old graphics are not retained. The executable eight-character battle cell displays LovlyKis for the full move name Lovely Kiss.,,,,
MAIN:0x0315A6,MAIN,321,,Ordinary text,0x0315A6,,0x0310D3,,,509,0x0315BE,恶魔之吻,ascii,Kiss,Kiss,translated_directly_from_reviewed_chinese_source_ai_review,exact_offset,medium,reviewed_source_adjudication,ai_source_reviewed,4,yes,Fixed four-byte move-name cell; Kiss preserves the move's defining action.,The reviewed demon-kiss move is Lovely Kiss; the fixed four-byte move-name cell retains Kiss.,,,,
MAIN:0x0315AB,MAIN,322,,Ordinary text,0x0315AB,0x0310D5,0x0310D5,,,510,0x0315C8,超音波,graphical_codes,<B53B><B53D><B53F>,Supersnc,translated_directly_from_chinese_ai_review,pointer_table,high,pointer_table,ai_source_reviewed,6,yes,The two-column battle grid needs an empty separator cell; this compact label is capped at eight glyphs.,The Chinese supersonic-wave label directly identifies Supersonic. The executable eight-character battle cell displays Supersnc for the full move name Supersonic.,,,,
MAIN:0x0315B2,MAIN,323,,Ordinary text,0x0315B2,0x0310D7,0x0310D7,,,511,0x0315D0,剑舞,graphical_codes,<B541><B543><B545>,SwrdDnce,translated_directly_from_chinese_ai_review,pointer_table,high,pointer_table,ai_source_reviewed,6,yes,The two-column battle grid needs an empty separator cell; this compact label is capped at eight glyphs.,The Chinese sword-dance label directly identifies Swords Dance. The executable eight-character battle cell displays SwrdDnce for the full move name Swords Dance.,,,,
MAIN:0x0315B9,MAIN,324,,Ordinary text,0x0315B9,0x0310D9,0x0310D9,,,512,0x0315D6,叫声,ascii,Growl,Growl,translated_directly_from_chinese_ai_review,pointer_table,high,pointer_table,ai_source_reviewed,5,no,,The Chinese cry or growl label identifies Growl.,,,,
MAIN:0x0315BF,MAIN,325,,Ordinary text,0x0315BF,0x0310DB,0x0310DB,,,513,0x0315DC,撒娇,ascii,Bulk-up,Charm,translated_directly_from_chinese_ai_review,pointer_table,high,pointer_table,ai_source_reviewed,7,no,,"Corrects the old Bulk Up mismatch: the Chinese explicitly means acting cute or charming, identifying Charm.",,,,
MAIN:0x0315C7,MAIN,326,,Ordinary text,0x0315C7,0x0310DD,0x0310DD,,,514,0x0315E2,变圆,graphical_codes,<B547><B549><B54B><B54D>,DefCurl,translated_directly_from_chinese_ai_review,pointer_table,high,pointer_table,ai_source_reviewed,8,yes,The two-column battle grid needs an empty separator cell; this compact label is capped at eight glyphs.,The Chinese curl-into-a-ball label and move slot identify Defense Curl. The executable eight-character battle cell displays DefCurl for the full move name Defense Curl.,,,,
MAIN:0x0315D0,MAIN,327,,Ordinary text,0x0315D0,0x0310DF,0x0310DF,,,515,0x0315E8,变硬,ascii,Harden,Harden,translated_directly_from_chinese_ai_review,pointer_table,high,pointer_table,ai_source_reviewed,6,no,,The Chinese hardening label directly identifies Harden.,,,,
MAIN:0x0315D7,MAIN,328,,Ordinary text,0x0315D7,0x0310E1,0x0310E1,,,516,0x0315EE,摇尾巴,graphical_codes,<B7FD><B7FF>,TailWhip,translated_directly_from_chinese_ai_review,pointer_table,high,pointer_table,ai_source_reviewed,4,yes,The two-column battle grid needs an empty separator cell; this compact label is capped at eight glyphs.,The Chinese tail-wagging label identifies TailWhip in this move-table slot. The eight-character battle label uses TailWhip so adjacent moves remain visually separated.,,,,
MAIN:0x0315DC,MAIN,329,,Ordinary text,0x0315DC,,0x0310E1,,,516,0x0315EE,摇尾巴,ascii,Whip,Whip,translated_directly_from_reviewed_chinese_source_ai_review,exact_offset,medium,reviewed_source_adjudication,ai_source_reviewed,4,yes,Fixed four-byte move-name cell; Whip is the available identifying element of Tail Whip.,The adjudicated tail-wagging move is Tail Whip; the fixed four-byte move-name cell retains Whip.,,,,
MAIN:0x0315E1,MAIN,330,,Ordinary text,0x0315E1,0x0310E3,0x0310E3,,,517,0x0315F6,挠痒,ascii,Charm,Tickle,translated_directly_from_chinese_ai_review,pointer_table,high,pointer_table,ai_source_reviewed,5,no,,"Corrects the old Charm mismatch: the Chinese explicitly means tickling, identifying Tickle.",,,,
MAIN:0x0315E7,MAIN,331,,Ordinary text,0x0315E7,0x0310E5,0x0310E5,,,518,0x0315FC,烟幕,graphical_codes,<B54F><B551><B553>,SmokScrn,translated_directly_from_chinese_ai_review,pointer_table,high,pointer_table,ai_source_reviewed,6,yes,The two-column battle grid needs an empty separator cell; this compact label is capped at eight glyphs.,The Chinese smoke-screen label directly identifies Smokescreen. The executable eight-character battle cell displays SmokScrn for the full move name Smokescreen.,,,,
MAIN:0x0315F4,MAIN,332,,Ordinary text,0x0315F4,0x0310E9,0x0310E9,,,520,0x031608,影分身,graphical_codes,<B555><B557><B559>,DblTeam,translated_directly_from_chinese_ai_review,pointer_table,high,pointer_table,ai_source_reviewed,6,yes,The executable battle grid provides nine-character move cells; Double Team is displayed as DblTeam.,The Chinese shadow-clone label identifies Double Team. The executable nine-character battle cell displays DblTeam for the full move name Double Team.,,,,
MAIN:0x0315FB,MAIN,333,,Ordinary text,0x0315FB,0x0310EB,0x0310EB,,,521,0x031610,自我再生,ascii,Recover,Recover,translated_directly_from_chinese_ai_review,pointer_table,high,pointer_table,ai_source_reviewed,7,no,,The Chinese self-regeneration label directly identifies Recover.,,,,
MAIN:0x03160A,MAIN,334,,Ordinary text,0x03160A,0x0310EF,0x0310EF,,,523,0x031620,吼叫,ascii,Roar,Roar,translated_directly_from_chinese_ai_review,pointer_table,high,pointer_table,ai_source_reviewed,4,no,,The Chinese roaring label directly identifies Roar.,,,,
MAIN:0x03160F,MAIN,335,,Ordinary text,0x03160F,0x0310F1,0x0310F1,,,524,0x031626,吹飞,graphical_codes,<B701><B703><B705>,Whirlwnd,translated_directly_from_chinese_ai_review,pointer_table,high,pointer_table,ai_source_reviewed,6,yes,The two-column battle grid needs an empty separator cell; this compact label is capped at eight glyphs.,The Chinese blow-away label and move slot identify Whirlwnd. The eight-character battle label uses Whirlwnd so adjacent moves remain visually separated.,,,,
MAIN:0x031624,MAIN,336,,Ordinary text,0x031624,,0x0310F3,,,525,0x03162C,变身,ascii,Counter,Transfm,translated_directly_from_reviewed_chinese_source_ai_review,containing_offset,medium,reviewed_source_adjudication,ai_source_reviewed,7,yes,Fixed seven-byte move-name cell; Transfm is a recognizable abbreviation of Transform.,"Corrects the recovered move-table slot to Transform; Counter came from the false physical alignment, and Transfm is the fixed-cell abbreviation.",,,,
MAIN:0x03162C,MAIN,337,,Ordinary text,0x03162C,,0x0310F5,,,526,0x031632,诅咒,ascii,Strength,Curse,translated_directly_from_reviewed_chinese_source_ai_review,exact_offset,medium,reviewed_source_adjudication,ai_source_reviewed,8,no,,Corrects the recovered move-table slot to Curse; the old Strength meaning belonged to a false alignment.,,,,
MAIN:0x03163B,MAIN,338,,Ordinary text,0x03163B,0x03102F,0x03102F,,,427,0x031352,毒粉,graphical_codes,<B55B><B55D><B55F>,PsnPowdr,translated_directly_from_chinese_ai_review,pointer_table,high,pointer_table,ai_source_reviewed,6,yes,The two-column battle grid needs an empty separator cell; this compact label is capped at eight glyphs.,The Chinese poison-powder label directly identifies Poison Powder. The executable eight-character battle cell displays PsnPowdr for the full move name Poison Powder.,,,,
MAIN:0x0316E9,MAIN,339,,Ordinary text,0x0316E9,,0x031649,,,,0x0316E9,无,ascii,None,None,translated_directly_from_reviewed_chinese_source_ai_review,single_physical_overlap,low,reviewed_source_adjudication,ai_source_reviewed,4,no,,"The direct compact payload is the no-item sentinel, confirming the concise menu value None despite the former low-confidence overlap.",,,,
MAIN:0x0316EE,MAIN,340,,Ordinary text,0x0316EE,0x03164D,0x03164D,,,529,0x0316F4,超级球,ascii,Grt Ball,Great B,translated_directly_from_chinese_ai_review,pointer_table,high,pointer_table,ai_source_reviewed,8,yes,"The Bag list reserves eight cells for the item name and writes the two-digit quantity immediately after them; this unambiguous label uses at most seven cells, leaving a visible separator.",The Chinese ball name and its item-table position identify the Great Ball; legacy abbreviation and padding are omitted. Full-text review: Abbreviates Great Ball for the seven-cell Bag-list field.,,,,
MAIN:0x0316F7,MAIN,341,,Ordinary text,0x0316F7,0x03164F,0x03164F,,,530,0x0316FC,超力球,ascii,UltaBall,Ultra B,translated_directly_from_chinese_ai_review,pointer_table,high,pointer_table,ai_source_reviewed,8,yes,"The Bag list reserves eight cells for the item name and writes the two-digit quantity immediately after them; this unambiguous label uses at most seven cells, leaving a visible separator.","The Chinese ultra-power ball label and neighboring Ball entries identify the Ultra Ball, correcting the old typo. Full-text review: Abbreviates Ultra Ball for the seven-cell Bag-list field.",,,,
MAIN:0x031700,MAIN,342,,Ordinary text,0x031700,0x031651,0x031651,,,531,0x031704,大师球,ascii,MstrBall,MasterB,translated_directly_from_chinese_ai_review,pointer_table,high,pointer_table,ai_source_reviewed,8,yes,"The Bag list reserves eight cells for the item name and writes the two-digit quantity immediately after them; this unambiguous label uses at most seven cells, leaving a visible separator.",The Chinese master-ball label directly identifies the Master Ball. Full-text review: Abbreviates Master Ball for the seven-cell Bag-list field.,,,,
MAIN:0x031709,MAIN,343,,Ordinary text,0x031709,0x031653,0x031653,,,532,0x03170C,伤药,ascii,Potion,Potion,translated_directly_from_chinese_ai_review,pointer_table,high,pointer_table,ai_source_reviewed,6,no,,The Chinese medicine label and executable healing-item slot identify Potion.,,,,
MAIN:0x031710,MAIN,344,,Ordinary text,0x031710,0x031655,0x031655,,,533,0x031712,好伤药,ascii,S.Potion,Sup.Pot,translated_directly_from_chinese_ai_review,pointer_table,high,pointer_table,ai_source_reviewed,8,yes,"The Bag list reserves eight cells for the item name and writes the two-digit quantity immediately after them; this unambiguous label uses at most seven cells, leaving a visible separator.",The Chinese better-potion label and 50-HP item slot identify Super Potion. Full-text review: Abbreviates Super Potion for the seven-cell Bag-list field.,,,,
MAIN:0x031719,MAIN,345,,Ordinary text,0x031719,0x031657,0x031657,,,534,0x03171A,超级伤药,ascii,H.Potion,Hyp.Pot,translated_directly_from_chinese_ai_review,pointer_table,high,pointer_table,ai_source_reviewed,8,yes,"The Bag list reserves eight cells for the item name and writes the two-digit quantity immediately after them; this unambiguous label uses at most seven cells, leaving a visible separator.",The Chinese super-potion label and 200-HP item slot identify Hyper Potion. Full-text review: Abbreviates Hyper Potion for the seven-cell Bag-list field.,,,,
MAIN:0x031722,MAIN,346,,Ordinary text,0x031722,0x031659,0x031659,,,535,0x031724,最大伤药,ascii,M.Potion,Max.Pot,translated_directly_from_chinese_ai_review,pointer_table,high,pointer_table,ai_source_reviewed,8,yes,"The Bag list reserves eight cells for the item name and writes the two-digit quantity immediately after them; this unambiguous label uses at most seven cells, leaving a visible separator.",The Chinese maximum-potion label and full-HP item slot identify Max Potion. Full-text review: Abbreviates Max Potion for the seven-cell Bag-list field.,,,,
MAIN:0x031737,MAIN,347,,Ordinary text,0x031737,0x03165D,0x03165D,,,537,0x031736,解麻药,ascii,P.Heal,PARHeal,translated_directly_from_chinese_ai_review,pointer_table,high,pointer_table,ai_source_reviewed,6,yes,"The Bag list reserves eight cells for the item name and writes the two-digit quantity immediately after them; this unambiguous label uses at most seven cells, leaving a visible separator.",The Chinese paralysis-curing medicine label directly matches Paralyze Heal. Full-text review: Uses the Gen I PAR abbreviation in the seven-cell Bag-list field.,,,,
MAIN:0x03173E,MAIN,348,,Ordinary text,0x03173E,0x03165F,0x03165F,,,538,0x03173E,睡醒药,ascii,S.Heal,Awaken.,translated_directly_from_chinese_ai_review,pointer_table,high,pointer_table,ai_source_reviewed,7,yes,"The Bag list reserves eight cells for the item name and writes the two-digit quantity immediately after them; this unambiguous label uses at most seven cells, leaving a visible separator.",The Chinese wake-up medicine label and status-healing slot identify Awakening; no legacy padding is semantic. Full-text review: Abbreviates Awakening for the seven-cell Bag-list field.,,,,
MAIN:0x031746,MAIN,349,,Ordinary text,0x031746,0x031661,0x031661,,,539,0x031746,冰冻药,ascii,Ice Heal,IceHeal,translated_directly_from_chinese_ai_review,pointer_table,high,pointer_table,ai_source_reviewed,8,yes,"The Bag list reserves eight cells for the item name and writes the two-digit quantity immediately after them; this unambiguous label uses at most seven cells, leaving a visible separator.",The Chinese freezing medicine label directly identifies Ice Heal; the witness's trailing space is storage padding. Full-text review: Compacts Ice Heal for the seven-cell Bag-list field.,,,,
MAIN:0x03174F,MAIN,350,,Ordinary text,0x03174F,0x031663,0x031663,,,540,0x03174E,烧伤药,ascii,BurnHeal,BurnHl.,translated_directly_from_chinese_ai_review,pointer_table,high,pointer_table,ai_source_reviewed,8,yes,"The Bag list reserves eight cells for the item name and writes the two-digit quantity immediately after them; this unambiguous label uses at most seven cells, leaving a visible separator.",The Chinese burn medicine label directly identifies Burn Heal. Full-text review: Abbreviates Burn Heal for the seven-cell Bag-list field.,,,,
MAIN:0x031758,MAIN,351,,Ordinary text,0x031758,0x031665,0x031665,,,541,0x031756,万能恢复,ascii,FullHeal,FullHl.,translated_directly_from_chinese_ai_review,pointer_table,high,pointer_table,ai_source_reviewed,8,yes,"The Bag list reserves eight cells for the item name and writes the two-digit quantity immediately after them; this unambiguous label uses at most seven cells, leaving a visible separator.",The Chinese all-purpose recovery label and all-status healing slot identify Full Heal. Full-text review: Abbreviates Full Heal for the seven-cell Bag-list field.,,,,
MAIN:0x031761,MAIN,352,,Ordinary text,0x031761,0x031667,0x031667,,,542,0x031760,精神药,ascii,Revive,Revive,translated_directly_from_chinese_ai_review,pointer_table,high,pointer_table,ai_source_reviewed,6,no,,The Chinese spirit-restoring medicine label and fainted-Pokémon recovery slot identify Revive.,,,,
MAIN:0x031769,MAIN,353,,Ordinary text,0x031769,0x031669,0x031669,,,543,0x031768,PP提升,ascii,Ether,Ether,translated_directly_from_chinese_ai_review,pointer_table,high,pointer_table,ai_source_reviewed,5,no,,"Although the short Chinese name says PP increase, the executable slot and Chinese description specify restoring 10 PP to one move, identifying Ether rather than PP Up.",,,,
MAIN:0x03176F,MAIN,354,,Ordinary text,0x03176F,0x03166B,0x03166B,,,544,0x031770,PP最大,ascii,MaxEther,MaxEth.,translated_directly_from_chinese_ai_review,pointer_table,high,pointer_table,ai_source_reviewed,8,yes,"The Bag list reserves eight cells for the item name and writes the two-digit quantity immediately after them; this unambiguous label uses at most seven cells, leaving a visible separator.","The Chinese maximum-PP label is resolved by its executable slot and full-PP description as Max Ether, not a different PP item. Full-text review: Abbreviates Max Ether for the seven-cell Bag-list field.",,,,
MAIN:0x031779,MAIN,355,,Ordinary text,0x031779,0x03166D,0x03166D,,,545,0x031778,神奇糖果,ascii,RareCndy,RareCdy,translated_directly_from_chinese_ai_review,pointer_table,high,pointer_table,ai_source_reviewed,8,yes,"The Bag list reserves eight cells for the item name and writes the two-digit quantity immediately after them; this unambiguous label uses at most seven cells, leaving a visible separator.",The Chinese magical-candy label and level-up item slot identify Rare Candy. Full-text review: Abbreviates Rare Candy for the seven-cell Bag-list field.,,,,
MAIN:0x031782,MAIN,356,,Ordinary text,0x031782,0x03166F,0x03166F,,,546,0x031782,火之石,ascii,FireSton,FireSt.,translated_directly_from_chinese_ai_review,pointer_table,high,pointer_table,ai_source_reviewed,8,yes,"The Bag list reserves eight cells for the item name and writes the two-digit quantity immediately after them; this unambiguous label uses at most seven cells, leaving a visible separator.",The Chinese fire-stone label directly identifies Fire Stone. Full-text review: Abbreviates Fire Stone for the seven-cell Bag-list field.,,,,
MAIN:0x03178B,MAIN,357,,Ordinary text,0x03178B,0x031671,0x031671,,,547,0x03178A,水之石,ascii,WatrSton,WatrSt.,translated_directly_from_chinese_ai_review,pointer_table,high,pointer_table,ai_source_reviewed,8,yes,"The Bag list reserves eight cells for the item name and writes the two-digit quantity immediately after them; this unambiguous label uses at most seven cells, leaving a visible separator.",The Chinese water-stone label directly identifies Water Stone. Full-text review: Abbreviates Water Stone for the seven-cell Bag-list field.,,,,
MAIN:0x031794,MAIN,358,,Ordinary text,0x031794,0x031673,0x031673,,,548,0x031792,雷之石,ascii,ThunSton,ThunSt.,translated_directly_from_chinese_ai_review,pointer_table,high,pointer_table,ai_source_reviewed,8,yes,"The Bag list reserves eight cells for the item name and writes the two-digit quantity immediately after them; this unambiguous label uses at most seven cells, leaving a visible separator.",The Chinese thunder-stone label directly identifies Thunder Stone. Full-text review: Abbreviates Thunder Stone for the seven-cell Bag-list field.,,,,
MAIN:0x03179D,MAIN,359,,Ordinary text,0x03179D,0x031677,0x031677,,,550,0x0317A2,月之石,ascii,MoonSton,MoonSt.,translated_directly_from_chinese_ai_review,pointer_table,high,pointer_table,ai_source_reviewed,8,yes,"The Bag list reserves eight cells for the item name and writes the two-digit quantity immediately after them; this unambiguous label uses at most seven cells, leaving a visible separator.",The Chinese moon-stone label directly identifies Moon Stone. Full-text review: Abbreviates Moon Stone for the seven-cell Bag-list field.,,,,
MAIN:0x0317A6,MAIN,360,,Ordinary text,0x0317A6,0x031679,0x031679,,,551,0x0317AA,包裹,ascii,Parcel,Parcel,translated_directly_from_chinese_ai_review,pointer_table,high,pointer_table,ai_source_reviewed,6,yes,"The Bag list reserves eight cells for the item name and writes the two-digit quantity immediately after them; this unambiguous label uses at most seven cells, leaving a visible separator.",The Chinese label says parcel; its executable key-item slot and Chinese description identify Oak's Parcel. Full-text review: Uses the unambiguous key noun for Oak's Parcel in the Bag list.,,,,
MAIN:0x0317B5,MAIN,361,,Ordinary text,0x0317B5,0x03167D,0x03167D,,,553,0x0317BA,地图,ascii,Map,TownMap,translated_directly_from_chinese_ai_review,pointer_table,high,pointer_table,ai_source_reviewed,3,yes,"The Bag list reserves eight cells for the item name and writes the two-digit quantity immediately after them; this unambiguous label uses at most seven cells, leaving a visible separator.",The generic Chinese map label is mechanically resolved by its key-item slot as the Town Map. Full-text review: Compacts Town Map for the seven-cell Bag-list field.,,,,
MAIN:0x0317B9,MAIN,362,,Ordinary text,0x0317B9,0x03167F,0x03167F,,,554,0x0317C0,菊石化石,ascii,HelixFosil,HelixFs,translated_directly_from_chinese_ai_review,pointer_table,high,pointer_table,ai_source_reviewed,10,yes,"The Bag list reserves eight cells for the item name and writes the two-digit quantity immediately after them; this unambiguous label uses at most seven cells, leaving a visible separator.",The Chinese ammonite-fossil label and fossil key-item slot identify the Helix Fossil. Full-text review: Abbreviates Helix Fossil for the seven-cell Bag-list field.,,,,
MAIN:0x0317C4,MAIN,363,,Ordinary text,0x0317C4,0x031681,0x031681,,,555,0x0317CA,盔甲化石,ascii,DomeFossil,DomeFos,translated_directly_from_chinese_ai_review,pointer_table,high,pointer_table,ai_source_reviewed,10,yes,"The Bag list reserves eight cells for the item name and writes the two-digit quantity immediately after them; this unambiguous label uses at most seven cells, leaving a visible separator.",The Chinese armored-fossil label and adjacent fossil slot identify the Dome Fossil. Full-text review: Abbreviates Dome Fossil for the seven-cell Bag-list field.,,,,
MAIN:0x0317CF,MAIN,364,,Ordinary text,0x0317CF,0x031683,0x031683,,,556,0x0317D4,船票,ascii,S.S.Ticket,S.S.Tkt,translated_directly_from_chinese_ai_review,pointer_table,high,pointer_table,ai_source_reviewed,10,yes,"The Bag list reserves eight cells for the item name and writes the two-digit quantity immediately after them; this unambiguous label uses at most seven cells, leaving a visible separator.",The Chinese ship-ticket label and executable key-item slot identify the S.S. Ticket. Full-text review: Abbreviates S.S. Ticket for the seven-cell Bag-list field.,,,,
MAIN:0x0317DA,MAIN,365,,Ordinary text,0x0317DA,0x031685,0x031685,,,557,0x0317DA,矿泉水,ascii,Lemonade,FreshWt,translated_directly_from_chinese_ai_review,pointer_table,high,pointer_table,ai_source_reviewed,8,yes,"The Bag list reserves eight cells for the item name and writes the two-digit quantity immediately after them; this unambiguous label uses at most seven cells, leaving a visible separator.",Translates the Chinese mineral-water item directly; the old Lemonade wording denotes a different drink and is not restored. Full-text review: Abbreviates the official Fresh Water name for the seven-cell Bag-list field.,,,,
MAIN:0x0317E3,MAIN,366,,Ordinary text,0x0317E3,0x031687,0x031687,,,558,0x0317E2,精灵眼镜,ascii,SilphScope,SilphSc,translated_directly_from_chinese_ai_review,pointer_table,high,pointer_table,ai_source_reviewed,10,yes,"The Bag list reserves eight cells for the item name and writes the two-digit quantity immediately after them; this unambiguous label uses at most seven cells, leaving a visible separator.","The Chinese spirit-viewing glasses label, ghost-viewing description, and key-item slot concord with Silph Scope. Full-text review: Abbreviates Silph Scope for the seven-cell Bag-list field.",,,,
MAIN:0x0317EE,MAIN,367,,Ordinary text,0x0317EE,0x031689,0x031689,,,559,0x0317EC,精灵笛,ascii,Pok@Flute,PokéFlt,translated_directly_from_chinese_ai_review,pointer_table,high,pointer_table,ai_source_reviewed,9,yes,"The Bag list reserves eight cells for the item name and writes the two-digit quantity immediately after them; this unambiguous label uses at most seven cells, leaving a visible separator.",The Chinese Pokémon-flute label and wake-up key-item slot identify the Poké Flute; the reserved at-sign spelling is removed. Full-text review: Abbreviates Poké Flute for the seven-cell Bag-list field.,,,,
MAIN:0x0317F8,MAIN,368,,Ordinary text,0x0317F8,0x03168B,0x03168B,,,560,0x0317F4,金牙,ascii,Gold Teeth,GoldTth,translated_directly_from_chinese_ai_review,pointer_table,high,pointer_table,ai_source_reviewed,10,yes,"The Bag list reserves eight cells for the item name and writes the two-digit quantity immediately after them; this unambiguous label uses at most seven cells, leaving a visible separator.",The Chinese gold-teeth label directly identifies Gold Teeth; the witness's trailing space is nonsemantic padding. Full-text review: Abbreviates Gold Teeth for the seven-cell Bag-list field.,,,,
MAIN:0x031803,MAIN,369,,Ordinary text,0x031803,0x03168F,0x03168F,,,562,0x031804,居合斩,ascii,Cut HM,Cut HM,translated_directly_from_chinese_ai_review,pointer_table,high,pointer_table,ai_source_reviewed,8,no,,"The Chinese Cut technique occupies the first executable HM item slot, so the inventory label is Cut HM; legacy leading padding is omitted.",,,,
MAIN:0x03180D,MAIN,370,,Ordinary text,0x03180D,0x031691,0x031691,,,563,0x03180C,飞天术,ascii,Fly HM,Fly HM,translated_directly_from_chinese_ai_review,pointer_table,high,pointer_table,ai_source_reviewed,6,no,,"The Chinese flying technique occupies the second executable HM item slot, identifying Fly HM.",,,,
MAIN:0x031815,MAIN,371,,Ordinary text,0x031815,0x031693,0x031693,,,564,0x031814,冲浪术,ascii,Surf HM,Surf HM,translated_directly_from_chinese_ai_review,pointer_table,high,pointer_table,ai_source_reviewed,7,no,,"The Chinese surfing technique occupies the third executable HM item slot, identifying Surf HM.",,,,
MAIN:0x03181D,MAIN,372,,Ordinary text,0x03181D,0x031695,0x031695,,,565,0x03181C,怪力术,ascii,STR HM,STR HM,translated_directly_from_chinese_ai_review,pointer_table,high,pointer_table,ai_source_reviewed,6,yes,"The Bag list reserves eight cells for the item name and writes the two-digit quantity immediately after them; this unambiguous label uses at most seven cells, leaving a visible separator.","The Chinese strength technique occupies the fourth executable HM item slot, expanding the old truncated label to Strength HM. Full-text review: Uses the standard STR abbreviation in the Bag-list field.",,,,
MAIN:0x031824,MAIN,373,,Ordinary text,0x031824,0x031697,0x031697,,,566,0x031824,闪光术,ascii,Flash HM,FlashHM,translated_directly_from_chinese_ai_review,pointer_table,high,pointer_table,ai_source_reviewed,8,yes,"The Bag list reserves eight cells for the item name and writes the two-digit quantity immediately after them; this unambiguous label uses at most seven cells, leaving a visible separator.","The Chinese flashing technique occupies the fifth executable HM item slot, identifying Flash HM. Full-text review: Compacts Flash HM for the seven-cell Bag-list field.",,,,
MAIN:0x03182D,MAIN,374,,Ordinary text,0x03182D,0x031699,0x031699,,,567,0x03182C,秘传01,ascii,TM 01,TM 01,translated_directly_from_chinese_ai_review,pointer_table,high,pointer_table,ai_source_reviewed,6,no,,"The Chinese numbered secret-technique label begins the executable 40-item TM series, identifying TM 01.",,,,
MAIN:0x031835,MAIN,375,,Ordinary text,0x031835,0x03169B,0x03169B,,,568,0x031834,秘传02,ascii,TM 02,TM 02,translated_directly_from_chinese_ai_review,pointer_table,high,pointer_table,ai_source_reviewed,6,no,,The Chinese number and executable machine-table position identify TM 02.,,,,
MAIN:0x03183D,MAIN,376,,Ordinary text,0x03183D,0x03169D,0x03169D,,,569,0x03183C,秘传03,ascii,TM 03,TM 03,translated_directly_from_chinese_ai_review,pointer_table,high,pointer_table,ai_source_reviewed,6,no,,The Chinese number and executable machine-table position identify TM 03.,,,,
MAIN:0x031845,MAIN,377,,Ordinary text,0x031845,0x03169F,0x03169F,,,570,0x031844,秘传04,ascii,TM 04,TM 04,translated_directly_from_chinese_ai_review,pointer_table,high,pointer_table,ai_source_reviewed,6,no,,The Chinese number and executable machine-table position identify TM 04.,,,,
MAIN:0x03184D,MAIN,378,,Ordinary text,0x03184D,0x0316A1,0x0316A1,,,571,0x03184C,秘传05,ascii,TM 05,TM 05,translated_directly_from_chinese_ai_review,pointer_table,high,pointer_table,ai_source_reviewed,6,no,,The Chinese number and executable machine-table position identify TM 05.,,,,
MAIN:0x031855,MAIN,379,,Ordinary text,0x031855,0x0316A3,0x0316A3,,,572,0x031854,秘传06,ascii,TM 06,TM 06,translated_directly_from_chinese_ai_review,pointer_table,high,pointer_table,ai_source_reviewed,6,no,,The Chinese number and executable machine-table position identify TM 06.,,,,
MAIN:0x03185D,MAIN,380,,Ordinary text,0x03185D,0x0316A5,0x0316A5,,,573,0x03185C,秘传07,ascii,TM 07,TM 07,translated_directly_from_chinese_ai_review,pointer_table,high,pointer_table,ai_source_reviewed,6,no,,The Chinese number and executable machine-table position identify TM 07.,,,,
MAIN:0x031865,MAIN,381,,Ordinary text,0x031865,0x0316A7,0x0316A7,,,574,0x031864,秘传08,ascii,TM 08,TM 08,translated_directly_from_chinese_ai_review,pointer_table,high,pointer_table,ai_source_reviewed,6,no,,The Chinese number and executable machine-table position identify TM 08.,,,,
MAIN:0x03186D,MAIN,382,,Ordinary text,0x03186D,0x0316A9,0x0316A9,,,575,0x03186C,秘传09,ascii,TM 09,TM 09,translated_directly_from_chinese_ai_review,pointer_table,high,pointer_table,ai_source_reviewed,6,no,,The Chinese number and executable machine-table position identify TM 09.,,,,
MAIN:0x031875,MAIN,383,,Ordinary text,0x031875,0x0316AB,0x0316AB,,,576,0x031874,秘传10,ascii,TM 10,TM 10,translated_directly_from_chinese_ai_review,pointer_table,high,pointer_table,ai_source_reviewed,6,no,,The Chinese number and executable machine-table position identify TM 10.,,,,
MAIN:0x03187D,MAIN,384,,Ordinary text,0x03187D,0x0316AD,0x0316AD,,,577,0x03187C,秘传11,ascii,TM 11,TM 11,translated_directly_from_chinese_ai_review,pointer_table,high,pointer_table,ai_source_reviewed,6,no,,The Chinese number and executable machine-table position identify TM 11.,,,,
MAIN:0x031885,MAIN,385,,Ordinary text,0x031885,0x0316AF,0x0316AF,,,578,0x031884,秘传12,ascii,TM 12,TM 12,translated_directly_from_chinese_ai_review,pointer_table,high,pointer_table,ai_source_reviewed,6,no,,The Chinese number and executable machine-table position identify TM 12.,,,,
MAIN:0x03188D,MAIN,386,,Ordinary text,0x03188D,0x0316B1,0x0316B1,,,579,0x03188C,秘传13,ascii,TM 13,TM 13,translated_directly_from_chinese_ai_review,pointer_table,high,pointer_table,ai_source_reviewed,6,no,,The Chinese number and executable machine-table position identify TM 13.,,,,
MAIN:0x031895,MAIN,387,,Ordinary text,0x031895,0x0316B3,0x0316B3,,,580,0x031894,秘传14,ascii,TM 14,TM 14,translated_directly_from_chinese_ai_review,pointer_table,high,pointer_table,ai_source_reviewed,6,no,,The Chinese number and executable machine-table position identify TM 14.,,,,
MAIN:0x03189D,MAIN,388,,Ordinary text,0x03189D,0x0316B5,0x0316B5,,,581,0x03189C,秘传15,ascii,TM 15,TM 15,translated_directly_from_chinese_ai_review,pointer_table,high,pointer_table,ai_source_reviewed,6,no,,The Chinese number and executable machine-table position identify TM 15.,,,,
MAIN:0x0318A5,MAIN,389,,Ordinary text,0x0318A5,0x0316B7,0x0316B7,,,582,0x0318A4,秘传16,ascii,TM 16,TM 16,translated_directly_from_chinese_ai_review,pointer_table,high,pointer_table,ai_source_reviewed,6,no,,The Chinese number and executable machine-table position identify TM 16.,,,,
MAIN:0x0318AD,MAIN,390,,Ordinary text,0x0318AD,0x0316B9,0x0316B9,,,583,0x0318AC,秘传17,ascii,TM 17,TM 17,translated_directly_from_chinese_ai_review,pointer_table,high,pointer_table,ai_source_reviewed,6,no,,The Chinese number and executable machine-table position identify TM 17.,,,,
MAIN:0x0318B5,MAIN,391,,Ordinary text,0x0318B5,0x0316BB,0x0316BB,,,584,0x0318B4,秘传18,ascii,TM 18,TM 18,translated_directly_from_chinese_ai_review,pointer_table,high,pointer_table,ai_source_reviewed,6,no,,The Chinese number and executable machine-table position identify TM 18.,,,,
MAIN:0x0318BD,MAIN,392,,Ordinary text,0x0318BD,0x0316BD,0x0316BD,,,585,0x0318BC,秘传19,ascii,TM 19,TM 19,translated_directly_from_chinese_ai_review,pointer_table,high,pointer_table,ai_source_reviewed,6,no,,The Chinese number and executable machine-table position identify TM 19.,,,,
MAIN:0x0318C5,MAIN,393,,Ordinary text,0x0318C5,0x0316BF,0x0316BF,,,586,0x0318C4,秘传20,ascii,TM 20,TM 20,translated_directly_from_chinese_ai_review,pointer_table,high,pointer_table,ai_source_reviewed,6,no,,The Chinese number and executable machine-table position identify TM 20.,,,,
MAIN:0x0318CD,MAIN,394,,Ordinary text,0x0318CD,0x0316C1,0x0316C1,,,587,0x0318CC,秘传21,ascii,TM 21,TM 21,translated_directly_from_chinese_ai_review,pointer_table,high,pointer_table,ai_source_reviewed,6,no,,The Chinese number and executable machine-table position identify TM 21.,,,,
MAIN:0x0318D5,MAIN,395,,Ordinary text,0x0318D5,0x0316C3,0x0316C3,,,588,0x0318D4,秘传22,ascii,TM 22,TM 22,translated_directly_from_chinese_ai_review,pointer_table,high,pointer_table,ai_source_reviewed,6,no,,The Chinese number and executable machine-table position identify TM 22.,,,,
MAIN:0x0318DD,MAIN,396,,Ordinary text,0x0318DD,0x0316C5,0x0316C5,,,589,0x0318DC,秘传23,ascii,TM 23,TM 23,translated_directly_from_chinese_ai_review,pointer_table,high,pointer_table,ai_source_reviewed,6,no,,The Chinese number and executable machine-table position identify TM 23.,,,,
MAIN:0x0318E5,MAIN,397,,Ordinary text,0x0318E5,0x0316C7,0x0316C7,,,590,0x0318E4,秘传24,ascii,TM 24,TM 24,translated_directly_from_chinese_ai_review,pointer_table,high,pointer_table,ai_source_reviewed,6,no,,The Chinese number and executable machine-table position identify TM 24.,,,,
MAIN:0x0318ED,MAIN,398,,Ordinary text,0x0318ED,0x0316C9,0x0316C9,,,591,0x0318EC,秘传25,ascii,TM 25,TM 25,translated_directly_from_chinese_ai_review,pointer_table,high,pointer_table,ai_source_reviewed,6,no,,The Chinese number and executable machine-table position identify TM 25.,,,,
MAIN:0x0318F5,MAIN,399,,Ordinary text,0x0318F5,0x0316CB,0x0316CB,,,592,0x0318F4,秘传26,ascii,TM 26,TM 26,translated_directly_from_chinese_ai_review,pointer_table,high,pointer_table,ai_source_reviewed,6,no,,The Chinese number and executable machine-table position identify TM 26.,,,,
MAIN:0x0318FD,MAIN,400,,Ordinary text,0x0318FD,0x0316CD,0x0316CD,,,593,0x0318FC,秘传27,ascii,TM 27,TM 27,translated_directly_from_chinese_ai_review,pointer_table,high,pointer_table,ai_source_reviewed,6,no,,The Chinese number and executable machine-table position identify TM 27.,,,,
MAIN:0x031905,MAIN,401,,Ordinary text,0x031905,0x0316CF,0x0316CF,,,594,0x031904,秘传28,ascii,TM 28,TM 28,translated_directly_from_chinese_ai_review,pointer_table,high,pointer_table,ai_source_reviewed,6,no,,The Chinese number and executable machine-table position identify TM 28.,,,,
MAIN:0x03190D,MAIN,402,,Ordinary text,0x03190D,0x0316D1,0x0316D1,,,595,0x03190C,秘传29,ascii,TM 29,TM 29,translated_directly_from_chinese_ai_review,pointer_table,high,pointer_table,ai_source_reviewed,6,no,,The Chinese number and executable machine-table position identify TM 29.,,,,
MAIN:0x031915,MAIN,403,,Ordinary text,0x031915,0x0316D3,0x0316D3,,,596,0x031914,秘传30,ascii,TM 30,TM 30,translated_directly_from_chinese_ai_review,pointer_table,high,pointer_table,ai_source_reviewed,6,no,,The Chinese number and executable machine-table position identify TM 30.,,,,
MAIN:0x03191D,MAIN,404,,Ordinary text,0x03191D,0x0316D5,0x0316D5,,,597,0x03191C,秘传31,ascii,TM 31,TM 31,translated_directly_from_chinese_ai_review,pointer_table,high,pointer_table,ai_source_reviewed,6,no,,The Chinese number and executable machine-table position identify TM 31.,,,,
MAIN:0x031925,MAIN,405,,Ordinary text,0x031925,0x0316D7,0x0316D7,,,598,0x031924,秘传32,ascii,TM 32,TM 32,translated_directly_from_chinese_ai_review,pointer_table,high,pointer_table,ai_source_reviewed,6,no,,The Chinese number and executable machine-table position identify TM 32.,,,,
MAIN:0x03192D,MAIN,406,,Ordinary text,0x03192D,0x0316D9,0x0316D9,,,599,0x03192C,秘传33,ascii,TM 33,TM 33,translated_directly_from_chinese_ai_review,pointer_table,high,pointer_table,ai_source_reviewed,6,no,,The Chinese number and executable machine-table position identify TM 33.,,,,
MAIN:0x031935,MAIN,407,,Ordinary text,0x031935,0x0316DB,0x0316DB,,,600,0x031934,秘传34,ascii,TM 34,TM 34,translated_directly_from_chinese_ai_review,pointer_table,high,pointer_table,ai_source_reviewed,6,no,,The Chinese number and executable machine-table position identify TM 34.,,,,
MAIN:0x03193D,MAIN,408,,Ordinary text,0x03193D,0x0316DD,0x0316DD,,,601,0x03193C,秘传35,ascii,TM 35,TM 35,translated_directly_from_chinese_ai_review,pointer_table,high,pointer_table,ai_source_reviewed,6,no,,The Chinese number and executable machine-table position identify TM 35.,,,,
MAIN:0x031945,MAIN,409,,Ordinary text,0x031945,0x0316DF,0x0316DF,,,602,0x031944,秘传36,ascii,TM 36,TM 36,translated_directly_from_chinese_ai_review,pointer_table,high,pointer_table,ai_source_reviewed,6,no,,The Chinese number and executable machine-table position identify TM 36.,,,,
MAIN:0x03194D,MAIN,410,,Ordinary text,0x03194D,0x0316E1,0x0316E1,,,603,0x03194C,秘传37,ascii,TM 37,TM 37,translated_directly_from_chinese_ai_review,pointer_table,high,pointer_table,ai_source_reviewed,6,no,,The Chinese number and executable machine-table position identify TM 37.,,,,
MAIN:0x031955,MAIN,411,,Ordinary text,0x031955,0x0316E3,0x0316E3,,,604,0x031954,秘传38,ascii,TM 38,TM 38,translated_directly_from_chinese_ai_review,pointer_table,high,pointer_table,ai_source_reviewed,6,no,,The Chinese number and executable machine-table position identify TM 38.,,,,
MAIN:0x03195D,MAIN,412,,Ordinary text,0x03195D,0x0316E5,0x0316E5,,,605,0x03195C,秘传39,ascii,TM 39,TM 39,translated_directly_from_chinese_ai_review,pointer_table,high,pointer_table,ai_source_reviewed,6,no,,The Chinese number and executable machine-table position identify TM 39.,,,,
MAIN:0x031965,MAIN,413,,Ordinary text,0x031965,0x0316E7,0x0316E7,,,606,0x031964,秘传40,ascii,TM 40,TM 40,translated_directly_from_chinese_ai_review,pointer_table,high,pointer_table,ai_source_reviewed,6,no,,The Chinese number and final executable machine-table position identify TM 40.,,,,
MAIN:0x031A0F,MAIN,414,,Ordinary text,0x031A0F,,0x03196F,,,,0x031A0F,没有东西,ascii,Empty,Empty,translated_directly_from_reviewed_chinese_source_ai_review,unaligned,low,reviewed_source_adjudication,ai_source_reviewed,5,no,,"The directly reviewed inventory payload states that nothing is present, rendered naturally as the concise status Empty.",,,,
MAIN:0x031A15,MAIN,415,,Ordinary text,0x031A15,0x031971 0x031973 0x031975,0x031971 0x031973 0x031975,fixed_grid_7x3,,607 608 609,0x031A18 0x031A2A 0x031A40,"可以捕捉精灵的球
---

比精灵球效果要好的球
---

比超级球效果要好的球",ascii,Catch Pok@mon,Catch  Pokémon,translated_directly_from_chinese_ai_review,pointer_table,high,pointer_variants_declared,ai_source_reviewed,14,yes,The item-description renderer exposes three seven-cell rows; the final payload fits all 21 cells without a split or stale tile.,Full-text review: Fits the 7x3 item-description grid as 'Catch' / 'Pokémon' without truncation.,pointer_variant_split,3,,
MAIN:0x031A24,MAIN,416,,Ordinary text,0x031A24,0x031977,0x031977,fixed_grid_7x3,,610,0x031A56,一定能捉住精灵的球,ascii,Catch Pok@mon100%,Always catches,translated_directly_from_chinese_ai_review,pointer_table,high,pointer_table,ai_source_reviewed,18,yes,The item-description renderer exposes three seven-cell rows; the final payload fits all 21 cells without a split or stale tile.,Full-text review: Fits the fixed 7x3 item-description grid and preserves guaranteed capture.,,,,
MAIN:0x031A37,MAIN,417,,Ordinary text,0x031A37,0x031995,0x031995,fixed_grid_7x3,,625,0x031B53,让特定的精灵进化,ascii,Evolve Fire PKMN,Evolvessome   Pokémon,translated_directly_from_chinese_ai_review,pointer_table,high,pointer_table,ai_source_reviewed,18,yes,The item-description renderer exposes three seven-cell rows; the final payload fits all 21 cells without a split or stale tile.,Full-text review: Fits the fixed 7x3 grid as 'Evolves' / 'some' / 'Pokémon'.,,,,
MAIN:0x031A4A,MAIN,418,,Ordinary text,0x031A4A,0x031997,0x031997,fixed_grid_7x3,,626,0x031B65,让特定的精灵进化,ascii,Evolve Water PKMN,Evolvessome   Pokémon,translated_directly_from_chinese_ai_review,pointer_table,high,pointer_table,ai_source_reviewed,18,yes,The item-description renderer exposes three seven-cell rows; the final payload fits all 21 cells without a split or stale tile.,Full-text review: Fits the fixed 7x3 grid as 'Evolves' / 'some' / 'Pokémon'.,,,,
MAIN:0x031A5D,MAIN,419,,Ordinary text,0x031A5D,0x031979,0x031979,fixed_grid_7x3,,611,0x031A6A,体力恢复20点,ascii,Restore20 HP,Restore20 HP,translated_directly_from_chinese_ai_review,pointer_table,high,pointer_table,ai_source_reviewed,26,yes,The item-description renderer exposes three seven-cell rows; the final payload fits all 21 cells without a split or stale tile.,Full-text review: Fits the fixed 7x3 item-description grid and preserves the exact recovery amount.,,,,
MAIN:0x031A78,MAIN,420,,Ordinary text,0x031A78,0x03197B,0x03197B,fixed_grid_7x3,,612,0x031A78,体力恢复50点,ascii,Restore50 HP,Restore50 HP,translated_directly_from_chinese_ai_review,pointer_table,high,pointer_table,ai_source_reviewed,13,yes,The item-description renderer exposes three seven-cell rows; the final payload fits all 21 cells without a split or stale tile.,Full-text review: Fits the fixed 7x3 item-description grid and preserves the exact recovery amount.,,,,
MAIN:0x031A86,MAIN,421,,Ordinary text,0x031A86,0x03197D,0x03197D,fixed_grid_7x3,,613,0x031A86,体力恢复200点,ascii,Restore200 HP,Restore200 HP,translated_directly_from_chinese_ai_review,pointer_table,high,pointer_table,ai_source_reviewed,14,yes,The item-description renderer exposes three seven-cell rows; the final payload fits all 21 cells without a split or stale tile.,Full-text review: Fits the fixed 7x3 item-description grid and preserves the exact recovery amount.,,,,
MAIN:0x031A95,MAIN,422,,Ordinary text,0x031A95,0x03197F,0x03197F,fixed_grid_7x3,,614,0x031A95,体力完全恢复,ascii,RestoreAll HP,RestoreAll HP,translated_directly_from_chinese_ai_review,pointer_table,high,pointer_table,ai_source_reviewed,14,yes,The item-description renderer exposes three seven-cell rows; the final payload fits all 21 cells without a split or stale tile.,Full-text review: Fits the fixed 7x3 item-description grid and preserves full HP recovery.,,,,
MAIN:0x031AA4,MAIN,423,,Ordinary text,0x031AA4,0x031981,0x031981,fixed_grid_7x3,,615,0x031AA3,解除中毒状态,ascii,Cures Poison,Cures  poison,translated_directly_from_chinese_ai_review,pointer_table,high,pointer_table,ai_source_reviewed,13,yes,The item-description renderer exposes three seven-cell rows; the final payload fits all 21 cells without a split or stale tile.,Full-text review: Fits the fixed 7x3 item-description grid and preserves the cured status.,,,,
MAIN:0x031AB2,MAIN,424,,Ordinary text,0x031AB2,0x031983,0x031983,fixed_grid_7x3,,616,0x031AB1,解除麻痹状态,ascii,Cures Paralyz,Cures  PAR,translated_directly_from_chinese_ai_review,pointer_table,high,pointer_table,ai_source_reviewed,14,yes,The item-description renderer exposes three seven-cell rows; the final payload fits all 21 cells without a split or stale tile.,Full-text review: Fits the fixed 7x3 grid; PAR is the official Gen I battle abbreviation.,,,,
MAIN:0x031AC1,MAIN,425,,Ordinary text,0x031AC1,0x031985,0x031985,fixed_grid_7x3,,617,0x031ABF,解除沉睡状态,ascii,Cures sleep,Cures  sleep,translated_directly_from_chinese_ai_review,pointer_table,high,pointer_table,ai_source_reviewed,12,yes,The item-description renderer exposes three seven-cell rows; the final payload fits all 21 cells without a split or stale tile.,Full-text review: Fits the fixed 7x3 item-description grid and preserves the awakening effect.,,,,
MAIN:0x031ACE,MAIN,426,,Ordinary text,0x031ACE,0x031987,0x031987,fixed_grid_7x3,,618,0x031ACD,解除冰冻状态,ascii,Cures Freeze,Cures  freeze,translated_directly_from_chinese_ai_review,pointer_table,high,pointer_table,ai_source_reviewed,13,yes,The item-description renderer exposes three seven-cell rows; the final payload fits all 21 cells without a split or stale tile.,Full-text review: Fits the fixed 7x3 item-description grid and preserves the cured status.,,,,
MAIN:0x031ADC,MAIN,427,,Ordinary text,0x031ADC,0x031989,0x031989,fixed_grid_7x3,,619,0x031ADB,解除烧伤状态,ascii,Cures Burn,Cures  burns,translated_directly_from_chinese_ai_review,pointer_table,high,pointer_table,ai_source_reviewed,11,yes,The item-description renderer exposes three seven-cell rows; the final payload fits all 21 cells without a split or stale tile.,Full-text review: Fits the fixed 7x3 item-description grid and preserves the cured status.,,,,
MAIN:0x031AE8,MAIN,428,,Ordinary text,0x031AE8,0x03198B,0x03198B,fixed_grid_7x3,,620,0x031AE9,恢复所有异常状态,ascii,Heal PKMN Status,Cures  all    status,translated_directly_from_chinese_ai_review,pointer_table,high,pointer_table,ai_source_reviewed,22,yes,The item-description renderer exposes three seven-cell rows; the final payload fits all 21 cells without a split or stale tile.,Full-text review: Fits the fixed 7x3 grid as 'Cures' / 'all' / 'status'.,,,,
MAIN:0x031AFF,MAIN,429,,Ordinary text,0x031AFF,0x03198D,0x03198D,fixed_grid_7x3,,621,0x031AFB,从临死状态恢复体力一半,ascii,Revive Pok@mon,Revive half HP,translated_directly_from_chinese_ai_review,pointer_table,high,pointer_table,ai_source_reviewed,14,yes,The item-description renderer exposes three seven-cell rows; the final payload fits all 21 cells without a split or stale tile.,Full-text review: Fits the fixed 7x3 item-description grid and preserves half-HP revival.,,,,
MAIN:0x031B0E,MAIN,430,,Ordinary text,0x031B0E,0x03198F,0x03198F,fixed_grid_7x3,,622,0x031B13,精灵的一项PP值恢复10点,ascii,Restore10PP to1 Move,Restore10 PP,translated_directly_from_chinese_ai_review,pointer_table,high,pointer_table,ai_source_reviewed,26,yes,The item-description renderer exposes three seven-cell rows; the final payload fits all 21 cells without a split or stale tile.,Full-text review: Fits the fixed 7x3 item-description grid and preserves the exact PP recovery.,,,,
MAIN:0x031B29,MAIN,431,,Ordinary text,0x031B29,0x031991,0x031991,fixed_grid_7x3,,623,0x031B2B,精灵的一项PP值全恢复,ascii,RestoreAll PP 1 Move,RestoreAll PP,translated_directly_from_chinese_ai_review,pointer_table,high,pointer_table,ai_source_reviewed,23,yes,The item-description renderer exposes three seven-cell rows; the final payload fits all 21 cells without a split or stale tile.,Full-text review: Fits the fixed 7x3 item-description grid and preserves full PP recovery.,,,,
MAIN:0x031B42,MAIN,432,,Ordinary text,0x031B42,0x031993,0x031993,fixed_grid_7x3,,624,0x031B41,提升精灵等级一级,ascii,Pok@monLevelUp1LV,Raises level 1,translated_directly_from_chinese_ai_review,pointer_table,high,pointer_table,ai_source_reviewed,17,yes,The item-description renderer exposes three seven-cell rows; the final payload fits all 21 cells without a split or stale tile.,Full-text review: Fits the fixed 7x3 item-description grid and preserves the one-level increase.,,,,
MAIN:0x031B54,MAIN,433,,Ordinary text,0x031B54,0x031999,0x031999,fixed_grid_7x3,,627,0x031B77,让特定的精灵进化,ascii,Evolve ThunderPKMN,Evolvessome   Pokémon,translated_directly_from_chinese_ai_review,pointer_table,high,pointer_table,ai_source_reviewed,18,yes,The item-description renderer exposes three seven-cell rows; the final payload fits all 21 cells without a split or stale tile.,Full-text review: Fits the fixed 7x3 grid as 'Evolves' / 'some' / 'Pokémon'.,,,,
MAIN:0x031B67,MAIN,434,,Ordinary text,0x031B67,0x03199B,0x03199B,fixed_grid_7x3,,628,0x031B89,让特定的精灵进化,ascii,Evolve Grass PKMN,Evolvessome   Pokémon,translated_directly_from_chinese_ai_review,pointer_table,high,pointer_table,ai_source_reviewed,18,yes,The item-description renderer exposes three seven-cell rows; the final payload fits all 21 cells without a split or stale tile.,Full-text review: Fits the fixed 7x3 grid as 'Evolves' / 'some' / 'Pokémon'.,,,,
MAIN:0x031B7A,MAIN,435,,Ordinary text,0x031B7A,0x03199D,0x03199D,fixed_grid_7x3,,629,0x031B9B,让特定的精灵进化,ascii,Evolve Normal PKMN,Evolvessome   Pokémon,translated_directly_from_chinese_ai_review,pointer_table,high,pointer_table,ai_source_reviewed,18,yes,The item-description renderer exposes three seven-cell rows; the final payload fits all 21 cells without a split or stale tile.,Full-text review: Fits the fixed 7x3 grid as 'Evolves' / 'some' / 'Pokémon'.,,,,
MAIN:0x031B8D,MAIN,436,,Ordinary text,0x031B8D,0x0319A1,0x0319A1,fixed_grid_7x3,,631,0x031BBD,可以查看精灵的资料,ascii,Pok@monData- Base,View   Pokémondata,translated_directly_from_chinese_ai_review,pointer_table,high,pointer_table,ai_source_reviewed,18,yes,The item-description renderer exposes three seven-cell rows; the final payload fits all 21 cells without a split or stale tile.,Full-text review: Fits the fixed 7x3 grid as 'View' / 'Pokémon' / 'data'.,,,,
MAIN:0x031BA0,MAIN,437,,Ordinary text,0x031BA0,0x0319A3,0x0319A3,fixed_grid_7x3,,632,0x031BD1,小茂姐姐给的地图,ascii,Town Map,Gary's map,translated_directly_from_chinese_ai_review,pointer_table,high,pointer_table,ai_source_reviewed,10,yes,The item-description renderer exposes three seven-cell rows; the final payload fits all 21 cells without a split or stale tile.,Full-text review: Fits the fixed 7x3 item-description grid and preserves the source owner.,,,,
MAIN:0x031BAB,MAIN,438,,Ordinary text,0x031BAB,0x03199F,0x03199F,fixed_grid_7x3,,630,0x031BAD,大木博士的包裹,ascii,Oak's Parcel,Oak's  parcel,translated_directly_from_chinese_ai_review,pointer_table,high,pointer_table,ai_source_reviewed,16,yes,The item-description renderer exposes three seven-cell rows; the final payload fits all 21 cells without a split or stale tile.,Full-text review: Fits the fixed 7x3 item-description grid and preserves the parcel owner.,,,,
MAIN:0x031BBC,MAIN,439,,Ordinary text,0x031BBC,0x0319A5 0x0319A7,0x0319A5 0x0319A7,fixed_grid_7x3,,633 634,0x031BE3 0x031BF3,"古代精灵的化石
---

古代精灵的化石",ascii,Pok@monFossil,AncientPokémonfossil,translated_directly_from_chinese_ai_review,pointer_table,high,safe_shared_source_declared,ai_source_reviewed,13,yes,The item-description renderer exposes three seven-cell rows; the final payload fits all 21 cells without a split or stale tile.,Full-text review: Fits the fixed 7x3 grid as 'Ancient' / 'Pokémon' / 'fossil'.,safe_shared_payload,,,
MAIN:0x031BCA,MAIN,440,,Ordinary text,0x031BCA,0x0319A9,0x0319A9,fixed_grid_7x3,,635,0x031C03,马沙给的铁达尼号船票,ascii,Ticket for theSS Anne,Titanicticket,translated_directly_from_chinese_ai_review,pointer_table,high,pointer_table,ai_source_reviewed,21,yes,The item-description renderer exposes three seven-cell rows; the final payload fits all 21 cells without a split or stale tile.,Full-text review: Fits the fixed 7x3 grid as 'Titanic' / 'ticket' and preserves the NJ046 ship name.,,,,
MAIN:0x031BE0,MAIN,441,,Ordinary text,0x031BE0,0x0319AB,0x0319AB,fixed_grid_7x3,,636,0x031C19,彩虹商店幸运顾客纪念,ascii,Lemonad,Lucky  memento,translated_directly_from_chinese_ai_review,pointer_table,high,pointer_table,ai_source_reviewed,7,yes,The item-description renderer exposes three seven-cell rows; the final payload fits all 21 cells without a split or stale tile.,Full-text review: Fits the fixed 7x3 item-description grid and preserves the lucky-customer memento.,,,,
MAIN:0x031BE8,MAIN,442,,Ordinary text,0x031BE8,0x0319AD,0x0319AD,fixed_grid_7x3,,637,0x031C2F,能看见一切灵异现象的眼镜,ascii,Lets you seeGhosts,Reveal ghosts,translated_directly_from_chinese_ai_review,pointer_table,high,pointer_table,ai_source_reviewed,20,yes,The item-description renderer exposes three seven-cell rows; the final payload fits all 21 cells without a split or stale tile.,Full-text review: Fits the fixed 7x3 item-description grid and preserves the supernatural-vision function.,,,,
MAIN:0x031BFD,MAIN,443,,Ordinary text,0x031BFD,0x0319AF,0x0319AF,fixed_grid_7x3,,638,0x031C49,就算是熟睡的精灵也会跳起,ascii,Wake Asleep Pok@mon,Wakes  Pokémon,translated_directly_from_chinese_ai_review,pointer_table,high,pointer_table,ai_source_reviewed,21,yes,The item-description renderer exposes three seven-cell rows; the final payload fits all 21 cells without a split or stale tile.,Full-text review: Fits the fixed 7x3 item-description grid and preserves the Poké Flute effect.,,,,
MAIN:0x031C13,MAIN,444,,Ordinary text,0x031C13,0x0319B1,0x0319B1,fixed_grid_7x3,,639,0x031C63,浅红市园长的假牙,ascii,SomeoneGold Teeth,Gold   Teeth,translated_directly_from_chinese_ai_review,pointer_table,high,pointer_table,ai_source_reviewed,19,yes,The item-description renderer exposes three seven-cell rows; the final payload fits all 21 cells without a split or stale tile.,Full-text review: Fits the fixed 7x3 item-description grid and preserves the key item's identity.,,,,
MAIN:0x031C27,MAIN,445,,Ordinary text,0x031C27,0x0319B3,0x0319B3,fixed_grid_7x3,,640,0x031C75,梦幻神奇之旅的船票,ascii,CinibarGym Key,Mew    ticket,translated_directly_from_chinese_ai_review,pointer_table,high,pointer_table,ai_source_reviewed,14,yes,The item-description renderer exposes three seven-cell rows; the final payload fits all 21 cells without a split or stale tile.,Full-text review: Fits the fixed 7x3 item-description grid and preserves the NJ046 Mew-voyage ticket.,,,,
MAIN:0x031C36,MAIN,446,,Ordinary text,0x031C36,0x031E54,0x031E54,,,733,0x031FC5,训兽师,ascii,Will,Tamer,translated_directly_from_chinese_ai_review,pointer_table,high,pointer_table,ai_source_reviewed,4,no,,The Chinese class directly means a beast or animal tamer and matches its speakers elsewhere; the unrelated old Will name is discarded.,,,,
MAIN:0x031C3B,MAIN,447,,Ordinary text,0x031C3B,0x031E56,0x031E56,,,734,0x031FCD,男孩,ascii,Jr.Trainer>,Boy,translated_directly_from_chinese_ai_review,pointer_table,high,pointer_table,ai_source_reviewed,11,no,,Directly translates the generic male-child class; the more specific old Jr. Trainer title is not stated by the Chinese.,,,,
MAIN:0x031C47,MAIN,448,,Ordinary text,0x031C47,0x031E58,0x031E58,,,735,0x031FD3,魔术师,ascii,Juggler,Juggler,translated_directly_from_chinese_ai_review,pointer_table,high,pointer_table,ai_source_reviewed,7,no,,Directly preserves the Chinese magician class instead of substituting the mechanically adjacent but semantically different Juggler label. Full-text review: Matches the official Gen I trainer class used in the same live dialogues.,,,,
MAIN:0x031C4F,MAIN,449,,Ordinary text,0x031C4F,0x031E5A,0x031E5A,,,736,0x031FDB,大姐头,ascii,Rocket Executive=,Rocket Executive,translated_from_chinese_with_executable_context_ai_review,pointer_table,high,pointer_table,ai_source_reviewed,17,no,,The Chinese female-ringleader title and her Team Rocket dialogue jointly identify this executable female Rocket Executive class.,,,,
MAIN:0x031C61,MAIN,450,,Ordinary text,0x031C61,0x031E5C,0x031E5C,,,737,0x031FE3,双胞胎,ascii,Twins,Twins,translated_directly_from_chinese_ai_review,pointer_table,high,pointer_table,ai_source_reviewed,5,no,,"The Chinese class directly and unambiguously means twins, positively matching the executable class witness.",,,,
MAIN:0x031C67,MAIN,451,,Ordinary text,0x031C67,0x031E5E,0x031E5E,,,738,0x031FEB,叔叔,ascii,Pok@Fan>,Uncle,translated_directly_from_chinese_ai_review,pointer_table,high,pointer_table,ai_source_reviewed,8,no,,Directly retains the Chinese familiar adult-male title; the old Pokéfan class is not semantically present.,,,,
MAIN:0x031C70,MAIN,452,,Ordinary text,0x031C70,0x031E60,0x031E60,,,739,0x031FF1,成熟姐姐,ascii,Beauty,Mature Lady,translated_directly_from_chinese_ai_review,pointer_table,high,pointer_table,ai_source_reviewed,6,no,,Preserves both maturity and the adult-woman sense of the Chinese class rather than reducing it to the old Beauty label.,,,,
MAIN:0x031C77,MAIN,453,,Ordinary text,0x031C77,0x031E62,0x031E62,,,740,0x031FFB,神婆,ascii,Medium,Medium,translated_directly_from_chinese_ai_review,pointer_table,high,pointer_table,ai_source_reviewed,6,no,,The Chinese folk-medium class and executable witness agree on the official English class term Medium.,,,,
MAIN:0x031C7E,MAIN,454,,Ordinary text,0x031C7E,0x031E64,0x031E64,,,741,0x032001,大婶婶,ascii,Pok@Fan=,Auntie,translated_directly_from_chinese_ai_review,pointer_table,high,pointer_table,ai_source_reviewed,8,no,,Directly retains the Chinese familiar older-woman title; the old female Pokéfan interpretation is not imported.,,,,
MAIN:0x031C87,MAIN,455,,Ordinary text,0x031C87,0x0319B5,0x0319B5,,,641,0x031C89,居合斩,graphical_codes,000<B1A9><B1AA><B1AB>,Cut,translated_directly_from_chinese_ai_review,pointer_table,high,pointer_table,ai_source_reviewed,9,no,,The Chinese field-move label and executable HM description slot identify Cut; no extra HM prefix or unreadable graphics are retained.,,,,
MAIN:0x031C91,MAIN,456,,Ordinary text,0x031C91,0x0319B7,0x0319B7,,,642,0x031C91,飞天术,graphical_codes,<0A><B1AC><B1AD><B1AE>,Fly,translated_directly_from_chinese_ai_review,pointer_table,high,pointer_table,ai_source_reviewed,7,no,,The Chinese field-move label and executable HM description slot identify Fly; the source contains no additional wording.,,,,
MAIN:0x031C99,MAIN,457,,Ordinary text,0x031C99,0x0319B9,0x0319B9,,,643,0x031C99,冲浪术,graphical_codes,<0A><B1AF><B1B0><B1AE>,Surf,translated_directly_from_chinese_ai_review,pointer_table,high,pointer_table,ai_source_reviewed,7,no,,The Chinese field-move label and executable HM description slot identify Surf without requiring the French HM prefix.,,,,
MAIN:0x031CA1,MAIN,458,,Ordinary text,0x031CA1,0x0319BB,0x0319BB,,,644,0x031CA1,怪力术,graphical_codes,<0A><B0CA><B0E3><B1AE>,Strength,translated_directly_from_chinese_ai_review,pointer_table,high,pointer_table,ai_source_reviewed,7,no,,The Chinese field-move label and executable HM description slot identify Strength; the complete official term remains within UI width.,,,,
MAIN:0x031CA9,MAIN,459,,Ordinary text,0x031CA9,0x0319BD,0x0319BD,,,645,0x031CA9,闪光术,graphical_codes,<0A><B4BE><B0E4><B1AE>,Flash,translated_directly_from_chinese_ai_review,pointer_table,high,pointer_table,ai_source_reviewed,7,no,,The Chinese field-move label and executable HM description slot identify Flash; no unsupported prefix or padding is added.,,,,
MAIN:0x031CB2,MAIN,460,,Ordinary text,0x031CB2,0x0319BF,0x0319BF,,,646,0x031CB1,秘传01,ascii,TM 01,TM 01 ,translated_directly_from_chinese_ai_review,pointer_table,high,pointer_table,ai_source_reviewed,6,no,,The Chinese number and executable machine-description table identify TM 01; one trailing space is retained as fixed-width structural padding.,,,,
MAIN:0x031CBA,MAIN,461,,Ordinary text,0x031CBA,0x0319C1,0x0319C1,,,647,0x031CB9,秘传02,ascii,TM 02,TM 02 ,translated_directly_from_chinese_ai_review,pointer_table,high,pointer_table,ai_source_reviewed,6,no,,The Chinese number and executable machine-description table identify TM 02; one trailing space is retained as fixed-width structural padding.,,,,
MAIN:0x031CC2,MAIN,462,,Ordinary text,0x031CC2,0x0319C3,0x0319C3,,,648,0x031CC1,秘传03,ascii,TM 03,TM 03 ,translated_directly_from_chinese_ai_review,pointer_table,high,pointer_table,ai_source_reviewed,6,no,,The Chinese number and executable machine-description table identify TM 03; one trailing space is retained as fixed-width structural padding.,,,,
MAIN:0x031CCA,MAIN,463,,Ordinary text,0x031CCA,0x0319C5,0x0319C5,,,649,0x031CC9,秘传04,ascii,TM 04,TM 04 ,translated_directly_from_chinese_ai_review,pointer_table,high,pointer_table,ai_source_reviewed,6,no,,The Chinese number and executable machine-description table identify TM 04; one trailing space is retained as fixed-width structural padding.,,,,
MAIN:0x031CD2,MAIN,464,,Ordinary text,0x031CD2,0x0319C7,0x0319C7,,,650,0x031CD1,秘传05,ascii,TM 05,TM 05 ,translated_directly_from_chinese_ai_review,pointer_table,high,pointer_table,ai_source_reviewed,6,no,,The Chinese number and executable machine-description table identify TM 05; one trailing space is retained as fixed-width structural padding.,,,,
MAIN:0x031CDA,MAIN,465,,Ordinary text,0x031CDA,0x0319C9,0x0319C9,,,651,0x031CD9,秘传06,ascii,TM 06,TM 06 ,translated_directly_from_chinese_ai_review,pointer_table,high,pointer_table,ai_source_reviewed,6,no,,The Chinese number and executable machine-description table identify TM 06; one trailing space is retained as fixed-width structural padding.,,,,
MAIN:0x031CE2,MAIN,466,,Ordinary text,0x031CE2,0x0319CB,0x0319CB,,,652,0x031CE1,秘传07,ascii,TM 07,TM 07 ,translated_directly_from_chinese_ai_review,pointer_table,high,pointer_table,ai_source_reviewed,6,no,,The Chinese number and executable machine-description table identify TM 07; one trailing space is retained as fixed-width structural padding.,,,,
MAIN:0x031CEA,MAIN,467,,Ordinary text,0x031CEA,0x0319CD,0x0319CD,,,653,0x031CE9,秘传08,ascii,TM 08,TM 08 ,translated_directly_from_chinese_ai_review,pointer_table,high,pointer_table,ai_source_reviewed,6,no,,The Chinese number and executable machine-description table identify TM 08; one trailing space is retained as fixed-width structural padding.,,,,
MAIN:0x031CF2,MAIN,468,,Ordinary text,0x031CF2,0x0319CF,0x0319CF,,,654,0x031CF1,秘传09,ascii,TM 09,TM 09 ,translated_directly_from_chinese_ai_review,pointer_table,high,pointer_table,ai_source_reviewed,6,no,,The Chinese number and executable machine-description table identify TM 09; one trailing space is retained as fixed-width structural padding.,,,,
MAIN:0x031CFA,MAIN,469,,Ordinary text,0x031CFA,0x0319D1,0x0319D1,,,655,0x031CF9,秘传10,ascii,TM 10,TM 10 ,translated_directly_from_chinese_ai_review,pointer_table,high,pointer_table,ai_source_reviewed,6,no,,The Chinese number and executable machine-description table identify TM 10; one trailing space is retained as fixed-width structural padding.,,,,
MAIN:0x031D02,MAIN,470,,Ordinary text,0x031D02,0x0319D3,0x0319D3,,,656,0x031D01,秘传11,ascii,TM 11,TM 11 ,translated_directly_from_chinese_ai_review,pointer_table,high,pointer_table,ai_source_reviewed,6,no,,The Chinese number and executable machine-description table identify TM 11; one trailing space is retained as fixed-width structural padding.,,,,
MAIN:0x031D0A,MAIN,471,,Ordinary text,0x031D0A,0x0319D5,0x0319D5,,,657,0x031D09,秘传12,ascii,TM 12,TM 12 ,translated_directly_from_chinese_ai_review,pointer_table,high,pointer_table,ai_source_reviewed,6,no,,The Chinese number and executable machine-description table identify TM 12; one trailing space is retained as fixed-width structural padding.,,,,
MAIN:0x031D12,MAIN,472,,Ordinary text,0x031D12,0x0319D7,0x0319D7,,,658,0x031D11,秘传13,ascii,TM 13,TM 13 ,translated_directly_from_chinese_ai_review,pointer_table,high,pointer_table,ai_source_reviewed,6,no,,The Chinese number and executable machine-description table identify TM 13; one trailing space is retained as fixed-width structural padding.,,,,
MAIN:0x031D1A,MAIN,473,,Ordinary text,0x031D1A,0x0319D9,0x0319D9,,,659,0x031D19,秘传14,ascii,TM 14,TM 14 ,translated_directly_from_chinese_ai_review,pointer_table,high,pointer_table,ai_source_reviewed,6,no,,The Chinese number and executable machine-description table identify TM 14; one trailing space is retained as fixed-width structural padding.,,,,
MAIN:0x031D22,MAIN,474,,Ordinary text,0x031D22,0x0319DB,0x0319DB,,,660,0x031D21,秘传15,ascii,TM 15,TM 15 ,translated_directly_from_chinese_ai_review,pointer_table,high,pointer_table,ai_source_reviewed,6,no,,The Chinese number and executable machine-description table identify TM 15; one trailing space is retained as fixed-width structural padding.,,,,
MAIN:0x031D2A,MAIN,475,,Ordinary text,0x031D2A,0x0319DD,0x0319DD,,,661,0x031D29,秘传16,ascii,TM 16,TM 16 ,translated_directly_from_chinese_ai_review,pointer_table,high,pointer_table,ai_source_reviewed,6,no,,The Chinese number and executable machine-description table identify TM 16; one trailing space is retained as fixed-width structural padding.,,,,
MAIN:0x031D32,MAIN,476,,Ordinary text,0x031D32,0x0319DF,0x0319DF,,,662,0x031D31,秘传17,ascii,TM 17,TM 17 ,translated_directly_from_chinese_ai_review,pointer_table,high,pointer_table,ai_source_reviewed,6,no,,The Chinese number and executable machine-description table identify TM 17; one trailing space is retained as fixed-width structural padding.,,,,
MAIN:0x031D3A,MAIN,477,,Ordinary text,0x031D3A,0x0319E1,0x0319E1,,,663,0x031D39,秘传18,ascii,TM 18,TM 18 ,translated_directly_from_chinese_ai_review,pointer_table,high,pointer_table,ai_source_reviewed,6,no,,The Chinese number and executable machine-description table identify TM 18; one trailing space is retained as fixed-width structural padding.,,,,
MAIN:0x031D42,MAIN,478,,Ordinary text,0x031D42,0x0319E3,0x0319E3,,,664,0x031D41,秘传19,ascii,TM 19,TM 19 ,translated_directly_from_chinese_ai_review,pointer_table,high,pointer_table,ai_source_reviewed,6,no,,The Chinese number and executable machine-description table identify TM 19; one trailing space is retained as fixed-width structural padding.,,,,
MAIN:0x031D4A,MAIN,479,,Ordinary text,0x031D4A,0x0319E5,0x0319E5,,,665,0x031D49,秘传20,ascii,TM 20,TM 20 ,translated_directly_from_chinese_ai_review,pointer_table,high,pointer_table,ai_source_reviewed,6,no,,The Chinese number and executable machine-description table identify TM 20; one trailing space is retained as fixed-width structural padding.,,,,
MAIN:0x031D52,MAIN,480,,Ordinary text,0x031D52,0x0319E7,0x0319E7,,,666,0x031D51,秘传21,ascii,TM 21,TM 21 ,translated_directly_from_chinese_ai_review,pointer_table,high,pointer_table,ai_source_reviewed,6,no,,The Chinese number and executable machine-description table identify TM 21; one trailing space is retained as fixed-width structural padding.,,,,
MAIN:0x031D5A,MAIN,481,,Ordinary text,0x031D5A,0x0319E9,0x0319E9,,,667,0x031D59,秘传22,ascii,TM 22,TM 22 ,translated_directly_from_chinese_ai_review,pointer_table,high,pointer_table,ai_source_reviewed,6,no,,The Chinese number and executable machine-description table identify TM 22; one trailing space is retained as fixed-width structural padding.,,,,
MAIN:0x031D62,MAIN,482,,Ordinary text,0x031D62,0x0319EB,0x0319EB,,,668,0x031D61,秘传23,ascii,TM 23,TM 23 ,translated_directly_from_chinese_ai_review,pointer_table,high,pointer_table,ai_source_reviewed,6,no,,The Chinese number and executable machine-description table identify TM 23; one trailing space is retained as fixed-width structural padding.,,,,
MAIN:0x031D6A,MAIN,483,,Ordinary text,0x031D6A,0x0319ED,0x0319ED,,,669,0x031D69,秘传24,ascii,TM 24,TM 24 ,translated_directly_from_chinese_ai_review,pointer_table,high,pointer_table,ai_source_reviewed,6,no,,The Chinese number and executable machine-description table identify TM 24; one trailing space is retained as fixed-width structural padding.,,,,
MAIN:0x031D72,MAIN,484,,Ordinary text,0x031D72,0x0319EF,0x0319EF,,,670,0x031D71,秘传25,ascii,TM 25,TM 25 ,translated_directly_from_chinese_ai_review,pointer_table,high,pointer_table,ai_source_reviewed,6,no,,The Chinese number and executable machine-description table identify TM 25; one trailing space is retained as fixed-width structural padding.,,,,
MAIN:0x031D7A,MAIN,485,,Ordinary text,0x031D7A,0x0319F1,0x0319F1,,,671,0x031D79,秘传26,ascii,TM 26,TM 26 ,translated_directly_from_chinese_ai_review,pointer_table,high,pointer_table,ai_source_reviewed,6,no,,The Chinese number and executable machine-description table identify TM 26; one trailing space is retained as fixed-width structural padding.,,,,
MAIN:0x031D82,MAIN,486,,Ordinary text,0x031D82,0x0319F3,0x0319F3,,,672,0x031D81,秘传27,ascii,TM 27,TM 27 ,translated_directly_from_chinese_ai_review,pointer_table,high,pointer_table,ai_source_reviewed,6,no,,The Chinese number and executable machine-description table identify TM 27; one trailing space is retained as fixed-width structural padding.,,,,
MAIN:0x031D8A,MAIN,487,,Ordinary text,0x031D8A,0x0319F5,0x0319F5,,,673,0x031D89,秘传28,ascii,TM 28,TM 28 ,translated_directly_from_chinese_ai_review,pointer_table,high,pointer_table,ai_source_reviewed,6,no,,The Chinese number and executable machine-description table identify TM 28; one trailing space is retained as fixed-width structural padding.,,,,
MAIN:0x031D92,MAIN,488,,Ordinary text,0x031D92,0x0319F7,0x0319F7,,,674,0x031D91,秘传29,ascii,TM 29,TM 29 ,translated_directly_from_chinese_ai_review,pointer_table,high,pointer_table,ai_source_reviewed,6,no,,The Chinese number and executable machine-description table identify TM 29; one trailing space is retained as fixed-width structural padding.,,,,
MAIN:0x031D9A,MAIN,489,,Ordinary text,0x031D9A,0x0319F9,0x0319F9,,,675,0x031D99,秘传30,ascii,TM 30,TM 30 ,translated_directly_from_chinese_ai_review,pointer_table,high,pointer_table,ai_source_reviewed,6,no,,The Chinese number and executable machine-description table identify TM 30; one trailing space is retained as fixed-width structural padding.,,,,
MAIN:0x031DA2,MAIN,490,,Ordinary text,0x031DA2,0x0319FB,0x0319FB,,,676,0x031DA1,秘传31,ascii,TM 31,TM 31 ,translated_directly_from_chinese_ai_review,pointer_table,high,pointer_table,ai_source_reviewed,6,no,,The Chinese number and executable machine-description table identify TM 31; one trailing space is retained as fixed-width structural padding.,,,,
MAIN:0x031DAA,MAIN,491,,Ordinary text,0x031DAA,0x0319FD,0x0319FD,,,677,0x031DA9,秘传32,ascii,TM 32,TM 32 ,translated_directly_from_chinese_ai_review,pointer_table,high,pointer_table,ai_source_reviewed,6,no,,The Chinese number and executable machine-description table identify TM 32; one trailing space is retained as fixed-width structural padding.,,,,
MAIN:0x031DB2,MAIN,492,,Ordinary text,0x031DB2,0x0319FF,0x0319FF,,,678,0x031DB1,秘传33,ascii,TM 33,TM 33 ,translated_directly_from_chinese_ai_review,pointer_table,high,pointer_table,ai_source_reviewed,6,no,,The Chinese number and executable machine-description table identify TM 33; one trailing space is retained as fixed-width structural padding.,,,,
MAIN:0x031DBA,MAIN,493,,Ordinary text,0x031DBA,0x031A01,0x031A01,,,679,0x031DB9,秘传34,ascii,TM 34,TM 34 ,translated_directly_from_chinese_ai_review,pointer_table,high,pointer_table,ai_source_reviewed,6,no,,The Chinese number and executable machine-description table identify TM 34; one trailing space is retained as fixed-width structural padding.,,,,
MAIN:0x031DC2,MAIN,494,,Ordinary text,0x031DC2,0x031A03,0x031A03,,,680,0x031DC1,秘传35,ascii,TM 35,TM 35 ,translated_directly_from_chinese_ai_review,pointer_table,high,pointer_table,ai_source_reviewed,6,no,,The Chinese number and executable machine-description table identify TM 35; one trailing space is retained as fixed-width structural padding.,,,,
MAIN:0x031DCA,MAIN,495,,Ordinary text,0x031DCA,0x031A05,0x031A05,,,681,0x031DC9,秘传36,ascii,TM 36,TM 36 ,translated_directly_from_chinese_ai_review,pointer_table,high,pointer_table,ai_source_reviewed,6,no,,The Chinese number and executable machine-description table identify TM 36; one trailing space is retained as fixed-width structural padding.,,,,
MAIN:0x031DD2,MAIN,496,,Ordinary text,0x031DD2,0x031A07,0x031A07,,,682,0x031DD1,秘传37,ascii,TM 37,TM 37 ,translated_directly_from_chinese_ai_review,pointer_table,high,pointer_table,ai_source_reviewed,6,no,,The Chinese number and executable machine-description table identify TM 37; one trailing space is retained as fixed-width structural padding.,,,,
MAIN:0x031DDA,MAIN,497,,Ordinary text,0x031DDA,0x031A09,0x031A09,,,683,0x031DD9,秘传38,ascii,TM 38,TM 38 ,translated_directly_from_chinese_ai_review,pointer_table,high,pointer_table,ai_source_reviewed,6,no,,The Chinese number and executable machine-description table identify TM 38; one trailing space is retained as fixed-width structural padding.,,,,
MAIN:0x031DE2,MAIN,498,,Ordinary text,0x031DE2,0x031A0B,0x031A0B,,,684,0x031DE1,秘传39,ascii,TM 39,TM 39 ,translated_directly_from_chinese_ai_review,pointer_table,high,pointer_table,ai_source_reviewed,6,no,,The Chinese number and executable machine-description table identify TM 39; one trailing space is retained as fixed-width structural padding.,,,,
MAIN:0x031DEA,MAIN,499,,Ordinary text,0x031DEA,0x031A0D,0x031A0D,,,685,0x031DE9,秘传40,ascii,TM 40,TM 40 ,translated_directly_from_chinese_ai_review,pointer_table,high,pointer_table,ai_source_reviewed,6,no,,The Chinese number and final executable machine-description position identify TM 40; one trailing space is retained as fixed-width structural padding.,,,,
MAIN:0x031E6A,MAIN,500,,Ordinary text,0x031E6A,,0x031DF4,,,,0x031E6A,小茂,ascii,Gary,Gary,translated_directly_from_reviewed_chinese_source_ai_review,unaligned,low,reviewed_source_adjudication,ai_source_reviewed,4,no,,"The direct rival-name payload is Xiaomao, correctly localized to the official English name Gary.",,,,
MAIN:0x031E6F,MAIN,501,,Ordinary text,0x031E6F,0x031DF6,0x031DF6,,,686,0x031E6F,小刚,ascii,Brock,Brock,translated_directly_from_chinese_ai_review,pointer_table,high,pointer_table,ai_source_reviewed,5,no,,The Chinese name Xiaogang and the first Gym Leader table position identify the official English name Brock.,,,,
MAIN:0x031E75,MAIN,502,,Ordinary text,0x031E75,0x031DF8,0x031DF8,,,687,0x031E75,小霞,ascii,Misty,Misty,translated_directly_from_chinese_ai_review,pointer_table,high,pointer_table,ai_source_reviewed,5,no,,The Chinese name Xiaoxia and the second Gym Leader table position identify the official English name Misty.,,,,
MAIN:0x031E7B,MAIN,503,,Ordinary text,0x031E7B,0x031DFA,0x031DFA,,,688,0x031E7B,马其斯,ascii,Lt.Surge,Lt. Surge,translated_directly_from_chinese_ai_review,pointer_table,high,pointer_table,ai_source_reviewed,8,no,,The Chinese transliteration Maqisi and third Gym Leader table position identify Lt. Surge; standard English punctuation is restored.,,,,
MAIN:0x031E84,MAIN,504,,Ordinary text,0x031E84,0x031DFC,0x031DFC,,,689,0x031E83,佳丽亚,ascii,Erika,Erika,translated_directly_from_chinese_ai_review,pointer_table,high,pointer_table,ai_source_reviewed,5,no,,The Chinese transliteration and fourth Gym Leader table position positively identify the official English name Erika.,,,,
MAIN:0x031E8A,MAIN,505,,Ordinary text,0x031E8A,0x031DFE,0x031DFE,,,690,0x031E8B,乔,ascii,Koga,Koga,official_english_name_verified_by_executable_table_ai_review,pointer_table,high,pointer_table,ai_source_reviewed,4,no,,"The isolated Chinese character Qiao is anomalous, but the uninterrupted Gym Leader table position between Erika and Sabrina mechanically identifies Koga.",,,,
MAIN:0x031E8F,MAIN,506,,Ordinary text,0x031E8F,0x031E00,0x031E00,,,691,0x031E8F,娜梅,ascii,Sabrina,Sabrina,translated_directly_from_chinese_ai_review,pointer_table,high,pointer_table,ai_source_reviewed,7,no,,The Chinese name Namei and sixth Gym Leader table position identify the official English name Sabrina.,,,,
MAIN:0x031E97,MAIN,507,,Ordinary text,0x031E97,0x031E02,0x031E02,,,692,0x031E95,阿桂,ascii,Blaine,Blaine,translated_directly_from_chinese_ai_review,pointer_table,high,pointer_table,ai_source_reviewed,6,no,,The Chinese name Agui and seventh Gym Leader table position identify the official English name Blaine.,,,,
MAIN:0x031E9E,MAIN,508,,Ordinary text,0x031E9E,0x031E04,0x031E04,,,693,0x031E9B,老大,ascii,Giovanni,Giovanni,official_english_name_verified_by_executable_table_ai_review,pointer_table,high,pointer_table,ai_source_reviewed,8,no,,Chinese gives the title Boss; the eighth Gym Leader slot and matching story dialogue resolve that boss specifically as Giovanni.,,,,
MAIN:0x031EA7,MAIN,509,,Ordinary text,0x031EA7,0x031E06,0x031E06,,,694,0x031EA1,加纳,ascii,Lorelei,Lorelei,official_english_name_verified_by_executable_table_ai_review,pointer_table,high,pointer_table,ai_source_reviewed,7,no,,"The Chinese alias Jiana is irregular, but the first Elite Four table position and matching dialogue identity mechanically establish Lorelei.",,,,
MAIN:0x031EAF,MAIN,510,,Ordinary text,0x031EAF,0x031E08,0x031E08,,,695,0x031EA7,西巴,ascii,Bruno,Bruno,translated_directly_from_chinese_ai_review,pointer_table,high,pointer_table,ai_source_reviewed,5,no,,The Chinese name Xiba and second Elite Four table position identify the official English name Bruno.,,,,
MAIN:0x031EB5,MAIN,511,,Ordinary text,0x031EB5,0x031E0A,0x031E0A,,,696,0x031EAD,菊子,ascii,Agatha,Agatha,translated_directly_from_chinese_ai_review,pointer_table,high,pointer_table,ai_source_reviewed,6,no,,The Chinese name Juzi and third Elite Four table position identify the official English name Agatha.,,,,
MAIN:0x031EBC,MAIN,512,,Ordinary text,0x031EBC,0x031E0C,0x031E0C,,,697,0x031EB3,瓦它诺,ascii,Lance,Lance,translated_directly_from_chinese_ai_review,pointer_table,high,pointer_table,ai_source_reviewed,5,no,,The Chinese transliteration of Wataru and fourth Elite Four table position identify the official English name Lance.,,,,
MAIN:0x031EC2,MAIN,513,,Ordinary text,0x031EC2,0x031E0E,0x031E0E,,,698,0x031EBB,武藏小次郎,ascii,Jesse & James,Jessie & James,translated_directly_from_chinese_ai_review,pointer_table,high,pointer_table,ai_source_reviewed,13,no,,"Chinese explicitly names Musashi and Kojiro; their official English names are Jessie and James, correcting the old Jessie misspelling.",,,,
MAIN:0x031EDD,MAIN,514,,Ordinary text,0x031EDD,0x031E14,0x031E14,,,701,0x031ED7,二当家,ascii,Lugia2009,Deputy,translated_directly_from_chinese_ai_review,pointer_table,high,pointer_table,ai_source_reviewed,9,no,,Chinese identifies this Fighting Dojo figure as the second-in-command; Deputy restores that role and removes the translator cameo.,,,,
MAIN:0x031EE7,MAIN,515,,Ordinary text,0x031EE7,0x031E16,0x031E16,,,702,0x031EDF,捉虫少年,ascii,Bug Catcher,Bug Catcher,translated_directly_from_chinese_ai_review,pointer_table,high,pointer_table,ai_source_reviewed,11,no,,The Chinese bug-catching boy class directly matches the established official English class name Bug Catcher.,,,,
MAIN:0x031EF3,MAIN,516,,Ordinary text,0x031EF3,0x031E18,0x031E18,,,703,0x031EE9,侦察员,ascii,Psychic,Scout,translated_directly_from_chinese_ai_review,pointer_table,high,pointer_table,ai_source_reviewed,7,no,,Directly translates the Chinese scout class; the old Psychic and French psychic-class witnesses conflict with the source.,,,,
MAIN:0x031EFB,MAIN,517,,Ordinary text,0x031EFB,0x031E1A,0x031E1A,,,704,0x031EF1,迷你裙,ascii,Lass,Lass,translated_from_chinese_with_executable_context_ai_review,pointer_table,high,pointer_table,ai_source_reviewed,4,no,,"The Chinese Miniskirt class is the matching class concept officially localized as Lass, corroborated by its executable table position.",,,,
MAIN:0x031F00,MAIN,518,,Ordinary text,0x031F00,0x031E1C,0x031E1C,,,705,0x031EF9,谈判小子,ascii,Schoolkid,Young Negotiator,translated_directly_from_chinese_ai_review,pointer_table,high,pointer_table,ai_source_reviewed,9,no,,Preserves both the negotiation role and youthful Xiaozǐ label in the Chinese; the old Schoolkid interpretation is not semantically equivalent.,,,,
MAIN:0x031F0A,MAIN,519,,Ordinary text,0x031F0A,0x031E1E,0x031E1E,,,706,0x031F03,火箭队,ascii,Rocket Grunt>,Team Rocket,translated_directly_from_chinese_ai_review,pointer_table,high,pointer_table,ai_source_reviewed,13,no,,"Directly translates the Chinese organization name. This first adjacent executable slot is male, but the source itself does not add Grunt or a gender marker.",,,,
MAIN:0x031F18,MAIN,520,,Ordinary text,0x031F18,0x031E20,0x031E20,,,707,0x031F0B,火箭队,ascii,Rocket Grunt=,Team Rocket,translated_directly_from_chinese_ai_review,pointer_table,high,pointer_table,ai_source_reviewed,13,no,,"Directly translates the same Chinese organization name. This second adjacent executable slot is female, but the source payload remains ungendered.",,,,
MAIN:0x031F26,MAIN,521,,Ordinary text,0x031F26,0x031E22,0x031E22,,,708,0x031F13,研究员,ascii,Scientist,Scientist,translated_from_chinese_with_executable_context_ai_review,pointer_table,high,pointer_table,ai_source_reviewed,9,no,,The Chinese researcher concept and executable trainer-class slot agree with the official English class term Scientist.,,,,
MAIN:0x031F30,MAIN,522,,Ordinary text,0x031F30,0x031E24,0x031E24,,,709,0x031F1B,大叔,ascii,Hiker,Man,translated_directly_from_chinese_ai_review,pointer_table,high,pointer_table,ai_source_reviewed,5,no,,Naturalizes the generic Chinese middle-aged-man address as Man; nothing in the source supports the old Hiker profession.,,,,
MAIN:0x031F36,MAIN,523,,Ordinary text,0x031F36,0x031E26,0x031E26,,,710,0x031F21,游泳男,ascii,Swimmer>,Male Swimmer,translated_directly_from_chinese_ai_review,pointer_table,high,pointer_table,ai_source_reviewed,8,no,,"Preserves both the swimmer class and the explicit male distinction, which separates this executable slot from the following female swimmer entry.",,,,
MAIN:0x031F3F,MAIN,524,,Ordinary text,0x031F3F,0x031E28,0x031E28,,,711,0x031F29,游泳女,ascii,Swimmer=,Swimmer Girl,translated_directly_from_chinese_ai_review,pointer_table,high,pointer_table,ai_source_reviewed,8,no,,The Chinese trainer label explicitly denotes a female swimmer; the old equals-sign gender surrogate is rendered as a natural class name.,,,,
MAIN:0x031F48,MAIN,525,,Ordinary text,0x031F48,0x031E2A,0x031E2A,,,712,0x031F31,绅士,ascii,Gentleman,Gentleman,translated_directly_from_chinese_ai_review,pointer_table,high,pointer_table,ai_source_reviewed,9,no,,The Chinese trainer label directly means Gentleman and both witnesses concord.,,,,
MAIN:0x031F52,MAIN,526,,Ordinary text,0x031F52,0x031E2C,0x031E2C,,,713,0x031F37,大胖子,ascii,Fire Breather,Big Guy,translated_directly_from_chinese_ai_review,pointer_table,high,pointer_table,ai_source_reviewed,13,no,,"Corrects the unrelated Fire Breather witness: the Chinese class literally denotes a big, heavyset man, consistently called Big Guy in his reviewed dialogue.",,,,
MAIN:0x031F60,MAIN,527,,Ordinary text,0x031F60,0x031E2E,0x031E2E,,,714,0x031F3F,水手,ascii,Sailor,Sailor,translated_directly_from_chinese_ai_review,pointer_table,high,pointer_table,ai_source_reviewed,6,no,,The Chinese trainer label directly means Sailor; witness padding is not semantic.,,,,
MAIN:0x031F67,MAIN,528,,Ordinary text,0x031F67,0x031E30,0x031E30,,,715,0x031F45,士兵,ascii,Cool Trainer>,Soldier,translated_directly_from_chinese_ai_review,pointer_table,high,pointer_table,ai_source_reviewed,13,no,,"Corrects the Cool Trainer mismatch: the Chinese class explicitly says Soldier, as do this class's reviewed dialogue labels.",,,,
MAIN:0x031F75,MAIN,529,,Ordinary text,0x031F75,0x031E32,0x031E32,,,716,0x031F4B,老爷爷,ascii,Cue Ball,Old Man,translated_directly_from_chinese_ai_review,pointer_table,high,pointer_table,ai_source_reviewed,8,no,,"Corrects the Cue Ball mismatch: the Chinese class directly denotes an old man, matching its reviewed speaker label.",,,,
MAIN:0x031F7E,MAIN,530,,Ordinary text,0x031F7E,0x031E34,0x031E34,,,717,0x031F53,女孩,ascii,Jr.Trainer=,Girl,translated_directly_from_chinese_ai_review,pointer_table,high,pointer_table,ai_source_reviewed,11,no,,The Chinese class simply says Girl; the more specific old Jr. Trainer label is not reintroduced.,,,,
MAIN:0x031F8A,MAIN,531,,Ordinary text,0x031F8A,0x031E36,0x031E36,,,718,0x031F59,职员,ascii,Super Nerd,Worker,translated_directly_from_chinese_ai_review,pointer_table,high,pointer_table,ai_source_reviewed,10,no,,"Corrects the Super Nerd mismatch: the Chinese label denotes an employee or worker, consistent with reviewed dialogue labels.",,,,
MAIN:0x031F95,MAIN,532,,Ordinary text,0x031F95,0x031E38,0x031E38,,,719,0x031F5F,少年,ascii,Youngster,Youngster,translated_directly_from_chinese_ai_review,pointer_table,high,pointer_table,ai_source_reviewed,9,no,,The Chinese youth label concords with the Youngster class; legacy trailing padding is omitted.,,,,
MAIN:0x031F9F,MAIN,533,,Ordinary text,0x031F9F,0x031E3A,0x031E3A,,,720,0x031F65,女生,ascii,Teacher,Girl,translated_directly_from_chinese_ai_review,pointer_table,high,pointer_table,ai_source_reviewed,7,no,,"Corrects the Teacher mismatch: the Chinese label denotes a girl or female student and is rendered as Girl, consistent with reviewed dialogue.",,,,
MAIN:0x031FA7,MAIN,534,,Ordinary text,0x031FA7,0x031E3C,0x031E3C,,,721,0x031F6B,大姐姐,ascii,Kimono Girl,Woman,translated_directly_from_chinese_ai_review,pointer_table,high,pointer_table,ai_source_reviewed,11,no,,The Chinese familiar label for an older girl or young woman is rendered as Woman; it contains no kimono fact.,,,,
MAIN:0x031FB3,MAIN,535,,Ordinary text,0x031FB3,0x031E3E,0x031E3E,,,722,0x031F73,修女,ascii,Channeler,Nun,translated_directly_from_chinese_ai_review,pointer_table,high,pointer_table,ai_source_reviewed,9,no,,The Chinese class explicitly says Nun; Channeler and Exorcist are secondary class substitutions.,,,,
MAIN:0x031FBD,MAIN,536,,Ordinary text,0x031FBD,0x031E40,0x031E40,,,723,0x031F79,钓鱼者,ascii,Fisherman,Fisherman,translated_directly_from_chinese_ai_review,pointer_table,high,pointer_table,ai_source_reviewed,9,no,,The Chinese angler label concords with Fisherman; no witness padding is retained.,,,,
MAIN:0x031FC7,MAIN,537,,Ordinary text,0x031FC7,0x031E42,0x031E42,,,724,0x031F81,电气团,ascii,Rocker,Rocker,translated_directly_from_chinese_ai_review,pointer_table,high,pointer_table,ai_source_reviewed,6,no,,"The Chinese electric-group label, Electric-specialist dialogue, and executable trainer slot concord with the Rocker class.",,,,
MAIN:0x031FCE,MAIN,538,,Ordinary text,0x031FCE,0x031E44,0x031E44,,,725,0x031F89,捉鸟人,ascii,Bird Keeper,Bird Keeper,translated_directly_from_chinese_ai_review,pointer_table,high,pointer_table,ai_source_reviewed,11,no,,The Chinese bird-catcher label and trainer context identify Bird Keeper.,,,,
MAIN:0x031FDA,MAIN,539,,Ordinary text,0x031FDA,0x031E46,0x031E46,,,726,0x031F91,暴走族,ascii,Biker,Biker,translated_directly_from_chinese_ai_review,pointer_table,high,pointer_table,ai_source_reviewed,5,no,,The Chinese motorcycle-gang label concords with the Biker class.,,,,
MAIN:0x031FE0,MAIN,540,,Ordinary text,0x031FE0,0x031E48,0x031E48,,,727,0x031F99,忍者,ascii,Ninja,Ninja,translated_directly_from_chinese_ai_review,pointer_table,high,pointer_table,ai_source_reviewed,5,no,,The Chinese class directly says Ninja.,,,,
MAIN:0x031FE6,MAIN,541,,Ordinary text,0x031FE6,0x031E4A,0x031E4A,,,728,0x031F9F,空手道,ascii,Black Belt,Blackbelt,translated_directly_from_chinese_ai_review,pointer_table,high,pointer_table,ai_source_reviewed,10,no,,The Chinese class explicitly names karate; Karateka preserves that discipline instead of substituting the broader Black Belt label. Full-text review: Uses the official English Gen I trainer-class name rather than the Japanese loanword Karateka.,,,,
MAIN:0x031FF1,MAIN,542,,Ordinary text,0x031FF1,0x031E4C,0x031E4C,,,729,0x031FA7,跆拳道,ascii,Prof.Oak,Taekwondo Fighter,translated_directly_from_chinese_ai_review,pointer_table,high,pointer_table,ai_source_reviewed,8,no,,"Corrects the unrelated Professor Oak witness: the Chinese class explicitly names a taekwondo practitioner, matching reviewed dojo dialogue.",,,,
MAIN:0x031FFA,MAIN,543,,Ordinary text,0x031FFA,0x031E4E,0x031E4E,,,730,0x031FAF,超能力,ascii,Cool Trainer=,Psychic,translated_directly_from_chinese_ai_review,pointer_table,high,pointer_table,ai_source_reviewed,13,no,,"The Chinese psychic-power label and Saffron Gym dialogue identify the Psychic class, not a female Cool Trainer.",,,,
MAIN:0x032008,MAIN,544,,Ordinary text,0x032008,0x031E50,0x031E50,,,731,0x031FB7,精神师,ascii,Pok@Maniac,Psychic,translated_directly_from_chinese_ai_review,pointer_table,high,pointer_table,ai_source_reviewed,10,no,,Corrects the Pokémaniac mismatch: the Chinese mentalist label and the class's reviewed dialogue identify another Psychic trainer slot.,,,,
MAIN:0x032013,MAIN,545,,Ordinary text,0x032013,0x031E52,0x031E52,,,732,0x031FBF,小偷,ascii,Burglar,Burglar,translated_directly_from_chinese_ai_review,pointer_table,high,pointer_table,ai_source_reviewed,7,no,,The Chinese thief label concords with the Burglar class.,,,,
MAIN:0x032161,MAIN,546,,Ordinary text,0x032161,0x031E66,0x031E66,,,742,0x032009,滑雪女,ascii,Skier,Female Skier,translated_directly_from_chinese_ai_review,pointer_table,high,pointer_table,ai_source_reviewed,5,no,,The Chinese label explicitly identifies a female skier; the gender is stated in words for the strict English codec.,,,,
MAIN:0x032167,MAIN,547,,Ordinary text,0x032167,0x031E68,0x031E68,,,743,0x032011,滑雪男,ascii,Boarder,Male Skier,translated_directly_from_chinese_ai_review,pointer_table,high,pointer_table,ai_source_reviewed,7,no,,"Corrects the Boarder substitution: the Chinese explicitly identifies a male skier, not a snowboarder.",,,,
MAIN:0x03216F,MAIN,548,,Ordinary text,0x03216F,0x033059,0x033059,,,927,0x033128,石英高原,graphical_codes,<B76B><B76D><B76F><B771>  ,Indigo Plateau,translated_directly_from_chinese_ai_review,pointer_table,high,pointer_table,ai_source_reviewed,10,no,,The Chinese Quartz Plateau place name and executable world-location slot concord with Indigo Plateau; unreadable legacy graphics and padding are discarded.,,,,
MAIN:0x03217A,MAIN,549,,Pokédex,0x03217A,0x032024,0x032024,pokedex_13x4,,747,0x0321A4,用尾巴的火焰表达心情,ascii,Steam is saidto spout fromit's tail when it rains,Its tail flame shows its mood.,translated_directly_from_chinese_ai_review,pointer_table,high,pointer_table,ai_source_reviewed,52,no,,Direct Chinese-source rendering: Its tail flame shows its mood; no divergent 2015 detail is imported.,,,,
MAIN:0x0321AF,MAIN,550,,Pokédex,0x0321AF,0x03202A,0x03202A,pokedex_13x4,,750,0x0321F6,身体有坚硬的外壳可发出强烈的泡沫,ascii,It withdraws into its shell when indanger,Its hard shell can fire powerful bubbles.,translated_directly_from_chinese_ai_review,pointer_table,high,pointer_table,ai_source_reviewed,45,yes,Rephrased to fit the four 13-cell Pokédex lines without splitting a word or dropping the source fact.,Direct Chinese-source rendering: Its hard shell can fire strong foam; no divergent 2015 detail is imported. Full-text review: Uses the natural battle verb and count noun.,,,,
MAIN:0x0321DD,MAIN,551,,Pokédex,0x0321DD,0x03202C,0x03202C,pokedex_13x4,,751,0x032218,隐藏在水中等待食物游泳速度很快,ascii,"To swim fast,it uses its ears to main-tain balance","It hides in water, waits for food, and swims fast.",translated_directly_from_chinese_ai_review,pointer_table,high,pointer_table,ai_source_reviewed,51,no,,"Direct Chinese-source rendering: It hides in water, waits for food, and swims fast; no divergent 2015 detail is imported.",,,,
MAIN:0x032211,MAIN,552,,Pokédex,0x032211,0x03202E,0x03202E,pokedex_13x4,,752,0x032238,背上喷射口像火箭一样喷射厉害水流,ascii,A very brutalPok@mon with powerful jetson its back,Its back jets fire fierce streams like rockets.,translated_directly_from_chinese_ai_review,pointer_table,high,pointer_table,ai_source_reviewed,50,no,,Direct Chinese-source rendering: Its back jets fire fierce streams like rockets; no divergent 2015 detail is imported.,,,,
MAIN:0x032244,MAIN,553,,Pokédex,0x032244,0x032032,0x032032,pokedex_13x4,,754,0x03226C,外壳变硬前受到攻击会流出液体,ascii,It hardens its shell to protect its weak body,"Before hardening, it leaks when struck.",translated_directly_from_chinese_ai_review,pointer_table,high,pointer_table,ai_source_reviewed,48,yes,Rephrased to fit the four 13-cell Pokédex lines without splitting a word or dropping the source fact.,"Direct Chinese-source rendering: Before its shell hardens, hits draw fluid; no divergent 2015 detail is imported. Full-text review: Replaces the unnatural phrase 'hits draw fluid'.",,,,
MAIN:0x032275,MAIN,554,,Pokédex,0x032275,0x032036,0x032036,pokedex_13x4,,756,0x03229E,喜欢吃树叶头上长着坚利的针,ascii,It hides in grass and bushes to eatleaves,It loves leaves and has a sharp head spike.,translated_directly_from_chinese_ai_review,pointer_table,high,pointer_table,ai_source_reviewed,45,no,,Direct Chinese-source rendering: It loves leaves and has a sharp head spike; no divergent 2015 detail is imported.,,,,
MAIN:0x0322A3,MAIN,555,,Pokédex,0x0322A3,0x03203A,0x03203A,pokedex_13x4,,758,0x0322DA,告诉飞行用大的毒针刺敌人,ascii,It jabs foes with its 3 poisonous stingers,It flies fast and jabs foes with a big toxic barb.,translated_directly_from_chinese_ai_review,pointer_table,high,pointer_table,ai_source_reviewed,47,no,,Direct Chinese-source rendering: It flies fast and jabs foes with a big toxic barb; no divergent 2015 detail is imported.,,,,
MAIN:0x0322D3,MAIN,556,,Pokédex,0x0322D3,0x03203C,0x03203C,pokedex_13x4,,759,0x0322F4,多分布在森林和草地,ascii,It will oftenkick up sand to protect itself,It lives mainly in forests and grasslands.,translated_directly_from_chinese_ai_review,pointer_table,high,pointer_table,ai_source_reviewed,45,no,,Direct Chinese-source rendering: It lives mainly in forests and grasslands; no divergent 2015 detail is imported.,,,,
MAIN:0x032301,MAIN,557,,Pokédex,0x032301,0x032040,0x032040,pokedex_13x4,,761,0x03232A,寻找食物的时候贴在水面滑行,ascii,It skims the surface of water to pickoff Magikarp,It skims the water when seeking food.,translated_directly_from_chinese_ai_review,pointer_table,high,pointer_table,ai_source_reviewed,51,no,,Direct Chinese-source rendering: It skims the water when seeking food; no divergent 2015 detail is imported.,,,,
MAIN:0x032335,MAIN,558,,Pokédex,0x032335,0x032044,0x032044,pokedex_13x4,,763,0x032358,移动较慢长着厉害的门牙,ascii,"Its feet are webbed, whichit uses to swim and hunt",It moves slowly and has strong front teeth.,translated_directly_from_chinese_ai_review,pointer_table,high,pointer_table,ai_source_reviewed,52,no,,Direct Chinese-source rendering: It moves slowly and has strong front teeth; no divergent 2015 detail is imported.,,,,
MAIN:0x03236A,MAIN,559,,Pokédex,0x03236A,0x03204A,0x03204A,pokedex_13x4,,766,0x0323A4,能吞下波波或大嘴雀的蛋,ascii,Moves quietlyand eats the eggs of bird Pok@mon,It can swallow Pidgey or Fearow eggs.,translated_directly_from_chinese_ai_review,pointer_table,high,pointer_table,ai_source_reviewed,46,no,,Direct Chinese-source rendering: It can swallow Pidgey or Fearow eggs; no divergent 2015 detail is imported.,,,,
MAIN:0x032399,MAIN,560,,Pokédex,0x032399,0x03204C,0x03204C,pokedex_13x4,,767,0x0323BC,样子可怕不用战斗就能吓跑敌人,ascii,The markings on its belly serve as a warning,Its scary look can rout foes without a fight.,translated_directly_from_chinese_ai_review,pointer_table,high,pointer_table,ai_source_reviewed,46,no,,Direct Chinese-source rendering: Its scary look can rout foes without a fight; no divergent 2015 detail is imported.,,,,
MAIN:0x0323C8,MAIN,561,,Pokédex,0x0323C8,0x032050,0x032050,pokedex_13x4,,769,0x0323F4,有很长的尾巴可以保护身体,ascii,Its tail actsas a ground to guard it from shocks,Its long tail can protect its body.,translated_directly_from_chinese_ai_review,pointer_table,high,pointer_table,ai_source_reviewed,50,no,,Direct Chinese-source rendering: Its long tail can protect its body; no divergent 2015 detail is imported.,,,,
MAIN:0x0323FB,MAIN,562,,Pokédex,0x0323FB,0x032052,0x032052,pokedex_13x4,,770,0x03240E,喜欢挖洞隐藏吃食物时才出来,ascii,Lives in aridlocations farfrom water,It loves burrows and comes out only to eat.,translated_directly_from_chinese_ai_review,pointer_table,high,pointer_table,ai_source_reviewed,36,no,,Direct Chinese-source rendering: It loves burrows and comes out only to eat; no divergent 2015 detail is imported.,,,,
MAIN:0x032420,MAIN,563,,Pokédex,0x032420,0x032056,0x032056,pokedex_13x4,,772,0x032440,身体虽小但有毒牙要小心,ascii,Its venomous barbs render this Pok@mon dangerous,"Though small, its toxic fangs demand caution.",translated_directly_from_chinese_ai_review,pointer_table,high,pointer_table,ai_source_reviewed,48,no,,"Direct Chinese-source rendering: though small, its toxic fangs demand caution; no divergent 2015 detail is imported.",,,,
MAIN:0x032451,MAIN,564,,Pokédex,0x032451,0x03205E,0x03205E,pokedex_13x4,,776,0x0324A2,遇到危险时发出攻击,ascii,An aggressivePok@mon that is quick to attack,It attacks when it senses danger.,translated_directly_from_chinese_ai_review,pointer_table,high,pointer_table,ai_source_reviewed,45,no,,Direct Chinese-source rendering: It attacks when it senses danger; no divergent 2015 detail is imported.,,,,
MAIN:0x03247F,MAIN,565,,Pokédex,0x03247F,0x032060,0x032060,pokedex_13x4,,777,0x0324B6,能挥动大尾巴攻击敌人,ascii,It uses its tail to breakthe bones of its prey,It can swing its big tail to strike foes.,translated_directly_from_chinese_ai_review,pointer_table,high,pointer_table,ai_source_reviewed,47,no,,Direct Chinese-source rendering: It can swing its big tail to strike foes; no divergent 2015 detail is imported.,,,,
MAIN:0x0324AF,MAIN,566,,Pokédex,0x0324AF,0x032062,0x032062,pokedex_13x4,,778,0x0324CC,长的可爱惹很多的喜爱,ascii,This Pok@mon has many adm-irers and is very rare,Its cute looks make it widely loved.,translated_directly_from_chinese_ai_review,pointer_table,high,pointer_table,ai_source_reviewed,48,no,,Direct Chinese-source rendering: its cute appearance makes it widely loved; no divergent 2015 detail is imported.,,,,
MAIN:0x0324E0,MAIN,567,,Pokédex,0x0324E0,0x032066,0x032066,pokedex_13x4,,780,0x0324F8,出生只有一条尾巴长大后尾巴会增加,ascii,"As it grows, its tails split to formmore tails","Born with one tail, it grows more as it matures.",translated_directly_from_chinese_ai_review,pointer_table,high,pointer_table,ai_source_reviewed,49,no,,"Direct Chinese-source rendering: Born with one tail, it grows more as it matures; no divergent 2015 detail is imported.",,,,
MAIN:0x032512,MAIN,568,,Pokédex,0x032512,0x03206C,0x03206C,pokedex_13x4,,783,0x032546,被激怒身体会吸取意气变大,ascii,When angered it will infl-ate to an en-ormous size,"When angered, it draws in air and swells up.",translated_directly_from_chinese_ai_review,pointer_table,high,pointer_table,ai_source_reviewed,50,no,,"Direct Chinese-source rendering: When angered, it draws in air and swells up; no divergent 2015 detail is imported.",,,,
MAIN:0x032545,MAIN,569,,Pokédex,0x032545,0x03206E,0x03206E,pokedex_13x4,,784,0x032560,能发出超声波寻找目标,ascii,Lives in darkplaces. Uses sound waves to see,It uses ultrasound to find targets.,translated_directly_from_chinese_ai_review,pointer_table,high,pointer_table,ai_source_reviewed,45,no,,Direct Chinese-source rendering: It uses ultrasound to find targets; no divergent 2015 detail is imported.,,,,
MAIN:0x032573,MAIN,570,,Pokédex,0x032573,0x032076,0x032076,pokedex_13x4,,788,0x0325B4,带有很多花粉头很重,ascii,Flaps its petals to scatter pois-onous pollen,Its head is heavy with lots of pollen.,translated_directly_from_chinese_ai_review,pointer_table,high,pointer_table,ai_source_reviewed,51,no,,Direct Chinese-source rendering: Its head is heavy with lots of pollen; no divergent 2015 detail is imported.,,,,
MAIN:0x0325A7,MAIN,571,,Pokédex,0x0325A7,0x032078,0x032078,pokedex_13x4,,789,0x0325C8,喜欢住在洞穴中,ascii,It absorbs energy from the roots of trees,It likes living in caves.,translated_directly_from_chinese_ai_review,pointer_table,high,pointer_table,ai_source_reviewed,44,no,,Direct Chinese-source rendering: It likes living in caves; no divergent 2015 detail is imported.,,,,
MAIN:0x0325D4,MAIN,572,,Pokédex,0x0325D4,0x03207E,0x03207E,pokedex_13x4,,792,0x032608,扇动翅膀放出有毒的粉,ascii,The powdery scales on itswings containstrong poison,Its beating wings release toxic powder.,translated_directly_from_chinese_ai_review,pointer_table,high,pointer_table,ai_source_reviewed,52,no,,Direct Chinese-source rendering: Its beating wings release toxic powder; no divergent 2015 detail is imported.,,,,
MAIN:0x032609,MAIN,573,,Pokédex,0x032609,0x032082,0x032082,pokedex_13x4,,794,0x032632,挖洞的本领非常强大,ascii,A team of diglets that cantrigger earthquakes,It is highly skilled at digging.,translated_directly_from_chinese_ai_review,pointer_table,high,pointer_table,ai_source_reviewed,45,no,,Direct Chinese-source rendering: It is highly skilled at digging; no divergent 2015 detail is imported.,,,,
MAIN:0x032637,MAIN,574,,Pokédex,0x032637,0x032088,0x032088,pokedex_13x4,,797,0x032670,有很强的意念,ascii,Uses psychic powers when its headachesbecome worse,It has strong psychic power.,translated_directly_from_chinese_ai_review,pointer_table,high,pointer_table,ai_source_reviewed,51,no,,Direct Chinese-source rendering: It has strong psychic power; no divergent 2015 detail is imported.,,,,
MAIN:0x03266B,MAIN,575,,Pokédex,0x03266B,0x03208C,0x03208C,pokedex_13x4,,799,0x03268E,平时温和发怒时非常可怕,ascii,Its angered easily and won't hesit- ate to attack,"Usually gentle, but terrifying when angry.",translated_directly_from_chinese_ai_review,pointer_table,high,pointer_table,ai_source_reviewed,52,no,,"Direct Chinese-source rendering: Usually gentle, but terrifying when angry; no divergent 2015 detail is imported.",,,,
MAIN:0x0326A0,MAIN,576,,Pokédex,0x0326A0,0x032092,0x032092,pokedex_13x4,,802,0x0326D8,奔跑速度和风一样快,ascii,"Admired for its beauty, it runs as ifits on wings",It can run as fast as the wind.,translated_directly_from_chinese_ai_review,pointer_table,high,pointer_table,ai_source_reviewed,51,no,,Direct Chinese-source rendering: It can run as fast as the wind; no divergent 2015 detail is imported.,,,,
MAIN:0x0326D4,MAIN,577,,Pokédex,0x0326D4,0x032096,0x032096,pokedex_13x4,,804,0x0326FE,地上水中都能生活,ascii,It uses the spiral on itsbelly to makeits foe sleep,It can live both on land and in water.,translated_directly_from_chinese_ai_review,pointer_table,high,pointer_table,ai_source_reviewed,52,no,,Direct Chinese-source rendering: It can live both on land and in water; no divergent 2015 detail is imported.,,,,
MAIN:0x032709,MAIN,578,,Pokédex,0x032709,0x03209C,0x03209C,pokedex_13x4,,807,0x032738,身体发出射线让敌人头疼,ascii,Waves emittedfrom its bodycan induce headaches,Its rays give foes headaches.,translated_directly_from_chinese_ai_review,pointer_table,high,pointer_table,ai_source_reviewed,48,no,,Direct Chinese-source rendering: its emitted rays give foes headaches; no divergent 2015 detail is imported.,,,,
MAIN:0x03273A,MAIN,579,,Pokédex,0x03273A,0x0320A0,0x0320A0,pokedex_13x4,,809,0x03276C,喜欢锻炼身体,ascii,It trains in martial arts to become stronger,It likes to train its body.,translated_directly_from_chinese_ai_review,pointer_table,high,pointer_table,ai_source_reviewed,47,no,,Direct Chinese-source rendering: It likes to train its body; no divergent 2015 detail is imported.,,,,
MAIN:0x03276A,MAIN,580,,Pokédex,0x03276A,0x0320A4,0x0320A4,pokedex_13x4,,811,0x03278A,有厉害的胳膊可以攻击敌人,ascii,It can throw punches that sends its foeflying,Its strong arms can attack foes.,translated_directly_from_chinese_ai_review,pointer_table,high,pointer_table,ai_source_reviewed,45,no,,Direct Chinese-source rendering: Its strong arms can attack foes; no divergent 2015 detail is imported.,,,,
MAIN:0x032798,MAIN,581,,Pokédex,0x032798,0x0320AA,0x0320AA,pokedex_13x4,,814,0x0327C8,被它攻击后很难生还,ascii,Lures prey with an aromathen swallowsthem whole,Few survive an attack from it.,translated_directly_from_chinese_ai_review,pointer_table,high,pointer_table,ai_source_reviewed,49,no,,Direct Chinese-source rendering: Few survive an attack from it; no divergent 2015 detail is imported.,,,,
MAIN:0x0327CA,MAIN,582,,Pokédex,0x0327CA,0x0320B0,0x0320B0,pokedex_13x4,,817,0x032806,多生长在草原和山区,ascii,"Mistaken for boulders,theyare often stepped on",It grows in grasslands and mountain areas.,translated_directly_from_chinese_ai_review,pointer_table,high,pointer_table,ai_source_reviewed,49,no,,Direct Chinese-source rendering: It grows in grasslands and mountain areas; no divergent 2015 detail is imported.,,,,
MAIN:0x0327FC,MAIN,583,,Pokédex,0x0327FC,0x0320B4,0x0320B4,pokedex_13x4,,819,0x03282E,身体像岩石一样坚硬,ascii,It can with- stand blasts from dynamitew/out damage,Its body is as hard as rock.,translated_directly_from_chinese_ai_review,pointer_table,high,pointer_table,ai_source_reviewed,51,no,,Direct Chinese-source rendering: Its body is as hard as rock; no divergent 2015 detail is imported.,,,,
MAIN:0x032830,MAIN,584,,Pokédex,0x032830,0x0320B8,0x0320B8,pokedex_13x4,,821,0x032862,以惊人的速度飞奔,ascii,Loves to raceit will chaseanything thatmoves fast,It dashes at amazing speed.,translated_directly_from_chinese_ai_review,pointer_table,high,pointer_table,ai_source_reviewed,49,no,,Direct Chinese-source rendering: It dashes at amazing speed; no divergent 2015 detail is imported.,,,,
MAIN:0x032862,MAIN,585,,Pokédex,0x032862,0x0320BE,0x0320BE,pokedex_13x4,,824,0x03289E,能发射电磁波,ascii,It uses elec-tromagnetic waves to staysuspended,It emits EM waves.,translated_directly_from_chinese_ai_review,pointer_table,high,pointer_table,ai_source_reviewed,48,no,,Direct Chinese-source rendering: It emits EM waves; no divergent 2015 detail is imported.,,,,
MAIN:0x032893,MAIN,586,,Pokédex,0x032893,0x0320C2,0x0320C2,pokedex_13x4,,826,0x0328BE,嘴上的大葱攻击很厉害,ascii,It uses its sprig of oni-ons much likea sword,Its leek is a powerful weapon.,translated_directly_from_chinese_ai_review,pointer_table,high,pointer_table,ai_source_reviewed,46,no,,Direct Chinese-source rendering: Its leek is a powerful weapon; no divergent 2015 detail is imported.,,,,
MAIN:0x0328C2,MAIN,587,,Pokédex,0x0328C2,0x0320C6,0x0320C6,pokedex_13x4,,828,0x0328EC,三个头睡觉时其中一个头是清醒的,ascii,"While 2 headssleep, one head stays awake",Two heads sleep while the third stays awake.,translated_directly_from_chinese_ai_review,pointer_table,high,pointer_table,ai_source_reviewed,44,no,,Direct Chinese-source rendering: Two heads sleep while the third stays awake; no divergent 2015 detail is imported.,,,,
MAIN:0x0328EF,MAIN,588,,Pokédex,0x0328EF,0x0320CA,0x0320CA,pokedex_13x4,,830,0x03291A,身体里具有热的能量很耐冷,ascii,"Unharmed by cold temps,itswims quicklyin cold water",Heat within its body makes it resist cold.,translated_directly_from_chinese_ai_review,pointer_table,high,pointer_table,ai_source_reviewed,52,no,,Direct Chinese-source rendering: Heat within its body makes it resist cold; no divergent 2015 detail is imported.,,,,
MAIN:0x032924,MAIN,589,,Pokédex,0x032924,0x0320CE,0x0320CE,pokedex_13x4,,832,0x032946,全身是污泥身体有毒,ascii,"Smells so aw-ful, it can cause people to faint",Its whole body is toxic sludge.,translated_directly_from_chinese_ai_review,pointer_table,high,pointer_table,ai_source_reviewed,47,no,,Direct Chinese-source rendering: Its whole body is toxic sludge; no divergent 2015 detail is imported.,,,,
MAIN:0x032954,MAIN,590,,Pokédex,0x032954,0x0320D6,0x0320D6,pokedex_13x4,,836,0x0329A8,很神奇的瓦斯生物,ascii,Its lick sapsthe life force from its victim,It is a strange gaseous life-form.,translated_directly_from_chinese_ai_review,pointer_table,high,pointer_table,ai_source_reviewed,49,no,,Direct Chinese-source rendering: It is a strange gaseous life-form; no divergent 2015 detail is imported.,,,,
MAIN:0x032986,MAIN,591,,Pokédex,0x032986,0x0320D8,0x0320D8,pokedex_13x4,,837,0x0329BA,多在月夜时出来活动,ascii,It loves to laugh at others when scaring them,It is mostly active on moonlit nights.,translated_directly_from_chinese_ai_review,pointer_table,high,pointer_table,ai_source_reviewed,51,no,,Direct Chinese-source rendering: It is mostly active on moonlit nights; no divergent 2015 detail is imported.,,,,
MAIN:0x0329BA,MAIN,592,,Pokédex,0x0329BA,0x0320DC,0x0320DC,pokedex_13x4,,839,0x0329E6,据说能让人做恶梦,ascii,"Puts enemies to sleep,theneats their dreams",It is said to give people nightmares.,translated_directly_from_chinese_ai_review,pointer_table,high,pointer_table,ai_source_reviewed,45,no,,Direct Chinese-source rendering: It is said to give people nightmares; no divergent 2015 detail is imported.,,,,
MAIN:0x0329E8,MAIN,593,,Pokédex,0x0329E8,0x0320E0,0x0320E0,pokedex_13x4,,841,0x032A14,钳子是最有力的武器,ascii,Its pincers are used for balance when walking,Its pincers are its strongest weapons.,translated_directly_from_chinese_ai_review,pointer_table,high,pointer_table,ai_source_reviewed,46,no,,Direct Chinese-source rendering: Its pincers are its strongest weapons; no divergent 2015 detail is imported.,,,,
MAIN:0x032A17,MAIN,594,,Pokédex,0x032A17,0x0320E4,0x0320E4,pokedex_13x4,,843,0x032A40,多出现在发电厂小心自爆,ascii,It'll self- destruct withvery little stimulus,"Often at power plants, it may blow itself up.",translated_directly_from_chinese_ai_review,pointer_table,high,pointer_table,ai_source_reviewed,47,no,,Direct Chinese-source rendering: it often appears at power plants and may blow itself up; no divergent 2015 detail is imported.,,,,
MAIN:0x032A47,MAIN,595,,Pokédex,0x032A47,0x0320E8,0x0320E8,pokedex_13x4,,845,0x032A72,遇到食物时会聚集同伴,ascii,"Mistaken for eggs, they quickly att- ack in swarms","When it finds food, it gathers its allies.",translated_directly_from_chinese_ai_review,pointer_table,high,pointer_table,ai_source_reviewed,52,no,,"Direct Chinese-source rendering: When it finds food, it gathers its allies; no divergent 2015 detail is imported.",,,,
MAIN:0x032A7C,MAIN,596,,Pokédex,0x032A7C,0x0320EC,0x0320EC,pokedex_13x4,,847,0x032A9A,很难看到失去母亲的它的真面目,ascii,It wears the skull of its dead mother &often cries,"After losing its mother, its face stays hidden.",translated_directly_from_chinese_ai_review,pointer_table,high,pointer_table,ai_source_reviewed,50,yes,Rephrased to fit the four 13-cell Pokédex lines without splitting a word or dropping the source fact.,"Direct Chinese-source rendering: after it loses its mother, few see its true face; no death detail is added. Full-text review: Clarifies the source relation in natural English.",,,,
MAIN:0x032AAF,MAIN,597,,Pokédex,0x032AAF,0x0320FA,0x0320FA,pokedex_13x4,,854,0x032B42,骨头很坚硬训练员要小心它,ascii,Its bones are1000 times stronger thana humans,"Its bone is hard, so Trainers must beware.",translated_directly_from_chinese_ai_review,pointer_table,high,pointer_table,ai_source_reviewed,47,no,,"Direct Chinese-source rendering: Its bone is hard, so Trainers must beware; no divergent 2015 detail is imported.",,,,
MAIN:0x032ADF,MAIN,598,,Pokédex,0x032ADF,0x0320FC,0x0320FC,pokedex_13x4,,855,0x032B5C,全身具有坚硬的皮肤保护,ascii,Its armor- like hide canrepel even molten lava,Tough skin protects its whole body.,translated_directly_from_chinese_ai_review,pointer_table,high,pointer_table,ai_source_reviewed,50,no,,Direct Chinese-source rendering: Tough skin protects its whole body; no divergent 2015 detail is imported.,,,,
MAIN:0x032B12,MAIN,599,,Pokédex,0x032B12,0x0320FE,0x0320FE,pokedex_13x4,,856,0x032B74,出生地非常少抓住它的人很幸运,ascii,Rare Pok@mon that's said to bring hap-piness to all,It is born in few places. Catching one is lucky.,translated_directly_from_chinese_ai_review,pointer_table,high,pointer_table,ai_source_reviewed,52,no,,Direct Chinese-source rendering: It is born in few places. Catching one is lucky; no divergent 2015 detail is imported.,,,,
MAIN:0x032B47,MAIN,600,,Pokédex,0x032B47,0x032100,0x032100,pokedex_13x4,,857,0x032B92,全身长着像海草一样的东西移动很轻,ascii,Its identity is swathed byseaweed like vines.,Seaweed-like growths cover it. It moves with ease.,translated_directly_from_chinese_ai_review,pointer_table,high,pointer_table,ai_source_reviewed,45,yes,Rephrased to fit the four 13-cell Pokédex lines without splitting a word or dropping the source fact.,Direct Chinese-source rendering: Seaweed-like growths cover it. It moves lightly; no divergent 2015 detail is imported. Full-text review: Replaces the unidiomatic phrase 'moves lightly'.,,,,
MAIN:0x032B75,MAIN,601,,Pokédex,0x032B75,0x032102,0x032102,pokedex_13x4,,858,0x032BB4,小时候藏在母亲的育儿袋中不出来,ascii,It won't run from a fight to keep its young safe,"As a child, it stays in its mother's pouch.",translated_directly_from_chinese_ai_review,pointer_table,high,pointer_table,ai_source_reviewed,49,no,,Direct Chinese-source rendering: as a child it stays inside its mother's pouch; no divergent 2015 detail is imported.,,,,
MAIN:0x032BA7,MAIN,602,,Pokédex,0x032BA7,0x032104,0x032104,pokedex_13x4,,859,0x032BD4,受攻击时可以发射墨汁,ascii,"If in danger,it will sprayink from its mouth","When attacked, it can shoot ink.",translated_directly_from_chinese_ai_review,pointer_table,high,pointer_table,ai_source_reviewed,44,no,,"Direct Chinese-source rendering: When attacked, it can shoot ink; no divergent 2015 detail is imported.",,,,
MAIN:0x032BD4,MAIN,603,,Pokédex,0x032BD4,0x032108,0x032108,pokedex_13x4,,861,0x032C02,号称水中女王,ascii,Swims in big groups when it's time to lay eggs,It is called the queen of the water.,translated_directly_from_chinese_ai_review,pointer_table,high,pointer_table,ai_source_reviewed,47,no,,Direct Chinese-source rendering: It is called the queen of the water; no divergent 2015 detail is imported.,,,,
MAIN:0x032C04,MAIN,604,,Pokédex,0x032C04,0x03210C,0x03210C,pokedex_13x4,,863,0x032C2C,身体的一部分断掉后可以再生长出来,ascii,It can grow back any app-endage it loses.,It can regrow lost body parts.,translated_directly_from_chinese_ai_review,pointer_table,high,pointer_table,ai_source_reviewed,45,no,,Direct Chinese-source rendering: It can regrow lost body parts; no divergent 2015 detail is imported.,,,,
MAIN:0x032C32,MAIN,605,,Pokédex,0x032C32,0x032110,0x032110,pokedex_13x4,,865,0x032C66,遇到攻击会用大脚反复踢打敌人,ascii,It makes foesbelieve some-thing exists by miming,"If attacked, its big feet kick foes nonstop.",translated_directly_from_chinese_ai_review,pointer_table,high,pointer_table,ai_source_reviewed,48,no,,"Direct Chinese-source rendering: If attacked, its big feet kick foes nonstop; no divergent 2015 detail is imported.",,,,
MAIN:0x032C63,MAIN,606,,Pokédex,0x032C63,0x032114,0x032114,pokedex_13x4,,867,0x032C9E,靠晃动身体来移动具有天使之吻,ascii,"It shifts itships as it walks, as if it's dancing",It sways to move and knows Sweet Kiss.,translated_directly_from_chinese_ai_review,pointer_table,high,pointer_table,ai_source_reviewed,51,no,,"Preserves its swaying movement and maps the explicit angel-kiss concept to the matching official move, Sweet Kiss.",,,,
MAIN:0x032C97,MAIN,607,,Pokédex,0x032C97,0x032116,0x032116,pokedex_13x4,,868,0x032CBC,据说在发电厂消失时引发城市大停电,ascii,They are seennear power plants and cause outages,Its vanishing from a plant can black out a city.,translated_directly_from_chinese_ai_review,pointer_table,high,pointer_table,ai_source_reviewed,52,no,,Direct Chinese-source rendering: Its vanishing from a plant can black out a city; no divergent 2015 detail is imported.,,,,
MAIN:0x032CCC,MAIN,608,,Pokédex,0x032CCC,0x03211C,0x03211C,pokedex_13x4,,871,0x032D00,遇到食物一边攻击一边吞食,ascii,A rowdy Pok@-mon that charges at its enemies,It attacks and gulps food at the same time.,translated_directly_from_chinese_ai_review,pointer_table,high,pointer_table,ai_source_reviewed,50,no,,Direct Chinese-source rendering: It attacks and gulps food at the same time; no divergent 2015 detail is imported.,,,,
MAIN:0x032CFF,MAIN,609,,Pokédex,0x032CFF,0x032120,0x032120,pokedex_13x4,,873,0x032D36,强大且残暴据说很少出现,ascii,"Huge and vic-ious, it can destroy an entire city","Powerful and brutal, it is said to be rarely seen.",translated_directly_from_chinese_ai_review,pointer_table,high,pointer_table,ai_source_reviewed,50,no,,"Direct Chinese-source rendering: Powerful and brutal, it is said to be rarely seen; no divergent 2015 detail is imported.",,,,
MAIN:0x032D32,MAIN,610,,Pokédex,0x032D32,0x032126,0x032126,pokedex_13x4,,876,0x032D7A,有很神奇的遗传因子,ascii,It may mutateif exposed toelemental stones,It has wondrous genes.,translated_directly_from_chinese_ai_review,pointer_table,high,pointer_table,ai_source_reviewed,45,no,,Direct Chinese-source rendering: It has wondrous genes; no divergent 2015 detail is imported.,,,,
MAIN:0x032D60,MAIN,611,,Pokédex,0x032D60,0x032128,0x032128,pokedex_13x4,,877,0x032D8E,生活在水边有像鱼一样的尾巴,ascii,It's tail is often mist- aken for a mermaid's,It lives by water and has a fishlike tail.,translated_directly_from_chinese_ai_review,pointer_table,high,pointer_table,ai_source_reviewed,48,no,,Direct Chinese-source rendering: It lives by water and has a fishlike tail; no divergent 2015 detail is imported.,,,,
MAIN:0x032D91,MAIN,612,,Pokédex,0x032D91,0x03212C,0x03212C,pokedex_13x4,,879,0x032DBC,身体能聚集火焰体温高达九百度,ascii,"When storing energy, its body temp.canreach 1600'F",It stores fire; its body reaches 900 degrees.,translated_directly_from_chinese_ai_review,pointer_table,high,pointer_table,ai_source_reviewed,51,no,,Direct Chinese-source rendering: It stores fire; its body reaches 900 degrees; no divergent 2015 detail is imported.,,,,
MAIN:0x032DC5,MAIN,613,,Pokédex,0x032DC5,0x032130,0x032130,pokedex_13x4,,881,0x032DEE,灭绝的怪兽后来从化石复活又有了它,ascii,"An ancient Pok@mon,swimsby twisting its tentacles",This extinct Pokémon was revived from a fossil.,translated_directly_from_chinese_ai_review,pointer_table,high,pointer_table,ai_source_reviewed,52,yes,Rephrased to fit the four 13-cell Pokédex lines without splitting a word or dropping the source fact.,Direct Chinese-source rendering: an extinct Pokémon was revived from a fossil; no divergent 2015 anecdote is imported. Full-text review: Turns a noun fragment into a complete Pokédex sentence.,,,,
MAIN:0x032DFA,MAIN,614,,Pokédex,0x032DFA,0x032134,0x032134,pokedex_13x4,,883,0x032E26,灭绝的怪兽后来从化石复活,ascii,Resurrected from a fossilin what used to be the sea,An extinct Pokémon was revived from a fossil.,translated_directly_from_chinese_ai_review,pointer_table,high,pointer_table,ai_source_reviewed,52,no,,Direct Chinese-source rendering: an extinct Pokémon was revived from a fossil; no divergent 2015 anecdote is imported.,,,,
MAIN:0x032E2F,MAIN,615,,Pokédex,0x032E2F,0x03213A,0x03213A,pokedex_13x4,,886,0x032E68,吃了睡睡了吃所以很胖,ascii,A very lazy Pok@mon that will devour anything,"It eats, sleeps, and repeats, so it gets fat.",translated_directly_from_chinese_ai_review,pointer_table,high,pointer_table,ai_source_reviewed,47,no,,"Direct Chinese-source rendering: It eats, sleeps, and repeats, so it gets fat; no divergent 2015 detail is imported.",,,,
MAIN:0x032E5F,MAIN,616,,Pokédex,0x032E5F,0x03213C,0x03213C,pokedex_13x4,,887,0x032E7E,传说中的鸟可以冻僵一切,ascii,Mystical birdsaid to help people lost in blizzards,This fabled bird can freeze anything.,translated_directly_from_chinese_ai_review,pointer_table,high,pointer_table,ai_source_reviewed,51,no,,Direct Chinese-source rendering: This fabled bird can freeze anything; no divergent 2015 detail is imported.,,,,
MAIN:0x032E93,MAIN,617,,Pokédex,0x032E93,0x032142,0x032142,pokedex_13x4,,890,0x032ECC,被称为幻影精灵生活在水底,ascii,Thought to bea myth till it was recen-tly found,This phantom Pokémon lives underwater.,translated_directly_from_chinese_ai_review,pointer_table,high,pointer_table,ai_source_reviewed,48,yes,Rephrased to fit the four 13-cell Pokédex lines without splitting a word or dropping the source fact.,Direct Chinese-source rendering: This phantom Pokémon lives under water; no divergent 2015 detail is imported. Full-text review: Uses the standard one-word adverb.,,,,
MAIN:0x032EC4,MAIN,618,,Pokédex,0x032EC4,0x032144,0x032144,pokedex_13x4,,891,0x032EE6,是一种新的生命可以改变天气,ascii,A mystical Pok@mon that gives off a gentle aura,This new life-form can alter the weather.,translated_directly_from_chinese_ai_review,pointer_table,high,pointer_table,ai_source_reviewed,50,yes,Rephrased to fit the four 13-cell Pokédex lines without splitting a word or dropping the source fact.,Direct Chinese-source rendering: This new life can alter the weather; no divergent 2015 detail is imported. Full-text review: Replaces the vague noun phrase 'new life'.,,,,
MAIN:0x032EF7,MAIN,619,,Pokédex,0x032EF7,0x032148,0x032148,pokedex_13x4,,893,0x032F1E,科学家经过遗传因子研究出的生物,ascii,Created by a scientist using geneticexperiments,Made by scientists through gene research.,translated_directly_from_chinese_ai_review,pointer_table,high,pointer_table,ai_source_reviewed,50,no,,Direct Chinese-source rendering: Made by scientists through gene research; no divergent 2015 detail is imported.,,,,
MAIN:0x032F2A,MAIN,620,,Pokédex,0x032F2A,0x03214C,0x03214C,pokedex_13x4,,895,0x032F58,三大法皇之一雷电霸王,ascii,A powerful Pok@mon whosebark sounds like thunder,"One of three great rulers, it commands thunder.",translated_directly_from_chinese_ai_review,pointer_table,high,pointer_table,ai_source_reviewed,51,no,,"Direct Chinese-source rendering: One of three great rulers, it commands thunder; no divergent 2015 detail is imported.",,,,
MAIN:0x032F5E,MAIN,621,,Pokédex,0x032F5E,0x032154,0x032154,pokedex_13x4,,899,0x032FB0,身体有七彩颜色它的传说源远流长,ascii,Rainbows are said to form when it flies,Its rainbow body is the subject of ancient lore.,translated_directly_from_chinese_ai_review,pointer_table,high,pointer_table,ai_source_reviewed,39,yes,Rephrased to fit the four 13-cell Pokédex lines without splitting a word or dropping the source fact.,Direct Chinese-source rendering: Its rainbow body has an age-old legend; no divergent 2015 detail is imported. Full-text review: Uses natural modifier and legend syntax.,,,,
MAIN:0x032F9B,MAIN,622,,Pokédex,0x032F9B,0x032152,0x032152,pokedex_13x4,,898,0x032F9A,生活在海底的神兽精灵,ascii,Legendary Pokemon who is said to rule the seas,A divine Pokémon that lives on the seabed.,translated_directly_from_chinese_ai_review,pointer_table,high,pointer_table,ai_source_reviewed,52,no,,Direct Chinese-source rendering: A divine Pokémon that lives on the seabed; no divergent 2015 detail is imported.,,,,
MAIN:0x032FD0,MAIN,623,,Pokédex,0x032FD0,0x032158,0x032158,pokedex_13x4,,901,0x032FEC,宝石大陆的谜之生物大地之王,ascii,"According to myth,it crea-ted Earth's continents",A mysterious Hoenn Pokémon rules the land.,translated_directly_from_chinese_ai_review,pointer_table,high,pointer_table,ai_source_reviewed,49,yes,Rephrased to fit the four 13-cell Pokédex lines without splitting a word or dropping the source fact.,"Preserves the mysterious being, its Hoenn origin, and its title as king of the land without importing the divergent 2015 continent-creation claim. Full-text review: Turns the source title into a complete natural Pokédex sentence.",,,,
MAIN:0x033060,MAIN,624,,Ordinary text,0x033060,0x033029,0x033029,,,903,0x033060,居合斩,ascii,Cut,Cut,translated_directly_from_chinese_ai_review,pointer_table,high,pointer_table,ai_source_reviewed,3,no,,The Chinese iai-cut technique and executable field-move slot identify Cut.,,,,
MAIN:0x033064,MAIN,625,,Ordinary text,0x033064,0x03302B,0x03302B,,,904,0x033068,飞天术,ascii,Fly,Fly,translated_directly_from_chinese_ai_review,pointer_table,high,pointer_table,ai_source_reviewed,3,no,,The Chinese flying technique and executable field-move slot identify Fly.,,,,
MAIN:0x03306D,MAIN,626,,Ordinary text,0x03306D,0x03302F,0x03302F,,,906,0x033078,怪力术,ascii,Strength,Strength,translated_directly_from_chinese_ai_review,pointer_table,high,pointer_table,ai_source_reviewed,8,no,,The Chinese strength technique and executable field-move slot identify Strength; witness padding is nonsemantic.,,,,
MAIN:0x03307C,MAIN,627,,Ordinary text,0x03307C,0x033033,0x033033,,,908,0x033088,绝传01,ascii,HM01,HM01,translated_directly_from_chinese_ai_review,pointer_table,high,pointer_table,ai_source_reviewed,4,no,,The Chinese unique-machine number and executable five-entry HM table identify the fixed technical label HM01.,,,,
MAIN:0x033081,MAIN,628,,Ordinary text,0x033081,0x033035,0x033035,,,909,0x033090,绝传02,ascii,HM02,HM02,translated_directly_from_chinese_ai_review,pointer_table,high,pointer_table,ai_source_reviewed,4,no,,The Chinese number and executable HM-table position identify the fixed technical label HM02.,,,,
MAIN:0x033086,MAIN,629,,Ordinary text,0x033086,0x033037,0x033037,,,910,0x033098,绝传03,ascii,HM03,HM03,translated_directly_from_chinese_ai_review,pointer_table,high,pointer_table,ai_source_reviewed,4,no,,The Chinese number and executable HM-table position identify the fixed technical label HM03.,,,,
MAIN:0x03308B,MAIN,630,,Ordinary text,0x03308B,0x033039,0x033039,,,911,0x0330A0,绝传04,ascii,HM04,HM04,translated_directly_from_chinese_ai_review,pointer_table,high,pointer_table,ai_source_reviewed,4,no,,The Chinese number and executable HM-table position identify the fixed technical label HM04.,,,,
MAIN:0x033090,MAIN,631,,Ordinary text,0x033090,0x03303B,0x03303B,,,912,0x0330A8,绝传05,ascii,HM05,HM05,translated_directly_from_chinese_ai_review,pointer_table,high,pointer_table,ai_source_reviewed,4,no,,The Chinese number and executable HM-table position identify the fixed technical label HM05.,,,,
MAIN:0x033095,MAIN,632,,Ordinary text,0x033095,0x03303D,0x03303D,,,913,0x0330B0,真新镇,graphical_codes,<B707><B709><B70B>    ,Pallet Town,translated_directly_from_chinese_ai_review,pointer_table,high,pointer_table,ai_source_reviewed,10,no,,The Chinese place name and executable Kanto location table identify Pallet Town; unreadable legacy graphics are replaced.,,,,
MAIN:0x0330A0,MAIN,633,,Ordinary text,0x0330A0,0x03303F,0x03303F,,,914,0x0330B8,常青市,graphical_codes,<B70D><B70F><B711><B713>  ,Viridian City,translated_directly_from_chinese_ai_review,pointer_table,high,pointer_table,ai_source_reviewed,10,no,,The Chinese place name and executable Kanto location table identify Viridian City; unreadable legacy graphics are replaced.,,,,
MAIN:0x0330AB,MAIN,634,,Ordinary text,0x0330AB,0x033041,0x033041,,,915,0x0330C0,地鼠山洞,graphical_codes,<B715><B717><B719><B71B>  ,Diglett's Cave,translated_directly_from_chinese_ai_review,pointer_table,high,pointer_table,ai_source_reviewed,10,no,,Corrects the shifted Viridian Forest gloss: the Chinese explicitly says Diglett's Cave and the executable location slot concords.,,,,
MAIN:0x0330B6,MAIN,635,,Ordinary text,0x0330B6,0x033043,0x033043,,,916,0x0330CA,尼比市,graphical_codes,<B71D><B71F><B721>    ,Pewter City,translated_directly_from_chinese_ai_review,pointer_table,high,pointer_table,ai_source_reviewed,10,no,,The Chinese place name and executable Kanto location table identify Pewter City.,,,,
MAIN:0x0330C1,MAIN,636,,Ordinary text,0x0330C1,0x033045,0x033045,,,917,0x0330D2,月见山洞,ascii,Mt.Moon,Mt. Moon,translated_directly_from_chinese_ai_review,pointer_table,high,pointer_table,ai_source_reviewed,10,no,,The Chinese moon-viewing cave label and executable location slot identify Mt. Moon.,,,,
MAIN:0x0330CC,MAIN,637,,Ordinary text,0x0330CC,0x033047,0x033047,,,918,0x0330DC,华蓝市,graphical_codes,<B723><B725><B727><B729>  ,Cerulean City,translated_directly_from_chinese_ai_review,pointer_table,high,pointer_table,ai_source_reviewed,10,no,,The Chinese place name and executable Kanto location table identify Cerulean City; unreadable legacy graphics are replaced.,,,,
MAIN:0x0330D7,MAIN,638,,Ordinary text,0x0330D7,0x033049,0x033049,,,919,0x0330E4,石山矿野,graphical_codes,<B72B><B72D><B72F>    ,Rock Tunnel,translated_directly_from_chinese_ai_review,pointer_table,high,pointer_table,ai_source_reviewed,10,no,,"The Chinese rocky-mountain cave label and its executable slot between Cerulean and Lavender identify Rock Tunnel, not the generic French Cave gloss.",,,,
MAIN:0x0330E2,MAIN,639,,Ordinary text,0x0330E2,0x03304B,0x03304B,,,920,0x0330EE,紫苑镇,graphical_codes,<B731><B733><B735><B737>  ,Lavender Town,translated_directly_from_chinese_ai_review,pointer_table,high,pointer_table,ai_source_reviewed,10,no,,The Chinese place name and executable Kanto location table identify Lavender Town; unreadable legacy graphics are replaced.,,,,
MAIN:0x0330ED,MAIN,640,,Ordinary text,0x0330ED,0x03304D,0x03304D,,,921,0x0330F6,金黄市,graphical_codes,<B739><B73B><B73D><B73F>  ,Saffron City,translated_directly_from_chinese_ai_review,pointer_table,high,pointer_table,ai_source_reviewed,10,no,,The Chinese place name and executable Kanto location table identify Saffron City; unreadable legacy graphics are replaced.,,,,
MAIN:0x0330F8,MAIN,641,,Ordinary text,0x0330F8,0x03304F,0x03304F,,,922,0x0330FE,彩虹市,graphical_codes,<B741><B743><B745><B747> ,Celadon City,translated_directly_from_chinese_ai_review,pointer_table,high,pointer_table,ai_source_reviewed,9,no,,The Chinese place name and executable Kanto location table identify Celadon City; unreadable legacy graphics and padding are discarded.,,,,
MAIN:0x033102,MAIN,642,,Ordinary text,0x033102,0x033051,0x033051,,,923,0x033106,枯叶市,graphical_codes,<B749><B74B><B74D><B74F><B751>,Vermilion City,translated_directly_from_chinese_ai_review,pointer_table,high,pointer_table,ai_source_reviewed,10,no,,The Chinese place name and executable Kanto location table identify Vermilion City; unreadable legacy graphics are replaced.,,,,
MAIN:0x03310D,MAIN,643,,Ordinary text,0x03310D,0x033053,0x033053,,,924,0x03310E,浅红市,graphical_codes,<B753><B755><B757><B759>  ,Fuchsia City,translated_directly_from_chinese_ai_review,pointer_table,high,pointer_table,ai_source_reviewed,10,no,,The Chinese place name and executable Kanto location table identify Fuchsia City; unreadable legacy graphics are replaced.,,,,
MAIN:0x033118,MAIN,644,,Ordinary text,0x033118,0x033055,0x033055,,,925,0x033116,红莲镇,graphical_codes,<B75B><B75D><B75F><B761>  ,Cinnabar Island,translated_directly_from_chinese_ai_review,pointer_table,high,pointer_table,ai_source_reviewed,10,no,,The Chinese Cinnabar settlement label and executable Kanto location slot identify Cinnabar Island; unreadable legacy graphics are replaced.,,,,
MAIN:0x033123,MAIN,645,,Ordinary text,0x033123,0x033057,0x033057,,,926,0x03311E,冠军之路,graphical_codes,<B763><B765><B767><B769>  ,Victory Road,translated_directly_from_chinese_ai_review,pointer_table,high,pointer_table,ai_source_reviewed,10,no,,The Chinese champion-road label and executable Kanto location table identify Victory Road; unreadable legacy graphics are replaced.,,,,
MAIN:0x0331EF,MAIN,646,D0002,In-game dialogue,0x0331EF,0x033149,0x033149,dialogue_19_19,,937,0x0333BD,女孩:能来到这里不简单,ascii,Are you good enoughfor me?,Getting here wasn't easy!,translated_directly_from_chinese_ai_review,pointer_table,high,dialogue_inventory_overlay,ai_source_reviewed,27,yes,"Uses official Gen I field-dialogue style: the visible sprite and encounter identify the sole speaker, so no redundant class label consumes text-bank space.",Compressed directly from the Chinese source. Restores the girl's praise for the difficult journey here; the unrelated 2015 challenge was not retained.,,,,
MAIN:0x03320B,MAIN,647,D0003,In-game dialogue,0x03320B,0x03314B,0x03314B,dialogue_19_19,,938,0x0333D4,女孩:之后就看你的,ascii,I never wanted to lose!,The rest is up to you.,translated_directly_from_chinese_ai_review,pointer_table,high,dialogue_inventory_overlay,ai_source_reviewed,24,yes,"Uses official Gen I field-dialogue style: the visible sprite and encounter identify the sole speaker, so no redundant class label consumes text-bank space.",Compressed directly from the Chinese source. Directly conveys that what happens next is now up to the player.,,,,
MAIN:0x033224,MAIN,648,D0004,In-game dialogue,0x033224,0x03314D,0x03314D,dialogue_19_19,,939,0x0333E7,男孩:看来你也是来挑战联盟的了,ascii,I can see your good,You're here to challenge the League too.,translated_directly_from_chinese_ai_review,pointer_table,high,dialogue_inventory_overlay,ai_source_reviewed,19,yes,"Uses official Gen I field-dialogue style: the visible sprite and encounter identify the sole speaker, so no redundant class label consumes text-bank space.",Compressed directly from the Chinese source. Keeps the boy's observation that the player is also headed to challenge the League.,,,,
MAIN:0x033238,MAIN,649,D0005,In-game dialogue,0x033238,0x03314F,0x03314F,dialogue_19_19,,940,0x033406,男孩:你有机会夺取冠军啊,ascii,"I concede, you're better.",You could become Champion!,translated_directly_from_chinese_ai_review,pointer_table,high,dialogue_inventory_overlay,ai_source_reviewed,26,yes,"Uses official Gen I field-dialogue style: the visible sprite and encounter identify the sole speaker, so no redundant class label consumes text-bank space.",Compressed directly from the Chinese source. Preserves the boy's prediction that the player could claim the championship.,,,,
MAIN:0x033253,MAIN,650,D0006,In-game dialogue,0x033253,0x033159,0x033159,dialogue_19_19,,945,0x033485,训兽师:觉悟吧,ascii,Is Victory Road tootough?,Get ready!,translated_directly_from_chinese_ai_review,pointer_table,high,dialogue_inventory_overlay,ai_source_reviewed,25,yes,"Uses official Gen I field-dialogue style: the visible sprite and encounter identify the sole speaker, so no redundant class label consumes text-bank space.",Compressed directly from the Chinese source. Renders the Tamer's short command to prepare oneself without importing the 2015 Victory Road question.,,,,
MAIN:0x03326D,MAIN,651,D0007,In-game dialogue,0x03326D,0x03315B,0x03315B,dialogue_19_19,,946,0x033494,训兽师:我已经觉悟了!,ascii,Well done!,I was ready!,translated_directly_from_chinese_ai_review,pointer_table,high,dialogue_inventory_overlay,ai_source_reviewed,10,yes,"Uses official Gen I field-dialogue style: the visible sprite and encounter identify the sole speaker, so no redundant class label consumes text-bank space.",Compressed directly from the Chinese source. Keeps the Tamer's reply that he had already steeled himself.,,,,
MAIN:0x033278,MAIN,652,D0008,In-game dialogue,0x033278,0x03315D,0x03315D,dialogue_19_19,,947,0x0334AA,魔术师:为什么要来这里?,ascii,Come on! I'll whip you!,Why are you here?,translated_directly_from_chinese_ai_review,pointer_table,high,dialogue_inventory_overlay,ai_source_reviewed,23,yes,"Uses official Gen I field-dialogue style: the visible sprite and encounter identify the sole speaker, so no redundant class label consumes text-bank space.",Compressed directly from the Chinese source. Restores the speaker's question about the player's reason for coming here and uses the matching official Trainer class Juggler.,,,,
MAIN:0x033290,MAIN,653,D0009,In-game dialogue,0x033290,0x03315F,0x03315F,dialogue_19_19,,948,0x0334C2,魔术师:你的目标的确伟大!,ascii,I got whipped.,Your goal is great!,translated_directly_from_chinese_ai_review,pointer_table,high,dialogue_inventory_overlay,ai_source_reviewed,14,yes,"Uses official Gen I field-dialogue style: the visible sprite and encounter identify the sole speaker, so no redundant class label consumes text-bank space.",Compressed directly from the Chinese source. Preserves the speaker's admiration for the scale of the player's goal and uses the matching official Trainer class Juggler.,,,,
MAIN:0x03329F,MAIN,654,D0010,In-game dialogue,0x03329F,0x033143,0x033143,dialogue_19_19,GARY,934,0x03329E,"小茂:怎么了?小智在这里遇见你还真是偶然啊!你也去宠物精灵联盟啊?徽章也都收集齐了,干的不错嘛!不过在去联盟之前先和我比试一场吧!",graphical_codes,"<B0B6><B1EC>:<B2D0><B1E6><B0F8>?<B0B6><B0B7><B0B8><B0EE><B0BF><B4DA><B2CD><B0C5><B2BD><B1F5><B0C2><B9E3><B2AA><B2AC>!<B0C5><B0F6><B0C7><B0C0><B0C1><B0A1><B0A2><B3CE><B3CF><B2AC>?<B3D1><B3D2><B0F6><B1C0><B6B7><B6B8><BDE5><B0F8>,<B5A5><B0BC><B0CE><B2DC><B1DC>!<B0CE><B3D4><B0B8><B0C7><B3CE><B3CF><B3E3><B3DD><B6E0><B0C9><B1C2><B2B2><B4A3><B1D1><B3B5><B0BE>!","GARY: Ash! What a surprise! Going to the Pokémon League? Got all the Badges? Not bad! First, a warm-up battle!",adapted_from_official_english_gen1_with_chinese_fidelity_ai_review,pointer_table,high,dialogue_inventory_overlay,ai_source_reviewed,123,no,,Uses the matching official English Red/Blue/Yellow scene as its primary voice while retaining Chinese-only facts and Famicom-specific terminology.,,,,
MAIN:0x03331B,MAIN,655,D0011,In-game dialogue,0x03331B,0x033145,0x033145,dialogue_19_19,GARY,935,0x03331B,"小茂:我只是一时太大意了,可恶!不过你这样的水平想称霸精灵联盟...你还是多练习一下比较好!我多管闲事了啊,那我先走了!再会了...",graphical_codes,"<0A><B0B6><B1EC>:<B1C2><B2BE><B0C2><B1D1><B0F0><B6C6><B1BE><B4A5><B0F8>,<B0DE><B5E0>!<B0CE><B3D4><B0C5><B0EE><B2DA><B0BC><B5F7><B5DC><B1D7><B1C8><BBD4><B0A1><B0A2><B3CE><B3CF>...<B0C5><B2BD><B0C2><B0C8><B2C5><B2C6><B1D1><B0F9><B2B2><B3EB><B1B4>!<B1C2><B0C8><B3A4><B5C0><B1D5><B0F8><B2AC>,<B0B9><B1C2><B6E0><B7C3><B0F8>!<B0FB><B1F9><B0F8>...",GARY: I got careless! You need more practice before ruling the League. I've meddled enough. Smell ya later!,adapted_from_official_english_gen1_with_chinese_fidelity_ai_review,pointer_table,high,dialogue_inventory_overlay,ai_source_reviewed,121,no,,Uses the matching official English Red/Blue/Yellow scene as its primary voice while retaining Chinese-only facts and Famicom-specific terminology.,,,,
MAIN:0x033395,MAIN,656,D0012,In-game dialogue,0x033395,0x033147,0x033147,dialogue_19_19,GUARD,936,0x033395,守卫:啊!你拿的的确是联盟徽章!请通过吧!,graphical_codes,<0A><B3DF><B3E0>:<B2AC>!<B0C5><B0C6><B0BC><B0BC><B9DB><B0C2><B3CE><B3CF><B3D1><B3D2>!<B2D8><B3DA><B3D4><B0BE>!,Those are League Badges! You may pass!,adapted_from_official_english_gen1_with_chinese_fidelity_ai_review,pointer_table,high,dialogue_inventory_overlay,ai_source_reviewed,39,yes,"Uses official Gen I field-dialogue style: the visible sprite and encounter identify the sole speaker, so no redundant class label consumes text-bank space.",Uses the matching official English Red/Blue/Yellow scene as its primary voice while retaining Chinese-only facts and Famicom-specific terminology.,,,,
MAIN:0x0333BD,MAIN,657,D0013,In-game dialogue,0x0333BD,0x033155,0x033155,dialogue_19_19,,943,0x033455,魔术师:你知道什么是魔术吗?,ascii,You're gonna take on the Elite Four?,Know what magic is?,translated_directly_from_chinese_ai_review,pointer_table,high,dialogue_inventory_overlay,ai_source_reviewed,37,yes,"Uses official Gen I field-dialogue style: the visible sprite and encounter identify the sole speaker, so no redundant class label consumes text-bank space.",Compressed directly from the Chinese source. Directly restores the question about magic and uses the matching official Trainer class Juggler.,,,,
MAIN:0x0333E3,MAIN,658,D0014,In-game dialogue,0x0333E3,0x033157,0x033157,dialogue_19_19,,944,0x033471,魔术师:不可思议...,ascii,You should have no trouble.,Incredible...,translated_directly_from_chinese_ai_review,pointer_table,high,dialogue_inventory_overlay,ai_source_reviewed,27,yes,"Uses official Gen I field-dialogue style: the visible sprite and encounter identify the sole speaker, so no redundant class label consumes text-bank space.",Faithfully keeps the Juggler's brief expression of disbelief.,,,,
MAIN:0x0333FF,MAIN,659,D0015,In-game dialogue,0x0333FF,0x033151,0x033151,dialogue_19_19,,941,0x03341F,"空手道:你辛苦了,不过也到此为止",ascii,This is the final test for trainers!,"You've done well, but this is as far as you go!",translated_directly_from_chinese_ai_review,pointer_table,high,dialogue_inventory_overlay,ai_source_reviewed,37,yes,"Uses official Gen I field-dialogue style: the visible sprite and encounter identify the sole speaker, so no redundant class label consumes text-bank space.","Full-text review: Restores the contrast and a complete idiomatic threat. Omits the contextual one-speaker label 'BLACK BELT', as in official Gen I field dialogue; the sprite and encounter retain the speaker identity.",,,,
MAIN:0x033425,MAIN,660,D0016,In-game dialogue,0x033425,0x033153,0x033153,dialogue_19_19,,942,0x03343F,空手道:我竟然输了...,ascii,I need to train.,I lost...,translated_directly_from_chinese_ai_review,pointer_table,high,dialogue_inventory_overlay,ai_source_reviewed,16,yes,"Uses official Gen I field-dialogue style: the visible sprite and encounter identify the sole speaker, so no redundant class label consumes text-bank space.",Compressed directly from the Chinese source. Restores the Black Belt's disbelief at having lost.,,,,
MAIN:0x033436,MAIN,661,D0017,In-game dialogue,0x033436,0x033161,0x033161,dialogue_19_19,,949,0x0334DC,女孩:告诉你我要结婚了!,ascii,The Elite Four is next!,I'm getting married!,translated_directly_from_chinese_ai_review,pointer_table,high,dialogue_inventory_overlay,ai_source_reviewed,24,yes,"Uses official Gen I field-dialogue style: the visible sprite and encounter identify the sole speaker, so no redundant class label consumes text-bank space.",Compressed directly from the Chinese source. Keeps the girl's unexpected announcement that she is getting married.,,,,
MAIN:0x03344F,MAIN,662,D0018,In-game dialogue,0x03344F,0x033163,0x033163,dialogue_19_19,,950,0x0334F4,"女孩:我不想嫁人了,你做我老公好吗?",ascii,Unbelievable!,I won't marry... Be my husband?,translated_directly_from_chinese_ai_review,pointer_table,high,dialogue_inventory_overlay,ai_source_reviewed,13,yes,"Uses official Gen I field-dialogue style: the visible sprite and encounter identify the sole speaker, so no redundant class label consumes text-bank space.",Compressed directly from the Chinese source. Preserves both parts of the deliberately odd reversal: abandoning marriage and then asking the player to be her husband.,,,,
MAIN:0x03345D,MAIN,663,D0019,In-game dialogue,0x03345D,0x033169,0x033169,dialogue_19_19,,953,0x03353F,女孩:为什么我的精灵都不强呢?,ascii,I heard about a young prodigy.,Why are all my Pokémon weak?,translated_directly_from_chinese_ai_review,pointer_table,high,dialogue_inventory_overlay,ai_source_reviewed,33,yes,"Uses official Gen I field-dialogue style: the visible sprite and encounter identify the sole speaker, so no redundant class label consumes text-bank space.",Compressed directly from the Chinese source. Restores the girl's question about why all of her Pokémon are weak.,,,,
MAIN:0x03347F,MAIN,664,D0020,In-game dialogue,0x03347F,0x03316B,0x03316B,dialogue_19_19,,954,0x03355D,女孩:是因为我没有用爱心吧...,ascii,You really beat Team Rocket?,Maybe I didn't love them...,translated_directly_from_chinese_ai_review,pointer_table,high,dialogue_inventory_overlay,ai_source_reviewed,31,yes,"Uses official Gen I field-dialogue style: the visible sprite and encounter identify the sole speaker, so no redundant class label consumes text-bank space.",Compressed directly from the Chinese source. Keeps her conclusion that insufficient love and care may explain her Pokémon's weakness.,,,,
MAIN:0x03349F,MAIN,665,D0021,In-game dialogue,0x03349F,0x033165,0x033165,dialogue_19_19,,951,0x033517,男孩:我不会让你再前进的,ascii,Only the chosen canpass here!,You won't go farther!,translated_directly_from_chinese_ai_review,pointer_table,high,dialogue_inventory_overlay,ai_source_reviewed,29,yes,"Uses official Gen I field-dialogue style: the visible sprite and encounter identify the sole speaker, so no redundant class label consumes text-bank space.",Compressed directly from the Chinese source. Directly preserves the boy's threat to block further progress.,,,,
MAIN:0x0334BD,MAIN,666,D0022,In-game dialogue,0x0334BD,0x033167,0x033167,dialogue_19_19,,952,0x033530,男孩:是天意啊,ascii,I don't believe it!,It's fate...,translated_directly_from_chinese_ai_review,pointer_table,high,dialogue_inventory_overlay,ai_source_reviewed,19,yes,"Uses official Gen I field-dialogue style: the visible sprite and encounter identify the sole speaker, so no redundant class label consumes text-bank space.",Compressed directly from the Chinese source. Renders the boy's appeal to fate or heaven's will after the outcome.,,,,
MAIN:0x0334D1,MAIN,667,D0023,In-game dialogue,0x0334D1,0x03316D,0x03316D,dialogue_19_19,,955,0x03357B,"裁判:未来的冠军,来到这里真不容易不过挑战四大天王的决胜规则就是将四人一一打败如果输了就从第一人从新打起!加油了!",ascii,"From here on, you face the Elite Fourone by one! If you win, a door opens to the next trainerGood luck!","Future Champion, getting here was hard! Beat all four in order. Lose, and restart from the first! Good luck!",translated_directly_from_chinese_ai_review,pointer_table,high,dialogue_inventory_overlay,ai_source_reviewed,105,yes,"Uses official Gen I field-dialogue style: the visible sprite and encounter identify the sole speaker, so no redundant class label consumes text-bank space.","Compressed directly from the Chinese source. Preserves the difficult arrival, the four consecutive victories required, the restart-from-first penalty, and the referee's encouragement.",,,,
MAIN:0x03353B,MAIN,668,D0024,In-game dialogue,0x03353B,0x03316F,0x03316F,dialogue_19_19,,956,0x0335EB,女孩:现在就开始四大天王的对战!朝最强努力吧!,ascii,"Here at the Pok@monLeague, you have toface the Elite Fourin succession.",Your Elite Four battles begin now! Go for the top!,adapted_from_official_english_gen1_with_chinese_fidelity_ai_review,pointer_table,high,dialogue_inventory_overlay,ai_source_reviewed,71,yes,"Uses official Gen I field-dialogue style: the visible sprite and encounter identify the sole speaker, so no redundant class label consumes text-bank space.",Uses the matching official English Red/Blue/Yellow scene as its primary voice while retaining Chinese-only facts and Famicom-specific terminology.,,,,
MAIN:0x033583,MAIN,669,D0025,In-game dialogue,0x033583,0x033171,0x033171,dialogue_19_19,,957,0x033618,"加纳:欢迎来到宠物精灵联盟!我是冰系四天王加纳!还没碰过害怕的东西,让我生气了就让你的精灵动弹不得!哈哈觉悟吧!",ascii,"Welcome,I'm Loreleiof the Elite Four! Your Pok@mon will be at my mercy whenthey're frozen solid! Hahaha! Are you ready?","LORELEI: Welcome to the League! I'm Lorelei of the Elite Four, an Ice-type master! I fear nothing. Anger me and I'll freeze your Pokémon solid! Hahaha! Ready?",adapted_from_official_english_gen1_with_chinese_fidelity_ai_review,pointer_table,high,dialogue_inventory_overlay,ai_source_reviewed,128,no,,Uses the matching official English Red/Blue/Yellow scene as its primary voice while retaining Chinese-only facts and Famicom-specific terminology. Full-text review: Replaces the unidiomatic title 'Ice Elite Four' while retaining every Chinese-source fact.,,,,
MAIN:0x033604,MAIN,670,D0026,In-game dialogue,0x033604,0x033173,0x033173,dialogue_19_19,,958,0x033684,"加纳:你到底是什么人物?...好吧,我输了就朝下一个房间前进吧",ascii,You're better than I thought! Go on ahead!This was justa taste of Pok@mon League power!,LORELEI: Who are you...? I lost. Go to the next room.,official_english_gen1_reviewed_chinese_specific_retained_ai_review,pointer_table,high,dialogue_inventory_overlay,ai_source_reviewed,89,yes,"Recasts the same Chinese-source content in shorter direct clauses and removes redundant English scaffolding, reducing this entry from 81 to 55 formatted bytes; no source fact identified in the fidelity comment is omitted.",Reviewed against the matching English Red/Blue/Yellow scene; the Chinese/Famicom wording is retained because the official line omits or contradicts a material source detail.,,,,
MAIN:0x03365E,MAIN,671,D0027,In-game dialogue,0x03365E,0x033175,0x033175,dialogue_19_19,,959,0x0336BE,"西巴:我是地系四天王西巴!不管是精灵或人只要战斗磨练都能变的很强,就靠这中磨练与我的精灵工生存!你是小智吧,来尝尝我们的超级力量吧!",ascii,"I am Bruno of the Elite Four! Throughrigorous training, people and Pok@mon can become strongerAsh! We will grind you with our power!","BRUNO: I'm Bruno, the Elite Four's Ground-type master! Training makes people and Pokémon stronger. My team and I live by it! Ash, face our power!",adapted_from_official_english_gen1_with_chinese_fidelity_ai_review,pointer_table,high,dialogue_inventory_overlay,ai_source_reviewed,133,no,,Uses the matching official English Red/Blue/Yellow scene as its primary voice while retaining Chinese-only facts and Famicom-specific terminology. Full-text review: Recasts the unidiomatic title and keeps the NJ046 Ground-type claim.,,,,
MAIN:0x0336E4,MAIN,672,D0028,In-game dialogue,0x0336E4,0x033177,0x033177,dialogue_19_19,,960,0x03373E,"西巴:到底是怎么回事?我竟然输了...既然输了,我无话可说,你就前进吧!",ascii,My job is done! Go face your next challenge!,BRUNO: How did I lose...? Nothing more to say. Go on!,official_english_gen1_reviewed_chinese_specific_retained_ai_review,pointer_table,high,dialogue_inventory_overlay,ai_source_reviewed,48,yes,"Recasts the same Chinese-source content in shorter direct clauses and removes redundant English scaffolding, reducing this entry from 109 to 57 formatted bytes; no source fact identified in the fidelity comment is omitted.",Reviewed against the matching English Red/Blue/Yellow scene; the Chinese/Famicom wording is retained because the official line omits or contradicts a material source detail.,,,,
MAIN:0x033715,MAIN,673,D0029,In-game dialogue,0x033715,0x033179,0x033179,dialogue_19_19,,961,0x033780,"菊子:我是鬼系四天王菊子,听说真新镇的大木博士相当疼你!大木博士以前是相当强的男人!现在看不出来了,光只是做宠物精灵图鉴是不够的!精灵是要用来战斗的!让我来教你真正的战斗吧!",ascii,"I am Agatha of the Elite Four! Oak's taken a lot of int-erest in you,child!That old duff was once tough and han-dsome! Now he just wants to fiddle with his Pok@dex, He's wrong! Pok@monare for fighting! Ash! I'll show you how a real trainer fights!","AGATHA: I'm Agatha, the Elite Four's Ghost-type master. I hear Oak of Pallet Town is fond of you! He was once strong, but you'd never know it now. A Pokédex isn't enough. Pokémon are for fighting! I'll show you a real battle!",adapted_from_official_english_gen1_with_chinese_fidelity_ai_review,pointer_table,high,dialogue_inventory_overlay,ai_source_reviewed,254,no,,Uses the matching official English Red/Blue/Yellow scene as its primary voice while retaining Chinese-only facts and Famicom-specific terminology. Full-text review: Repairs the possessive and gives the Oak comparison an explicit subject.,,,,
MAIN:0x033814,MAIN,674,D0030,In-game dialogue,0x033814,0x03317B,0x03317B,dialogue_19_19,,962,0x033828,"菊子:真了不起啊,是你胜了,大木博士真有眼光,我心服口服你就朝下一个房间去吧!",ascii,"I see what he sees in you now! I have nothing else to sayRun along now,child","AGATHA: You win! I see what Oak saw in you. Go on, child!",adapted_from_official_english_gen1_with_chinese_fidelity_ai_review,pointer_table,high,dialogue_inventory_overlay,ai_source_reviewed,76,no,,Uses the matching official English Red/Blue/Yellow scene as its primary voice while retaining Chinese-only facts and Famicom-specific terminology.,,,,
MAIN:0x033861,MAIN,675,D0031,In-game dialogue,0x033861,0x03317D,0x03317D,dialogue_19_19,,963,0x033873,"瓦它诺:你是小智?我是龙系四天王菊子瓦它诺,你应该知道龙是神圣传说中的生物,很难抓但培育的好将是天下第一!一般的攻击对龙系是没用的!开始吧,我会让你夹着尾巴逃跑的!",ascii,I heard about you Ilead the Elite FourI am Lance the dra-gon tamer! Dragon'spowers are superiorReady to lose? YourLeague challenge ends with me!,"LANCE: I'm Lance, the Elite Four's Dragon-type master! Dragons are sacred legends, hard to catch but supreme when raised well. Common attacks are useless against them! Prepare to lose, Ash!",adapted_from_official_english_gen1_with_chinese_fidelity_ai_review,pointer_table,high,dialogue_inventory_overlay,ai_source_reviewed,146,no,,Uses the matching official English Red/Blue/Yellow scene as its primary voice while retaining Chinese-only facts and Famicom-specific terminology. Full-text review: Replaces the unidiomatic title without dropping the NJ046 dragon claims.,,,,
MAIN:0x0338F4,MAIN,676,D0032,In-game dialogue,0x0338F4,0x03317F,0x03317F,dialogue_19_19,,964,0x033911,"瓦它诺:虽然难过但你的技术一流!我想说小智从今开始你是宠物精灵联盟的冠军!但你必须再与一人战斗不可!那位训练家就是...小茂!他比你早战胜我们四天王,所以你们要决出真正的冠军,去吧小智!",ascii,"I can't believe my dragons lost! You are the League Cha-mpion!...or,you would have been. Another trainer named Gary beat theElite Four before you! He is the realchampion!","LANCE: My dragons lost! You're first-rate, but Gary beat us first. Battle him for the true Champion title! Go, Ash!",adapted_from_official_english_gen1_with_chinese_fidelity_ai_review,pointer_table,high,dialogue_inventory_overlay,ai_source_reviewed,180,no,,Uses the matching official English Red/Blue/Yellow scene as its primary voice while retaining Chinese-only facts and Famicom-specific terminology.,,,,
MAIN:0x0339A9,MAIN,677,D0033,In-game dialogue,0x0339A9,0x033181,0x033181,dialogue_19_19,GARY,965,0x0339C2,"小茂:小智啊?你也来了?既然做为对手的你这么弱也没什么好竞争的!我在收集图鉴的同时也找到一些完美的精灵!告诉你吧,我就是世界最强的精灵训练师!!",ascii,"Hey Ash! I looked all over for power-ful Pokemon and assembled a strong team, now I'm the League Champion! I'm the strongest trainer in the world!","GARY: Ash! A weak rival is no competition! While filling my Pokédex, I found some perfect Pokémon. I'm the world's strongest Trainer!",adapted_from_official_english_gen1_with_chinese_fidelity_ai_review,pointer_table,high,dialogue_inventory_overlay,ai_source_reviewed,158,no,,Uses the matching official English Red/Blue/Yellow scene as its primary voice while retaining Chinese-only facts and Famicom-specific terminology. Full-text review: Avoids falsely claiming that Gary completed the Pokédex and preserves the source's plural Pokémon.,,,,
MAIN:0x033A48,MAIN,678,D0034,In-game dialogue,0x033A48,0x033185,0x033185,dialogue_19_19,PROF. OAK,967,0x033AE9,"大木博士:堂堂正正的赢了!恭喜你小智,从你刚开始得到比卡丘开始到现在你真的变强了,应该说你长大了!小茂...真是可惜!听说你战胜四天王而飞奔到这里,但看到你到最后输了!你知道为什么会输吗?因为你忘了给予精灵们信任和感情!所以你再怎么努力也不可能站在高峰的!",ascii,"So,you won! Congra-tulations! You've grown so much sinceyou first left withPikachu, Ash! I'm disappointed Gary, I came when I heardyou became League Champion.But you already lost, do you understand why?You've forgotten totreat your Pok@mon with trust and lovewithout them,you'llnever become champ again.","PROF. OAK: Fair and square! Congrats, Ash. You've grown strong since getting Pikachu, and grown up! Gary, what a shame. I rushed here after hearing you beat the Elite Four, but saw you lose. Why? You forgot to trust and love your Pokémon. Without that, you'll never reach the top!",translated_directly_from_chinese_ai_review,pointer_table,high,dialogue_inventory_overlay,ai_source_reviewed,310,yes,"Recasts the same Chinese-source content in shorter direct clauses and removes redundant English scaffolding, reducing this entry from 413 to 299 formatted bytes; no source fact identified in the fidelity comment is omitted.","Compressed directly from the Chinese source. Retains Ash's growth since receiving Pikachu and Oak's full rebuke to Gary: his rushed arrival, final loss, and failure to give his Pokémon trust and love.",,,,
MAIN:0x033B7F,MAIN,679,D0035,In-game dialogue,0x033B7F,0x033187,0x033187,dialogue_19_19,PROF. OAK,968,0x033BDD,"大木博士:小智,你能制霸宠物精灵联盟!不是你一个人的力量!是你与精灵之间巧妙的感情!小智你跟我来!",ascii,"Ash, you understandyour victory was not your own doing!The bond you share with your Pok@mon is marvelous! Come with me,Ash!",PROF. OAK: Ash! Your victory wasn't yours alone. Your bond with your Pokémon is marvelous! Come with me!,adapted_from_official_english_gen1_with_chinese_fidelity_ai_review,pointer_table,high,dialogue_inventory_overlay,ai_source_reviewed,126,no,,Uses the matching official English Red/Blue/Yellow scene as its primary voice while retaining Chinese-only facts and Famicom-specific terminology. Full-text review: Repairs the malformed possessive 'Your Pokémon bond'.,,,,
MAIN:0x033BFE,MAIN,680,D0036,In-game dialogue,0x033BFE,0x033189,0x033189,dialogue_19_19,PROF. OAK,969,0x033C3B,"大木博士:小智,你经过激烈的战斗!而如今成为联盟冠军!在此记录下小智的名字与精灵的名字吧!和我一起回家吧,你妈妈一定很想你",ascii,"Congratulations AshThis is the Pok@monHall of Fame! The League Champions and their Pok@mon are honored here! Congratulations,Ashyou and your Pok@-mon are Hall of Famers!","PROF. OAK: Ash, fierce battles made you Champion! Record your name and each Pokémon's. Let's go home; Mom must miss you.",translated_directly_from_chinese_ai_review,pointer_table,high,dialogue_inventory_overlay,ai_source_reviewed,178,yes,Uses compact possessive wording and 'Let's go home' while explicitly retaining the Pokémon-name record and Oak's participation.,"Keeps Ash's hard-won championship, both Ash's and his Pokémon's names for the record, Oak accompanying him home, and his waiting mother.",,,,
MAIN:0x033CB1,MAIN,681,D0037,In-game dialogue,0x033CB1,0x03318B,0x03318B,dialogue_19_19,MOM,970,0x033CB1,"妈妈:听说华蓝市附近有个山洞发生异常,连精灵联盟的四天王加纳都去调查了...",ascii,"Ash,Lorelei was looking for you,shewent to Cerulean cave.",I heard a cave near Cerulean is in turmoil. Even Lorelei of the Elite Four went to investigate...,translated_directly_from_chinese_ai_review,pointer_table,high,dialogue_inventory_overlay,ai_source_reviewed,62,yes,"Uses official Gen I field-dialogue style: the visible sprite and encounter identify the sole speaker, so no redundant class label consumes text-bank space.","Full-text review: Restores the omitted hearsay subject. Omits the contextual one-speaker label 'MOM', as in official Gen I field dialogue; the sprite and encounter retain the speaker identity.",,,,
MAIN:0x033CF0,MAIN,682,D0038,In-game dialogue,0x033CF0,0x03318D,0x03318D,dialogue_19_19,REFEREE,971,0x033CFA,"裁判:真是抱歉,四天王的加纳因为不在所以现在联盟暂停训练家挑战...加纳好像去华蓝市调查异变去了...",graphical_codes,"00000000000<B3FC><B3FD>:<B1F5><B0C2><B9FA><B9FB>,<B1E1><B1AD><B4F7><B0BC><B2FC><BDAB><B0E9><B0EA><B0CE><B0B8><B0AD><B0DF><B2F5><B0B8><B3CE><B3CF><B0EF><B3DB><B2DE><B2C5><B1BF><B3FB><B0F2>...<B2FC><BDAB><B1B4><B1B5><B0C7><B4CF><B4D0><B4D1><BDF6><BDAA><BCEC><B3D6><B0C7><B0F8>...","Sorry. Lorelei's away, so League challenges are paused. It seems she went to Cerulean to investigate trouble...",translated_directly_from_chinese_ai_review,pointer_table,high,dialogue_inventory_overlay,ai_source_reviewed,105,yes,"Uses official Gen I field-dialogue style: the visible sprite and encounter identify the sole speaker, so no redundant class label consumes text-bank space.","Full-text review: Restores the omitted subject and natural passive status. Omits the contextual one-speaker label 'REFEREE', as in official Gen I field dialogue; the sprite and encounter retain the speaker identity.",,,,
MAIN:0x033D5B,MAIN,683,D0039,In-game dialogue,0x033D5B,0x03318F,0x03318F,dialogue_19_19,MEWTWO,972,0x033D5A,超梦:......,ascii,MewTwo:....,MEWTWO: ...,translated_directly_from_chinese_ai_review,pointer_table,high,dialogue_inventory_overlay,ai_source_reviewed,11,no,,Keeps Mewtwo silent and normalizes only the English name capitalization and ellipsis punctuation.,,,,
MAIN:0x033D67,MAIN,684,D0040,In-game dialogue,0x033D67,0x033191,0x033191,dialogue_19_19,LORELEI,973,0x033D67,加纳:原来发生异变的原因就是这只超梦引起的.,ascii,"There you are Ash! It seems TeamRockethas appeared again,they've gone to Indigo Plateau. Oh!And I have some- thing for you as well, here's a passto go to Navel RockYou can get there by the S.S. Anne. I'll see you at Indigo Plateau Ash.",LORELEI: So Mewtwo caused the disturbance.,translated_directly_from_chinese_ai_review,pointer_table,high,dialogue_inventory_overlay,ai_source_reviewed,247,yes,"Recasts the same Chinese-source content in shorter direct clauses and removes redundant English scaffolding, reducing this entry from 54 to 50 formatted bytes; no source fact identified in the fidelity comment is omitted.",Compressed directly from the Chinese source. Restores the source's sole revelation that Mewtwo caused the disturbance; the unrelated 2015 Team Rocket and ticket material is excluded.,,,,
MAIN:0x033E5F,MAIN,685,D0041,In-game dialogue,0x033E5F,0x03319B,0x03319B,dialogue_19_19,,978,0x033EA4,船员:那个是梦幻船票??那么请进!!欢迎再次来乘做铁达尼号!,ascii,"Hello, May I see your pass for NavelRock? ...Thank you sir!",A Mystic Ticket? Board! Welcome back to the Titanic!,translated_directly_from_chinese_ai_review,pointer_table,high,dialogue_inventory_overlay,ai_source_reviewed,74,yes,"Uses official Gen I field-dialogue style: the visible sprite and encounter identify the sole speaker, so no redundant class label consumes text-bank space.","Compressed directly from the Chinese source. Preserves the ticket check, permission to board, return visit, and the bootleg's explicit ship name Titanic rather than substituting another vessel.",,,,
MAIN:0x033EAA,MAIN,686,D0042,In-game dialogue,0x033EAA,0x03319D,0x03319D,dialogue_19_19,HO-OH,979,0x033EDC,凤凰:......,ascii,Ho-oh: Kwee!,HO-OH: ...,translated_directly_from_chinese_ai_review,pointer_table,high,dialogue_inventory_overlay,ai_source_reviewed,63,no,,Keeps Ho-Oh silent as in the Chinese instead of inventing the cry found in the 2015 English text.,,,,
MAIN:0x033EEA,MAIN,687,D0043,In-game dialogue,0x033EEA,0x03319F,0x03319F,dialogue_19_19,LUGIA,980,0x033EE9,路基亚:......,ascii,Lugia: Roar!!,LUGIA: ...,translated_directly_from_chinese_ai_review,pointer_table,high,dialogue_inventory_overlay,ai_source_reviewed,13,no,,Keeps Lugia silent as in the Chinese instead of adding the 2015 roar.,,,,
MAIN:0x033EF8,MAIN,688,D0044,In-game dialogue,0x033EF8,0x0331A1,0x0331A1,dialogue_19_19,,981,0x033EF8,"船员:怎么样,是场神奇的旅行吧.现在精灵联盟因为四天王的加纳又回来了,所以又开始接受新的冠军挑战了!",ascii,"Welcome to Navel Rock! If you'd liketo leave, just board the S.S.Anne.","Quite a magical trip, right? Lorelei is back, so Champion challenges are open again!",translated_directly_from_chinese_ai_review,pointer_table,high,dialogue_inventory_overlay,ai_source_reviewed,76,yes,"Uses official Gen I field-dialogue style: the visible sprite and encounter identify the sole speaker, so no redundant class label consumes text-bank space.","Full-text review: Turns the opening noun fragment into a natural question. Omits the contextual one-speaker label 'SAILOR', as in official Gen I field dialogue; the sprite and encounter retain the speaker identity.",,,,
MAIN:0x033F45,MAIN,689,D0045,In-game dialogue,0x033F45,0x0331A3,0x0331A3,dialogue_19_19,LORELEI,982,0x033F59,"加纳:欢迎来到宠物精灵联盟!我是冰系四天王加纳!还没碰过害怕的东西,让我生气了就让你的精灵动弹不得!哈哈觉悟吧!",graphical_codes,"000000000000000000000<B2FC><BDAB>:<B0D2><B0D3><B0FC><B0DB><B0C0><B0C1><B0A1><B0A2><B3CE><B3CF>!<B1C2><B0C2><BAE8><B0AF><B1E1><B1AD><B4F7><B2FC><BDAB>!<B2BD><B2B6><B8A4><B3D4><B3EE><B8AC><B0BC><B0D5><B0D6>,<B2CB><B1C2><B1C9><B4AA><B0F8><B2AB><B2CB><B0C5><B0BC><B0A1><B0A2><B0B2><BBF7><B0CE><B2C1>!<B3BC><B3BC><B5EB><BAB8><B0BE>!","LORELEI: Welcome to the League! I'm Lorelei of the Elite Four, an Ice-type master! I fear nothing. Anger me and I'll freeze your Pokémon solid! Hahaha! Ready?",adapted_from_official_english_gen1_with_chinese_fidelity_ai_review,pointer_table,high,dialogue_inventory_overlay,ai_source_reviewed,127,no,,Uses the matching official English Red/Blue/Yellow scene as its primary voice while retaining Chinese-only facts and Famicom-specific terminology. Full-text review: Applies the same corrected duplicated Elite Four introduction.,,,,
MAIN:0x033FC5,MAIN,690,D0046,In-game dialogue,0x033FC5,0x0331A5,0x0331A5,dialogue_19_19,LORELEI,983,0x033FC5,"加纳:你到底是什么人物?...好吧,我输了就朝下一个房间前进吧",graphical_codes,"<0A><B2FC><BDAB>:<B0C5><B0DB><B3D5><B0C2><B2AF><B1E6><B2B5><B0C1>?...<B1B4><B0BE>,<B1C2><B3F1><B0F8><B2AB><B3FE><B0F9><B1D1><B0BA><B9EA><BAF1><B3DD><B3DE><B0BE>",LORELEI: Who are you...? I lost. Go to the next room.,official_english_gen1_reviewed_chinese_specific_retained_ai_review,pointer_table,high,dialogue_inventory_overlay,ai_source_reviewed,57,yes,"Recasts the same Chinese-source content in shorter direct clauses and removes redundant English scaffolding, reducing this entry from 81 to 55 formatted bytes; no source fact identified in the fidelity comment is omitted.",Reviewed against the matching English Red/Blue/Yellow scene; the Chinese/Famicom wording is retained because the official line omits or contradicts a material source detail.,,,,
MAIN:0x033FFF,MAIN,691,D0047,In-game dialogue,0x033FFF,0x0331A7,0x0331A7,dialogue_19_19,BRUNO,984,0x033FFF,"西巴:我是地系四天王西巴!不管是精灵或人只要战斗磨练都能变的很强,就靠这中磨练与我的精灵工生存!你是小智吧,来尝尝我们的超级力量吧!",graphical_codes,"<0A><B0D6><BBC0>:<B1C2><B0C2><B3BB><B0AF><B1E1><B1AD><B4F7><B0D6><BBC0>!<B0CE><B3A4><B0C2><B0A1><B0A2><B1CB><B2B5><B2BE><B0C3><B0F2><B4B7><BDEC><B2C5><B1C0><B0EC><B3D6><B0BC><B3F7><B2C9>,<B2AB><BAC4><B0EE><B0DC><BDEC><B2C5><B2A1><B1C2><B0BC><B0A1><B0A2><B3B2><B1C9><B0A5>!<B0C5><B0C2><B0B6><B0B7><B0BE>,<B0FC><B7EA><B7EA><B1C2><B2EF><B0BC><B4E4><B8B2><B0E3><B3EC><B0BE>!","BRUNO: I'm Bruno, the Elite Four's Ground-type master! Training makes people and Pokémon stronger. My team and I live by it! Ash, face our power!",adapted_from_official_english_gen1_with_chinese_fidelity_ai_review,pointer_table,high,dialogue_inventory_overlay,ai_source_reviewed,127,no,,Uses the matching official English Red/Blue/Yellow scene as its primary voice while retaining Chinese-only facts and Famicom-specific terminology. Full-text review: Applies the same corrected duplicated Elite Four introduction.,,,,
MAIN:0x03407F,MAIN,692,D0048,In-game dialogue,0x03407F,0x0331A9,0x0331A9,dialogue_19_19,BRUNO,985,0x03407F,"西巴:到底是怎么回事?我竟然输了...既然输了,我无话可说,你就前进吧!",graphical_codes,"<0A><B0D6><BBC0>:<B0DB><B3D5><B0C2><B2D0><B1E6><B2A3><B1D5>?<B1C2><B7D5><B2AA><B3F1><B0F8>...<B2A9><B2AA><B3F1><B0F8>,<B1C2><B3E6><B1EF><B0DE><B1E7>,<B0C5><B2AB><B3DD><B3DE><B0BE>!",BRUNO: How did I lose...? Nothing more to say. Go on!,official_english_gen1_reviewed_chinese_specific_retained_ai_review,pointer_table,high,dialogue_inventory_overlay,ai_source_reviewed,65,yes,"Recasts the same Chinese-source content in shorter direct clauses and removes redundant English scaffolding, reducing this entry from 109 to 57 formatted bytes; no source fact identified in the fidelity comment is omitted.",Reviewed against the matching English Red/Blue/Yellow scene; the Chinese/Famicom wording is retained because the official line omits or contradicts a material source detail.,,,,
MAIN:0x0340C1,MAIN,693,D0049,In-game dialogue,0x0340C1,0x0331AB,0x0331AB,dialogue_19_19,AGATHA,986,0x0340C1,"菊子:我是鬼系四天王菊子,听说真新镇的大木博士相当疼你!大木博士以前是相当强的男人!现在看不出来了,光只是做宠物精灵图鉴是不够的!精灵是要用来战斗的!让我来教你真正的战斗吧!",graphical_codes,"<0A><BADE><B1DF>:<B1C2><B0C2><B7B2><B0AF><B1E1><B1AD><B4F7><BADE><B1DF>,<B1F1><B1E7><B1F5><B2D5><B2D6><B0BC><B1BE><B1C3><B1C4><B1C5><B0D0><B2C4><B5F2><B0C5>!<B1BE><B1C3><B1C4><B1C5><B0DF><B3DD><B0C2><B0D0><B2C4><B2C9><B0BC><B1DD><B2B5>!<B2F5><B0B8><B0FD><B0CE><B0A4><B0FC><B0F8>,<B0E4><B2BE><B0C2><B2B4><B0C0><B0C1><B0A1><B0A2><B2F1><B2F2><B0C2><B0CE><B0F1><B0BC>!<B0A1><B0A2><B0C2><B0C3><B1A8><B0FC><B0F2><B4B7><B0BC>!<B2CB><B1C2><B0FC><B7DB><B0C5><B1F5><B2BA><B0BC><B0F2><B4B7><B0BE>!","AGATHA: I'm Agatha, the Elite Four's Ghost-type master. I hear Oak of Pallet Town is fond of you! He was once strong, but you'd never know it now. A Pokédex isn't enough. Pokémon are for fighting! I'll show you a real battle!",adapted_from_official_english_gen1_with_chinese_fidelity_ai_review,pointer_table,high,dialogue_inventory_overlay,ai_source_reviewed,167,no,,Uses the matching official English Red/Blue/Yellow scene as its primary voice while retaining Chinese-only facts and Famicom-specific terminology. Full-text review: Applies the same corrected duplicated Elite Four introduction.,,,,
MAIN:0x034169,MAIN,694,D0050,In-game dialogue,0x034169,0x0331AD,0x0331AD,dialogue_19_19,LANCE,987,0x034169,"瓦它诺:你是小智?我是龙系四天王菊子瓦它诺,你应该知道龙是神圣传说中的生物,很难抓但培育的好将是天下第一!一般的攻击对龙系是没用的!开始吧,我会让你夹着尾巴逃跑的!",graphical_codes,"<0A><BAF4><B6A6><BBCF>:<B0C5><B0C2><B0B6><B0B7>?<B1C2><B0C2><B6D9><B0AF><B1E1><B1AD><B4F7><BADE><B1DF><BAF4><B6A6><BBCF>,<B0C5><B6B9><B3B3><B2D7><B1A4><B6D9><B0C2><B6DD><BCB3><B6F2><B1E7><B0DC><B0BC><B1C9><B0C1>,<B3F7><B4A7><B2C0><B3A8><B6A3><B6D8><B0BC><B1B4><B1D2><B0C2><B1AD><B0F9><B6A7><B1D1>!<B1D1><BAFD><B0BC><B4AB><B4AC><B0E7><B6D9><B0AF><B0C2><B2B6><B1A8><B0BC>!<B1D9><B1DA><B0BE>,<B1C2><B1F9><B2CB><B0C5><BCBB><B1C7><BBD0><BBC0><B3EF><B8B9><B0BC>!","LANCE: I'm Lance, the Elite Four's Dragon-type master! Dragons are sacred legends, hard to catch but supreme when raised well. Common attacks are useless against them! Prepare to lose, Ash!",adapted_from_official_english_gen1_with_chinese_fidelity_ai_review,pointer_table,high,dialogue_inventory_overlay,ai_source_reviewed,157,no,,Uses the matching official English Red/Blue/Yellow scene as its primary voice while retaining Chinese-only facts and Famicom-specific terminology. Full-text review: Applies the same corrected duplicated Elite Four introduction.,,,,
MAIN:0x034207,MAIN,695,D0051,In-game dialogue,0x034207,0x0331AF,0x0331AF,dialogue_19_19,LANCE,988,0x034207,瓦它诺:虽然难过但你的技术一流!不过要想成为真正的冠军就应该进入冠军的房间打败里面的训练师!!他比你早一步打败我们四天王!,graphical_codes,<0A><BAF4><B6A6><BBCF>:<B4A4><B2AA><B4A7><B3D4><B3A8><B0C5><B0BC><B4BF><B1AE><B1D1><B9D7>!<B0CE><B3D4><B0C3><B1D7><B2EA><B0EA><B1F5><B2BA><B0BC><B4A1><B4A2><B2AB><B6B9><B3B3><B3DE><B5BB><B4A1><B4A2><B0BC><B9EA><BAF1><B0CF><B6A2><B0BF><B4A8><B0BC><B2DE><B2C5><B2DF>!!<B1F0><B2B2><B0C5><B2BB><B1D1><B7D4><B0CF><B6A2><B1C2><B2EF><B1E1><B1AD><B4F7>!,"LANCE: You're first-rate! But to become the true Champion, enter the Champion's room and defeat the Trainer who beat us before you!",adapted_from_official_english_gen1_with_chinese_fidelity_ai_review,pointer_table,high,dialogue_inventory_overlay,ai_source_reviewed,118,no,,Uses the matching official English Red/Blue/Yellow scene as its primary voice while retaining Chinese-only facts and Famicom-specific terminology.,,,,
MAIN:0x03427E,MAIN,696,D0052,In-game dialogue,0x03427E,0x0331B1,0x0331B1,dialogue_19_19,ASH,989,0x03427E,小智:你们就是新的冠军?啊?难道你们是...,ascii,"Jesse: Long time nosee brat! Our boss has disbanded Team Rocket because of you! James: We plan to take over Indigo Plateau and make sure Team Rocket takes its place as true Pok@mon mast- ers. We can't allowa dreadful little twerp such as your-self stand in our way! Meowth:Hehe, you don't stand a chance against Meowth!",ASH: You're the new Champions? Huh? Are you...,translated_directly_from_chinese_ai_review,pointer_table,high,dialogue_inventory_overlay,ai_source_reviewed,368,yes,"Recasts the same Chinese-source content in shorter direct clauses and removes redundant English scaffolding, reducing this entry from 53 to 44 formatted bytes; no source fact identified in the fidelity comment is omitted.","Compressed directly from the Chinese source. Preserves Ash as speaker, the plural new Champions, and his unfinished recognition of them; the unrelated 2015 Rocket speeches are excluded.",,,,
MAIN:0x0343EF,MAIN,697,D0053,In-game dialogue,0x0343EF,,0x0331CB,dialogue_19_19,JAMES,1002,0x0343F3,"小次郎:居然又输了,有本事去挑战我们的新老大!!",ascii,"James: Again! We lost again to this twerp! Jesse&James: Looks like Team Rocket's blasting off again!Meowth:Hey,Wait forMeowth!","JAMES: We lost again! If you're so tough, challenge our new boss!",translated_directly_from_reviewed_chinese_source_ai_review,containing_offset,medium,reviewed_source_adjudication,ai_source_reviewed,140,no,,Restores James's defeat and challenge to face Team Rocket's new boss; the unrelated multi-speaker blasting-off text was removed.,,,,
MAIN:0x03447C,MAIN,698,D0054,In-game dialogue,0x03447C,0x0331D3,0x0331D3,dialogue_19_19,PROF. OAK,1006,0x0344B8,"大木博士:你又堂堂正正的赢了!恭喜你小智,从你刚开始得到比卡丘开始到现在你真的变强了,应该说你长大了!小智,你能制霸宠物精灵联盟!不是你一个人的力量!是你与精灵之间巧妙的感情!小智你跟我来!",graphical_codes,"0000000000000000000000000000000000000000000000000000000000000<B1BE><B1C3><B1C4><B1C5>:<B0C5><B5B0><BDF2><BDF2><B2BA><B2BA><B0BC><B3F5><B0F8>!<BBA6><B6EB><B0C5><B0B6><B0B7>,<B1FA><B0C5><B2BF><B1D9><B1DA><B2C1><B0DB><B2B2><B2C2><B2C3><B1D9><B1DA><B0DB><B2F5><B0B8><B0C5><B1F5><B0BC><B3D6><B2C9><B0F8>,<B6B9><B3B3><B1E7><B0C5><B2EB><B1BE><B0F8>!<B0B6><B0B7>,<B0C5><B0EC><B2E4><BBD4><B0C0><B0C1><B0A1><B0A2><B3CE><B3CF>!<B0CE><B0C2><B0C5><B1D1><B0BA><B2B5><B0BC><B0E3><B3EC>!<B0C2><B0C5><B2A1><B0A1><B0A2><B3E3><BAF1><BDF5><B7FC><B0BC><B5EA><B7AB>!<B0B6><B0B7><B0C5><B2A2><B1C2><B0FC>!","PROF. OAK: Fair and square again! Congratulations, Ash! You've grown strong since Pikachu. Your victory was not yours alone; your Pokémon bond is marvelous! Come with me!",adapted_from_official_english_gen1_with_chinese_fidelity_ai_review,pointer_table,high,dialogue_inventory_overlay,ai_source_reviewed,241,no,,Uses the matching official English Red/Blue/Yellow scene as its primary voice while retaining Chinese-only facts and Famicom-specific terminology.,,,,
MAIN:0x03456E,MAIN,699,D0055,In-game dialogue,0x03456E,0x0331D5,0x0331D5,dialogue_19_19,PROF. OAK,1007,0x03456E,"大木博士:小智,你经过激烈的战斗!而如今成为联盟冠军!在此记录下小智的名字与精灵的名字吧!和我一起回家吧,你妈妈一定很想你",graphical_codes,"<0A><B1BE><B1C3><B1C4><B1C5>:<B0B6><B0B7>,<B0C5><B2A5><B3D4><BAB4><BBC8><B0BC><B0F2><B4B7>!<B1CE><B1FE><B6C9><B2EA><B0EA><B3CE><B3CF><B4A1><B4A2>!<B0B8><BDE7><B2F8><B2F9><B0F9><B0B6><B0B7><B0BC><B3B1><B9B1><B2A1><B0A1><B0A2><B0BC><B3B1><B9B1><B0BE>!<B0C9><B1C2><B1D1><B0E8><B2A3><B1BF><B0BE>,<B0C5><B1DB><B1DB><B1D1><B2B1><B3F7><B1D7><B0C5>","PROF. OAK: Fierce battles made you Champion, Ash! Your name and Pokémon go on record. Let's go home. Mom must miss you!",adapted_from_official_english_gen1_with_chinese_fidelity_ai_review,pointer_table,high,dialogue_inventory_overlay,ai_source_reviewed,117,no,,Uses the matching official English Red/Blue/Yellow scene as its primary voice while retaining Chinese-only facts and Famicom-specific terminology.,,,,
MAIN:0x0345E4,MAIN,700,D0056,In-game dialogue,0x0345E4,0x0331D7,0x0331D7,dialogue_19_19,MOM,1008,0x0345E4,"妈妈:我听说你要去彩虹市的南晶科技开发部挑战名叫卡美优的训练师!听说他的精灵至今还没有被人打败过,你千万要小心啊...",graphical_codes,"<0A><B1DB><B1DB>:<B1C2><B1F1><B1E7><B0C5><B0C3><B0C7><B6CA><B8FD><B4D1><B0BC><B0A7><B0A8><BDE0><B4BF><B1D9><B2F4><B6C1><B3FB><B0F2><B3B1><B1C1><B2C2><B6A8><B8EE><B0BC><B2DE><B2C5><B2DF>!<B1F1><B1E7><B1F0><B0BC><B0A1><B0A2><BDFA><B6C9><B2BD><B2B6><B0AE><B1B6><B2B5><B0CF><B6A2><B3D4>,<B0C5><B8F9><B4B1><B0C3><B0B6><B0DD><B2AC>...",I heard you'll challenge Kameiyu at Nanjing Tech's Celadon development office. They say his Pokémon are undefeated. Be careful...,translated_directly_from_chinese_ai_review,pointer_table,high,dialogue_inventory_overlay,ai_source_reviewed,113,yes,"Uses official Gen I field-dialogue style: the visible sprite and encounter identify the sole speaker, so no redundant class label consumes text-bank space.","Full-text review: Replaces the unidiomatic 'His team is said unbeaten' and preserves the creator-cameo provenance. Omits the contextual one-speaker label 'MOM', as in official Gen I field dialogue; the sprite and encounter retain the speaker identity.",,,,
MAIN:0x034656,MAIN,701,,Raw text,0x034656,,0x0331D9,raw,,1009,0x034656,"卡美优:小智,我知道你一定会来的!这一战应该没有任何遗憾吧!!来吧,准备好了吗?",graphical_codes,"<0A><B2C2><B6A8><B8EE>:<B0B6><B0B7>,<B1C2><B2D7><B1A4><B0C5><B1D1><B2B1><B1F9><B0FC><B0BC>!<B0EE><B1D1><B0F2><B6B9><B3B3><B2B6><B0AE><B3BD><B6DA><BDDD><BDFB><B0BE>!!<B0FC><B0BE>,<BAFA><BAFB><B1B4><B0F8><B0D7>?","KAMEIYU: Ash, I knew you'd come! Battle with no regrets! Ready?",translated_directly_from_reviewed_chinese_source_ai_review,exact_offset,medium,reviewed_source_adjudication,ai_source_reviewed,74,yes,"Compressed to the fixed 74-byte raw record while preserving Kameiyu, Ash, anticipated arrival, battle without regrets, and readiness challenge.","Restores Kameiyu's direct greeting to Ash, his wish for a battle without regrets, and his readiness challenge from the exact glyph record.",,,,
MAIN:0x0346A1,MAIN,702,D0057,In-game dialogue,0x0346A1,0x0331DB,0x0331DB,dialogue_19_19,KAMEIYU,1010,0x0346A1,"卡美优:不错,你的实力在这个石英地区已经无人能敌了,但别忘了人外有人天外有天啊,在这个世界上还存在别的大陆...有机会的话一定要去宝石大陆看看,那里有这里所没有的精灵!!!那么你的精灵图鉴如果收集齐了的话再来找我吧!",ascii,"You're amazing! It seems you've earnedthe respect of the Legendary Pok@mon! If you can find allthe Pok@mon in Kanto, return and speak to me again!","KAMEIYU: Not bad! None in Kanto can match you, but stronger people live on other continents. Visit Hoenn for Pokémon Kanto lacks! Return with a complete Pokédex.",translated_directly_from_chinese_ai_review,pointer_table,high,dialogue_inventory_overlay,ai_source_reviewed,151,yes,"Recasts the same Chinese-source content in shorter direct clauses and removes redundant English scaffolding, reducing this entry from 275 to 179 formatted bytes; no source fact identified in the fidelity comment is omitted.","Compressed directly from the Chinese source. Keeps Kameiyu's Kanto assessment, warning that stronger people exist, other continents, Hoenn's distinct Pokémon, and the complete-Pokédex return condition.",,,,
MAIN:0x034739,MAIN,703,D0058,In-game dialogue,0x034739,0x0331DD,0x0331DD,dialogue_19_19,KAMEIYU,1011,0x03476F,"卡美优:有机会的话一定要去宝石大陆看看,那里有这里所没有的精灵!!!那么你的精灵图鉴如果收集齐了的话再来找我吧!",ascii,"You are a true Pok@maniac! You have earned this Pok@- mon's respect, it would like to come with you.",KAMEIYU: Visit Hoenn for Pokémon Kanto lacks! Return with a complete Pokédex.,translated_directly_from_chinese_ai_review,pointer_table,high,dialogue_inventory_overlay,ai_source_reviewed,104,yes,"Recasts the same Chinese-source content in shorter direct clauses and removes redundant English scaffolding, reducing this entry from 142 to 84 formatted bytes; no source fact identified in the fidelity comment is omitted.",Compressed directly from the Chinese source. Preserves both instructions in this shorter Kameiyu branch: visit Hoenn for its different Pokémon and return only after completing the Pokédex.,,,,
MAIN:0x0347A2,MAIN,704,D0059,In-game dialogue,0x0347A2,0x0331DF,0x0331DF,dialogue_19_19,KAMEIYU,1012,0x0347DB,"卡美优:你已经成功了收集石英地区所有的精灵,真了不起!好吧这只梦幻就送给你吧!恭喜你完成了精灵图鉴!!",ascii,Please take care of Mew!,KAMEIYU: Amazing! You collected every Kanto Pokémon. Take this Mew! Congratulations! You completed the Pokédex!,translated_directly_from_chinese_ai_review,pointer_table,high,dialogue_inventory_overlay,ai_source_reviewed,26,yes,"Uses complete, natural English while respecting dialogue pagination and ROM bank limits; no displayed word is truncated.","Compressed directly from the Chinese source. Restores the completed Kanto collection, Kameiyu's praise, his explicit gift of Mew, and the Pokédex congratulations. Full-text review: Turns the completion fragment into a full congratulatory sentence.",,,,
MAIN:0x0347BD,MAIN,705,D0060,In-game dialogue,0x0347BD,0x0331E1,0x0331E1,dialogue_19_19,,1013,0x03483D,得到梦幻,ascii,Recieved Mew!,Got Mew!,translated_directly_from_chinese_ai_review,pointer_table,high,dialogue_inventory_overlay,ai_source_reviewed,13,no,,Faithfully renders the Mew acquisition message and corrects the spelling error in the 2015 English text.,,,,
MAIN:0x0347CB,MAIN,706,D0061,In-game dialogue,0x0347CB,0x0331E3,0x0331E3,dialogue_19_19,MOM,1014,0x034847,妈妈:你完成精灵图鉴了吗?,graphical_codes,00000000000000000000000000000000000000000000000000000000000000000000000000000000000000000000000000000000000000000000000000000<B1DB><B1DB>:<B0C5><B3A6><B2EA><B0A1><B0A2><B2F1><B2F2><B0F8><B0D7>?,Is your Pokédex complete?,translated_directly_from_chinese_ai_review,pointer_table,high,dialogue_inventory_overlay,ai_source_reviewed,149,yes,"Uses official Gen I field-dialogue style: the visible sprite and encounter identify the sole speaker, so no redundant class label consumes text-bank space.",Compressed directly from the Chinese source. Directly preserves Mom's question about whether the Pokédex is complete.,,,,
MAIN:0x034862,MAIN,707,D0062,In-game dialogue,0x034862,0x0331E5,0x0331E5,dialogue_19_19,REFEREE,1015,0x034861,裁判:你真是好样的!,ascii,Great job Champ!,Well done!,translated_directly_from_chinese_ai_review,pointer_table,high,dialogue_inventory_overlay,ai_source_reviewed,16,yes,"Uses official Gen I field-dialogue style: the visible sprite and encounter identify the sole speaker, so no redundant class label consumes text-bank space.",Compressed directly from the Chinese source. Keeps the referee's unqualified praise without adding the Champion title absent from the Chinese line.,,,,
MAIN:0x034873,MAIN,708,D0063,In-game dialogue,0x034873,0x0331E9,0x0331E9,dialogue_19_19,KAMEIYU,1017,0x034883,卡美优:我认输!这样总行了吧!,ascii,Farewell traveller!,KAMEIYU: I surrender! Happy now?,translated_directly_from_chinese_ai_review,pointer_table,high,dialogue_inventory_overlay,ai_source_reviewed,19,yes,"Recasts the same Chinese-source content in shorter direct clauses and removes redundant English scaffolding, reducing this entry from 45 to 42 formatted bytes; no source fact identified in the fidelity comment is omitted.",Compressed directly from the Chinese source. Restores Kameiyu's concession and irritated follow-up question instead of the unrelated 2015 farewell.,,,,
MAIN:0x034887,MAIN,709,D0064,In-game dialogue,0x034887,0x0331EB,0x0331EB,dialogue_19_19,BEIBEI,1018,0x0348A0,蓓蓓:你真的是很棒耶!,ascii,Take care of Eevee!,BEIBEI: You're great!,translated_directly_from_chinese_ai_review,pointer_table,high,dialogue_inventory_overlay,ai_source_reviewed,45,yes,"Recasts the same Chinese-source content in shorter direct clauses and removes redundant English scaffolding, reducing this entry from 34 to 25 formatted bytes; no source fact identified in the fidelity comment is omitted.","Compressed directly from the Chinese source. Preserves Beibei's cameo, name, and enthusiastic praise; no Eevee instruction is introduced from the 2015 text.",,,,
MAIN:0x0348B5,MAIN,710,D0065,In-game dialogue,0x0348B5,0x0331ED,0x0331ED,dialogue_19_19,XIAO LI,1019,0x0348B6,"小李:再骚扰的话,本大爷要报警了...!",ascii,Your Pok@mon can fly you anywhere.,XIAO LI: Bother me again and I'll call the police!,translated_directly_from_chinese_ai_review,pointer_table,high,dialogue_inventory_overlay,ai_source_reviewed,37,yes,"Uses complete, natural English while respecting dialogue pagination and ROM bank limits; no displayed word is truncated.",Compressed directly from the Chinese source. Preserves Xiao Li's cameo and threat to call the police if the harassment continues. Full-text review: Removes the nonstandard ellipsis-plus-exclamation ending.,,,,
MAIN:0x034927,MAIN,711,D0066,In-game dialogue,0x034927,,0x0348DD,dialogue_19_19,,,0x034927,得到无,graphical_codes,<B2C1><B0DB><B3E6>,Got nothing.,translated_directly_from_reviewed_chinese_source_ai_review,unaligned,low,reviewed_source_adjudication,ai_source_reviewed,6,no,,"The adjudicated direct glyph payload explicitly says that nothing was obtained, replacing the unreadable encoded residue.",,,,
MAIN:0x03492F,MAIN,712,D0067,In-game dialogue,0x03492F,0x0348DF,0x0348DF,dialogue_19_19,,1020,0x03492E,得到精灵球,ascii,A Pok@ball!,Got Poké Ball!,translated_directly_from_chinese_ai_review,pointer_table,high,dialogue_inventory_overlay,ai_source_reviewed,11,yes,"Drops only the optional English determiner in the acquisition formula, reducing this entry from 16 to 14 formatted bytes; the exact item name Poké Ball is unchanged.",Compressed directly from the Chinese source. Preserves the acquisition event and uses the official English item name Poké Ball.,,,,
MAIN:0x03493B,MAIN,713,D0068,In-game dialogue,0x03493B,0x0348E1,0x0348E1,dialogue_19_19,,1021,0x03493A,得到超级球,ascii,A Great Ball!,Got Great Ball!,translated_directly_from_chinese_ai_review,pointer_table,high,dialogue_inventory_overlay,ai_source_reviewed,13,yes,"Drops only the optional English determiner in the acquisition formula, reducing this entry from 17 to 15 formatted bytes; the exact item name Great Ball is unchanged.",Compressed directly from the Chinese source. Preserves the acquisition event and uses the official English item name Great Ball.,,,,
MAIN:0x034949,MAIN,714,D0069,In-game dialogue,0x034949,0x0348E3,0x0348E3,dialogue_19_19,,1022,0x034946,得到超力球,ascii,UltraBall,Got Ultra Ball!,translated_directly_from_chinese_ai_review,pointer_table,high,dialogue_inventory_overlay,ai_source_reviewed,9,yes,"Drops only the optional English determiner in the acquisition formula, reducing this entry from 18 to 15 formatted bytes; the exact item name Ultra Ball is unchanged.",Compressed directly from the Chinese source. Preserves the acquisition event and expands the source concept to the official English item name Ultra Ball.,,,,
MAIN:0x034953,MAIN,715,D0070,In-game dialogue,0x034953,0x0348E5,0x0348E5,dialogue_19_19,,1023,0x034952,得到大师球,graphical_codes,<B2C1><B0DB><B1BE><B2DF><B0BD>,Got Master Ball!,translated_directly_from_chinese_ai_review,pointer_table,high,dialogue_inventory_overlay,ai_source_reviewed,10,yes,"Drops only the optional English determiner in the acquisition formula, reducing this entry from 18 to 16 formatted bytes; the exact item name Master Ball is unchanged.",Compressed directly from the Chinese source. Preserves the acquisition event and uses the official English item name Master Ball.,,,,
MAIN:0x03495F,MAIN,716,D0071,In-game dialogue,0x03495F,0x0348E7,0x0348E7,dialogue_19_19,,1024,0x03495E,得到伤药,ascii,A Potion!,Got Potion!,translated_directly_from_chinese_ai_review,pointer_table,high,dialogue_inventory_overlay,ai_source_reviewed,9,yes,"Drops only the optional English determiner in the acquisition formula, reducing this entry from 13 to 11 formatted bytes; the exact item name Potion is unchanged.",Compressed directly from the Chinese source. Faithfully renders the Potion acquisition with the matching official item name.,,,,
MAIN:0x034969,MAIN,717,D0072,In-game dialogue,0x034969,0x0348E9,0x0348E9,dialogue_19_19,,1025,0x034968,得到好伤药,ascii,S.Potion!,Got Super Potion!,translated_directly_from_chinese_ai_review,pointer_table,high,dialogue_inventory_overlay,ai_source_reviewed,9,yes,"Drops only the optional English determiner in the acquisition formula, reducing this entry from 19 to 17 formatted bytes; the exact item name Super Potion is unchanged.",Compressed directly from the Chinese source. Faithfully renders the Super Potion acquisition and avoids the 2015 abbreviation.,,,,
MAIN:0x034973,MAIN,718,D0073,In-game dialogue,0x034973,0x0348EB,0x0348EB,dialogue_19_19,,1026,0x034974,得到超级伤药,ascii,A H.Potion!,Got Hyper Potion!,translated_directly_from_chinese_ai_review,pointer_table,high,dialogue_inventory_overlay,ai_source_reviewed,13,yes,"Drops only the optional English determiner in the acquisition formula, reducing this entry from 19 to 17 formatted bytes; the exact item name Hyper Potion is unchanged.",Compressed directly from the Chinese source. Faithfully renders the Hyper Potion acquisition and avoids the ambiguous 2015 abbreviation.,,,,
MAIN:0x034981,MAIN,719,D0074,In-game dialogue,0x034981,0x0348ED,0x0348ED,dialogue_19_19,,1027,0x034982,得到最大伤药,graphical_codes,00<B2C1><B0DB><B3F2><B1BE><B9C7><BBB9>,Got Max Potion!,translated_directly_from_chinese_ai_review,pointer_table,high,dialogue_inventory_overlay,ai_source_reviewed,14,yes,"Drops only the optional English determiner in the acquisition formula, reducing this entry from 17 to 15 formatted bytes; the exact item name Max Potion is unchanged.","Compressed directly from the Chinese source. Preserves the acquisition and uses Max Potion, the official match for the Chinese maximum-healing item.",,,,
MAIN:0x034990,MAIN,720,D0075,In-game dialogue,0x034990,0x0348EF,0x0348EF,dialogue_19_19,,1028,0x034990,得到解毒药,ascii,An Antidote!,Got Antidote!,translated_directly_from_chinese_ai_review,pointer_table,high,dialogue_inventory_overlay,ai_source_reviewed,12,yes,"Drops only the optional English determiner in the acquisition formula, reducing this entry from 16 to 13 formatted bytes; the exact item name Antidote is unchanged.",Compressed directly from the Chinese source. Faithfully renders the Antidote acquisition with the matching official item name.,,,,
MAIN:0x03499D,MAIN,721,D0076,In-game dialogue,0x03499D,0x0348F1 0x0348F3,0x0348F3,dialogue_19_19,,1030,0x0349A8,得到睡醒药,ascii,A S.Heal!,Got an Awakening!,translated_directly_from_reviewed_chinese_source_ai_review,pointer_table,high,reviewed_source_adjudication,ai_source_reviewed,21,no,,Uses the official item name Awakening for the reviewed wake-up medicine and preserves the obtained-item message.,restored_reference_split,,,
MAIN:0x0349B3,MAIN,722,D0077,In-game dialogue,0x0349B3,0x0348F5,0x0348F5,dialogue_19_19,,1031,0x0349B4,得到冰冻药,ascii,Ice Heal!,Got Ice Heal!,translated_directly_from_chinese_ai_review,pointer_table,high,dialogue_inventory_overlay,ai_source_reviewed,11,yes,"Drops only the optional English determiner in the acquisition formula, reducing this entry from 16 to 13 formatted bytes; the exact item name Ice Heal is unchanged.","Compressed directly from the Chinese source. Preserves the acquisition and uses Ice Heal, the official English match for the freeze-curing item.",,,,
MAIN:0x0349BF,MAIN,723,D0078,In-game dialogue,0x0349BF,0x0348F7,0x0348F7,dialogue_19_19,,1032,0x0349C0,得到烧伤药,graphical_codes,00<B2C1><B0DB><BAE7><B9C7><BBB9>,Got Burn Heal!,translated_directly_from_chinese_ai_review,pointer_table,high,dialogue_inventory_overlay,ai_source_reviewed,12,yes,"Drops only the optional English determiner in the acquisition formula, reducing this entry from 16 to 14 formatted bytes; the exact item name Burn Heal is unchanged.","Compressed directly from the Chinese source. Preserves the acquisition and uses Burn Heal, the official English match for the burn-curing item.",,,,
MAIN:0x0349CC,MAIN,724,D0079,In-game dialogue,0x0349CC,0x0348F9,0x0348F9,dialogue_19_19,,1033,0x0349CC,得到万能恢复,ascii,A Full Heal!,Got Full Heal!,translated_directly_from_chinese_ai_review,pointer_table,high,dialogue_inventory_overlay,ai_source_reviewed,13,yes,"Drops only the optional English determiner in the acquisition formula, reducing this entry from 16 to 14 formatted bytes; the exact item name Full Heal is unchanged.","Compressed directly from the Chinese source. Preserves the acquisition and uses Full Heal, the official match for the all-status restorative.",,,,
MAIN:0x0349DA,MAIN,725,D0080,In-game dialogue,0x0349DA,0x0348FB,0x0348FB,dialogue_19_19,,1034,0x0349DA,得到精神药,ascii,A Revive!,Got Revive!,translated_directly_from_chinese_ai_review,pointer_table,high,dialogue_inventory_overlay,ai_source_reviewed,10,yes,"Drops only the optional English determiner in the acquisition formula, reducing this entry from 13 to 11 formatted bytes; the exact item name Revive is unchanged.","Compressed directly from the Chinese source. Preserves the acquisition and uses Revive, the matching official English item name.",,,,
MAIN:0x0349E5,MAIN,726,D0081,In-game dialogue,0x0349E5,0x0348FD,0x0348FD,dialogue_19_19,,1035,0x0349E6,得到PP提升,graphical_codes,00<B2C1><B0DB>PP<B4C7><B4C8>,Got Ether!,translated_directly_from_chinese_ai_review,pointer_table,high,dialogue_inventory_overlay,ai_source_reviewed,12,no,,"Full-text review: The executable item slot and 10-PP description identify Ether, not PP Up.",,,,
MAIN:0x0349F2,MAIN,727,D0082,In-game dialogue,0x0349F2,0x0348FF,0x0348FF,dialogue_19_19,,1036,0x0349F2,得到PP最大,graphical_codes,<0A><B2C1><B0DB>PP<B3F2><B1BE>,Got Max Ether!,translated_directly_from_chinese_ai_review,pointer_table,high,dialogue_inventory_overlay,ai_source_reviewed,11,no,,"Full-text review: The executable item slot and full-PP description identify Max Ether, not PP Max.",,,,
MAIN:0x0349FF,MAIN,728,D0083,In-game dialogue,0x0349FF,0x034901,0x034901,dialogue_19_19,,1037,0x0349FE,得到神奇糖果,ascii,A Rare Candy!,Got Rare Candy!,translated_directly_from_chinese_ai_review,pointer_table,high,dialogue_inventory_overlay,ai_source_reviewed,13,yes,"Drops only the optional English determiner in the acquisition formula, reducing this entry from 17 to 15 formatted bytes; the exact item name Rare Candy is unchanged.","Compressed directly from the Chinese source. Preserves the acquisition and uses Rare Candy, the official match for the Chinese magical-candy item.",,,,
MAIN:0x034A0D,MAIN,729,D0084,In-game dialogue,0x034A0D,0x034903,0x034903,dialogue_19_19,,1038,0x034A0C,得到火之石,ascii,Fire Stone!,Got Fire Stone!,translated_directly_from_chinese_ai_review,pointer_table,high,dialogue_inventory_overlay,ai_source_reviewed,11,yes,"Drops only the optional English determiner in the acquisition formula, reducing this entry from 17 to 15 formatted bytes; the exact item name Fire Stone is unchanged.",Compressed directly from the Chinese source. Faithfully renders the Fire Stone acquisition with the matching official item name.,,,,
MAIN:0x034A19,MAIN,730,D0085,In-game dialogue,0x034A19,0x034905,0x034905,dialogue_19_19,,1039,0x034A18,得到水之石,ascii,Water Stone,Got Water Stone!,translated_directly_from_chinese_ai_review,pointer_table,high,dialogue_inventory_overlay,ai_source_reviewed,11,yes,"Drops only the optional English determiner in the acquisition formula, reducing this entry from 18 to 16 formatted bytes; the exact item name Water Stone is unchanged.",Compressed directly from the Chinese source. Faithfully renders the Water Stone acquisition with the matching official item name.,,,,
MAIN:0x034A25,MAIN,731,D0086,In-game dialogue,0x034A25,0x034907,0x034907,dialogue_19_19,,1040,0x034A24,得到雷之石,ascii,Thun.Stone!,Got Thunder Stone!,translated_directly_from_chinese_ai_review,pointer_table,high,dialogue_inventory_overlay,ai_source_reviewed,11,yes,"Drops only the optional English determiner in the acquisition formula, reducing this entry from 25 to 18 formatted bytes; the exact item name Thunder Stone is unchanged.",Compressed directly from the Chinese source. Preserves the acquisition and restores the full official name Thunder Stone instead of the 2015 abbreviation.,,,,
MAIN:0x034A31,MAIN,732,D0087,In-game dialogue,0x034A31,0x034909,0x034909,dialogue_19_19,,1041,0x034A30,得到叶之石,ascii,Leaf Stone!,Got Leaf Stone!,translated_directly_from_chinese_ai_review,pointer_table,high,dialogue_inventory_overlay,ai_source_reviewed,11,yes,"Drops only the optional English determiner in the acquisition formula, reducing this entry from 17 to 15 formatted bytes; the exact item name Leaf Stone is unchanged.",Compressed directly from the Chinese source. Faithfully renders the Leaf Stone acquisition with the matching official item name.,,,,
MAIN:0x034A3D,MAIN,733,D0088,In-game dialogue,0x034A3D,0x03490B,0x03490B,dialogue_19_19,,1042,0x034A3C,得到月之石,ascii,Moon Stone!,Got Moon Stone!,translated_directly_from_chinese_ai_review,pointer_table,high,dialogue_inventory_overlay,ai_source_reviewed,11,yes,"Drops only the optional English determiner in the acquisition formula, reducing this entry from 17 to 15 formatted bytes; the exact item name Moon Stone is unchanged.",Compressed directly from the Chinese source. Faithfully renders the Moon Stone acquisition with the matching official item name.,,,,
MAIN:0x034A49,MAIN,734,D0089,In-game dialogue,0x034A49,0x03490D,0x03490D,dialogue_19_19,,1043,0x034A48,得到包裹,graphical_codes,<B2C1><B0DB><B2E0><B2E1>,Got Oak's Parcel!,translated_directly_from_chinese_ai_review,pointer_table,high,dialogue_inventory_overlay,ai_source_reviewed,8,no,,"Preserves the parcel acquisition and uses Oak's Parcel, the official item identity corroborated by the secondary gloss and game context.",,,,
MAIN:0x034A52,MAIN,735,D0090,In-game dialogue,0x034A52,0x03490F,0x03490F,dialogue_19_19,,1044,0x034A52,得到精灵图鉴,graphical_codes,<0A><B2C1><B0DB><B0A1><B0A2><B2F1><B2F2>,Got Pokédex!,translated_directly_from_chinese_ai_review,pointer_table,high,dialogue_inventory_overlay,ai_source_reviewed,13,yes,"Drops only the optional English determiner in the acquisition formula, reducing this entry from 16 to 12 formatted bytes; the exact item name Pokédex is unchanged.",Compressed directly from the Chinese source. Faithfully renders receipt of the Pokédex with its official English name.,,,,
MAIN:0x034A60,MAIN,736,D0091,In-game dialogue,0x034A60,0x034911,0x034911,dialogue_19_19,,1045,0x034A60,得到地图,graphical_codes,<0A><B2C1><B0DB><B3BB><B2F1>,Got Town Map!,translated_directly_from_chinese_ai_review,pointer_table,high,dialogue_inventory_overlay,ai_source_reviewed,9,yes,"Drops only the optional English determiner in the acquisition formula, reducing this entry from 17 to 13 formatted bytes; the exact item name Town Map is unchanged.","Compressed directly from the Chinese source. Preserves receipt of the map and uses Town Map, the official English item name matching the game context.",,,,
MAIN:0x034A6A,MAIN,737,D0092,In-game dialogue,0x034A6A,0x034913,0x034913,dialogue_19_19,,1046,0x034A6A,得到菊石化石,graphical_codes,<0A><B2C1><B0DB><BADE><B1B2><B5AB><B1B2>,Got Helix Fossil!,translated_directly_from_chinese_ai_review,pointer_table,high,dialogue_inventory_overlay,ai_source_reviewed,13,yes,"Drops only the optional English determiner in the acquisition formula, reducing this entry from 26 to 17 formatted bytes; the exact item name Helix Fossil is unchanged.","Compressed directly from the Chinese source. Preserves the fossil acquisition and maps the explicit ammonite fossil to its official name, Helix Fossil.",,,,
MAIN:0x034A78,MAIN,738,D0093,In-game dialogue,0x034A78,0x034915,0x034915,dialogue_19_19,,1047,0x034A78,得到盔甲化石,graphical_codes,<0A><B2C1><B0DB><BADF><BBBE><B5AB><B1B2>,Got Dome Fossil!,translated_directly_from_chinese_ai_review,pointer_table,high,dialogue_inventory_overlay,ai_source_reviewed,13,yes,"Drops only the optional English determiner in the acquisition formula, reducing this entry from 26 to 16 formatted bytes; the exact item name Dome Fossil is unchanged.","Compressed directly from the Chinese source. Preserves the fossil acquisition and uses Dome Fossil, the official identity of the armor-shaped fossil.",,,,
MAIN:0x034A86,MAIN,739,D0094,In-game dialogue,0x034A86,0x034917,0x034917,dialogue_19_19,,1048,0x034A86,得到船票,graphical_codes,<0A><B2C1><B0DB><B6F6><B6F7>,Got S.S. Ticket!,translated_directly_from_chinese_ai_review,pointer_table,high,dialogue_inventory_overlay,ai_source_reviewed,9,yes,"Drops only the optional English determiner in the acquisition formula, reducing this entry from 26 to 16 formatted bytes; the exact item name S.S. Ticket is unchanged.",Compressed directly from the Chinese source. Preserves receipt of the ship ticket and uses the matching official English item name S.S. Ticket.,,,,
MAIN:0x034A90,MAIN,740,D0095,In-game dialogue,0x034A90,0x034919,0x034919,dialogue_19_19,,1049,0x034A90,得到矿泉水,graphical_codes,<0A><B2C1><B0DB><B8E9><B8EA><B5F7>,Got Fresh Water!,translated_directly_from_chinese_ai_review,pointer_table,high,dialogue_inventory_overlay,ai_source_reviewed,11,yes,"Drops only the optional English determiner in the acquisition formula, reducing this entry from 25 to 16 formatted bytes; the exact item name Fresh Water is unchanged.","Compressed directly from the Chinese source. Preserves the water acquisition and uses Fresh Water, the official English item matching the Chinese mineral-water concept.",,,,
MAIN:0x034A9C,MAIN,741,D0096,In-game dialogue,0x034A9C,0x03491B,0x03491B,dialogue_19_19,,1050,0x034A9C,得到精灵眼镜,graphical_codes,<0A><B2C1><B0DB><B0A1><B0A2><B6EE><B8D1>,Got Silph Scope!,translated_directly_from_chinese_ai_review,pointer_table,high,dialogue_inventory_overlay,ai_source_reviewed,13,yes,"Drops only the optional English determiner in the acquisition formula, reducing this entry from 25 to 16 formatted bytes; the exact item name Silph Scope is unchanged.","Compressed directly from the Chinese source. Preserves receipt of the Pokémon-viewing device and uses its contextually matching official identity, the Silph Scope.",,,,
MAIN:0x034AAA,MAIN,742,D0097,In-game dialogue,0x034AAA,0x03491D,0x03491D,dialogue_19_19,,1051,0x034AAA,得到精灵笛,graphical_codes,<0A><B2C1><B0DB><B0A1><B0A2><B8DF>,Got Poké Flute!,translated_directly_from_chinese_ai_review,pointer_table,high,dialogue_inventory_overlay,ai_source_reviewed,11,yes,"Drops only the optional English determiner in the acquisition formula, reducing this entry from 19 to 15 formatted bytes; the exact item name Poké Flute is unchanged.",Compressed directly from the Chinese source. Faithfully renders receipt of the Poké Flute with its official English name.,,,,
MAIN:0x034AB6,MAIN,743,D0098,In-game dialogue,0x034AB6,0x03491F,0x03491F,dialogue_19_19,,1052,0x034AB6,得到金牙,graphical_codes,<0A><B2C1><B0DB><B7BB><B9F9>,Got Gold Teeth!,translated_directly_from_chinese_ai_review,pointer_table,high,dialogue_inventory_overlay,ai_source_reviewed,9,yes,"Drops only the optional English determiner in the acquisition formula, reducing this entry from 19 to 15 formatted bytes; the exact item name Gold Teeth is unchanged.",Compressed directly from the Chinese source. Faithfully renders receipt of the Gold Teeth with the official English item name.,,,,
MAIN:0x034AC0,MAIN,744,D0099,In-game dialogue,0x034AC0,0x034921,0x034921,dialogue_19_19,,1053,0x034AC0,得到梦幻船票,graphical_codes,<0A><B2C1><B0DB><B1D6><B9ED><B6F6><B6F7>,Got Mystic Ticket!,translated_directly_from_chinese_ai_review,pointer_table,high,dialogue_inventory_overlay,ai_source_reviewed,13,yes,"Drops only the optional English determiner in the acquisition formula, reducing this entry from 26 to 18 formatted bytes; the exact item name Mystic Ticket is unchanged.",Compressed directly from the Chinese source. Preserves receipt of the special dream or Mew voyage ticket and keeps Mystic Ticket consistent with the boarding dialogue.,,,,
MAIN:0x034ACE,MAIN,745,D0100,In-game dialogue,0x034ACE,0x034923,0x034923,dialogue_19_19,HM01,1054,0x034ACE,得到居合斩,graphical_codes,<0A><B2C1><B0DB><B1A9><B1AA><B1AB>,Got HM01: CUT!,translated_directly_from_chinese_ai_review,pointer_table,high,dialogue_inventory_overlay,ai_source_reviewed,11,no,,Preserves the acquisition of Cut and renders the supplied CS01 slot with the official English machine label HM01.,,,,
MAIN:0x034ADA,MAIN,746,D0101,In-game dialogue,0x034ADA,0x034925,0x034925,dialogue_19_19,HM02,1055,0x034ADA,得到飞天术,graphical_codes,<0A><B2C1><B0DB><B1AC><B1AD><B1AE>,Got HM02: FLY!,translated_directly_from_chinese_ai_review,pointer_table,high,dialogue_inventory_overlay,ai_source_reviewed,11,no,,Preserves the acquisition of Fly and renders the supplied CS02 slot with the official English machine label HM02.,,,,
MAIN:0x034C03,MAIN,747,D0102,In-game dialogue,0x034C03,,0x034AE9,dialogue_19_19,,,0x034C03,欢迎!,graphical_codes,<B0D2><B0D3>!,Welcome!,translated_directly_from_reviewed_chinese_source_ai_review,unaligned,low,reviewed_source_adjudication,ai_source_reviewed,5,no,,Directly translates the reviewed service greeting and replaces the unreadable glyph-coded English residue.,,,,
MAIN:0x034C09,MAIN,748,D0103,In-game dialogue,0x034C09,0x034AEB,0x034AEB,dialogue_19_19,,1056,0x034C09,欢迎!到精灵中心可以恢复精灵的体力.,graphical_codes,<0A><B0D2><B0D3>!<B0DB><B0A1><B0A2><B0DC><B0DD><B0DE><B0DF><B0E0><B0E1><B0A1><B0A2><B0BC><B0E2><B0E3>.,Welcome! We heal Pokémon to perfect health!,adapted_from_official_english_gen1_with_chinese_fidelity_ai_review,pointer_table,high,dialogue_inventory_overlay,ai_source_reviewed,35,no,,Uses the matching official English Red/Blue/Yellow scene as its primary voice while retaining Chinese-only facts and Famicom-specific terminology.,,,,
MAIN:0x034C2D,MAIN,749,D0104,In-game dialogue,0x034C2D,0x034AED,0x034AED,dialogue_19_19,,1057,0x034C2D,您的精灵都精神了!!欢迎光临!!,graphical_codes,<0A><B7C5><B0BC><B0A1><B0A2><B1C0><B0A1><B6DD><B0F8>!!<B0D2><B0D3><B0E4><B0E5>!!,Your Pokémon are fighting fit! See you again!,adapted_from_official_english_gen1_with_chinese_fidelity_ai_review,pointer_table,high,dialogue_inventory_overlay,ai_source_reviewed,29,no,,Uses the matching official English Red/Blue/Yellow scene as its primary voice while retaining Chinese-only facts and Famicom-specific terminology.,,,,
MAIN:0x034C4B,MAIN,750,D0105,In-game dialogue,0x034C4B,0x034AEF,0x034AEF,dialogue_19_19,,1058,0x034C4B,"对不起,因为机能所限这里暂时不能够对战...",graphical_codes,"<0A><B0E7><B0CE><B0E8>,<B0E9><B0EA><B0EB><B0EC><B0AD><B0ED><B0EE><B0BF><B0EF><B0F0><B0CE><B0EC><B0F1><B0E7><B0F2>...","Sorry. Due to technical limits, you can't battle here yet...",translated_directly_from_chinese_ai_review,pointer_table,high,dialogue_inventory_overlay,ai_source_reviewed,41,no,,"Preserves the apology, the technical limitation, and the temporary unavailability of battles at this location.",,,,
MAIN:0x034C75,MAIN,751,D0106,In-game dialogue,0x034C75,0x034AF1,0x034AF1,dialogue_19_19,,1059,0x034C75,交换机器也坏了...下次再来看看吧,graphical_codes,<0A><B0F3><B0F4><B0EB><B0F5><B0F6><B0F7><B0F8>...<B0F9><B0FA><B0FB><B0FC><B0FD><B0FD><B0BE>,The trade machine is broken too... Come back another time.,translated_directly_from_chinese_ai_review,pointer_table,high,dialogue_inventory_overlay,ai_source_reviewed,32,no,,Keeps both the additional broken trade machine and the invitation to return later.,,,,
MAIN:0x034C96,MAIN,752,D0107,In-game dialogue,0x034C96,0x034AF3,0x034AF3,dialogue_19_19,,1060,0x034C96,欢迎!买东西吗?,graphical_codes,<0A><B0D2><B0D3>!<B0D4><B0D5><B0D6><B0D7>?,Hi there! May I help you?,adapted_from_official_english_gen1_with_chinese_fidelity_ai_review,pointer_table,high,dialogue_inventory_overlay,ai_source_reviewed,15,no,,Uses the matching official English Red/Blue/Yellow scene as its primary voice while retaining Chinese-only facts and Famicom-specific terminology.,,,,
MAIN:0x034CA6,MAIN,753,D0108,In-game dialogue,0x034CA6,0x034AF5,0x034AF5,dialogue_19_19,,1061,0x034CA6,谢谢惠顾!!,graphical_codes,<0A><B0D8><B0D8><B0D9><B0DA>!!,Thank you! Please come again!,adapted_from_official_english_gen1_with_chinese_fidelity_ai_review,pointer_table,high,dialogue_inventory_overlay,ai_source_reviewed,11,no,,Uses the matching official English Red/Blue/Yellow scene as its primary voice while retaining Chinese-only facts and Famicom-specific terminology.,,,,
MAIN:0x034CB3,MAIN,754,D0109,In-game dialogue,0x034CB3,0x034AF7,0x034AF7,dialogue_19_19,,1062,0x034CB2,我也在养育精灵!变强的话就不会让人欺负,ascii,Technology's great!You can now store and recall items and Pok@mon as data via PC!,"I'm raising Pokémon too! Once they get strong, no one will bully me anymore.",translated_directly_from_chinese_ai_review,pointer_table,high,dialogue_inventory_overlay,ai_source_reviewed,84,no,,Preserves that the speaker also raises Pokémon and hopes their strength will put an end to the bullying.,,,,
MAIN:0x034D08,MAIN,755,D0110,In-game dialogue,0x034D08,0x034B01,0x034B01,dialogue_19_19,,1067,0x034D55,需要买抓精灵的精灵球时请到商店!,ascii,See those ledges? It's a bit scary but you can jump from them.,"If you need Poké Balls to catch Pokémon, get them at the Poké Mart!",translated_directly_from_chinese_ai_review,pointer_table,high,dialogue_inventory_overlay,ai_source_reviewed,67,no,,Keeps the advice to buy Poké Balls at the shop specifically for catching Pokémon.,,,storage-overlap-01,owner
MAIN:0x034D3A,MAIN,756,D0111,In-game dialogue,0x034D3A,0x034AFF,0x034AFF,dialogue_19_19,,1066,0x034D39,精灵好好培养的话会很亲近的,ascii,jump from them.,"Raise Pokémon with care, and they'll grow close to you.",translated_directly_from_chinese_ai_review,pointer_table,high,dialogue_inventory_overlay,ai_source_reviewed,17,no,,Directly conveys that well-raised Pokémon become attached to their Trainer.,,,storage-overlap-01,suffix_alias
MAIN:0x034D4C,MAIN,757,D0112,In-game dialogue,0x034D4C,0x034B03,0x034B03,dialogue_19_19,,1068,0x034D76,在空中飞行有点害怕...但一下就能回到真新镇,ascii,"Hi! I work at the Pok@Mart. It's a convenient shop,youshould come and visit us.",Flying is a little scary... but it gets you back to Pallet Town in no time.,translated_directly_from_chinese_ai_review,pointer_table,high,dialogue_inventory_overlay,ai_source_reviewed,85,no,,Preserves both the fear of flying and its ability to return the speaker quickly to Pallet Town.,,,,
MAIN:0x034DA2,MAIN,758,D0113,In-game dialogue,0x034DA2,0x034B07,0x034B07,dialogue_19_19,,1070,0x034DBD,"虫属性的精灵有两种类型,绿毛虫没有毒,独角虫有毒",ascii,"Using Pok@balls,youcan carry and use Pok@mon any time, anywhere!","Bug-type Pokémon come in two kinds. Caterpie isn't poisonous, but Weedle is.",translated_directly_from_chinese_ai_review,pointer_table,high,dialogue_inventory_overlay,ai_source_reviewed,66,no,,Retains the source's two Bug-type examples and its exact distinction between nonpoisonous Caterpie and poisonous Weedle.,,,,
MAIN:0x034DE5,MAIN,759,D0114,In-game dialogue,0x034DE5,0x034B09,0x034B09,dialogue_19_19,,1071,0x034DED,我从没见过这家道场的首领,ascii,"This GYM is always closed, I wonder who the Leader is?",I've never seen this Gym's Leader.,adapted_from_official_english_gen1_with_chinese_fidelity_ai_review,pointer_table,high,dialogue_inventory_overlay,ai_source_reviewed,56,no,,Uses the matching official English Red/Blue/Yellow scene as its primary voice while retaining Chinese-only facts and Famicom-specific terminology. Full-text review: Removes an unsupported claim that the Gym is always closed and translates the Chinese line directly.,,,,
MAIN:0x034E1E,MAIN,760,D0115,In-game dialogue,0x034E1E,0x034B2B,0x034B2B,dialogue_19_19,,1088,0x034FF2,"太好了,找到了龙骨",ascii,I like this museum.,Yes! I found a dragon bone!,translated_directly_from_chinese_ai_review,pointer_table,high,dialogue_inventory_overlay,ai_source_reviewed,19,no,,Preserves the excited discovery and identifies the find as a dragon bone.,,,,
MAIN:0x034E32,MAIN,761,D0116,In-game dialogue,0x034E32,0x034B0F,0x034B0F,dialogue_19_19,,1074,0x034E32,"伤药很好,当精灵没有体力时可以使用",ascii,My Dad loves Pok@mon too.,Potions are great! Use one when a Pokémon is low on HP.,translated_directly_from_chinese_ai_review,pointer_table,high,dialogue_inventory_overlay,ai_source_reviewed,32,no,,Uses the matching official Potion and HP terms while retaining when the medicine should be used.,,,,
MAIN:0x034E55,MAIN,762,D0117,In-game dialogue,0x034E55,0x034B11,0x034B11,dialogue_19_19,,1075,0x034E55,小拉达很小但前牙很厉害,graphical_codes,<0A><B0B6><B8BB><B6E5><B3F7><B0B6><B3A8><B3DD><B9F9><B3F7><B3ED><B3EE>,"Rattata may be small, but its front teeth are fierce!",translated_directly_from_chinese_ai_review,pointer_table,high,dialogue_inventory_overlay,ai_source_reviewed,23,no,,Keeps Rattata's small size and the contrasting power of its front teeth.,,,,
MAIN:0x034E6D,MAIN,763,D0118,In-game dialogue,0x034E6D,0x034B13,0x034B13,dialogue_19_19,,1076,0x034E6D,"常青森林是天然的迷宫,小心啊",graphical_codes,"<0A><B3CA><B3CB><B4D8><B4D9><B0C2><B1AD><B2AA><B0BC><B4D3><BDFE>,<B0B6><B0DD><B2AC>",Viridian Forest is a natural maze. Be careful!,translated_directly_from_chinese_ai_review,pointer_table,high,dialogue_inventory_overlay,ai_source_reviewed,28,no,,"Preserves Viridian Forest, its maze-like nature, and the warning to take care.",,,,
MAIN:0x034E8B,MAIN,764,D0119,In-game dialogue,0x034E8B,0x034B15,0x034B15,dialogue_19_19,,1077,0x034E8A,道路上经常会有小树吧?用精灵的技能可以砍断的,ascii,The HM Flash lightseven the darkest caves.,See those little trees by the road? A Pokémon move can cut them down.,translated_directly_from_chinese_ai_review,pointer_table,high,dialogue_inventory_overlay,ai_source_reviewed,44,no,,"Retains the roadside trees and the fact that a Pokémon's move can cut them down, unlike the unrelated 2015 Flash line.",,,,
MAIN:0x034EB8,MAIN,765,D0120,In-game dialogue,0x034EB8,0x034B17,0x034B17,dialogue_19_19,,1078,0x034EB7,有的精灵只在森林或者洞穴生活要得到更多的精灵就要多走走,graphical_codes,<B0AE><B0BC><B0A1><B0A2><B2BE><B0B8><B4D8><B4D9><B1CB><B9AB><B4FB><BDB8><B1C9><B4E0><B0C3><B2C1><B0DB><B2CC><B0C8><B0BC><B0A1><B0A2><B2AB><B0C3><B0C8><B7C3><B7C3>,Some Pokémon live only in forests or caves. Explore far and wide to find more!,translated_directly_from_chinese_ai_review,pointer_table,high,dialogue_inventory_overlay,ai_source_reviewed,54,no,,Keeps the exclusive forest and cave habitats and the advice to travel more in order to find additional Pokémon.,,,,
MAIN:0x034EEF,MAIN,766,D0121,In-game dialogue,0x034EEF,0x034B19,0x034B19,dialogue_19_19,,1079,0x034EEF,"说起石山矿野很黑的,精灵用闪光术能看清吧",graphical_codes,"<0A><B1E7><B0E8><B1B2><B6DC><B8E9><B1F8><B3F7><B5AC><B0BC>,<B0A1><B0A2><B1A8><B4BE><B0E4><B1AE><B0EC><B0FD><B4C4><B0BE>",Rocky caves are very dark. A Pokémon can light the way with Flash.,translated_directly_from_chinese_ai_review,pointer_table,high,dialogue_inventory_overlay,ai_source_reviewed,40,no,,Preserves the dark rocky cave and the use of a Pokémon's Flash move to see clearly.,,,,
MAIN:0x034F18,MAIN,767,D0122,In-game dialogue,0x034F18,0x034B77,0x034B77,dialogue_19_19,,1126,0x035524,啊...游戏机很让人着迷啊...,ascii,Poliwrath is my best friend!,Ah... These arcade games are so captivating...,translated_directly_from_chinese_ai_review,pointer_table,high,dialogue_inventory_overlay,ai_source_reviewed,31,no,,Restores the speaker's fascination with the game machines rather than the unrelated 2015 Pokémon friendship line.,,,,
MAIN:0x034F38,MAIN,768,D0123,In-game dialogue,0x034F38,0x034B1D,0x034B1D,dialogue_19_19,,1081,0x034F46,尼比市的捉虫少年和道馆的小刚不一样!!,ascii,Did you check out the Museum?,The Bug Catchers in Pewter City are nothing like Brock at the Gym!,official_english_gen1_reviewed_chinese_specific_retained_ai_review,pointer_table,high,dialogue_inventory_overlay,ai_source_reviewed,45,no,,Reviewed against the matching English Red/Blue/Yellow scene; the Chinese/Famicom wording is retained because the official line omits or contradicts a material source detail.,,,,
MAIN:0x034F66,MAIN,769,D0124,In-game dialogue,0x034F66,0x034B1F,0x034B1F,dialogue_19_19,,1082,0x034F6C,不要让野生的精灵进入花坛,ascii,Welcome to Pewter City.,Keep wild Pokémon out of the flower beds!,translated_directly_from_chinese_ai_review,pointer_table,high,dialogue_inventory_overlay,ai_source_reviewed,24,no,,Directly retains the instruction not to let wild Pokémon enter the flower beds.,,,,
MAIN:0x034F7F,MAIN,770,D0125,In-game dialogue,0x034F7F,0x034B21,0x034B21,dialogue_19_19,,1083,0x034F86,我的精灵是和别人交换的,ascii,This road leads to Route 3.,I got my Pokémon in a trade.,translated_directly_from_chinese_ai_review,pointer_table,high,dialogue_inventory_overlay,ai_source_reviewed,27,no,,Faithfully states that the speaker obtained the Pokémon by trading with someone else.,,,,
MAIN:0x034F9B,MAIN,771,D0126,In-game dialogue,0x034F9B,0x034B23,0x034B23,dialogue_19_19,,1084,0x034F9E,有些精灵不听话...要是有徽章的话!,ascii,I heard Team Rocketis at Mt.Moon!,Some Pokémon won't obey you... A Badge would help!,translated_directly_from_chinese_ai_review,pointer_table,high,dialogue_inventory_overlay,ai_source_reviewed,33,no,,Keeps the disobedient Pokémon and the source's suggestion that possessing a Badge would help.,,,,
MAIN:0x034FBD,MAIN,772,D0127,In-game dialogue,0x034FBD,0x034B25,0x034B25,dialogue_19_19,,1085,0x034FC0,"小孩子需要50元,参观吗?",ascii,Tickets are 50$.,It's $50 for a child's ticket. Would you like to come in?,adapted_from_official_english_gen1_with_chinese_fidelity_ai_review,pointer_table,high,dialogue_inventory_overlay,ai_source_reviewed,16,no,,Uses the matching official English Red/Blue/Yellow scene as its primary voice while retaining Chinese-only facts and Famicom-specific terminology.,,,,
MAIN:0x034FCE,MAIN,773,D0128,In-game dialogue,0x034FCE,0x034B27,0x034B27,dialogue_19_19,,1086,0x034FD8,"好的,50元收下了!",ascii,Enjoy your visit!,"Right! $50, please!",adapted_from_official_english_gen1_with_chinese_fidelity_ai_review,pointer_table,high,dialogue_inventory_overlay,ai_source_reviewed,17,no,,Uses the matching official English Red/Blue/Yellow scene as its primary voice while retaining Chinese-only facts and Famicom-specific terminology.,,,,
MAIN:0x034FE0,MAIN,774,D0129,In-game dialogue,0x034FE0,0x034B29,0x034B29,dialogue_19_19,,1087,0x034FEA,再来啊,graphical_codes,<B0FB><B0FC><B2AC>,Come again!,adapted_from_official_english_gen1_with_chinese_fidelity_ai_review,pointer_table,high,dialogue_inventory_overlay,ai_source_reviewed,6,no,,Uses the matching official English Red/Blue/Yellow scene as its primary voice while retaining Chinese-only facts and Famicom-specific terminology.,,,,
MAIN:0x034FE7,MAIN,775,D0130,In-game dialogue,0x034FE7,0x034B2D,0x034B2D,dialogue_19_19,,1089,0x035005,这个月要去宇宙中,ascii,Team Rocket is always in the news!,We're going into space this month!,translated_directly_from_chinese_ai_review,pointer_table,high,dialogue_inventory_overlay,ai_source_reviewed,38,no,,Preserves both the planned journey into space and its timing this month.,,,,
MAIN:0x03500E,MAIN,776,D0131,In-game dialogue,0x03500E,0x034B2F,0x034B2F,dialogue_19_19,,1090,0x035017,当精灵抓到很多带不了时使用电脑通信存放好,ascii,You can carry six Pok@mon at the most,"If you catch more Pokémon than you can carry, use the PC to store them.",translated_directly_from_chinese_ai_review,pointer_table,high,dialogue_inventory_overlay,ai_source_reviewed,38,no,,Retains the too-many-to-carry condition and the instruction to use the computer storage system.,,,,
MAIN:0x035035,MAIN,777,D0132,In-game dialogue,0x035035,0x034B31,0x034B31,dialogue_19_19,,1091,0x035041,能带着的精灵是六只,ascii,See ya around kid!,You can carry up to six Pokémon.,translated_directly_from_chinese_ai_review,pointer_table,high,dialogue_inventory_overlay,ai_source_reviewed,18,no,,Directly preserves the carrying limit of six Pokémon.,,,,
MAIN:0x035048,MAIN,778,D0133,In-game dialogue,0x035048,0x034B33,0x034B33,dialogue_19_19,,1092,0x035055,我很害怕...我经常在这里听到奇怪的声音,ascii,Only the Pok@mon champion is allowedin here!,I'm scared... I often hear strange sounds here.,translated_directly_from_chinese_ai_review,pointer_table,high,dialogue_inventory_overlay,ai_source_reviewed,46,no,,"Keeps the speaker's fear, the repeated strange sounds, and this location.",,,,
MAIN:0x035077,MAIN,779,D0134,In-game dialogue,0x035077,0x034B35,0x034B35,dialogue_19_19,,1093,0x03507C,"太不幸了,这家人被偷了!是火箭队干的!即使是警察也拿火箭队没办法!",graphical_codes,"000000<B6C6><B0CE><B8E7><B0F8>,<B0EE><B1BF><B2B5><B1B6><B5EF><B0F8>!<B0C2><B5A2><B5A3><B5A4><B5A5><B0BC>!<B1D8><B1A7><B0C2><B5EC><B4B0><B0F6><B0C6><B5A2><B5A3><B5A4><B2B6><B2B7><B2B8>!",Those poor people were robbed! We're sure Team Rocket did it. Even our Police Force has trouble with them!,adapted_from_official_english_gen1_with_chinese_fidelity_ai_review,pointer_table,high,dialogue_inventory_overlay,ai_source_reviewed,68,no,,Uses the matching official English Red/Blue/Yellow scene as its primary voice while retaining Chinese-only facts and Famicom-specific terminology.,,,,
MAIN:0x0350BD,MAIN,780,D0135,In-game dialogue,0x0350BD,0x034B37,0x034B37,dialogue_19_19,,1094,0x0350BC,你也有精灵吗!好好磨练吧!,ascii,Welcome to Ceruleancity!,You have Pokémon too? Train them well!,translated_directly_from_chinese_ai_review,pointer_table,high,dialogue_inventory_overlay,ai_source_reviewed,24,no,,Keeps the surprised recognition that the player owns Pokémon and the advice to train them well.,,,,
MAIN:0x0350D6,MAIN,781,D0136,In-game dialogue,0x0350D6,0x034B39,0x034B39,dialogue_19_19,,1095,0x0350D6,啊...!在完成精灵图鉴吗?太好了,ascii,Girl:The life of a trainer is tough isn't it?,Oh! Are you completing the Pokédex? That's great!,translated_directly_from_chinese_ai_review,pointer_table,high,dialogue_inventory_overlay,ai_source_reviewed,47,no,,Preserves the question about completing the Pokédex and the speaker's enthusiastic approval.,,,,
MAIN:0x035106,MAIN,782,D0137,In-game dialogue,0x035106,0x034B3D,0x034B3D,dialogue_19_19,,1097,0x035107,你好!骑自行车的心情你知道吗?,ascii,I care for injured Pok@mon.,Hi! Do you know how it feels to ride a Bicycle?,translated_directly_from_chinese_ai_review,pointer_table,high,dialogue_inventory_overlay,ai_source_reviewed,27,no,,Directly renders the greeting and question about the feeling of riding a Bicycle.,,,,
MAIN:0x035122,MAIN,783,D0138,In-game dialogue,0x035122,0x034B3F,0x034B3F,dialogue_19_19,,1098,0x035125,我的自行车很漂亮哦,graphical_codes,0000<B1C2><B0BC><B2F3><B3A9><BCB2><B3F7><B9D3><B7EE><B2DD>,My bike is beautiful!,translated_directly_from_chinese_ai_review,pointer_table,high,dialogue_inventory_overlay,ai_source_reviewed,22,no,,Faithfully keeps the speaker's admiration for the appearance of their bicycle.,,,,
MAIN:0x03513A,MAIN,784,D0139,In-game dialogue,0x03513A,0x034B41,0x034B41,dialogue_19_19,,1099,0x035139,火箭队让精灵挖洞一定有什么事!,ascii,Why would they do this!?,Team Rocket is making Pokémon dig holes. They must be up to something!,translated_directly_from_chinese_ai_review,pointer_table,high,dialogue_inventory_overlay,ai_source_reviewed,25,no,,Retains Team Rocket's use of Pokémon to dig and the suspicion that it serves a hidden purpose.,,,,
MAIN:0x035154,MAIN,785,D0140,In-game dialogue,0x035154,0x034B43,0x034B43,dialogue_19_19,,1100,0x035158,找不到被偷的东西就只有放弃了,ascii,"Those miserable Rockets! They stoleour ""Dig"" TM!","If we can't find what was stolen, we'll have to give up.",translated_directly_from_chinese_ai_review,pointer_table,high,dialogue_inventory_overlay,ai_source_reviewed,51,no,,Keeps the missing stolen property and the consequence that failure to recover it means giving up.,,,,
MAIN:0x035188,MAIN,786,D0141,In-game dialogue,0x035188,0x034B47,0x034B47,dialogue_19_19,,1102,0x03518E,哎...最近没有发生什么事情...,graphical_codes,0000000<B8F3>...<B3F2><B0CD><B2B6><B0AE><B2F4><B1C9><B2AF><B1E6><B1D5><B7AB>...,Sigh... Nothing has happened lately...,translated_directly_from_chinese_ai_review,pointer_table,high,dialogue_inventory_overlay,ai_source_reviewed,35,no,,Faithfully renders the sigh and the complaint that nothing has happened recently.,,,,
MAIN:0x0351AC,MAIN,787,D0142,In-game dialogue,0x0351AC,0x034B49,0x034B49,dialogue_19_19,,1103,0x0351AC,我老是培育不好我的妙娃种子...,graphical_codes,<0A><B1C2><B2CE><B0C2><B6A3><B6D8><B0CE><B1B4><B1C2><B0BC><B7FC><BEA7><B6AD><B1DF>...,I just can't seem to raise my Bulbasaur properly...,translated_directly_from_chinese_ai_review,pointer_table,high,dialogue_inventory_overlay,ai_source_reviewed,30,no,,Preserves the repeated difficulty the speaker has raising their Bulbasaur well.,,,,
MAIN:0x0351CB,MAIN,788,D0143,In-game dialogue,0x0351CB,0x034B4B,0x034B4B,dialogue_19_19,,1104,0x0351CB,让精灵进化图鉴可以增加...,graphical_codes,<0A><B2CB><B0A1><B0A2><B3DE><B5AB><B2F1><B2F2><B0DE><B0DF><B2FB><B2FC>...,Evolve your Pokémon to add more entries to the Pokédex...,translated_directly_from_chinese_ai_review,pointer_table,high,dialogue_inventory_overlay,ai_source_reviewed,26,no,,Keeps the connection between evolving Pokémon and increasing progress in the Pokédex.,,,,
MAIN:0x0351E6,MAIN,789,D0144,In-game dialogue,0x0351E6,0x034B4D,0x034B4D,dialogue_19_19,,1105,0x0351E6,听说紫苑镇出现过幽灵精灵呢...,graphical_codes,<0A><B1F1><B1E7><BDE3><BDE4><B2D6><B0A4><B2F5><B3D4><B8BD><B0A2><B0A1><B0A2><B1EB>...,I hear Ghost-type Pokémon have appeared in Lavender Town...,translated_directly_from_chinese_ai_review,pointer_table,high,dialogue_inventory_overlay,ai_source_reviewed,30,no,,"Preserves the rumor of ghost Pokémon appearing in Lavender Town, using the matching official place name.",,,,
MAIN:0x035206,MAIN,790,D0145,In-game dialogue,0x035206,0x034B4F,0x034B4F,dialogue_19_19,,1106,0x035205,"这里是精灵的墓地,有名的城镇...精灵死的时候都会带到精灵塔",ascii,Pok@mon spirits have been seen in the Pok@mon Tower.,"This town is famous for its Pokémon graveyard. When Pokémon die, they're brought to Pokémon Tower.",adapted_from_official_english_gen1_with_chinese_fidelity_ai_review,pointer_table,high,dialogue_inventory_overlay,ai_source_reviewed,56,no,,Uses the matching official English Red/Blue/Yellow scene as its primary voice while retaining Chinese-only facts and Famicom-specific terminology.,,,,
MAIN:0x03523F,MAIN,791,D0146,In-game dialogue,0x03523F,0x034B51,0x034B51,dialogue_19_19,,1107,0x03523F,最近幽灵塔里好象出现幽灵...好像是被火箭队杀害的精灵的幽灵...,ascii,I think they are spirits of Pok@mon the Rockets killed.,Ghosts appeared in Pokémon Tower. I think they're the spirits of Pokémon that Team Rocket killed.,adapted_from_official_english_gen1_with_chinese_fidelity_ai_review,pointer_table,high,dialogue_inventory_overlay,ai_source_reviewed,57,no,,Uses the matching official English Red/Blue/Yellow scene as its primary voice while retaining Chinese-only facts and Famicom-specific terminology.,,,,
MAIN:0x035279,MAIN,792,D0147,In-game dialogue,0x035279,0x034B53,0x034B53,dialogue_19_19,,1108,0x03527D,你相信有幽灵的存在吗?,ascii,Do you believe in Ghosts?,Do you believe in ghosts?,official_english_gen1_reviewed_chinese_specific_retained_ai_review,pointer_table,high,dialogue_inventory_overlay,ai_source_reviewed,26,no,,Reviewed against the matching English Red/Blue/Yellow scene; the Chinese/Famicom wording is retained because the official line omits or contradicts a material source detail.,,,,
MAIN:0x035294,MAIN,793,D0148,In-game dialogue,0x035294,0x034B55,0x034B55,dialogue_19_19,,1109,0x035294,我无法原谅火箭队!他们把逃亡中可拉可拉的妈妈抓了并杀害了!,ascii,May the souls of Pok@mon rest easy.,I can never forgive Team Rocket! They caught Cubone's mother as she fled and killed her!,translated_directly_from_chinese_ai_review,pointer_table,high,dialogue_inventory_overlay,ai_source_reviewed,37,no,,Retains the speaker's anger and the full account that Team Rocket caught and killed Cubone's fleeing mother.,,,,
MAIN:0x0352BA,MAIN,794,D0149,In-game dialogue,0x0352BA,0x034B5D,0x034B5D,dialogue_19_19,,1113,0x035355,现在戒严中!!,ascii,Get out of the way!,The city is under martial law!,translated_directly_from_chinese_ai_review,pointer_table,high,dialogue_inventory_overlay,ai_source_reviewed,19,no,,Directly preserves the current state of martial law rather than the unrelated 2015 command.,,,,
MAIN:0x0352CE,MAIN,795,D0150,In-game dialogue,0x0352CE,0x034B57,0x034B57,dialogue_19_19,,1110,0x0352CE,精灵塔有很多幽灵居住,graphical_codes,0<B0A1><B0A2><B8BE><B0AE><B3F7><B0C8><B8BD><B0A2><B1A9><B1C6>,Many ghosts live in Pokémon Tower.,translated_directly_from_chinese_ai_review,pointer_table,high,dialogue_inventory_overlay,ai_source_reviewed,21,no,,Faithfully states that Pokémon Tower is inhabited by many ghosts.,,,,
MAIN:0x0352E4,MAIN,796,D0151,In-game dialogue,0x0352E4,0x034B59,0x034B59,dialogue_19_19,,1111,0x0352E4,这个紫苑镇最有名的塔也是宠物精灵的墓园...人们将死亡的精灵带到这幽灵塔来祈求冥福,graphical_codes,<0A><B0EE><B0BA><BDE3><BDE4><B2D6><B3F2><B0AE><B3B1><B0BC><B8BE><B0F6><B0C2><B0C0><B0C1><B0A1><B0A2><B0BC><BEA8><B6FE>...<B2B5><B2EF><B1D2><B8C1><BEAA><B0BC><B0A1><B0A2><B8DD><B0DB><B0EE><B8BD><B0A2><B8BE><B0FC><B8C3><B9D2><BEAB><B6B4>,Lavender Town's famous Pokémon Tower is a cemetery. People bring their departed Pokémon there to pray for them.,adapted_from_official_english_gen1_with_chinese_fidelity_ai_review,pointer_table,high,dialogue_inventory_overlay,ai_source_reviewed,80,no,,Uses the matching official English Red/Blue/Yellow scene as its primary voice while retaining Chinese-only facts and Famicom-specific terminology.,,,,
MAIN:0x035335,MAIN,797,D0152,In-game dialogue,0x035335,0x034B5B,0x034B5B,dialogue_19_19,,1112,0x035335,吉野老人可以安慰可拉可拉的灵魂,graphical_codes,<0A><B8B8><B1F8><B2CE><B2B5><B0DE><B0DF><B8BF><B8C0><B0DE><B8BB><B0DE><B8BB><B0BC><B0A2><B8C6>,Mr. Fuji can soothe Cubone's spirit.,translated_directly_from_chinese_ai_review,pointer_table,high,dialogue_inventory_overlay,ai_source_reviewed,31,no,,Uses the official matching identity Mr. Fuji for the Lavender elder and keeps his ability to comfort Cubone's spirit.,,,,
MAIN:0x035355,MAIN,798,D0153,In-game dialogue,0x035355,0x034B5F,0x034B5F,dialogue_19_19,,1114,0x035363,这些火箭队的人太可恶了...,ascii,Silph Co. is very famous.,Those Team Rocket thugs are awful...,translated_directly_from_chinese_ai_review,pointer_table,high,dialogue_inventory_overlay,ai_source_reviewed,26,no,,Directly conveys the speaker's disgust toward the members of Team Rocket.,,,,
MAIN:0x035370,MAIN,799,D0154,In-game dialogue,0x035370,0x034B61,0x034B61,dialogue_19_19,,1115,0x03537E,你要对抗火箭队?真了不起,ascii,The Rockets just came and took over!,You're taking on Team Rocket? That's incredible!,translated_directly_from_chinese_ai_review,pointer_table,high,dialogue_inventory_overlay,ai_source_reviewed,38,no,,Keeps the question about opposing Team Rocket and the speaker's admiration for doing so.,,,,
MAIN:0x035397,MAIN,800,D0155,In-game dialogue,0x035397,0x034B63,0x034B63,dialogue_19_19,,1116,0x035397,我看见了火箭队的老大进了大厦...,ascii,There's two gyms inthis city.,I saw Team Rocket's boss enter the building...,translated_directly_from_chinese_ai_review,pointer_table,high,dialogue_inventory_overlay,ai_source_reviewed,29,no,,Preserves the eyewitness report that Team Rocket's leader entered the building.,,,,
MAIN:0x0353B5,MAIN,801,D0156,In-game dialogue,0x0353B5,0x034B65,0x034B65,dialogue_19_19,,1117,0x0353B8,"我很崇拜你,我会为你加油的!",ascii,That group needs tobe stopped.,I admire you! I'll be cheering for you!,translated_directly_from_chinese_ai_review,pointer_table,high,dialogue_inventory_overlay,ai_source_reviewed,30,no,,Retains both the speaker's admiration and promise of support.,,,,
MAIN:0x0353D4,MAIN,802,D0157,In-game dialogue,0x0353D4,0x034B67,0x034B67,dialogue_19_19,,1118,0x0353D4,"我看过你的对战,你很厉害啊",ascii,I lost my money betting!,I saw your battle. You're really strong!,translated_directly_from_chinese_ai_review,pointer_table,high,dialogue_inventory_overlay,ai_source_reviewed,27,no,,Keeps the witnessed battle and the resulting praise of the player's strength.,,,,
MAIN:0x0353F0,MAIN,803,D0158,In-game dialogue,0x0353F0,0x034B69,0x034B69,dialogue_19_19,,1119,0x0353EF,你听过南晶开发部的卡美优吗?听说他的精灵都是神兽级别的哦...,ascii,They must have targeted Silph Co. for their Pok@mon products.,Have you heard of Kameiyu from Nanjing Tech? They say all his Pokémon are as strong as Legendary Pokémon...,translated_directly_from_chinese_ai_review,pointer_table,high,dialogue_inventory_overlay,ai_source_reviewed,66,no,,Preserves the Kameiyu and Nanjing Tech creator cameo and the rumor that his Pokémon have Legendary-level strength.,,,,
MAIN:0x035433,MAIN,804,D0159,In-game dialogue,0x035433,0x034B6B,0x034B6B,dialogue_19_19,,1120,0x03542B,"欢迎!通过游戏积累硬币能得到喜欢的奖品,不过你好像没有硬币盒哦...",ascii,Welcome! You can exchange coins for prizes next door.,Welcome! Win coins in our games and trade them for the prizes you want. But it looks like you don't have a Coin Case...,translated_directly_from_chinese_ai_review,pointer_table,high,dialogue_inventory_overlay,ai_source_reviewed,57,no,,"Keeps earning coins through games, exchanging them for desired prizes, and the player's missing Coin Case.",,,,
MAIN:0x03546D,MAIN,805,D0160,In-game dialogue,0x03546D,0x034B6D,0x034B6D,dialogue_19_19,,1121,0x03546C,我太喜欢游戏了!都忘记时间了...,ascii,I'm having a great time!,"I love games so much, I lost track of time...",translated_directly_from_chinese_ai_review,pointer_table,high,dialogue_inventory_overlay,ai_source_reviewed,24,no,,Preserves the speaker's love of gaming and the resulting loss of awareness of time.,,,,
MAIN:0x035486,MAIN,806,D0161,In-game dialogue,0x035486,0x034B6F,0x034B6F,dialogue_19_19,,1122,0x03548C,"你也想玩吗?不行,你没有硬币盒",ascii,A man was guarding that poster there,"You want to play too? Sorry, you don't have a Coin Case.",translated_directly_from_chinese_ai_review,pointer_table,high,dialogue_inventory_overlay,ai_source_reviewed,36,no,,Keeps the desire to play and the explicit refusal caused by the missing Coin Case.,,,,
MAIN:0x0354AB,MAIN,807,D0162,In-game dialogue,0x0354AB,0x034B71,0x034B71,dialogue_19_19,,1123,0x0354AA,"您可以用赢得的硬币盒换取精灵哦...不行,你没有硬币盒...",graphical_codes,"<B7C5><B0DE><B0DF><B1A8><B3F5><B2C1><B0BC><B4B6><BDBB><BEB2><B0F4><B0A3><B0A1><B0A2><B2DD>...<B0CE><B3A9>,<B0C5><B2B6><B0AE><B4B6><BDBB><BEB2>...","You can trade your winnings for Pokémon... Oh, but you don't have a Coin Case...",translated_directly_from_chinese_ai_review,pointer_table,high,dialogue_inventory_overlay,ai_source_reviewed,53,no,,Preserves the Pokémon prize exchange and the fact that it is unavailable without a Coin Case.,,,,
MAIN:0x0354E1,MAIN,808,D0163,In-game dialogue,0x0354E1,0x034BF1,0x034BF1,dialogue_19_19,,1187,0x035D11,那家伙怎么消失了呢?!,ascii,Where'd that persongo?,Where'd that person go?,english_2015_verified_against_chinese_ai_review,pointer_table,high,dialogue_inventory_overlay,ai_source_reviewed,30,no,,The 2015 question matches the Chinese disappearance question; only its accidental missing word space was repaired.,,,,
MAIN:0x035500,MAIN,809,D0164,In-game dialogue,0x035500,0x034B75,0x034B75,dialogue_19_19,,1125,0x035500,我的精灵没有体力时就到商店买药给他,ascii,My Pok@mon keep me company.,"When my Pokémon runs low on HP, I buy medicine for it at the shop.",translated_directly_from_chinese_ai_review,pointer_table,high,dialogue_inventory_overlay,ai_source_reviewed,27,no,,Retains the Pokémon's depleted health and the speaker's response of buying medicine at the shop.,,,,
MAIN:0x03551C,MAIN,810,D0165,In-game dialogue,0x03551C,0x034B73,0x034B73,dialogue_19_19,,1124,0x0354E1,啊...游戏厅的下面好像有地下室,ascii,I got my Koffing inCinnabar!,Hmm... There seems to be a basement under the Game Corner.,translated_directly_from_chinese_ai_review,pointer_table,high,dialogue_inventory_overlay,ai_source_reviewed,28,no,,Preserves the uncertain discovery of a basement beneath the matching official Game Corner location.,,,,
MAIN:0x035539,MAIN,811,D0166,In-game dialogue,0x035539,0x034B79,0x034B79,dialogue_19_19,,1127,0x035540,这里真是漂亮的地方啊,graphical_codes,00000000<B0EE><B0BF><B1F5><B0C2><B9D3><B7EE><B0BC><B3BB><B1E2><B2AC>,This really is a beautiful place!,translated_directly_from_chinese_ai_review,pointer_table,high,dialogue_inventory_overlay,ai_source_reviewed,28,no,,Directly conveys the speaker's admiration for the beauty of this place.,,,,
MAIN:0x035556,MAIN,812,D0167,In-game dialogue,0x035556,0x034B95,0x034B95,dialogue_19_19,,1141,0x0356D1,我今天又胜了...哈哈,ascii,Thanks again kid!,I won again today... Ha ha!,translated_directly_from_chinese_ai_review,pointer_table,high,dialogue_inventory_overlay,ai_source_reviewed,19,no,,"Keeps the speaker's latest victory, its timing today, and the laugh.",,,,
MAIN:0x03556A,MAIN,813,D0168,In-game dialogue,0x03556A,0x034B7D,0x034B7D,dialogue_19_19,,1129,0x035569,"我想在这里盖大楼,但被精灵袭击了",ascii,We're careful aboutpollution!,"I wanted to put up a building here, but Pokémon attacked me!",translated_directly_from_chinese_ai_review,pointer_table,high,dialogue_inventory_overlay,ai_source_reviewed,29,no,,Preserves the plan to construct a building at this spot and the Pokémon attack that interrupted it.,,,,
MAIN:0x035588,MAIN,814,D0169,In-game dialogue,0x035588,0x034B8D,0x034B8D,dialogue_19_19,,1137,0x035662,听说石英高原的四天王很厉害,ascii,Have you met Bill?,I hear the Elite Four at Indigo Plateau are very strong.,translated_directly_from_chinese_ai_review,pointer_table,high,dialogue_inventory_overlay,ai_source_reviewed,19,no,,Retains the rumor about the Elite Four's strength and their location at Indigo Plateau.,,,,
MAIN:0x03559C,MAIN,815,D0170,In-game dialogue,0x03559C,0x034B83,0x034B83,dialogue_19_19,,1132,0x0355B1,会长说起精灵来就没完没了啊...,ascii,I just adore my Seel!,The Chairman never stops talking about Pokémon...,translated_directly_from_chinese_ai_review,pointer_table,high,dialogue_inventory_overlay,ai_source_reviewed,26,no,,Preserves the Chairman and his habit of talking endlessly about Pokémon.,,,,
MAIN:0x0355B7,MAIN,816,D0171,In-game dialogue,0x0355B7,0x034B85,0x034B85,dialogue_19_19,,1133,0x0355D0,你知道吗?臭泥是从海里的污泥出生的呢...,ascii,Hmph! My Pikachu isbetter than yours!,Did you know Grimer is born from sludge in the sea?,translated_directly_from_chinese_ai_review,pointer_table,high,dialogue_inventory_overlay,ai_source_reviewed,37,no,,Keeps the question and the source's claim that Grimer originates in marine sludge.,,,,
MAIN:0x0355DD,MAIN,817,D0172,In-game dialogue,0x0355DD,0x034B87,0x034B87,dialogue_19_19,,1134,0x0355F8,狩猎区内有很多特别的精灵哟,ascii,"The Warden is old, but still active!",The Safari Zone is home to many special Pokémon!,translated_directly_from_chinese_ai_review,pointer_table,high,dialogue_inventory_overlay,ai_source_reviewed,55,no,,Directly preserves the presence of many unusual Pokémon in the Safari Zone.,,,,
MAIN:0x035615,MAIN,818,D0173,In-game dialogue,0x035615,0x034B89,0x034B89,dialogue_19_19,,1135,0x035614,"奇怪,我的波波不知又飞到什么地方去了",ascii,Did you see the ship out there?,Strange... Where has my Pidgey flown off to this time?,translated_directly_from_chinese_ai_review,pointer_table,high,dialogue_inventory_overlay,ai_source_reviewed,34,no,,Retains the speaker's puzzlement and the recurring disappearance of their Pidgey.,,,,
MAIN:0x035638,MAIN,819,D0174,In-game dialogue,0x035638,0x034B8B,0x034B8B,dialogue_19_19,,1136,0x035639,据说狩猎区有人曾经见过传说中的精灵呢...,ascii,You should raise your Pok@mon evenly,They say someone once saw a Legendary Pokémon in the Safari Zone...,translated_directly_from_chinese_ai_review,pointer_table,high,dialogue_inventory_overlay,ai_source_reviewed,38,no,,Preserves the reported past sighting of a Legendary Pokémon inside the Safari Zone.,,,,
MAIN:0x03565F,MAIN,820,D0175,In-game dialogue,0x03565F,0x034B8F,0x034B8F,dialogue_19_19,,1138,0x03567E,你有经常看电视吗?,ascii,The Warden knows a lot about Pok@mon!,Do you watch TV often?,translated_directly_from_chinese_ai_review,pointer_table,high,dialogue_inventory_overlay,ai_source_reviewed,37,no,,Directly renders the question about frequently watching television.,,,,
MAIN:0x035685,MAIN,821,D0176,In-game dialogue,0x035685,0x034B91,0x034B91,dialogue_19_19,,1139,0x035691,这个世上有多少种精灵呢?,ascii,I couldn't under- stand the warden.,How many Pokémon species are there in the world?,translated_directly_from_chinese_ai_review,pointer_table,high,dialogue_inventory_overlay,ai_source_reviewed,36,no,,Preserves the speaker's question about the total number of Pokémon species worldwide.,,,,
MAIN:0x0356AA,MAIN,822,D0177,In-game dialogue,0x0356AA,0x034B93,0x034B93,dialogue_19_19,,1140,0x0356AA,你想要打败这个训练道馆啊...还是放弃吧,ascii,"We nicknamed the Warden, Slowpoke.",You want to beat this Gym...? You should give up.,translated_directly_from_chinese_ai_review,pointer_table,high,dialogue_inventory_overlay,ai_source_reviewed,36,no,,Keeps the player's intent to defeat the Gym and the speaker's discouraging advice to abandon the attempt.,,,,
MAIN:0x0356CF,MAIN,823,D0178,In-game dialogue,0x0356CF,0x034B97,0x034B97,dialogue_19_19,,1142,0x0356E6,道场的老头很厉害,ascii,The Safari Zone hasrare Pok@mon.,The old master at the dojo is tough!,translated_directly_from_chinese_ai_review,pointer_table,high,dialogue_inventory_overlay,ai_source_reviewed,34,no,,Directly preserves the formidable old master and his association with the dojo.,,,,
MAIN:0x0356F2,MAIN,824,D0179,In-game dialogue,0x0356F2,0x034B99,0x034B99,dialogue_19_19,,1143,0x0356F8,"想不到吧,我们在这个小岛生活了好多年呢",ascii,Scientists conduct experiments in thathouse.,Surprised? We've lived on this little island for years.,translated_directly_from_chinese_ai_review,pointer_table,high,dialogue_inventory_overlay,ai_source_reviewed,44,no,,Retains the surprising fact that the group has lived on the small island for many years.,,,,
MAIN:0x03571F,MAIN,825,D0180,In-game dialogue,0x03571F,0x034B9B,0x034B9B,dialogue_19_19,,1144,0x03571F,今天好虚啊...太累了...,ascii,Blaine's an odd man,I feel so weak today... I'm exhausted...,translated_directly_from_chinese_ai_review,pointer_table,high,dialogue_inventory_overlay,ai_source_reviewed,19,no,,Preserves today's weakness and the speaker's extreme fatigue.,,,,
MAIN:0x035733,MAIN,826,D0181,In-game dialogue,0x035733,0x034B9D,0x034B9D,dialogue_19_19,,1145,0x035737,火系精灵碰上水系就惨了!,ascii,You can stop evolu-tion by Pushing B.,Fire-type Pokémon are in trouble against Water-types!,translated_directly_from_chinese_ai_review,pointer_table,high,dialogue_inventory_overlay,ai_source_reviewed,37,no,,Keeps the source's unfavorable Fire-versus-Water type matchup.,,,,
MAIN:0x035759,MAIN,827,D0182,In-game dialogue,0x035759,0x034B9F,0x034B9F,dialogue_19_19,,1146,0x035750,欢迎带着珍贵精灵的客人来这里,ascii,We study Pok@mon fossils in this lab,Guests with rare Pokémon are welcome here!,translated_directly_from_chinese_ai_review,pointer_table,high,dialogue_inventory_overlay,ai_source_reviewed,38,no,,Directly preserves the welcome extended to visitors carrying rare Pokémon.,,,,
MAIN:0x035780,MAIN,828,D0183,In-game dialogue,0x035780,0x034BA3,0x034BA3,dialogue_19_19,,1148,0x035784,我曾经在月见山找到的化石居然在这里复活了!!,ascii,Eevee can evolve to1 of 3 Pok@mon.,The fossil I found at Mt. Moon was brought back to life here!,translated_directly_from_chinese_ai_review,pointer_table,high,dialogue_inventory_overlay,ai_source_reviewed,34,no,,Retains the fossil's discovery at Mt. Moon and its successful revival at this location.,,,,
MAIN:0x0357A3,MAIN,829,D0184,In-game dialogue,0x0357A3,0x034BA5,0x034BA5,dialogue_19_19,,1149,0x0357B0,现在的技术真的很先进呢,ascii,People bring us Pok@mon to examine.,Technology really has come a long way!,translated_directly_from_chinese_ai_review,pointer_table,high,dialogue_inventory_overlay,ai_source_reviewed,35,no,,Faithfully conveys the speaker's amazement at modern technological progress.,,,,
MAIN:0x0357C7,MAIN,830,D0185,In-game dialogue,0x0357C7,0x034BA7,0x034BA7,dialogue_19_19,,1150,0x0357C8,"对了,伊布能进化的形态据说不只三种呢...",ascii,Dr.Fuji founded ourlab.,"By the way, they say Eevee has more than three evolved forms...",translated_directly_from_chinese_ai_review,pointer_table,high,dialogue_inventory_overlay,ai_source_reviewed,23,no,,Preserves Eevee and the explicit rumor that its possible evolutions number more than three.,,,,
MAIN:0x0357DF,MAIN,831,D0186,In-game dialogue,0x0357DF,0x034BA9,0x034BA9,dialogue_19_19,,1151,0x0357F0,"你好,未来的冠军...祝你好运!",ascii,Let me know if you find another fossil,"Hello, future Champion... Good luck!",translated_directly_from_chinese_ai_review,pointer_table,high,dialogue_inventory_overlay,ai_source_reviewed,38,no,,"Keeps the greeting, the player's future-Champion title, and the wish for good luck.",,,,
MAIN:0x035806,MAIN,832,D0187,In-game dialogue,0x035806,0x034BAB,0x034BAB,dialogue_19_19,,1152,0x03580D,"四天王都很厉害,你要小心啊...",ascii,Victory Road sure was tough!,Every member of the Elite Four is tough. Be careful...,translated_directly_from_chinese_ai_review,pointer_table,high,dialogue_inventory_overlay,ai_source_reviewed,29,no,,Preserves the strength of all four Elite Four members and the warning to be cautious.,,,,
MAIN:0x035824,MAIN,833,D0188,In-game dialogue,0x035824,0x034BAD,0x034BAD,dialogue_19_19,,1153,0x03582B,龙系的精灵很强...没有什么弱点...,ascii,This is the final challenge!,Dragon-type Pokémon are very strong... They have no weaknesses...,translated_directly_from_chinese_ai_review,pointer_table,high,dialogue_inventory_overlay,ai_source_reviewed,40,no,,Faithfully retains the Chinese source's explicit claim that Dragon-type Pokémon have no weaknesses.,,,,
MAIN:0x03584D,MAIN,834,D0189,In-game dialogue,0x03584D,0x034BAF,0x034BAF,dialogue_19_19,,1154,0x03584D,"如果胜利的话,就可以进入下一个房间,加油啊",ascii,"If you lose, you have to start over.","Win, and you can enter the next room. Good luck!",translated_directly_from_chinese_ai_review,pointer_table,high,dialogue_inventory_overlay,ai_source_reviewed,38,no,,Keeps victory as the condition for entering the next room and the closing encouragement.,,,,
MAIN:0x035874,MAIN,835,D0190,In-game dialogue,0x035874,0x034B45,0x034B45,dialogue_19_19,,1101,0x035176,家里的爷爷想要交换精灵,ascii,Bill has lots of Pok@mon!,My grandfather at home wants to trade Pokémon.,translated_directly_from_chinese_ai_review,pointer_table,high,dialogue_inventory_overlay,ai_source_reviewed,31,no,,Directly preserves the grandfather at home and his wish to trade Pokémon.,,,,
MAIN:0x0358AD,MAIN,836,D0191,In-game dialogue,0x0358AD,0x034BB5,0x034BB5,dialogue_19_19,,1157,0x0358AC,触动了一个开关!,ascii,Hit the button!,A switch was activated!,translated_directly_from_chinese_ai_review,pointer_table,high,dialogue_inventory_overlay,ai_source_reviewed,15,no,,Faithfully reports that triggering the interaction activated a switch.,,,,
MAIN:0x0358BD,MAIN,837,D0192,In-game dialogue,0x0358BD,0x034BB7,0x034BB7,dialogue_19_19,,1158,0x0358BD,这么好的化石不要嘛?!,ascii,Go ahead and choose,You don't want such a fine fossil?!,translated_directly_from_chinese_ai_review,pointer_table,high,dialogue_inventory_overlay,ai_source_reviewed,20,no,,Preserves the surprised question about refusing a particularly good fossil.,,,,
MAIN:0x0358D2,MAIN,838,D0193,In-game dialogue,0x0358D2,0x034BB9,0x034BB9,dialogue_19_19,,1159,0x0358D3,"使用怪兽的人不同,结果就有好有坏!",graphical_codes,"00<B1A7><B1A8><B0CA><B0CB><B0BC><B2B5><B0CE><B8CF>,<BCC6><B3F6><B2AB><B0AE><B1B4><B0AE><B0F7>!",Pokémon are not good or evil. It depends on their Trainer!,adapted_from_official_english_gen1_with_chinese_fidelity_ai_review,pointer_table,high,dialogue_inventory_overlay,ai_source_reviewed,34,no,,Uses the matching official English Red/Blue/Yellow scene as its primary voice while retaining Chinese-only facts and Famicom-specific terminology.,,,,
MAIN:0x0358F6,MAIN,839,D0194,In-game dialogue,0x0358F6,0x034BBB,0x034BBB,dialogue_19_19,,1160,0x0358F5,"世上有很多人用怪兽作恶,那些混蛋就是火箭团!",ascii,No! Super Potions are all sold out!,Many people in the world use Pokémon for evil. Those scoundrels are Team Rocket!,translated_directly_from_chinese_ai_review,pointer_table,high,dialogue_inventory_overlay,ai_source_reviewed,36,no,,Preserves the existence of people who misuse Pokémon and explicitly identifies the villains as Team Rocket.,,,,
MAIN:0x03591B,MAIN,840,D0195,In-game dialogue,0x03591B,0x034BBD,0x034BBD,dialogue_19_19,,1161,0x035921,"物价太高了,也没人出来管一管,唉!",ascii,This shop has many Antidotes.,"Prices are too high, and no one will do anything about it. Sigh!",translated_directly_from_chinese_ai_review,pointer_table,high,dialogue_inventory_overlay,ai_source_reviewed,29,no,,"Keeps the complaint about excessive prices, the lack of anyone willing to intervene, and the final sigh.",,,,
MAIN:0x035939,MAIN,841,D0196,In-game dialogue,0x035939,0x034BBF,0x034BBF,dialogue_19_19,,1162,0x035942,即使相同等级的怪兽强度也不一样.,ascii,There's a Pok@mon Center in every town ahead.,Even Pokémon at the same level can differ in strength.,translated_directly_from_chinese_ai_review,pointer_table,high,dialogue_inventory_overlay,ai_source_reviewed,49,no,,Directly preserves the claim that equal-level Pokémon need not have equal strength.,,,,
MAIN:0x03596B,MAIN,842,D0197,In-game dialogue,0x03596B,0x034BC3,0x034BC3,dialogue_19_19,,1164,0x03597F,"等级越高怪兽越强,但怪兽根据类型也有不擅长作战的对手......",ascii,Pok@mon Centers heal your injured Pok@mon for free.,"Higher-level Pokémon are stronger, but every type has opponents it struggles against...",translated_directly_from_chinese_ai_review,pointer_table,high,dialogue_inventory_overlay,ai_source_reviewed,55,no,,Retains both the strength gained with levels and the unfavorable opponents created by type matchups.,,,,
MAIN:0x0359A3,MAIN,843,D0198,In-game dialogue,0x0359A3,0x0331E7,0x0331E7,dialogue_19_19,,1016,0x034875,得到梦幻船票,ascii,Got Navel Rock Pass,Got the Mystic Ticket!,translated_directly_from_chinese_ai_review,pointer_table,high,dialogue_inventory_overlay,ai_source_reviewed,19,no,,Preserves receipt of the special voyage ticket and keeps Mystic Ticket consistent with the matching earlier acquisition and boarding dialogue.,,,,
MAIN:0x0359B7,MAIN,844,D0199,In-game dialogue,0x0359B7,0x034BC5,0x034BC5,dialogue_19_19,,1165,0x0359BA,不知什么时候草丛里会突然窜出精灵呢,graphical_codes,0000<B0CE><B2D7><B2AF><B1E6><B0F0><B7CD><B1FB><B1FC><B0BF><B1F9><B5B4><B2AA><BEBD><B0A4><B0A1><B0A2><B1EB>,You never know when a Pokémon might leap out of the tall grass.,translated_directly_from_chinese_ai_review,pointer_table,high,dialogue_inventory_overlay,ai_source_reviewed,38,no,,Preserves the uncertainty and the sudden appearance of Pokémon from the grass.,,,,
MAIN:0x0359DE,MAIN,845,D0200,In-game dialogue,0x0359DE,0x034BC7,0x034BC7,dialogue_19_19,,1166,0x0359DE,到大城市里去会认识很多优秀的训练师,graphical_codes,<0A><B0DB><B1BE><B3BA><B4D1><B0BF><B0C7><B1F9><B4BA><B0D1><B3F7><B0C8><B8EE><BEBE><B0BC><B2DE><B2C5><B2DF>,"Visit a big city, and you'll meet many skilled Trainers.",translated_directly_from_chinese_ai_review,pointer_table,high,dialogue_inventory_overlay,ai_source_reviewed,35,no,,Keeps the advice to visit a large city in order to encounter many excellent Trainers.,,,,
MAIN:0x035A02,MAIN,846,D0201,In-game dialogue,0x035A02,0x034BC9,0x034BC9,dialogue_19_19,,1167,0x035A02,"你去过金黄市吗,听说那里有很高的大楼",graphical_codes,"<0A><B0C5><B0C7><B3D4><B7BB><BAC2><B4D1><B0D7>,<B1F1><B1E7><B0B9><B0BF><B0AE><B3F7><B8AF><B0BC><B1BE><BEB4>",Have you been to Saffron City? I hear it has very tall buildings.,translated_directly_from_chinese_ai_review,pointer_table,high,dialogue_inventory_overlay,ai_source_reviewed,36,no,,Preserves both the question about visiting Saffron City and the rumor about its tall buildings.,,,,
MAIN:0x035A27,MAIN,847,D0202,In-game dialogue,0x035A27,0x034BCB,0x034BCB,dialogue_19_19,,1168,0x035A27,"我也想拥有传说中的精灵,可是到底哪儿才有传说中的精灵呢?",graphical_codes,"<0A><B1C2><B0F6><B1D7><B6A9><B0AE><B6F2><B1E7><B0DC><B0BC><B0A1><B0A2>,<B0DE><B0C2><B0DB><B3D5><B4C2><B7D0><B1F2><B0AE><B6F2><B1E7><B0DC><B0BC><B0A1><B0A2><B1EB>?","I want a Legendary Pokémon too, but where can they be found?",translated_directly_from_chinese_ai_review,pointer_table,high,dialogue_inventory_overlay,ai_source_reviewed,55,no,,Keeps the speaker's desire to own a Legendary Pokémon and uncertainty about where any can be found.,,,,
MAIN:0x035A5F,MAIN,848,D0203,In-game dialogue,0x035A5F,0x034BCD,0x034BCD,dialogue_19_19,,1169,0x035A5F,看你的能力一定是训练师新手吧.告诉你要时刻关心自己的精灵状态哦!,graphical_codes,<0A><B0FD><B0C5><B0BC><B0EC><B0E3><B1D1><B2B1><B0C2><B2DE><B2C5><B2DF><B2D5><B1A3><B0BE>.<B2E6><B2E7><B0C5><B0C3><B0F0><B4E7><B0B3><B0DD><B2F3><BBA3><B0BC><B0A1><B0A2><BAF5><BAF6><B2DD>!,"Judging by your skill, you must be a rookie Trainer. Always keep an eye on your Pokémon's condition!",translated_directly_from_chinese_ai_review,pointer_table,high,dialogue_inventory_overlay,ai_source_reviewed,63,no,,Preserves the assessment that the player is a novice and the advice to monitor their Pokémon's condition constantly.,,,,
MAIN:0x035A9F,MAIN,849,D0204,In-game dialogue,0x035A9F,0x034BCF,0x034BCF,dialogue_19_19,,1170,0x035A9F,有飞行系的精灵就能带我飞向远方的城市了...,graphical_codes,<0A><B0AE><B1AC><B3A9><B0AF><B0BC><B0A1><B0A2><B2AB><B0EC><B8DD><B1C2><B1AC><B3B7><B5CD><B1E2><B0BC><B3BA><B4D1><B0F8>...,"With a Flying-type Pokémon, I could fly to faraway cities...",translated_directly_from_chinese_ai_review,pointer_table,high,dialogue_inventory_overlay,ai_source_reviewed,42,no,,Retains the Flying-type Pokémon and the wish to use it to reach distant cities by air.,,,,
MAIN:0x035ACA,MAIN,850,D0205,In-game dialogue,0x035ACA,0x034BD1,0x034BD1,dialogue_19_19,,1171,0x035ACA,今天是个好天气,graphical_codes,<0A><B6C9><B1AD><B0C2><B0BA><B1B4><B1AD><B4AA>,Nice weather!,translated_directly_from_chinese_ai_review,pointer_table,high,dialogue_inventory_overlay,ai_source_reviewed,15,yes,"Uses shorter direct clauses and removes English-only scaffolding, reducing this entry from 25 to 13 formatted bytes while retaining every Chinese-source detail identified in the fidelity comment.",Compressed directly against the Chinese source. Directly restores the observation that the weather is pleasant today.,,,,
MAIN:0x035ADA,MAIN,851,D0206,In-game dialogue,0x035ADA,0x034BD3,0x034BD3,dialogue_19_19,,1172,0x035ADA,"心情不错,偷偷告诉你我恋爱了!",graphical_codes,"<0A><B0DD><B7AB><B0CE><B2DC>,<B5EF><B5EF><B2E6><B2E7><B0C5><B1C2><BEBF><B5DD><B0F8>!",I'm in love! I'm so happy... Shh!,translated_directly_from_chinese_ai_review,pointer_table,high,dialogue_inventory_overlay,ai_source_reviewed,29,yes,"Uses complete, natural English while respecting dialogue pagination and ROM bank limits; no displayed word is truncated.","Compressed directly against the Chinese source. Preserves the speaker's good mood, confidential tone, and revelation that they have fallen in love. Full-text review: Restores subjects and natural clause order to the compressed confession.",,,,
MAIN:0x035AF8,MAIN,852,D0207,In-game dialogue,0x035AF8,0x034BD5,0x034BD5,dialogue_19_19,,1173,0x035AF8,"大海很宽阔啊,如果会冲浪术的话就能横渡大海了",graphical_codes,"<0A><B1BE><B6FC><B3F7><B5B6><B5B7><B2AC>,<B1FE><B3F6><B1F9><B1AF><B1B0><B1AE><B0BC><B1EF><B2AB><B0EC><BEC0><BEC1><B1BE><B6FC><B0F8>","The sea is vast! With Surf, you can cross it.",translated_directly_from_chinese_ai_review,pointer_table,high,dialogue_inventory_overlay,ai_source_reviewed,44,yes,"Uses complete, natural English while respecting dialogue pagination and ROM bank limits; no displayed word is truncated.","Compressed directly against the Chinese source. Keeps the sea's great breadth and the claim that Surf allows it to be crossed, using the matching official move name. Full-text review: Restores the player as subject and the field move as the means of crossing.",,,,
MAIN:0x035B25,MAIN,853,D0208,In-game dialogue,0x035B25,0x034BD7,0x034BD7,dialogue_19_19,,1174,0x035B25,你听过吗?在枯叶市上的铁达尼号上都是有钱的训练师呢,graphical_codes,<0A><B0C5><B1F1><B3D4><B0D7>?<B0B8><B6E1><B6E2><B4D1><B1E5><B0BC><B6E4><B6E5><B4B2><B6E6><B1E5><B1C0><B0C2><B0AE><B0FE><B0BC><B2DE><B2C5><B2DF><B1EB>,Have you heard? Rich Trainers sail aboard the Titanic from Vermilion Port!,translated_directly_from_chinese_ai_review,pointer_table,high,dialogue_inventory_overlay,ai_source_reviewed,50,yes,"Uses complete, natural English while respecting dialogue pagination and ROM bank limits; no displayed word is truncated.","Corrected against the Chinese source: restores the hearsay question while preserving Vermilion, the wealthy Trainers, and the bootleg ship name Titanic. Full-text review: Replaces the telegraphic hearsay fragment and preserves ship, port, and passengers.",,,,
MAIN:0x035B58,MAIN,854,D0209,In-game dialogue,0x035B58,0x034BD9,0x034BD9,dialogue_19_19,,1175,0x035B58,在月见山上的晚上偶尔会有皮皮出现呢,graphical_codes,<0A><B0B8><B6CF><B2CD><B6DC><B1E5><B0BC><B2BC><B1E5><B9E3><BEC2><B1F9><B0AE><B6D3><B6D3><B0A4><B2F5><B1EB>,Clefairy sometimes visit Mt. Moon at night.,translated_directly_from_chinese_ai_review,pointer_table,high,dialogue_inventory_overlay,ai_source_reviewed,35,yes,"Uses complete, natural English while respecting dialogue pagination and ROM bank limits; no displayed word is truncated.",Compressed directly against the Chinese source. Preserves the occasional nighttime appearances on Mt. Moon and uses Clefairy's matching official English name. Full-text review: Uses natural frequency and time expressions.,,,,
MAIN:0x035B7C,MAIN,855,D0210,In-game dialogue,0x035B7C,0x034BDB,0x034BDB,dialogue_19_19,,1176,0x035B7C,宝石大陆你知道吗?我年轻时就是在宝石大陆修行呢,graphical_codes,<0A><B7B5><B1B2><B1BE><B7B6><B0C5><B2D7><B1A4><B0D7>?<B1C2><B3EA><B8B6><B0F0><B2AB><B0C2><B0B8><B7B5><B1B2><B1BE><B7B6><B4CE><B3A9><B1EB>,Have you heard of Hoenn? I trained there when I was young.,translated_directly_from_chinese_ai_review,pointer_table,high,dialogue_inventory_overlay,ai_source_reviewed,46,yes,"Uses complete, natural English while respecting dialogue pagination and ROM bank limits; no displayed word is truncated.",Compressed directly against the Chinese source. Keeps the reference to the Gem continent as the contextually matching Hoenn and the speaker's youthful training there. Full-text review: Replaces both clipped clauses with natural English.,,,,
MAIN:0x035BAB,MAIN,856,D0211,In-game dialogue,0x035BAB,0x034BDD,0x034BDD,dialogue_19_19,,1177,0x035BAB,在精灵体力低下的时候要赶紧使用伤药,graphical_codes,<0A><B0B8><B0A1><B0A2><B0E2><B0E3><BCDD><B0F9><B0BC><B0F0><B7CD><B0C3><B1F3><B1F4><B1A7><B1A8><B9C7><BBB9>,Low on HP? Use a Potion!,translated_directly_from_chinese_ai_review,pointer_table,high,dialogue_inventory_overlay,ai_source_reviewed,35,yes,"Uses complete, natural English while respecting dialogue pagination and ROM bank limits; no displayed word is truncated.","Compressed directly against the Chinese source. Preserves the urgent advice to use a Potion when a Pokémon's HP is low, with matching official terms. Full-text review: Restores the preposition and official item formula.",,,,
MAIN:0x035BCF,MAIN,857,D0212,In-game dialogue,0x035BCF,0x034BDF,0x034BDF,dialogue_19_19,,1178,0x035BCF,"我不明白怎么照顾精灵,要加紧学习呢",graphical_codes,"<0A><B1C2><B0CE><B5E6><B5E5><B2D0><B1E6><B6CC><B0DA><B0A1><B0A2>,<B0C3><B2FC><B1F4><B4C3><B2C6><B1EB>",I'm not good at caring for Pokémon. I need to learn!,translated_directly_from_chinese_ai_review,pointer_table,high,dialogue_inventory_overlay,ai_source_reviewed,34,yes,"Uses complete, natural English while respecting dialogue pagination and ROM bank limits; no displayed word is truncated.",Compressed directly against the Chinese source. Keeps both the speaker's uncertainty about caring for Pokémon and resolve to study harder. Full-text review: Restores both omitted subjects in natural clauses.,,,,
MAIN:0x035BF2,MAIN,858,D0213,In-game dialogue,0x035BF2,0x034BE1,0x034BE1,dialogue_19_19,,1179,0x035BF2,"我的精灵老是不听我的话,如果有徽章就好了",ascii,I can't enter the city!,My Pokémon disobey me. A Badge may help!,translated_directly_from_chinese_ai_review,pointer_table,high,dialogue_inventory_overlay,ai_source_reviewed,24,yes,"Uses complete, natural English while respecting dialogue pagination and ROM bank limits; no displayed word is truncated.",Compressed directly against the Chinese source. Restores the disobedient Pokémon and the speaker's wish for a Badge; the unrelated blocked-city line is excluded. Full-text review: Supplies the explicit subject and object in the disobedience clause.,,,,
MAIN:0x035C0B,MAIN,859,D0214,In-game dialogue,0x035C0B,0x034BE3,0x034BE3,dialogue_19_19,,1180,0x035C1B,在这个地区最强的训练师是石英高原的四大天王,graphical_codes,00000000000000000<B0B8><B0EE><B0BA><B3BB><B7B8><B3F2><B2C9><B0BC><B2DE><B2C5><B2DF><B0C2><B1B2><B7FE><B8AF><B4EF><B0BC><B1E1><B1BE><B1AD><B4F7>,The Elite Four at Indigo Plateau are the region's best.,translated_directly_from_chinese_ai_review,pointer_table,high,dialogue_inventory_overlay,ai_source_reviewed,59,yes,"Uses complete, natural English while respecting dialogue pagination and ROM bank limits; no displayed word is truncated.","Compressed directly against the Chinese source. Preserves the regional ranking, the Elite Four, and their location at Indigo Plateau. Full-text review: Replaces a colon-fragment with a grammatical statement.",,,,
MAIN:0x035C48,MAIN,860,D0215,In-game dialogue,0x035C48,0x034BE5,0x034BE5,dialogue_19_19,,1181,0x035C47,如果我有只像你的精灵这样听话的精灵就好了,ascii,Do you want to see my Pok@mon?,I wish mine obeyed like yours!,translated_directly_from_chinese_ai_review,pointer_table,high,dialogue_inventory_overlay,ai_source_reviewed,30,yes,"Uses complete, natural English while respecting dialogue pagination and ROM bank limits; no displayed word is truncated.",Compressed directly against the Chinese source. Restores the speaker's wish for a Pokémon as obedient as the player's rather than the unrelated 2015 question. Full-text review: Restores the omitted subject.,,,,
MAIN:0x035C67,MAIN,861,D0216,In-game dialogue,0x035C67,0x034BE7,0x034BE7,dialogue_19_19,,1182,0x035C71,我想喝水...谁给我水?,graphical_codes,00000000000<B1C2><B1D7><B3C1><B5F7>...<B5F1><B0C4><B1C2><B5F7>?,I'm thirsty... Does anyone have water?,translated_directly_from_chinese_ai_review,pointer_table,high,dialogue_inventory_overlay,ai_source_reviewed,31,yes,"Uses complete, natural English while respecting dialogue pagination and ROM bank limits; no displayed word is truncated.",Compressed directly against the Chinese source. Directly preserves both the speaker's thirst and request for water. Full-text review: Restores the speaker and natural question from the Chinese source.,,,,
MAIN:0x035C87,MAIN,862,D0217,In-game dialogue,0x035C87,0x034BE9,0x034BE9,dialogue_19_19,,1183,0x035C87,别动!叫你别动你还动?,graphical_codes,<0A><B2CA><B0B2>!<B1C1><B0C5><B2CA><B0B2><B0C5><B2BD><B0B2>?,"Don't move! I said, don't move!",translated_directly_from_chinese_ai_review,pointer_table,high,dialogue_inventory_overlay,ai_source_reviewed,21,yes,"Uses complete, natural English while respecting dialogue pagination and ROM bank limits; no displayed word is truncated.",Compressed directly against the Chinese source. Keeps the repeated order not to move and the speaker's disbelief that the listener moved anyway. Full-text review: Restores the repeated warning instead of the unidiomatic 'Why move?'.,,,,
MAIN:0x035C9D,MAIN,863,D0218,In-game dialogue,0x035C9D,0x034BEB,0x034BEB,dialogue_19_19,,1184,0x035C9D,看你的样子一定是个了不起的训练师吧,graphical_codes,<0A><B0FD><B0C5><B0BC><B2DA><B1DF><B1D1><B2B1><B0C2><B0BA><B0F8><B0CE><B0E8><B0BC><B2DE><B2C5><B2DF><B0BE>,You look like a top Trainer!,translated_directly_from_chinese_ai_review,pointer_table,high,dialogue_inventory_overlay,ai_source_reviewed,35,yes,"Uses complete, natural English while respecting dialogue pagination and ROM bank limits; no displayed word is truncated.",Compressed directly against the Chinese source. Preserves the judgment from the player's appearance that they must be a remarkable Trainer. Full-text review: Turns a compressed noun phrase into a complete sentence.,,,,
MAIN:0x035CC1,MAIN,864,D0219,In-game dialogue,0x035CC1,0x034BEF,0x034BEF,dialogue_19_19,,1186,0x035CE9,"不知道怎么回事,现在的人都不骑自行车了!",ascii,"Welcome! 1 bike forjust 1,000,000$!",Odd! No one rides bikes anymore!,translated_directly_from_chinese_ai_review,pointer_table,high,dialogue_inventory_overlay,ai_source_reviewed,76,yes,"Uses complete, natural English while respecting dialogue pagination and ROM bank limits; no displayed word is truncated.",Compressed directly against the Chinese source. Restores the speaker's puzzlement that people no longer ride bicycles; the 2015 shop price is unrelated. Full-text review: Restores the source subject and time sense.,,,,
MAIN:0x035D0E,MAIN,865,D0220,In-game dialogue,0x035D0E,0x034BF3,0x034BF3,dialogue_19_19,,1188,0x035D27,感觉到有一种神秘的力量.....,ascii,Ash's Pok@mon are fully healed!,You sense a mysterious power...,translated_directly_from_chinese_ai_review,pointer_table,high,dialogue_inventory_overlay,ai_source_reviewed,32,yes,"Uses complete, natural English while respecting dialogue pagination and ROM bank limits; no displayed word is truncated.",Compressed directly against the Chinese source. Faithfully renders the sensation of a mysterious power without importing the 2015 healing message. Full-text review: Uses the natural adjective and source verb.,,,,
MAIN:0x035D2F,MAIN,866,D0221,In-game dialogue,0x035D2F,0x034BF7,0x034BF7,dialogue_19_19,,1190,0x035D52,竟然是一把密码锁...,ascii,The door's locked!,It's a coded lock...,translated_directly_from_chinese_ai_review,pointer_table,high,dialogue_inventory_overlay,ai_source_reviewed,18,yes,"Uses complete, natural English while respecting dialogue pagination and ROM bank limits; no displayed word is truncated.","Compressed directly against the Chinese source. Preserves the discovery that the lock requires a code, more specific than the generic 2015 locked-door line. Full-text review: Restores the missing subject and verb.",,,,
MAIN:0x035D42,MAIN,867,D0222,In-game dialogue,0x035D42,0x034BF5,0x034BF5,dialogue_19_19,,1189,0x035D44,得到一个密码,ascii,Found Key to Gym!,Got a password!,translated_directly_from_chinese_ai_review,pointer_table,high,dialogue_inventory_overlay,ai_source_reviewed,17,yes,"Uses complete, natural English while respecting dialogue pagination and ROM bank limits; no displayed word is truncated.",Compressed directly against the Chinese source. Restores acquisition of a password rather than changing it into a Gym key. Full-text review: Restores the natural acquisition article.,,,,
MAIN:0x035D54,MAIN,868,D0223,In-game dialogue,0x035D54,0x034BF9,0x034BF9,dialogue_19_19,,1191,0x035D67,触动了一个机关...,ascii,Opened the door!,A mechanism clicked...,translated_directly_from_chinese_ai_review,pointer_table,high,dialogue_inventory_overlay,ai_source_reviewed,16,yes,Uses a compact click reaction to convey activation without inventing a door or movement.,Corrected against the Chinese source: the player triggers an unspecified mechanism; the text does not say that the mechanism itself moved or that a door opened.,,,,
MAIN:0x035D65,MAIN,869,D0224,In-game dialogue,0x035D65,0x034BFB,0x034BFB,dialogue_19_19,,1192,0x035D7A,"你的徽章还没收集齐,还是请回吧!",ascii,You don't have all Eight Badges.,Return when you have all the Badges!,translated_directly_from_chinese_ai_review,pointer_table,high,dialogue_inventory_overlay,ai_source_reviewed,53,yes,"Uses complete, natural English while respecting dialogue pagination and ROM bank limits; no displayed word is truncated.",Compressed directly against the Chinese source. Keeps the incomplete Badge collection and explicit request to leave and return after completing it. Full-text review: Replaces a telegraphic imperative fragment with the complete gate instruction.,,,,
MAIN:0x035D9B,MAIN,870,D0225,In-game dialogue,0x035D9B,0x034BFD,0x034BFD,dialogue_19_19,,1193,0x035D9A,参观    走人,ascii,Buy Leave,VISIT    LEAVE,translated_directly_from_chinese_ai_review,pointer_table,high,dialogue_inventory_overlay,ai_source_reviewed,16,no,,"Preserves the two menu branches, Visit and Leave; the 2015 Buy option does not match the Chinese.",,,,
MAIN:0x035DAC,MAIN,871,D0226,In-game dialogue,0x035DAC,0x034BFF,0x034BFF,dialogue_19_19,,1194,0x035DAC,"对不起,你的钱不够!",ascii,Not enough money.,"Sorry, not enough money!",translated_directly_from_chinese_ai_review,pointer_table,high,dialogue_inventory_overlay,ai_source_reviewed,18,yes,"Uses complete, natural English while respecting dialogue pagination and ROM bank limits; no displayed word is truncated.",Compressed directly against the Chinese source. Preserves both the apology and the insufficient-funds condition. Full-text review: Uses the standard natural shop failure message.,,,,
MAIN:0x035DCC,MAIN,872,D0227,Introduction,0x035DCC,0x03018F,0x03018F,dialogue_intro_17_19,,176,0x03087F,"这生物被视为宠物,或使用于对战等等.而我是研究这宠物精灵的!",ascii,"This world is inhabited by creatures called Pok@mon! For some people, Pok@mon are pets.Others use them for fights. Myself...I study Pok@mon as a profession.",People keep Pokémon as pets or use them in fights. I study them.,adapted_from_official_english_gen1_with_chinese_fidelity_ai_review,pointer_table,high,dialogue_inventory_overlay,ai_source_reviewed,180,no,,Uses the matching official English Red/Blue/Yellow scene as its primary voice while retaining Chinese-only facts and Famicom-specific terminology.,,,,
MAIN:0x035E82,MAIN,873,D0228,Introduction,0x035E82,0x030191,0x030191,dialogue_intro_17_19,,177,0x0308BA,"小智,一个将属于你的故事,梦想即将开始!",ascii,ASH! Your very own Pok@mon legend is about to unfold! A world of dreams & adventureswith Pok@mon awaits! Let's go!,ASH! Your Pokémon story and dreams begin now!,adapted_from_official_english_gen1_with_chinese_fidelity_ai_review,pointer_table,high,dialogue_inventory_overlay,ai_source_reviewed,129,no,,Uses the matching official English Red/Blue/Yellow scene as its primary voice while retaining Chinese-only facts and Famicom-specific terminology.,,,,
MAIN:0x035F05,MAIN,874,,Ordinary text,0x035F05,0x030045,0x030045,,,14,0x030255,比试胜负来了!,ascii,wants to fight!,wants to fight!,translated_directly_from_chinese_ai_review,pointer_table,high,pointer_table,ai_source_reviewed,15,no,,This lowercase battle-introduction fragment follows the dynamically rendered Trainer name and preserves the Chinese challenge to decide the winner.,,,,
MAIN:0x035F15,MAIN,875,,Ordinary text,0x035F15,0x030063,0x030063,,,29,0x030300,麻痹了,ascii,is paralyzed!, is paralyzed!,translated_directly_from_chinese_ai_review,pointer_table,high,pointer_table,ai_source_reviewed,13,no,,This lowercase status fragment follows a dynamic Pokémon name and directly preserves paralysis. Full-text review: Restores the separator used when the already-affected branch joins its status prefix to this payload.,,,,
MAIN:0x035F23,MAIN,876,,Ordinary text,0x035F23,0x030059,0x030059,,,24,0x0302CF,效果拔群!,ascii,Super effective!,It's super effective!,translated_directly_from_chinese_ai_review,pointer_table,high,pointer_table,ai_source_reviewed,16,no,,The Chinese battle-result phrase directly states exceptional effectiveness and is rendered in standard natural battle wording.,,,,
MAIN:0x035F34,MAIN,877,,Ordinary text,0x035F34,0x03164B,0x03164B,,,528,0x0316EC,精灵球,ascii,Pok@ball,PokéB.,translated_directly_from_chinese_ai_review,pointer_table,high,pointer_table,ai_source_reviewed,8,yes,"The Bag list reserves eight cells for the item name and writes the two-digit quantity immediately after them; this unambiguous label uses at most seven cells, leaving a visible separator.",The Chinese item name identifies Poké Ball; Unicode é replaces the reserved at-sign glyph spelling. Full-text review: Abbreviates Poké Ball for the seven-cell Bag-list field.,,,,
MAIN:0x035F3D,MAIN,878,,Raw text,0x035F3D,0x03004D,0x03004D,raw,,18,0x03028C,小智作为奖金,ascii,"""I can't believe I lost!""",Battle result: ,translated_from_chinese_with_executable_context_ai_review,pointer_table,high,pointer_table,ai_source_reviewed,25,no,,This payload is shared by the victory and defeat paths; a neutral heading introduces the separate dynamic money line without duplicating or falsely attributing the result.,,,,
MAIN:0x035F57,MAIN,879,,Ordinary text,0x035F57,0x03009B,0x03009B,,,57,0x03041D,进化成,ascii,Evolved into,evolved into ,translated_directly_from_chinese_ai_review,pointer_table,high,pointer_table,ai_source_reviewed,13,no,,This lowercase evolution fragment follows the prior dynamic name; its trailing space is structural because the evolved species name is appended at runtime.,,,,
MAIN:0x035F65,MAIN,880,,Ordinary text,0x035F65,0x030133,0x030133,,,131,0x03068D,进化中止!,ascii,Did not evolve!,Evolution stopped!,translated_directly_from_chinese_ai_review,pointer_table,high,pointer_table,ai_source_reviewed,15,no,,"The Chinese explicitly says that evolution stopped, rendered as a complete battle-system message.",,,,
MAIN:0x035F75,MAIN,881,,Ordinary text,0x035F75,,0x0300A1,,,59,0x030430,想学会,ascii,Wants to learn, wants to learn,translated_directly_from_reviewed_chinese_source_ai_review,unaligned,low,reviewed_source_adjudication,ai_source_reviewed,15,no,,Keeps the reviewed source as the lowercase sentence fragment that follows a Pokémon's name in the learning prompt. Full-text review: Restores the leading join after the Pokémon name; the move itself is rendered on the engine-provided second row.,,,,
MAIN:0x035F85,MAIN,882,,Ordinary text,0x035F85,0x0300A5,0x0300A5,,,60,0x03043E,但是,ascii,But it can't learn,But,translated_directly_from_chinese_ai_review,pointer_table,high,pointer_table,ai_source_reviewed,18,no,,The Chinese source contains only the connective But; the old witness's added claim that a move cannot be learned belongs to subsequent composed fragments and is omitted.,,,,
MAIN:0x035F98,MAIN,883,,Raw text,0x035F98,0x0300AB,0x0300AB,raw,,63,0x03045F,忘记其它的技能吗?,ascii,Forget an older move?,Forget another move?,translated_directly_from_chinese_ai_review,pointer_table,high,pointer_table,ai_source_reviewed,21,no,,Directly preserves the Chinese question about forgetting another move; older is not stated by the source.,,,,
MAIN:0x035FAE,MAIN,884,,Ordinary text,0x035FAE,0x0300B7,0x0300B7,,,69,0x0304A8,放弃学习,ascii,Forget,"Give up on
learning ",translated_directly_from_chinese_ai_review,pointer_table,high,pointer_table,ai_source_reviewed,7,no,,Corrects the old Forget action: this fragment asks whether to give up learning the new move; the trailing space is structural because the move name and separate question suffix follow at runtime. Full-text review: Splits the complete learning-cancel question at a word boundary so its move name and final question mark remain inside the two-row battle window.,,,,
MAIN:0x035FB6,MAIN,885,,Ordinary text,0x035FB6,0x03012D,0x03012D,,,128,0x030660,对手要使用,ascii,Opponent sent out,"Enemy is about to use
",adapted_from_official_english_gen1_with_chinese_fidelity_ai_review,pointer_table,high,pointer_table,ai_source_reviewed,17,yes,"Uses complete, natural English while respecting dialogue pagination and ROM bank limits; no displayed word is truncated.",Announces the opponent's next Pokémon in the natural Generation I battle voice; the trailing space joins its dynamic species name. Full-text review: Places the upcoming Pokémon name alone on the second row.,,,,
MAIN:0x035FCD,MAIN,886,,Ordinary text,0x035FCD,0x030977,0x030977,,,194,0x030ABA,妙蛙种子,ascii,Bulbasaur,Bulbasaur,translated_directly_from_chinese_ai_review,pointer_table,high,pointer_table,ai_source_reviewed,9,no,,The Chinese species name and ordered executable species table identify Bulbasaur.,,,,
MAIN:0x035FD7,MAIN,887,,Ordinary text,0x035FD7,0x030979,0x030979,,,195,0x030AC4,妙蛙草,ascii,Ivysaur,Ivysaur,translated_directly_from_chinese_ai_review,pointer_table,high,pointer_table,ai_source_reviewed,7,no,,The Chinese species name and ordered executable species table identify Ivysaur.,,,,
MAIN:0x035FDF,MAIN,888,,Ordinary text,0x035FDF,0x03097B,0x03097B,,,196,0x030ACC,妙蛙花,ascii,Venusaur,Venusaur,translated_directly_from_chinese_ai_review,pointer_table,high,pointer_table,ai_source_reviewed,8,no,,The Chinese species name and ordered executable species table identify Venusaur.,,,,
MAIN:0x035FE8,MAIN,889,,Ordinary text,0x035FE8,0x03097D,0x03097D,,,197,0x030AD4,小火龙,ascii,Charmander,Charmander,translated_directly_from_chinese_ai_review,pointer_table,high,pointer_table,ai_source_reviewed,10,no,,The Chinese species name and ordered executable species table identify Charmander; witness padding is omitted.,,,,
MAIN:0x035FF3,MAIN,890,,Ordinary text,0x035FF3,0x03097F,0x03097F,,,198,0x030ADC,火恐龙,ascii,Charmeleon,Charmeleon,translated_directly_from_chinese_ai_review,pointer_table,high,pointer_table,ai_source_reviewed,10,no,,The Chinese species name and ordered executable species table identify Charmeleon; witness padding is omitted.,,,,
MAIN:0x035FFE,MAIN,891,,Ordinary text,0x035FFE,0x030981,0x030981,,,199,0x030AE4,喷火龙,ascii,Charizard,Charizard,translated_directly_from_chinese_ai_review,pointer_table,high,pointer_table,ai_source_reviewed,9,no,,The Chinese species name and ordered executable species table identify Charizard.,,,,
MAIN:0x036008,MAIN,892,,Ordinary text,0x036008,0x030983,0x030983,,,200,0x030AEC,杰尼龟,ascii,Squirtle,Squirtle,translated_directly_from_chinese_ai_review,pointer_table,high,pointer_table,ai_source_reviewed,8,no,,The Chinese species name and ordered executable species table identify Squirtle.,,,,
MAIN:0x036011,MAIN,893,,Ordinary text,0x036011,0x030985,0x030985,,,201,0x030AF4,卡米龟,ascii,Wartortle,Wartortle,translated_directly_from_chinese_ai_review,pointer_table,high,pointer_table,ai_source_reviewed,9,no,,The Chinese species name and ordered executable species table identify Wartortle.,,,,
MAIN:0x03601B,MAIN,894,,Ordinary text,0x03601B,0x030987,0x030987,,,202,0x030AFC,水箭龟,ascii,Blastoise,Blastoise,translated_directly_from_chinese_ai_review,pointer_table,high,pointer_table,ai_source_reviewed,9,no,,The Chinese species name and ordered executable species table identify Blastoise; witness padding is omitted.,,,,
MAIN:0x036025,MAIN,895,,Ordinary text,0x036025,0x030989,0x030989,,,203,0x030B04,绿毛虫,ascii,Caterpie,Caterpie,translated_directly_from_chinese_ai_review,pointer_table,high,pointer_table,ai_source_reviewed,8,no,,The Chinese species name and ordered executable species table identify Caterpie.,,,,
MAIN:0x03602E,MAIN,896,,Ordinary text,0x03602E,0x03098B,0x03098B,,,204,0x030B0C,铁甲蛹,ascii,Metapod,Metapod,translated_directly_from_chinese_ai_review,pointer_table,high,pointer_table,ai_source_reviewed,7,no,,The Chinese species name and ordered executable species table identify Metapod.,,,,
MAIN:0x036036,MAIN,897,,Ordinary text,0x036036,0x03098D,0x03098D,,,205,0x030B14,巴大蝴,ascii,Butterfree,Butterfree,translated_directly_from_chinese_ai_review,pointer_table,high,pointer_table,ai_source_reviewed,10,no,,The Chinese species name and ordered executable species table identify Butterfree.,,,,
MAIN:0x036041,MAIN,898,,Ordinary text,0x036041,0x03098F,0x03098F,,,206,0x030B1C,独角虫,ascii,Weedle,Weedle,translated_directly_from_chinese_ai_review,pointer_table,high,pointer_table,ai_source_reviewed,6,no,,The Chinese species name and ordered executable species table identify Weedle.,,,,
MAIN:0x036048,MAIN,899,,Ordinary text,0x036048,0x030991,0x030991,,,207,0x030B24,铁壳昆,ascii,Kakuna,Kakuna,translated_directly_from_chinese_ai_review,pointer_table,high,pointer_table,ai_source_reviewed,6,no,,The Chinese species name and ordered executable species table identify Kakuna.,,,,
MAIN:0x03604F,MAIN,900,,Ordinary text,0x03604F,0x030993,0x030993,,,208,0x030B2C,大针蜂,ascii,Beedrill,Beedrill,translated_directly_from_chinese_ai_review,pointer_table,high,pointer_table,ai_source_reviewed,8,no,,The Chinese species name and ordered executable species table identify Beedrill.,,,,
MAIN:0x036058,MAIN,901,,Ordinary text,0x036058,0x030995,0x030995,,,209,0x030B34,波波,ascii,Pidgey,Pidgey,translated_directly_from_chinese_ai_review,pointer_table,high,pointer_table,ai_source_reviewed,6,no,,The Chinese species name and ordered executable species table identify Pidgey.,,,,
MAIN:0x03605F,MAIN,902,,Ordinary text,0x03605F,0x030997,0x030997,,,210,0x030B3A,比比鸟,ascii,Pidgeotto,Pidgeotto,translated_directly_from_chinese_ai_review,pointer_table,high,pointer_table,ai_source_reviewed,9,no,,The Chinese species name and ordered executable species table identify Pidgeotto; witness padding is omitted.,,,,
MAIN:0x036069,MAIN,903,,Ordinary text,0x036069,0x030999,0x030999,,,211,0x030B42,比雕,ascii,Pidgeot,Pidgeot,translated_directly_from_chinese_ai_review,pointer_table,high,pointer_table,ai_source_reviewed,7,no,,The Chinese species name and ordered executable species table identify Pidgeot.,,,,
MAIN:0x036079,MAIN,904,,Ordinary text,0x036079,0x03099D,0x03099D,,,213,0x030B50,拉达,ascii,Raticate,Raticate,translated_directly_from_chinese_ai_review,pointer_table,high,pointer_table,ai_source_reviewed,8,no,,The Chinese species name and executable species-table slot identify Raticate.,,,,
MAIN:0x036082,MAIN,905,,Ordinary text,0x036082,0x03099F,0x03099F,,,214,0x030B56,烈雀,ascii,Spearow,Spearow,translated_directly_from_chinese_ai_review,pointer_table,high,pointer_table,ai_source_reviewed,7,no,,The Chinese species name and ordered executable species table identify Spearow.,,,,
MAIN:0x03608A,MAIN,906,,Ordinary text,0x03608A,0x0309A1,0x0309A1,,,215,0x030B5C,大嘴雀,ascii,Fearow,Fearow,translated_directly_from_chinese_ai_review,pointer_table,high,pointer_table,ai_source_reviewed,6,no,,The Chinese species name and ordered executable species table identify Fearow.,,,,
MAIN:0x036091,MAIN,907,,Ordinary text,0x036091,0x0309A3,0x0309A3,,,216,0x030B64,阿柏蛇,ascii,Ekans,Ekans,translated_directly_from_chinese_ai_review,pointer_table,high,pointer_table,ai_source_reviewed,5,no,,The Chinese species name and executable species-table slot identify Ekans; witness padding is omitted.,,,,
MAIN:0x0360AC,MAIN,908,,Ordinary text,0x0360AC,0x0309AB,0x0309AB,,,220,0x030B82,穿山鼠,ascii,Sandshrew,Sandshrew,translated_directly_from_chinese_ai_review,pointer_table,high,pointer_table,ai_source_reviewed,9,no,,The Chinese species name and executable species-table slot identify Sandshrew.,,,,
MAIN:0x0360B6,MAIN,909,,Ordinary text,0x0360B6,0x0309AD,0x0309AD,,,221,0x030B8A,穿山王,ascii,Sandslash,Sandslash,translated_directly_from_chinese_ai_review,pointer_table,high,pointer_table,ai_source_reviewed,9,no,,The Chinese species name and ordered executable species table identify Sandslash.,,,,
MAIN:0x0360C9,MAIN,910,,Ordinary text,0x0360C9,0x0309B1,0x0309B1,,,223,0x030B9A,尼多娜,ascii,Nidorina,Nidorina,translated_directly_from_chinese_ai_review,pointer_table,high,pointer_table,ai_source_reviewed,9,no,,The Chinese species name and executable species-table slot identify Nidorina; the French witness's leading space is padding.,,,,
MAIN:0x0360E6,MAIN,911,,Ordinary text,0x0360E6,0x0309B7,0x0309B7,,,226,0x030BB2,尼多力诺,ascii,Nidorino,Nidorino,translated_directly_from_chinese_ai_review,pointer_table,high,pointer_table,ai_source_reviewed,9,no,,The Chinese species name and executable species-table slot identify Nidorino; the French witness's leading space is padding.,,,,
MAIN:0x0360F9,MAIN,912,,Ordinary text,0x0360F9,0x0309BB,0x0309BB,,,228,0x030BC4,皮皮,ascii,Clefairy,Clefairy,translated_directly_from_chinese_ai_review,pointer_table,high,pointer_table,ai_source_reviewed,8,no,,The Chinese species name and executable species-table slot identify Clefairy.,,,,
MAIN:0x036102,MAIN,913,,Ordinary text,0x036102,0x0309BD,0x0309BD,,,229,0x030BCA,皮可西,ascii,Clefable,Clefable,translated_directly_from_chinese_ai_review,pointer_table,high,pointer_table,ai_source_reviewed,8,no,,The Chinese species name and ordered executable species table identify Clefable.,,,,
MAIN:0x03610B,MAIN,914,,Ordinary text,0x03610B,0x0309BF,0x0309BF,,,230,0x030BD2,六尾,ascii,Vulpix,Vulpix,translated_directly_from_chinese_ai_review,pointer_table,high,pointer_table,ai_source_reviewed,6,no,,The Chinese species name and executable species-table slot identify Vulpix.,,,,
MAIN:0x036112,MAIN,915,,Ordinary text,0x036112,0x0309C1,0x0309C1,,,231,0x030BD8,九尾,ascii,Ninetales,Ninetales,translated_directly_from_chinese_ai_review,pointer_table,high,pointer_table,ai_source_reviewed,9,no,,The Chinese species name and ordered executable species table identify Ninetales; witness padding is omitted.,,,,
MAIN:0x03611C,MAIN,916,,Ordinary text,0x03611C,0x0309C3,0x0309C3,,,232,0x030BDE,胖丁,ascii,Jigglypuff,Jigglypuff,translated_directly_from_chinese_ai_review,pointer_table,high,pointer_table,ai_source_reviewed,10,no,,The Chinese species name and ordered executable species table identify Jigglypuff; witness padding is omitted.,,,,
MAIN:0x036127,MAIN,917,,Ordinary text,0x036127,0x0309C5,0x0309C5,,,233,0x030BE4,胖可西,ascii,Wigglytuff,Wigglytuff,translated_directly_from_chinese_ai_review,pointer_table,high,pointer_table,ai_source_reviewed,10,no,,The Chinese species name and ordered executable species table identify Wigglytuff; witness padding is omitted.,,,,
MAIN:0x036132,MAIN,918,,Ordinary text,0x036132,0x0309C7,0x0309C7,,,234,0x030BEC,超音蝠,ascii,Zubat,Zubat,translated_directly_from_chinese_ai_review,pointer_table,high,pointer_table,ai_source_reviewed,5,no,,The Chinese species name and executable species-table slot identify Zubat.,,,,
MAIN:0x036138,MAIN,919,,Ordinary text,0x036138,0x0309C9,0x0309C9,,,235,0x030BF4,大嘴蝠,ascii,Golbat,Golbat,translated_directly_from_chinese_ai_review,pointer_table,high,pointer_table,ai_source_reviewed,6,no,,The Chinese species name and ordered executable species table identify Golbat.,,,,
MAIN:0x03613F,MAIN,920,,Ordinary text,0x03613F,0x0309CB,0x0309CB,,,236,0x030BFC,走路草,ascii,Oddish,Oddish,translated_directly_from_chinese_ai_review,pointer_table,high,pointer_table,ai_source_reviewed,6,no,,The Chinese species name and executable species-table slot identify Oddish.,,,,
MAIN:0x036146,MAIN,921,,Ordinary text,0x036146,0x0309CD,0x0309CD,,,237,0x030C04,臭臭花,ascii,Gloom,Gloom,translated_directly_from_chinese_ai_review,pointer_table,high,pointer_table,ai_source_reviewed,5,no,,The Chinese species name and executable species-table slot identify Gloom.,,,,
MAIN:0x03614C,MAIN,922,,Ordinary text,0x03614C,0x0309CF,0x0309CF,,,238,0x030C0C,霸王花,ascii,Vileplume,Vileplume,translated_directly_from_chinese_ai_review,pointer_table,high,pointer_table,ai_source_reviewed,9,no,,The Chinese species name and ordered executable species table identify Vileplume.,,,,
MAIN:0x036165,MAIN,923,,Ordinary text,0x036165,0x0309D5,0x0309D5,,,241,0x030C26,毛球,ascii,Venonat,Venonat,translated_directly_from_chinese_ai_review,pointer_table,high,pointer_table,ai_source_reviewed,7,no,,The Chinese species name and executable species-table slot identify Venonat.,,,,
MAIN:0x03616D,MAIN,924,,Ordinary text,0x03616D,0x0309D7,0x0309D7,,,242,0x030C2C,末入蛾,ascii,Venomoth,Venomoth,translated_directly_from_chinese_ai_review,pointer_table,high,pointer_table,ai_source_reviewed,8,no,,The apparent Chinese character error is mechanically resolved by the adjacent species table as Venomoth.,,,,
MAIN:0x036176,MAIN,925,,Ordinary text,0x036176,0x0309D9,0x0309D9,,,243,0x030C34,地鼠,ascii,Diglett,Diglett,translated_directly_from_chinese_ai_review,pointer_table,high,pointer_table,ai_source_reviewed,7,no,,The Chinese species name and executable species-table slot identify Diglett.,,,,
MAIN:0x03617E,MAIN,926,,Ordinary text,0x03617E,0x0309DB,0x0309DB,,,244,0x030C3A,三地鼠,ascii,Dugtrio,Dugtrio,translated_directly_from_chinese_ai_review,pointer_table,high,pointer_table,ai_source_reviewed,7,no,,The Chinese three-Diglett species name and executable species-table slot identify Dugtrio.,,,,
MAIN:0x036186,MAIN,927,,Ordinary text,0x036186,0x0309DD,0x0309DD,,,245,0x030C42,喵喵,ascii,Meowth,Meowth,translated_directly_from_chinese_ai_review,pointer_table,high,pointer_table,ai_source_reviewed,6,no,,The Chinese species name and executable species-table slot identify Meowth.,,,,
MAIN:0x036195,MAIN,928,,Ordinary text,0x036195,0x0309E1,0x0309E1,,,247,0x030C50,可达鸭,ascii,Psyduck,Psyduck,translated_directly_from_chinese_ai_review,pointer_table,high,pointer_table,ai_source_reviewed,7,no,,"The Chinese species name unambiguously identifies Psyduck, so its official English name is used.",,,,
MAIN:0x03619D,MAIN,929,,Ordinary text,0x03619D,0x0309E3,0x0309E3,,,248,0x030C58,哥达鸭,ascii,Golduck,Golduck,translated_directly_from_chinese_ai_review,pointer_table,high,pointer_table,ai_source_reviewed,7,no,,"The Chinese species name unambiguously identifies Golduck, so its official English name is used.",,,,
MAIN:0x0361A5,MAIN,930,,Ordinary text,0x0361A5,0x0309E5,0x0309E5,,,249,0x030C60,猴怪,ascii,Mankey,Mankey,translated_directly_from_chinese_ai_review,pointer_table,high,pointer_table,ai_source_reviewed,6,no,,"The Chinese species name unambiguously identifies Mankey, so its official English name is used.",,,,
MAIN:0x0361AC,MAIN,931,,Ordinary text,0x0361AC,0x0309E7,0x0309E7,,,250,0x030C66,火暴猴,ascii,Primeape,Primeape,translated_directly_from_chinese_ai_review,pointer_table,high,pointer_table,ai_source_reviewed,8,no,,"The Chinese species name unambiguously identifies Primeape, so its official English name is used.",,,,
MAIN:0x0361B5,MAIN,932,,Ordinary text,0x0361B5,0x0309E9,0x0309E9,,,251,0x030C6E,卡蒂狗,ascii,Growlithe,Growlithe,translated_directly_from_chinese_ai_review,pointer_table,high,pointer_table,ai_source_reviewed,9,no,,"The Chinese species name unambiguously identifies Growlithe, so its official English name is used.",,,,
MAIN:0x0361BF,MAIN,933,,Ordinary text,0x0361BF,0x0309EB,0x0309EB,,,252,0x030C76,风速犬,ascii,Arcanine,Arcanine,translated_directly_from_chinese_ai_review,pointer_table,high,pointer_table,ai_source_reviewed,8,no,,"The Chinese species name unambiguously identifies Arcanine, so its official English name is used.",,,,
MAIN:0x0361C8,MAIN,934,,Ordinary text,0x0361C8,0x0309ED,0x0309ED,,,253,0x030C7E,蚊香蝌蚪,ascii,Poliwag,Poliwag,translated_directly_from_chinese_ai_review,pointer_table,high,pointer_table,ai_source_reviewed,7,no,,"The Chinese species name unambiguously identifies Poliwag, so its official English name is used.",,,,
MAIN:0x0361D0,MAIN,935,,Ordinary text,0x0361D0,0x0309EF,0x0309EF,,,254,0x030C88,蚊香蛙,ascii,Poliwhirl,Poliwhirl,translated_directly_from_chinese_ai_review,pointer_table,high,pointer_table,ai_source_reviewed,9,no,,"The Chinese species name unambiguously identifies Poliwhirl, so its official English name is used.",,,,
MAIN:0x0361DA,MAIN,936,,Ordinary text,0x0361DA,0x0309F1,0x0309F1,,,255,0x030C90,快泳蛙,ascii,Poliwrath,Poliwrath,translated_directly_from_chinese_ai_review,pointer_table,high,pointer_table,ai_source_reviewed,9,no,,"The Chinese species name unambiguously identifies Poliwrath, so its official English name is used.",,,,
MAIN:0x0361FA,MAIN,937,,Ordinary text,0x0361FA,0x0309F9,0x0309F9,,,259,0x030CAC,腕力,ascii,Machop,Machop,translated_directly_from_chinese_ai_review,pointer_table,high,pointer_table,ai_source_reviewed,6,no,,"The Chinese species name unambiguously identifies Machop, so its official English name is used.",,,,
MAIN:0x036201,MAIN,938,,Ordinary text,0x036201,0x0309FB,0x0309FB,,,260,0x030CB2,豪力,ascii,Machoke,Machoke,translated_directly_from_chinese_ai_review,pointer_table,high,pointer_table,ai_source_reviewed,7,no,,"The Chinese species name unambiguously identifies Machoke, so its official English name is used.",,,,
MAIN:0x036209,MAIN,939,,Ordinary text,0x036209,0x0309FD,0x0309FD,,,261,0x030CB8,怪力,ascii,Machamp,Machamp,translated_directly_from_chinese_ai_review,pointer_table,high,pointer_table,ai_source_reviewed,7,no,,"The Chinese species name unambiguously identifies Machamp, so its official English name is used.",,,,
MAIN:0x036211,MAIN,940,,Ordinary text,0x036211,0x0309FF,0x0309FF,,,262,0x030CBE,喇叭芽,ascii,Bellsprout,Bellsprout,translated_directly_from_chinese_ai_review,pointer_table,high,pointer_table,ai_source_reviewed,10,no,,"The Chinese species name unambiguously identifies Bellsprout, so its official English name is used.",,,,
MAIN:0x03621C,MAIN,941,,Ordinary text,0x03621C,0x030A01,0x030A01,,,263,0x030CC6,口袋花,ascii,Weepinbell,Weepinbell,translated_directly_from_chinese_ai_review,pointer_table,high,pointer_table,ai_source_reviewed,10,no,,The neighboring Bellsprout and Victreebel entries resolve the source spelling variant as Weepinbell.,,,,
MAIN:0x036227,MAIN,942,,Ordinary text,0x036227,0x030A03,0x030A03,,,264,0x030CCE,大食花,ascii,Victreebel,Victreebel,translated_directly_from_chinese_ai_review,pointer_table,high,pointer_table,ai_source_reviewed,10,no,,"The Chinese species name unambiguously identifies Victreebel, so its official English name is used.",,,,
MAIN:0x036247,MAIN,943,,Ordinary text,0x036247,0x030A09,0x030A09,,,267,0x030CEA,小拳石,ascii,Geodude,Geodude,translated_directly_from_chinese_ai_review,pointer_table,high,pointer_table,ai_source_reviewed,7,no,,"The Chinese species name unambiguously identifies Geodude, so its official English name is used.",,,,
MAIN:0x03624F,MAIN,944,,Ordinary text,0x03624F,0x030A0B,0x030A0B,,,268,0x030CF2,隆隆石,ascii,Graveler,Graveler,translated_directly_from_chinese_ai_review,pointer_table,high,pointer_table,ai_source_reviewed,8,no,,"The Chinese species name unambiguously identifies Graveler, so its official English name is used.",,,,
MAIN:0x036258,MAIN,945,,Ordinary text,0x036258,0x030A0D,0x030A0D,,,269,0x030CFA,隆隆岩,ascii,Golem,Golem,translated_directly_from_chinese_ai_review,pointer_table,high,pointer_table,ai_source_reviewed,5,no,,"The Chinese species name unambiguously identifies Golem, so its official English name is used.",,,,
MAIN:0x036265,MAIN,946,,Ordinary text,0x036265,0x030A11,0x030A11,,,271,0x030D0A,烈焰马,ascii,Rapidash,Rapidash,translated_directly_from_chinese_ai_review,pointer_table,high,pointer_table,ai_source_reviewed,8,no,,"The Chinese species name unambiguously identifies Rapidash, so its official English name is used.",,,,
MAIN:0x03626E,MAIN,947,,Ordinary text,0x03626E,0x030A13,0x030A13,,,272,0x030D12,呆呆兽,ascii,Slowpoke,Slowpoke,translated_directly_from_chinese_ai_review,pointer_table,high,pointer_table,ai_source_reviewed,8,no,,"The Chinese species name unambiguously identifies Slowpoke, so its official English name is used.",,,,
MAIN:0x036277,MAIN,948,,Ordinary text,0x036277,0x030A15,0x030A15,,,273,0x030D1A,呆河马,ascii,Slowbro,Slowbro,translated_directly_from_chinese_ai_review,pointer_table,high,pointer_table,ai_source_reviewed,7,no,,"The Chinese species name unambiguously identifies Slowbro, so its official English name is used.",,,,
MAIN:0x03627F,MAIN,949,,Ordinary text,0x03627F,0x030A17,0x030A17,,,274,0x030D22,小磁怪,ascii,Magnemite,Magnemite,translated_directly_from_chinese_ai_review,pointer_table,high,pointer_table,ai_source_reviewed,9,no,,"The Chinese species name unambiguously identifies Magnemite, so its official English name is used.",,,,
MAIN:0x036289,MAIN,950,,Ordinary text,0x036289,0x030A19,0x030A19,,,275,0x030D2A,三一磁怪,ascii,Magneton,Magneton,translated_directly_from_chinese_ai_review,pointer_table,high,pointer_table,ai_source_reviewed,8,no,,The table position after Magnemite resolves the shortened Chinese compound as Magneton.,,,,
MAIN:0x036292,MAIN,951,,Ordinary text,0x036292,0x030A1B,0x030A1B,,,276,0x030D34,大葱鸭,ascii,Farfetch'd,Farfetch'd,translated_directly_from_chinese_ai_review,pointer_table,high,pointer_table,ai_source_reviewed,10,no,,"The Chinese species name unambiguously identifies Farfetch'd, including the official English apostrophe.",,,,
MAIN:0x0362AA,MAIN,952,,Ordinary text,0x0362AA,0x030A21,0x030A21,,,279,0x030D4A,小海狮,ascii,Seel,Seel,translated_directly_from_chinese_ai_review,pointer_table,high,pointer_table,ai_source_reviewed,4,no,,"The Chinese species name unambiguously identifies Seel, so its official English name is used.",,,,
MAIN:0x0362AF,MAIN,953,,Ordinary text,0x0362AF,0x030A23,0x030A23,,,280,0x030D52,白海狮,ascii,Dewgong,Dewgong,translated_directly_from_chinese_ai_review,pointer_table,high,pointer_table,ai_source_reviewed,7,no,,"The Chinese species name unambiguously identifies Dewgong, so its official English name is used.",,,,
MAIN:0x0362B7,MAIN,954,,Ordinary text,0x0362B7,0x030A25,0x030A25,,,281,0x030D5A,臭泥,ascii,Grimer,Grimer,translated_directly_from_chinese_ai_review,pointer_table,high,pointer_table,ai_source_reviewed,6,no,,"The Chinese species name unambiguously identifies Grimer, so its official English name is used.",,,,
MAIN:0x0362BE,MAIN,955,,Ordinary text,0x0362BE,0x030A27,0x030A27,,,282,0x030D60,臭臭泥,ascii,Muk,Muk,translated_directly_from_chinese_ai_review,pointer_table,high,pointer_table,ai_source_reviewed,3,no,,"The Chinese species name unambiguously identifies Muk, so its official English name is used.",,,,
MAIN:0x0362C2,MAIN,956,,Ordinary text,0x0362C2,0x030A29,0x030A29,,,283,0x030D68,大舌贝,ascii,Shellder,Shellder,translated_directly_from_chinese_ai_review,pointer_table,high,pointer_table,ai_source_reviewed,8,no,,"The Chinese species name unambiguously identifies Shellder, so its official English name is used.",,,,
MAIN:0x0362CB,MAIN,957,,Ordinary text,0x0362CB,0x030A2B,0x030A2B,,,284,0x030D70,铁甲贝,ascii,Cloyster,Cloyster,translated_directly_from_chinese_ai_review,pointer_table,high,pointer_table,ai_source_reviewed,8,no,,"The Chinese species name unambiguously identifies Cloyster, so its official English name is used.",,,,
MAIN:0x0362D4,MAIN,958,,Ordinary text,0x0362D4,0x030A2D,0x030A2D,,,285,0x030D78,鬼斯,ascii,Gastly,Gastly,translated_directly_from_chinese_ai_review,pointer_table,high,pointer_table,ai_source_reviewed,6,no,,"The Chinese species name unambiguously identifies Gastly, so its official English name is used.",,,,
MAIN:0x0362DB,MAIN,959,,Ordinary text,0x0362DB,0x030A2F,0x030A2F,,,286,0x030D7E,鬼斯通,ascii,Haunter,Haunter,translated_directly_from_chinese_ai_review,pointer_table,high,pointer_table,ai_source_reviewed,7,no,,"The Chinese species name unambiguously identifies Haunter, so its official English name is used.",,,,
MAIN:0x0362E3,MAIN,960,,Ordinary text,0x0362E3,0x030A31,0x030A31,,,287,0x030D86,耿鬼,ascii,Gengar,Gengar,translated_directly_from_chinese_ai_review,pointer_table,high,pointer_table,ai_source_reviewed,6,no,,"The Chinese species name unambiguously identifies Gengar, so its official English name is used.",,,,
MAIN:0x0362EF,MAIN,961,,Ordinary text,0x0362EF,0x030A35,0x030A35,,,289,0x030D94,素利普,ascii,Drowzee,Drowzee,translated_directly_from_chinese_ai_review,pointer_table,high,pointer_table,ai_source_reviewed,7,no,,"The older Chinese transliteration identifies Drowzee, confirmed by Hypno immediately following it.",,,,
MAIN:0x0362F7,MAIN,962,,Ordinary text,0x0362F7,0x030A37,0x030A37,,,290,0x030D9C,素利拍,ascii,Hypno,Hypno,translated_directly_from_chinese_ai_review,pointer_table,high,pointer_table,ai_source_reviewed,5,no,,The older Chinese transliteration and evolution-table position unambiguously identify Hypno.,,,,
MAIN:0x036304,MAIN,963,,Ordinary text,0x036304,0x030A3B,0x030A3B,,,292,0x030DAC,巨钳蟹,ascii,Kingler,Kingler,translated_directly_from_chinese_ai_review,pointer_table,high,pointer_table,ai_source_reviewed,7,no,,"The Chinese species name unambiguously identifies Kingler, so its official English name is used.",,,,
MAIN:0x03630C,MAIN,964,,Ordinary text,0x03630C,0x030A3D,0x030A3D,,,293,0x030DB4,雷电球,ascii,Voltorb,Voltorb,translated_directly_from_chinese_ai_review,pointer_table,high,pointer_table,ai_source_reviewed,7,no,,"The Chinese species name unambiguously identifies Voltorb, so its official English name is used.",,,,
MAIN:0x036314,MAIN,965,,Ordinary text,0x036314,0x030A3F,0x030A3F,,,294,0x030DBC,顽皮弹,ascii,Electrode,Electrode,translated_directly_from_chinese_ai_review,pointer_table,high,pointer_table,ai_source_reviewed,9,no,,"The Chinese species name unambiguously identifies Electrode, so its official English name is used.",,,,
MAIN:0x03631E,MAIN,966,,Ordinary text,0x03631E,0x030A41,0x030A41,,,295,0x030DC4,蛋蛋,ascii,Exeggcute,Exeggcute,translated_directly_from_chinese_ai_review,pointer_table,high,pointer_table,ai_source_reviewed,9,no,,"The Chinese species name unambiguously identifies Exeggcute, so its official English name is used.",,,,
MAIN:0x036328,MAIN,967,,Ordinary text,0x036328,0x030A43,0x030A43,,,296,0x030DCA,椰蛋树,ascii,Exeggutor,Exeggutor,translated_directly_from_chinese_ai_review,pointer_table,high,pointer_table,ai_source_reviewed,9,no,,"The Chinese species name unambiguously identifies Exeggutor, so its official English name is used.",,,,
MAIN:0x036332,MAIN,968,,Ordinary text,0x036332,0x030A45,0x030A45,,,297,0x030DD2,可拉可拉,ascii,Cubone,Cubone,translated_directly_from_chinese_ai_review,pointer_table,high,pointer_table,ai_source_reviewed,6,no,,"The Chinese species name unambiguously identifies Cubone, so its official English name is used.",,,,
MAIN:0x036339,MAIN,969,,Ordinary text,0x036339,0x030A47,0x030A47,,,298,0x030DDC,嘎拉嘎拉,ascii,Marowak,Marowak,translated_directly_from_chinese_ai_review,pointer_table,high,pointer_table,ai_source_reviewed,7,no,,"The Chinese species name unambiguously identifies Marowak, so its official English name is used.",,,,
MAIN:0x036341,MAIN,970,,Ordinary text,0x036341,0x030A49,0x030A49,,,299,0x030DE6,沙瓦郎,ascii,Hitmonlee,Hitmonlee,translated_directly_from_chinese_ai_review,pointer_table,high,pointer_table,ai_source_reviewed,9,no,,"The Chinese name Sha Walang unambiguously denotes Hitmonlee, so the official English name is used.",,,,
MAIN:0x03634B,MAIN,971,,Ordinary text,0x03634B,0x030A4B,0x030A4B,,,300,0x030DEE,艾比郎,ascii,Hitmonchan,Hitmonchan,translated_directly_from_chinese_ai_review,pointer_table,high,pointer_table,ai_source_reviewed,10,no,,"The Chinese name Aibilang unambiguously denotes Hitmonchan, so the official English name is used.",,,,
MAIN:0x036356,MAIN,972,,Ordinary text,0x036356,0x030A4D,0x030A4D,,,301,0x030DF6,大舌头,ascii,Lickitung,Lickitung,translated_directly_from_chinese_ai_review,pointer_table,high,pointer_table,ai_source_reviewed,9,no,,"The Chinese species name unambiguously identifies Lickitung, so its official English name is used.",,,,
MAIN:0x036360,MAIN,973,,Ordinary text,0x036360,0x030A4F,0x030A4F,,,302,0x030DFE,瓦斯弹,ascii,Koffing,Koffing,translated_directly_from_chinese_ai_review,pointer_table,high,pointer_table,ai_source_reviewed,7,no,,"The Chinese species name unambiguously identifies Koffing, so its official English name is used.",,,,
MAIN:0x036368,MAIN,974,,Ordinary text,0x036368,0x030A51,0x030A51,,,303,0x030E06,双弹瓦斯,ascii,Weezing,Weezing,translated_directly_from_chinese_ai_review,pointer_table,high,pointer_table,ai_source_reviewed,7,no,,"The Chinese species name unambiguously identifies Weezing, so its official English name is used.",,,,
MAIN:0x036370,MAIN,975,,Ordinary text,0x036370,0x030A53,0x030A53,,,304,0x030E10,铁甲犀牛,ascii,Rhyhorn,Rhyhorn,translated_directly_from_chinese_ai_review,pointer_table,high,pointer_table,ai_source_reviewed,7,no,,"The Chinese species name unambiguously identifies Rhyhorn, so its official English name is used.",,,,
MAIN:0x036378,MAIN,976,,Ordinary text,0x036378,0x030A55,0x030A55,,,305,0x030E1A,铁甲暴龙,ascii,Rhydon,Rhydon,translated_directly_from_chinese_ai_review,pointer_table,high,pointer_table,ai_source_reviewed,6,no,,"The Chinese species name unambiguously identifies Rhydon, so its official English name is used.",,,,
MAIN:0x03637F,MAIN,977,,Ordinary text,0x03637F,0x030A57,0x030A57,,,306,0x030E24,吉利蛋,ascii,Chansey,Chansey,translated_directly_from_chinese_ai_review,pointer_table,high,pointer_table,ai_source_reviewed,7,no,,"The Chinese species name unambiguously identifies Chansey, so its official English name is used.",,,,
MAIN:0x036387,MAIN,978,,Ordinary text,0x036387,0x030A59,0x030A59,,,307,0x030E2C,蔓藤怪,ascii,Tangela,Tangela,translated_directly_from_chinese_ai_review,pointer_table,high,pointer_table,ai_source_reviewed,7,no,,"The Chinese species name unambiguously identifies Tangela, so its official English name is used.",,,,
MAIN:0x03638F,MAIN,979,,Ordinary text,0x03638F,0x030A5B,0x030A5B,,,308,0x030E34,袋龙,ascii,Kangaskhan,Kangaskhan,translated_directly_from_chinese_ai_review,pointer_table,high,pointer_table,ai_source_reviewed,10,no,,"The Chinese species name unambiguously identifies Kangaskhan, so its official English name is used.",,,,
MAIN:0x03639A,MAIN,980,,Ordinary text,0x03639A,0x030A5D,0x030A5D,,,309,0x030E3A,墨海马,ascii,Horsea,Horsea,translated_directly_from_chinese_ai_review,pointer_table,high,pointer_table,ai_source_reviewed,6,no,,"The Chinese species name unambiguously identifies Horsea, so its official English name is used.",,,,
MAIN:0x0363A1,MAIN,981,,Ordinary text,0x0363A1,0x030A5F,0x030A5F,,,310,0x030E42,海刺龙,ascii,Seadra,Seadra,translated_directly_from_chinese_ai_review,pointer_table,high,pointer_table,ai_source_reviewed,6,no,,"The Chinese species name unambiguously identifies Seadra, so its official English name is used.",,,,
MAIN:0x0363A8,MAIN,982,,Ordinary text,0x0363A8,0x030A61,0x030A61,,,311,0x030E4A,角金鱼,ascii,Goldeen,Goldeen,translated_directly_from_chinese_ai_review,pointer_table,high,pointer_table,ai_source_reviewed,7,no,,"The Chinese species name unambiguously identifies Goldeen, so its official English name is used.",,,,
MAIN:0x0363B0,MAIN,983,,Ordinary text,0x0363B0,0x030A63,0x030A63,,,312,0x030E52,金鱼王,ascii,Seaking,Seaking,translated_directly_from_chinese_ai_review,pointer_table,high,pointer_table,ai_source_reviewed,7,no,,"The Chinese species name unambiguously identifies Seaking, so its official English name is used.",,,,
MAIN:0x0363B8,MAIN,984,,Ordinary text,0x0363B8,0x030A65,0x030A65,,,313,0x030E5A,海星星,ascii,Staryu,Staryu,translated_directly_from_chinese_ai_review,pointer_table,high,pointer_table,ai_source_reviewed,6,no,,"The Chinese species name unambiguously identifies Staryu, so its official English name is used.",,,,
MAIN:0x0363BF,MAIN,985,,Ordinary text,0x0363BF,0x030A67,0x030A67,,,314,0x030E62,宝石海星,ascii,Starmie,Starmie,translated_directly_from_chinese_ai_review,pointer_table,high,pointer_table,ai_source_reviewed,7,no,,"The Chinese species name unambiguously identifies Starmie, so its official English name is used.",,,,
MAIN:0x0363C7,MAIN,986,,Ordinary text,0x0363C7,0x030A69,0x030A69,,,315,0x030E6C,吸盘魔偶,ascii,Mr.Mime,Mr. Mime,translated_directly_from_chinese_ai_review,pointer_table,high,pointer_table,ai_source_reviewed,7,no,,The Chinese species name identifies Mr. Mime; the official English spacing and punctuation replace the cramped old form.,,,,
MAIN:0x0363CF,MAIN,987,,Ordinary text,0x0363CF,0x030A6B,0x030A6B,,,316,0x030E76,飞天螳螂,ascii,Scyther,Scyther,translated_directly_from_chinese_ai_review,pointer_table,high,pointer_table,ai_source_reviewed,7,no,,"The Chinese species name unambiguously identifies Scyther, so its official English name is used.",,,,
MAIN:0x0363D7,MAIN,988,,Ordinary text,0x0363D7,0x030A6D,0x030A6D,,,317,0x030E80,迷唇姐,ascii,Jynx,Jynx,translated_directly_from_chinese_ai_review,pointer_table,high,pointer_table,ai_source_reviewed,4,no,,"The Chinese species name unambiguously identifies Jynx, so its official English name is used.",,,,
MAIN:0x0363DC,MAIN,989,,Ordinary text,0x0363DC,0x030A6F,0x030A6F,,,318,0x030E88,电击兽,ascii,Electabuz,Electabuzz,translated_directly_from_chinese_ai_review,pointer_table,high,pointer_table,ai_source_reviewed,9,no,,The Chinese species name identifies Electabuzz; this restores the final z missing from the 2015 spelling.,,,,
MAIN:0x0363ED,MAIN,990,,Ordinary text,0x0363ED,0x030A73,0x030A73,,,320,0x030E9A,大甲,ascii,Pinsir,Pinsir,translated_directly_from_chinese_ai_review,pointer_table,high,pointer_table,ai_source_reviewed,6,no,,The Chinese species name Dajia unambiguously identifies Pinsir in this Kanto species table.,,,,
MAIN:0x0363FB,MAIN,991,,Ordinary text,0x0363FB,0x030A77,0x030A77,,,322,0x030EA8,鲤鱼王,ascii,Magikarp,Magikarp,translated_directly_from_chinese_ai_review,pointer_table,high,pointer_table,ai_source_reviewed,8,no,,"The Chinese species name unambiguously identifies Magikarp, so its official English name is used.",,,,
MAIN:0x036404,MAIN,992,,Ordinary text,0x036404,0x030A79,0x030A79,,,323,0x030EB0,暴鲤龙,ascii,Gyarados,Gyarados,translated_directly_from_chinese_ai_review,pointer_table,high,pointer_table,ai_source_reviewed,8,no,,"The Chinese species name unambiguously identifies Gyarados, so its official English name is used.",,,,
MAIN:0x03640D,MAIN,993,,Ordinary text,0x03640D,0x030A7B,0x030A7B,,,324,0x030EB8,乘龙,ascii,Lapras,Lapras,translated_directly_from_chinese_ai_review,pointer_table,high,pointer_table,ai_source_reviewed,6,no,,"The Chinese species name unambiguously identifies Lapras, so its official English name is used.",,,,
MAIN:0x036414,MAIN,994,,Ordinary text,0x036414,0x030A7D,0x030A7D,,,325,0x030EBE,百变怪,ascii,Ditto,Ditto,translated_directly_from_chinese_ai_review,pointer_table,high,pointer_table,ai_source_reviewed,5,no,,"The Chinese species name unambiguously identifies Ditto, so its official English name is used.",,,,
MAIN:0x03641A,MAIN,995,,Ordinary text,0x03641A,0x030A7F,0x030A7F,,,326,0x030EC6,伊布,ascii,Eevee,Eevee,translated_directly_from_chinese_ai_review,pointer_table,high,pointer_table,ai_source_reviewed,5,no,,"The Chinese species name unambiguously identifies Eevee, so its official English name is used.",,,,
MAIN:0x036420,MAIN,996,,Ordinary text,0x036420,0x030A81,0x030A81,,,327,0x030ECC,水精灵,ascii,Vaporeon,Vaporeon,translated_directly_from_chinese_ai_review,pointer_table,high,pointer_table,ai_source_reviewed,8,no,,The Chinese water-evolution name unambiguously identifies Vaporeon.,,,,
MAIN:0x036429,MAIN,997,,Ordinary text,0x036429,0x030A83,0x030A83,,,328,0x030ED4,雷精灵,ascii,Jolteon,Jolteon,translated_directly_from_chinese_ai_review,pointer_table,high,pointer_table,ai_source_reviewed,7,no,,The Chinese electric-evolution name unambiguously identifies Jolteon.,,,,
MAIN:0x036431,MAIN,998,,Ordinary text,0x036431,0x030A85,0x030A85,,,329,0x030EDC,火精灵,ascii,Flareon,Flareon,translated_directly_from_chinese_ai_review,pointer_table,high,pointer_table,ai_source_reviewed,7,no,,The Chinese fire-evolution name unambiguously identifies Flareon.,,,,
MAIN:0x036441,MAIN,999,,Ordinary text,0x036441,0x030A89,0x030A89,,,331,0x030EEC,菊石兽,ascii,Omanyte,Omanyte,translated_directly_from_chinese_ai_review,pointer_table,high,pointer_table,ai_source_reviewed,7,no,,"The Chinese species name unambiguously identifies Omanyte, so its official English name is used.",,,,
MAIN:0x036449,MAIN,1000,,Ordinary text,0x036449,0x030A8B,0x030A8B,,,332,0x030EF4,多刺菊石,ascii,Omastar,Omastar,translated_directly_from_chinese_ai_review,pointer_table,high,pointer_table,ai_source_reviewed,7,no,,"The Chinese species name unambiguously identifies Omastar, so its official English name is used.",,,,
MAIN:0x036451,MAIN,1001,,Ordinary text,0x036451,0x030A8D,0x030A8D,,,333,0x030EFE,化石盔,ascii,Kabuto,Kabuto,translated_directly_from_chinese_ai_review,pointer_table,high,pointer_table,ai_source_reviewed,6,no,,"The Chinese species name unambiguously identifies Kabuto, so its official English name is used.",,,,
MAIN:0x036461,MAIN,1002,,Ordinary text,0x036461,0x030A91,0x030A91,,,335,0x030F0E,化石翼龙,ascii,Aerodactyl,Aerodactyl,translated_directly_from_chinese_ai_review,pointer_table,high,pointer_table,ai_source_reviewed,10,no,,The Chinese fossil-winged-dragon name unambiguously identifies Aerodactyl.,,,,
MAIN:0x03646C,MAIN,1003,,Ordinary text,0x03646C,0x030A93,0x030A93,,,336,0x030F18,卡比兽,ascii,Snorlax,Snorlax,translated_directly_from_chinese_ai_review,pointer_table,high,pointer_table,ai_source_reviewed,7,no,,"The Chinese species name unambiguously identifies Snorlax, so its official English name is used.",,,,
MAIN:0x036474,MAIN,1004,,Ordinary text,0x036474,0x030A95,0x030A95,,,337,0x030F20,急冻鸟,ascii,Articuno,Articuno,translated_directly_from_chinese_ai_review,pointer_table,high,pointer_table,ai_source_reviewed,8,no,,The Chinese ice-bird name unambiguously identifies Articuno.,,,,
MAIN:0x03647D,MAIN,1005,,Ordinary text,0x03647D,0x030A97,0x030A97,,,338,0x030F28,闪电鸟,ascii,Zapdos,Zapdos,translated_directly_from_chinese_ai_review,pointer_table,high,pointer_table,ai_source_reviewed,6,no,,The Chinese lightning-bird name unambiguously identifies Zapdos.,,,,
MAIN:0x036484,MAIN,1006,,Ordinary text,0x036484,0x030A99,0x030A99,,,339,0x030F30,火焰鸟,ascii,Moltres,Moltres,translated_directly_from_chinese_ai_review,pointer_table,high,pointer_table,ai_source_reviewed,7,no,,The Chinese flame-bird name unambiguously identifies Moltres.,,,,
MAIN:0x03648C,MAIN,1007,,Ordinary text,0x03648C,0x030A9B,0x030A9B,,,340,0x030F38,迷你龙,ascii,Dratini,Dratini,translated_directly_from_chinese_ai_review,pointer_table,high,pointer_table,ai_source_reviewed,7,no,,"The Chinese species name unambiguously identifies Dratini, so its official English name is used.",,,,
MAIN:0x036494,MAIN,1008,,Ordinary text,0x036494,0x030A9D,0x030A9D,,,341,0x030F40,哈克龙,ascii,Dragonair,Dragonair,translated_directly_from_chinese_ai_review,pointer_table,high,pointer_table,ai_source_reviewed,9,no,,"The Chinese species name unambiguously identifies Dragonair, so its official English name is used.",,,,
MAIN:0x03649E,MAIN,1009,,Ordinary text,0x03649E,0x030A9F,0x030A9F,,,342,0x030F48,快龙,ascii,Dragonite,Dragonite,translated_directly_from_chinese_ai_review,pointer_table,high,pointer_table,ai_source_reviewed,9,no,,"The Chinese species name unambiguously identifies Dragonite, so its official English name is used.",,,,
MAIN:0x0364F0,MAIN,1010,,Ordinary text,0x0364F0,0x0301AF,0x0301AF,,,192,0x03095A,使用了伤药,ascii,Used a Max Potion!,Used a Potion!,translated_directly_from_chinese_ai_review,pointer_table,high,pointer_table,ai_source_reviewed,18,no,,The Chinese explicitly names an ordinary Potion; Max in the 2015 English and French witnesses is unsupported and is not imported.,,,,
MAIN:0x03650D,MAIN,1011,,Ordinary text,0x03650D,0x030073,0x030073,,,37,0x03034A,麻痹了不能动,ascii,Can't attack!, is fully paralyzed!,translated_directly_from_chinese_ai_review,pointer_table,high,pointer_table,ai_source_reviewed,13,no,,"Restores both the paralysis and resulting inability to move, with a leading space for the affected Pokémon's name. Full-text review: Keeps the full-paralysis/no-action result grammatical on the engine-provided second row.",,,,
MAIN:0x03651B,MAIN,1012,,Ordinary text,0x03651B,0x030061,0x030061,,,28,0x0302F8,睡着了,ascii,Fell asleep!, fell asleep!,translated_directly_from_chinese_ai_review,pointer_table,high,pointer_table,ai_source_reviewed,12,no,,This status-infliction pointer marks entry into sleep and retains its structural leading join after the Pokémon name.,,,,
MAIN:0x036528,MAIN,1013,D0229,In-game dialogue,0x036528,0x034AF9,0x034AF9,dialogue_19_19,,1063,0x034CD9,我相信科学的力量!现在电脑可以通信精灵和道具,ascii,"I'm raising Pok@mon too! When they get strong, they can protect me!",Science is amazing! PCs can transfer Pokémon and items!,translated_directly_from_chinese_ai_review,pointer_table,high,dialogue_inventory_overlay,ai_source_reviewed,68,yes,"Uses complete, natural English while respecting dialogue pagination and ROM bank limits; no displayed word is truncated.",Compressed directly against the Chinese source. Restores the science claim and the PC's ability to transfer both Pokémon and items; the 2015 raising dialogue is unrelated. Full-text review: Restores a complete natural version of the science NPC line.,,,,
MAIN:0x03656D,MAIN,1014,,Raw text,0x03656D,,0x034AF9,raw,,1063,0x034CD9,我相信科学的力量!现在电脑可以通信精灵和道具,ascii,Technology is incredible! You cannow store and recall items and Pok@mon as data viaPC!,I believe in the power of science! Computers can now transfer Pokémon and items.,translated_directly_from_reviewed_chinese_source_ai_review,unaligned,low,reviewed_source_adjudication,ai_source_reviewed,98,no,,Preserves the speaker's belief in science and the claim that computers can now transfer both Pokémon and items.,,,,
MAIN:0x0365D0,MAIN,1015,D0230,In-game dialogue,0x0365D0,0x034BC1,0x034BC1,dialogue_19_19,,1163,0x035963,我的怪兽力量都用尽了......,ascii,You can use that PC in the corner over there.,My team is spent...,translated_directly_from_chinese_ai_review,pointer_table,high,dialogue_inventory_overlay,ai_source_reviewed,45,yes,"Uses shorter direct clauses and removes English-only scaffolding, reducing this entry from 50 to 19 formatted bytes while retaining every Chinese-source detail identified in the fidelity comment.",Compressed directly against the Chinese source. Restores the speaker's exhausted Pokémon rather than the unrelated directions to a PC.,,,,
MAIN:0x0365FE,MAIN,1016,D0231,In-game dialogue,0x0365FE,0x034AFB,0x034AFB,dialogue_19_19,,1064,0x034D06,休息一下如何?,ascii,"Ash,if you drive your Pok@mon too hard, they'll dislike you.You should take a rest.",How about a rest?,adapted_from_official_english_gen1_with_chinese_fidelity_ai_review,pointer_table,high,dialogue_inventory_overlay,ai_source_reviewed,102,yes,"Uses official Gen I field-dialogue style: the visible sprite and encounter identify the sole speaker, so no redundant class label consumes text-bank space.","Full-text review: Translates the source question instead of reducing it to an order. Omits the contextual one-speaker label 'MOM', as in official Gen I field dialogue; the sprite and encounter retain the speaker identity.",,,,
MAIN:0x036665,MAIN,1017,D0232,In-game dialogue,0x036665,0x034AFD,0x034AFD,dialogue_19_19,,1065,0x034D15,"啊!你和精灵都很精神!小心去吧,保重!",ascii,Oh good! You and your Pok@mon are looking great! Takecare now!,You and your Pokémon look great! Take care!,translated_directly_from_chinese_ai_review,pointer_table,high,dialogue_inventory_overlay,ai_source_reviewed,66,yes,"Uses complete, natural English while respecting dialogue pagination and ROM bank limits; no displayed word is truncated.",Compressed directly against the Chinese source. Keeps the good condition of both Trainer and Pokémon and the two closing wishes for caution and safety. Full-text review: Restores both subjects and a natural farewell.,,,,
MAIN:0x0366A8,MAIN,1018,D0233,In-game dialogue,0x0366A8,0x034BB1,0x034BB1,dialogue_19_19,GARY'S SISTER,1155,0x035877,小茂姐姐:爷爷有任务交给你啊!,ascii,"Gary's Sis:Pok@mon are living things! If they get tired, give them a rest!",GARY'S SIS: Grandpa has a task for you!,translated_directly_from_chinese_ai_review,pointer_table,high,dialogue_inventory_overlay,ai_source_reviewed,74,yes,"Uses complete, natural English while respecting dialogue pagination and ROM bank limits; no displayed word is truncated.",Compressed directly against the Chinese source. Preserves Gary's sister as speaker and her message that Grandpa has an assignment for the player. Full-text review: Restores a finite verb without changing the source fact.,,,,
MAIN:0x0366F3,MAIN,1019,D0234,In-game dialogue,0x0366F3,0x034B05,0x034B05,dialogue_19_19,,1069,0x034DA1,你的精灵球是很方便的东西啊,ascii,"You know there's 2 kinds of caterpilarPok@mon? Caterpie has no poison, but Weedle does. Watch out for it!",Poké Balls are handy!,translated_directly_from_chinese_ai_review,pointer_table,high,dialogue_inventory_overlay,ai_source_reviewed,106,yes,"Uses shorter direct clauses and removes English-only scaffolding, reducing this entry from 30 to 25 formatted bytes while retaining every Chinese-source detail identified in the fidelity comment.",Compressed directly against the Chinese source. Restores the praise for the player's useful Poké Balls; the 2015 Caterpie and Weedle lesson is unrelated.,,,,
MAIN:0x03675E,MAIN,1020,D0235,In-game dialogue,0x03675E,0x034B0B,0x034B0B,dialogue_19_19,,1072,0x034E07,啊!日记的内容我都记住了,ascii,Coming up with nick names for my Pok@mon is fun.,You memorized the diary entry!,translated_directly_from_chinese_ai_review,pointer_table,high,dialogue_inventory_overlay,ai_source_reviewed,54,yes,"Uses complete, natural English while respecting dialogue pagination and ROM bank limits; no displayed word is truncated.",Compressed directly against the Chinese source. Preserves the claim of remembering the diary's entire contents instead of the 2015 nickname remark. Full-text review: Uses a complete natural system message.,,,,
MAIN:0x036795,MAIN,1021,D0236,In-game dialogue,0x036795,0x034B0D,0x034B0D,dialogue_19_19,,1073,0x034E20,我也很喜欢精灵啊,ascii,"When you're using aPok@dex, it is updated instantly when you catch a Pok@mon.",I love Pokémon too!,translated_directly_from_chinese_ai_review,pointer_table,high,dialogue_inventory_overlay,ai_source_reviewed,84,no,,Directly restores the speaker's shared affection for Pokémon.,,,,
MAIN:0x0367EA,MAIN,1022,D0237,In-game dialogue,0x0367EA,0x034B3B,0x034B3B,dialogue_19_19,,1096,0x0350F5,我也想要辆自行车,ascii,"If you press B whena Pok@mon is evolving,that will cancel the process.",I want a bike too!,translated_directly_from_chinese_ai_review,pointer_table,high,dialogue_inventory_overlay,ai_source_reviewed,76,yes,"Uses shorter direct clauses and removes English-only scaffolding, reducing this entry from 23 to 18 formatted bytes while retaining every Chinese-source detail identified in the fidelity comment.",Compressed directly against the Chinese source. Directly restores the desire for a bicycle; the 2015 evolution advice is unrelated.,,,,
MAIN:0x036837,MAIN,1023,D0238,In-game dialogue,0x036837,0x034B81,0x034B81,dialogue_19_19,,1131,0x03559D,你的比卡丘很可爱呢,ascii,Our Chairman loves Pok@mon!,Your Pikachu is cute!,translated_directly_from_chinese_ai_review,pointer_table,high,dialogue_inventory_overlay,ai_source_reviewed,27,yes,"Uses shorter direct clauses and removes English-only scaffolding, reducing this entry from 28 to 24 formatted bytes while retaining every Chinese-source detail identified in the fidelity comment.",Compressed directly against the Chinese source. Preserves the compliment directed specifically at the player's Pikachu.,,,,
MAIN:0x036853,MAIN,1024,D0239,In-game dialogue,0x036853,0x034B7F,0x034B7F,dialogue_19_19,,1130,0x03558A,我的肚子好饿呀...,ascii,I heard Grimer livein toxic waste.,So hungry...,translated_directly_from_chinese_ai_review,pointer_table,high,dialogue_inventory_overlay,ai_source_reviewed,34,yes,"Uses shorter direct clauses and removes English-only scaffolding, reducing this entry from 16 to 12 formatted bytes while retaining every Chinese-source detail identified in the fidelity comment.",Compressed directly against the Chinese source. Directly restores the speaker's hunger rather than the unrelated 2015 Grimer fact.,,,,
MAIN:0x036876,MAIN,1025,D0240,In-game dialogue,0x036876,0x034B7B,0x034B7B,dialogue_19_19,,1128,0x035556,铁达尼号出发了吗?,ascii,"Sorry, Lt. Surge isout right now.",Has Titanic left?,translated_directly_from_chinese_ai_review,pointer_table,high,dialogue_inventory_overlay,ai_source_reviewed,33,yes,"Uses shorter direct clauses and removes English-only scaffolding, reducing this entry from 28 to 17 formatted bytes while retaining every Chinese-source detail identified in the fidelity comment.",Compressed directly against the Chinese source. Preserves the question about the Titanic's departure and does not substitute the unrelated Lt. Surge absence.,,,,
MAIN:0x036898,MAIN,1026,D0241,In-game dialogue,0x036898,0x034BB3,0x034BB3,dialogue_19_19,,1156,0x035895,该怎么吧这家伙弄醒呢?,ascii,A sleeping Pok@mon blocks the path.,How do I wake him?,translated_directly_from_chinese_ai_review,pointer_table,high,dialogue_inventory_overlay,ai_source_reviewed,35,yes,"Uses shorter direct clauses and removes English-only scaffolding, reducing this entry from 31 to 18 formatted bytes while retaining every Chinese-source detail identified in the fidelity comment.","Compressed directly against the Chinese source. Keeps the practical question of how to wake the sleeper, rather than merely stating that the path is blocked.",,,,
MAIN:0x0368BC,MAIN,1027,D0242,In-game dialogue,0x0368BC,0x034B1B,0x034B1B,dialogue_19_19,,1080,0x034F18,啊!这长长的洞穴!是地鼠挖的!听说都到尼比市了!,ascii,Diglets dug this cave that goes to Viridian City.,Diglett dug this tunnel all the way to Pewter!,translated_directly_from_chinese_ai_review,pointer_table,high,dialogue_inventory_overlay,ai_source_reviewed,52,yes,"Uses complete, natural English while respecting dialogue pagination and ROM bank limits; no displayed word is truncated.","Corrected against the Chinese source: preserves Diglett, Pewter City, and the explicit hearsay rather than asserting the tunnel's reach as certain. Full-text review: Replaces the semicolon fragment with a complete source-faithful sentence.",,,,
MAIN:0x0368F1,MAIN,1028,,Raw text,0x0368F1,,0x034B51,raw,,1107,0x03523F,最近幽灵塔里好象出现幽灵...,ascii,Restless Pok@mon spirits have been seen in Pok@mon Tower.,It seems ghosts have appeared in Pokémon Tower lately...,translated_directly_from_reviewed_chinese_source_ai_review,unaligned,low,reviewed_source_adjudication,ai_source_reviewed,57,no,,Restores the recent ghost sighting and uses Pokémon Tower for the matching in-world location.,,,,
MAIN:0x03692B,MAIN,1029,D0243,In-game dialogue,0x03692B,0x034BA1,0x034BA1,dialogue_19_19,,1147,0x03576E,这里每天进行精灵研究,ascii,It never hurts to have extra items!,We study Pokémon here every day.,translated_directly_from_chinese_ai_review,pointer_table,high,dialogue_inventory_overlay,ai_source_reviewed,36,yes,"Uses complete, natural English while respecting dialogue pagination and ROM bank limits; no displayed word is truncated.",Compressed directly against the Chinese source. Restores the statement that this site conducts daily Pokémon research. Full-text review: Restores the omitted subject and natural adverb placement.,,,,
MAIN:0x036950,MAIN,1030,,Pokédex,0x036950,0x032020,0x032020,pokedex_13x4,,745,0x03217C,背部能开出美丽的花,ascii,The bulb on its back has a sweet aroma,Beautiful flowers bloom on its back.,translated_directly_from_chinese_ai_review,pointer_table,high,pointer_table,ai_source_reviewed,39,no,,Direct Chinese-source rendering: Beautiful flowers bloom on its back; no divergent 2015 detail is imported.,,,,
MAIN:0x036978,MAIN,1031,,Pokédex,0x036978,0x032022,0x032022,pokedex_13x4,,746,0x032190,花的香气让人心情好,ascii,It stays on the move to seek sunlightfor energy,Its flower's scent cheers people up.,translated_directly_from_chinese_ai_review,pointer_table,high,pointer_table,ai_source_reviewed,49,no,,Direct Chinese-source rendering: Its flower's scent cheers people up; no divergent 2015 detail is imported.,,,,
MAIN:0x0369AA,MAIN,1032,,Pokédex,0x0369AA,0x032026,0x032026,pokedex_13x4,,748,0x0321BA,转动尾巴点燃火焰让周围温度上升,ascii,It blows blueand white flames when it's enraged,It spins its tail to spark fire and raise heat.,translated_directly_from_chinese_ai_review,pointer_table,high,pointer_table,ai_source_reviewed,51,no,,Direct Chinese-source rendering: It spins its tail to spark fire and raise heat; no divergent 2015 detail is imported.,,,,
MAIN:0x0369DE,MAIN,1033,,Pokédex,0x0369DE,0x032028,0x032028,pokedex_13x4,,749,0x0321DA,吐出的高温火焰可以烧化岩石,ascii,It spits firethat's hot enough to melt boulders,Its hot flames can melt rock.,translated_directly_from_chinese_ai_review,pointer_table,high,pointer_table,ai_source_reviewed,52,no,,Direct Chinese-source rendering: Its hot flames can melt rock; no divergent 2015 detail is imported.,,,,
MAIN:0x036A13,MAIN,1034,,Pokédex,0x036A13,0x032030,0x032030,pokedex_13x4,,753,0x03225A,足虽短但很有力量,ascii,Its feet havesuction pads that help it climb trees,Its short feet are very strong.,translated_directly_from_chinese_ai_review,pointer_table,high,pointer_table,ai_source_reviewed,50,no,,Direct Chinese-source rendering: Its short feet are very strong; no divergent 2015 detail is imported.,,,,
MAIN:0x036A46,MAIN,1035,,Pokédex,0x036A46,0x032034,0x032034,pokedex_13x4,,755,0x03228A,能放出毒粉顺利飞行,ascii,Its water- proof wings lets it fly in the rain,It releases toxic powder and flies well.,translated_directly_from_chinese_ai_review,pointer_table,high,pointer_table,ai_source_reviewed,50,no,,Direct Chinese-source rendering: It releases toxic powder and flies well; no divergent 2015 detail is imported.,,,,
MAIN:0x036A79,MAIN,1036,,Pokédex,0x036A79,0x032038,0x032038,pokedex_13x4,,757,0x0322BA,自己几乎不移动危险时会变硬保护,ascii,It may stick out its stin-ger to poisonan enemy,It hardens to guard itself from danger.,translated_directly_from_chinese_ai_review,pointer_table,high,pointer_table,ai_source_reviewed,47,yes,Rephrased to fit the four 13-cell Pokédex lines without splitting a word or dropping the source fact.,Direct Chinese-source rendering: It barely moves; danger makes it hard for safety; no divergent 2015 detail is imported. Full-text review: Replaces the malformed phrase 'danger makes it hard for safety'.,,,,
MAIN:0x036AA9,MAIN,1037,,Pokédex,0x036AA9,0x03203E,0x03203E,pokedex_13x4,,760,0x032308,拥有属于自己的地盘攻击入侵的敌人,ascii,It constantlyflies around in search of prey,It has territory and attacks intruders.,translated_directly_from_chinese_ai_review,pointer_table,high,pointer_table,ai_source_reviewed,43,no,,Direct Chinese-source rendering: It has territory and attacks intruders; no divergent 2015 detail is imported.,,,,
MAIN:0x036AD5,MAIN,1038,,Pokédex,0x036AD5,0x032042,0x032042,pokedex_13x4,,762,0x032346,身体小但移动灵敏,ascii,"Very common, if you see itthere may be 40 more near",It is small but moves nimbly.,translated_directly_from_chinese_ai_review,pointer_table,high,pointer_table,ai_source_reviewed,51,no,,Direct Chinese-source rendering: It is small but moves nimbly; no divergent 2015 detail is imported.,,,,
MAIN:0x036B09,MAIN,1039,,Pokédex,0x036B09,0x032046,0x032046,pokedex_13x4,,764,0x032370,以虫子为食喜欢整理羽毛,ascii,"Eats bugs in grassy areas,and can fly very quickly",It eats bugs and loves preening its feathers.,translated_directly_from_chinese_ai_review,pointer_table,high,pointer_table,ai_source_reviewed,51,no,,Direct Chinese-source rendering: It eats bugs and loves preening its feathers; no divergent 2015 detail is imported.,,,,
MAIN:0x036B3D,MAIN,1040,,Pokédex,0x036B3D,0x032048,0x032048,pokedex_13x4,,765,0x032388,有很大的翅膀可以在天空飞行,ascii,"With its hugewings, it canfly without ever resting",Its huge wings carry it through the sky.,translated_directly_from_chinese_ai_review,pointer_table,high,pointer_table,ai_source_reviewed,51,yes,Rephrased to fit the four 13-cell Pokédex lines without splitting a word or dropping the source fact.,Direct Chinese-source rendering: Its huge wings let it fly in the sky; no divergent 2015 detail is imported. Full-text review: Removes the redundant phrase 'fly in the sky'.,,,,
MAIN:0x036B71,MAIN,1041,,Pokédex,0x036B71,0x03204E,0x03204E,pokedex_13x4,,768,0x0323DA,很多聚在一起可以引发闪电,ascii,"When several get together,they could cause a storm",Many together can trigger lightning.,translated_directly_from_chinese_ai_review,pointer_table,high,pointer_table,ai_source_reviewed,52,no,,Direct Chinese-source rendering: Many together can trigger lightning; no divergent 2015 detail is imported.,,,,
MAIN:0x036BA6,MAIN,1042,,Pokédex,0x036BA6,0x032054,0x032054,pokedex_13x4,,771,0x03242A,身体团起来时像个刺球,ascii,"If its claws break,they'llgrow back in a day","Curled up, its body looks like a spiked ball.",translated_directly_from_chinese_ai_review,pointer_table,high,pointer_table,ai_source_reviewed,44,no,,"Direct Chinese-source rendering: Curled up, its body looks like a spiked ball; no divergent 2015 detail is imported.",,,,
MAIN:0x036BD3,MAIN,1043,,Pokédex,0x036BD3,0x032058,0x032058,pokedex_13x4,,773,0x032458,喜欢对战的精灵,ascii,This Pok@mon prefers phys-ical attacks like biting,It loves to battle.,translated_directly_from_chinese_ai_review,pointer_table,high,pointer_table,ai_source_reviewed,50,no,,Direct Chinese-source rendering: It loves to battle; no divergent 2015 detail is imported.,,,,
MAIN:0x036C06,MAIN,1044,,Pokédex,0x036C06,0x03205A,0x03205A,pokedex_13x4,,774,0x032468,有坚硬的鳞可以保护身体,ascii,It uses its hefty bulk toexecute very strong moves,Hard scales protect its body.,translated_directly_from_chinese_ai_review,pointer_table,high,pointer_table,ai_source_reviewed,51,no,,Direct Chinese-source rendering: Hard scales protect its body; no divergent 2015 detail is imported.,,,,
MAIN:0x036C3A,MAIN,1045,,Pokédex,0x036C3A,0x03205C,0x03205C,pokedex_13x4,,775,0x032480,遇到危险身体的刺可以放出强烈的毒,ascii,"If it senses danger,it'll attack using its horns",Its spines emit potent poison when threatened.,translated_directly_from_chinese_ai_review,pointer_table,high,pointer_table,ai_source_reviewed,48,yes,Rephrased to fit the four 13-cell Pokédex lines without splitting a word or dropping the source fact.,Direct Chinese-source rendering: its spines emit strong poison when danger strikes; no divergent 2015 detail is imported. Full-text review: Uses natural verb and adjective order.,,,,
MAIN:0x036C6B,MAIN,1046,,Pokédex,0x036C6B,0x032064,0x032064,pokedex_13x4,,779,0x0324E2,胆子小一遇到危险就跑,ascii,A timid Pok@-mon that willrun if it senses people,It is timid and flees at any danger.,translated_directly_from_chinese_ai_review,pointer_table,high,pointer_table,ai_source_reviewed,52,no,,Direct Chinese-source rendering: It is timid and flees at any danger; no divergent 2015 detail is imported.,,,,
MAIN:0x036CA0,MAIN,1047,,Pokédex,0x036CA0,0x032068,0x032068,pokedex_13x4,,781,0x03251A,尾巴长到九条变的聪明,ascii,It's said 9 saints were reincarnated as Ninetales,"At nine tails, it grows clever.",translated_directly_from_chinese_ai_review,pointer_table,high,pointer_table,ai_source_reviewed,51,no,,"Direct Chinese-source rendering: At nine tails, it grows clever; no divergent 2015 detail is imported.",,,,
MAIN:0x036CD4,MAIN,1048,,Pokédex,0x036CD4,0x03206A,0x03206A,pokedex_13x4,,782,0x032530,能发出催人入眠的歌声,ascii,It sings a melody that lulls the foeto sleep,Its song can lull others to sleep.,translated_directly_from_chinese_ai_review,pointer_table,high,pointer_table,ai_source_reviewed,47,no,,Direct Chinese-source rendering: Its song can lull others to sleep; no divergent 2015 detail is imported.,,,,
MAIN:0x036D04,MAIN,1049,,Pokédex,0x036D04,0x032070,0x032070,pokedex_13x4,,785,0x032576,专门靠吸血为生,ascii,It will not stop drainingits victim once it bites,It lives solely by drinking blood.,translated_directly_from_chinese_ai_review,pointer_table,high,pointer_table,ai_source_reviewed,52,no,,Direct Chinese-source rendering: It lives solely by drinking blood; no divergent 2015 detail is imported.,,,,
MAIN:0x036D39,MAIN,1050,,Pokédex,0x036D39,0x032072,0x032072,pokedex_13x4,,786,0x032586,身体常常贴在地面慢慢移动,ascii,It buries it-self in the day& at nightsows seeds,It hugs the ground and moves slowly.,translated_directly_from_chinese_ai_review,pointer_table,high,pointer_table,ai_source_reviewed,49,no,,Direct Chinese-source rendering: It hugs the ground and moves slowly; no divergent 2015 detail is imported.,,,,
MAIN:0x036D6B,MAIN,1051,,Pokédex,0x036D6B,0x032074,0x032074,pokedex_13x4,,787,0x0325A0,能分泌液体吸引食物,ascii,It oozes nec-tar from its mouth to lureprey,It secretes fluid to lure food.,translated_directly_from_chinese_ai_review,pointer_table,high,pointer_table,ai_source_reviewed,43,no,,Direct Chinese-source rendering: It secretes fluid to lure food; no divergent 2015 detail is imported.,,,,
MAIN:0x036D97,MAIN,1052,,Pokédex,0x036D97,0x03207A,0x03207A,pokedex_13x4,,790,0x0325D8,身体比虫大爱潮湿的地方,ascii,The mushroom on its back drains energyfrom Parasect,"Larger than most bugs, it likes damp places.",translated_directly_from_chinese_ai_review,pointer_table,high,pointer_table,ai_source_reviewed,52,yes,Rephrased to fit the four 13-cell Pokédex lines without splitting a word or dropping the source fact.,Direct Chinese-source rendering: Its body is bigger than a bug and loves damp places; no divergent 2015 detail is imported. Full-text review: Clarifies the comparison and joins the clauses naturally.,,,,
MAIN:0x036DCC,MAIN,1053,,Pokédex,0x036DCC,0x03207C,0x03207C,pokedex_13x4,,791,0x0325F0,在大树下生活爱吃小虫子,ascii,Lives in the shadows of trees where it eats bugs,It loves tiny bugs and lives under big trees.,translated_directly_from_chinese_ai_review,pointer_table,high,pointer_table,ai_source_reviewed,51,no,,Direct Chinese-source rendering: It loves tiny bugs and lives under big trees; no divergent 2015 detail is imported.,,,,
MAIN:0x036E00,MAIN,1054,,Pokédex,0x036E00,0x032080,0x032080,pokedex_13x4,,793,0x03261E,在底下一公里处生活,ascii,Lives undergr-ound where it feeds on plant roots,It lives one kilometer underground.,translated_directly_from_chinese_ai_review,pointer_table,high,pointer_table,ai_source_reviewed,50,no,,Preserves the one-kilometer underground habitat and does not import the old root-feeding claim.,,,,
MAIN:0x036E33,MAIN,1055,,Pokédex,0x036E33,0x032084,0x032084,pokedex_13x4,,795,0x032646,喜欢钱币形状的东西,ascii,Loves shiny things and often wandersto find coins,It likes coin-shaped objects.,translated_directly_from_chinese_ai_review,pointer_table,high,pointer_table,ai_source_reviewed,52,no,,Keeps only the preference for coin-shaped objects; shininess and wandering are absent from the Chinese source.,,,,
MAIN:0x036E68,MAIN,1056,,Pokédex,0x036E68,0x032086,0x032086,pokedex_13x4,,796,0x03265A,属于很多人喜欢的生物,ascii,"Although veryadmired, it is hard to keep as a pet",Many people love this creature.,translated_directly_from_chinese_ai_review,pointer_table,high,pointer_table,ai_source_reviewed,52,yes,Rephrased to fit the four 13-cell Pokédex lines without splitting a word or dropping the source fact.,Directly conveys that the creature is liked by many people without adding difficulty in raising it. Full-text review: Uses concise idiomatic English for widespread popularity.,,,,
MAIN:0x036E9D,MAIN,1057,,Pokédex,0x036E9D,0x03208A,0x03208A,pokedex_13x4,,798,0x03267E,喜欢在水里游泳,ascii,It swims verygracefully using broad flippers,It loves swimming in water.,translated_directly_from_chinese_ai_review,pointer_table,high,pointer_table,ai_source_reviewed,47,no,,Preserves its simple love of swimming and omits the unsupported grace and flipper details.,,,,
MAIN:0x036ECD,MAIN,1058,,Pokédex,0x036ECD,0x03208E,0x03208E,pokedex_13x4,,800,0x0326A6,生气时追着对手不放,ascii,"Always angry,will chase its prey tillits caught","When angry, it won't stop chasing its foe.",translated_directly_from_chinese_ai_review,pointer_table,high,pointer_table,ai_source_reviewed,49,no,,Faithfully links its anger to a relentless pursuit of its opponent.,,,,
MAIN:0x036EFF,MAIN,1059,,Pokédex,0x036EFF,0x032090,0x032090,pokedex_13x4,,801,0x0326BA,保护自己的领地不让任何人靠近,ascii,"Very territo-rial, it willbark to repelintruders",It guards its territory and lets no one near.,translated_directly_from_chinese_ai_review,pointer_table,high,pointer_table,ai_source_reviewed,48,no,,Restores the absolute defense of its territory without adding the old barking behavior.,,,,
MAIN:0x036F30,MAIN,1060,,Pokédex,0x036F30,0x032094,0x032094,pokedex_13x4,,803,0x0326EC,在水里生活的精灵,ascii,It appears toprefer swimm-ing than try-ing to stand,This Pokémon lives in water.,translated_directly_from_chinese_ai_review,pointer_table,high,pointer_table,ai_source_reviewed,51,no,,States only the aquatic habitat given by the reviewed Chinese source.,,,,
MAIN:0x036F64,MAIN,1061,,Pokédex,0x036F64,0x032098,0x032098,pokedex_13x4,,805,0x032710,擅长游泳速度惊人,ascii,A strong swi-mmer that canbeat championswimmers,"It is a skilled, amazingly fast swimmer.",translated_directly_from_chinese_ai_review,pointer_table,high,pointer_table,ai_source_reviewed,47,yes,Rephrased to fit the four 13-cell Pokédex lines without splitting a word or dropping the source fact.,Preserves both its swimming skill and astonishing speed without adding a race against champions. Full-text review: Turns a noun fragment into a complete sentence.,,,,
MAIN:0x036F94,MAIN,1062,,Pokédex,0x036F94,0x03209A,0x03209A,pokedex_13x4,,806,0x032722,发现敌人后会乘机逃跑,ascii,It can read minds and it will teleportif in danger,It spots a foe and flees when it can.,translated_directly_from_chinese_ai_review,pointer_table,high,pointer_table,ai_source_reviewed,51,no,,Restores its opportunistic escape after spotting an enemy; mind reading and teleportation are not retained.,,,,
MAIN:0x036FC8,MAIN,1063,,Pokédex,0x036FC8,0x03209E,0x03209E,pokedex_13x4,,808,0x032750,有比超级计算机还灵敏的技能,ascii,"It can memor-ize anything,and never forgets anything",Its abilities surpass any computer.,translated_directly_from_chinese_ai_review,pointer_table,high,pointer_table,ai_source_reviewed,52,yes,Rephrased to fit the four 13-cell Pokédex lines without splitting a word or dropping the source fact.,Conveys the source's responsiveness comparison with a supercomputer rather than the old perfect-memory claim. Full-text review: Matches the source ability comparison rather than inventing reaction speed.,,,,
MAIN:0x036FFD,MAIN,1064,,Pokédex,0x036FFD,0x0320A2,0x0320A2,pokedex_13x4,,810,0x03277A,力量强大的生物,ascii,The belt it wears limits its incred- ible strength,A creature of immense strength.,translated_directly_from_chinese_ai_review,pointer_table,high,pointer_table,ai_source_reviewed,52,no,,Keeps the Chinese source's sole fact that this is an immensely powerful creature; no belt is introduced.,,,,
MAIN:0x037032,MAIN,1065,,Pokédex,0x037032,0x0320A6,0x0320A6,pokedex_13x4,,812,0x0327A4,爱吃小虫子,ascii,It ensnares tiny insects with vines and eats them,It loves eating tiny bugs.,translated_directly_from_chinese_ai_review,pointer_table,high,pointer_table,ai_source_reviewed,52,no,,Directly preserves its fondness for small insects without adding a capture method.,,,,
MAIN:0x037067,MAIN,1066,,Pokédex,0x037067,0x0320A8,0x0320A8,pokedex_13x4,,813,0x0327B0,能喷出毒粉阻止敌人移动,ascii,When hungry it swallows anything thatmoves,It sprays poison powder to halt foes.,translated_directly_from_chinese_ai_review,pointer_table,high,pointer_table,ai_source_reviewed,44,no,,Restores the poison powder that prevents enemies from moving; the old feeding behavior was unrelated.,,,,
MAIN:0x037094,MAIN,1067,,Pokédex,0x037094,0x0320AC,0x0320AC,pokedex_13x4,,815,0x0327DC,在海上漂浮,ascii,"Drifts in shallow seas,will attack using acid",It drifts on the sea.,translated_directly_from_chinese_ai_review,pointer_table,high,pointer_table,ai_source_reviewed,49,no,,"Keeps only the stated fact that it floats at sea, omitting unsupported acid and depth details.",,,,
MAIN:0x0370C6,MAIN,1068,,Pokédex,0x0370C6,0x0320AE,0x0320AE,pokedex_13x4,,816,0x0327E8,触手在刺中食物的时候可以变长,ascii,They ensnare prey using their numer- ous tentacles,Its tentacles lengthen when they pierce food.,translated_directly_from_chinese_ai_review,pointer_table,high,pointer_table,ai_source_reviewed,52,no,,Preserves the distinctive fact that its tentacles grow longer while piercing food.,,,,
MAIN:0x0370FB,MAIN,1069,,Pokédex,0x0370FB,0x0320B2,0x0320B2,pokedex_13x4,,818,0x03281A,常常在山坡地带活动,ascii,It rolls overany obstacle without avoiding them,It often roams on hillsides.,translated_directly_from_chinese_ai_review,pointer_table,high,pointer_table,ai_source_reviewed,52,no,,Restores its usual hillside habitat and does not import the old obstacle-rolling behavior.,,,,
MAIN:0x037130,MAIN,1070,,Pokédex,0x037130,0x0320B6,0x0320B6,pokedex_13x4,,820,0x032842,蹄比金刚石还坚硬能踩坏任何东西,ascii,Its hooves are 10 times harder than diamonds,Its diamond-hard hooves crush anything.,translated_directly_from_chinese_ai_review,pointer_table,high,pointer_table,ai_source_reviewed,47,yes,Rephrased to fit the four 13-cell Pokédex lines without splitting a word or dropping the source fact.,"Preserves both the harder-than-diamond hooves and their ability to crush anything, without inventing a numeric multiplier. Full-text review: Replaces the incomplete object 'crush all'.",,,,
MAIN:0x037160,MAIN,1071,,Pokédex,0x037160,0x0320BA,0x0320BA,pokedex_13x4,,822,0x032874,移动缓慢呆头呆脑,ascii,"Very slow, ittakes 5 sec. for it to feel pain",It is both slow and dim-witted.,translated_directly_from_chinese_ai_review,pointer_table,high,pointer_table,ai_source_reviewed,48,no,,Directly renders its slow movement and foolish demeanor; the five-second pain delay is not in the Chinese source.,,,,
MAIN:0x037191,MAIN,1072,,Pokédex,0x037191,0x0320BC,0x0320BC,pokedex_13x4,,823,0x032886,爱吃其它生物吃剩的食物,ascii,The Shellder on its tail eats scraps left by it,It loves food left by other creatures.,translated_directly_from_chinese_ai_review,pointer_table,high,pointer_table,ai_source_reviewed,49,no,,Keeps its taste for other creatures' leftovers without assigning the behavior to a different named Pokémon.,,,,
MAIN:0x0371C3,MAIN,1073,,Pokédex,0x0371C3,0x0320C0,0x0320C0,pokedex_13x4,,825,0x0328AC,聚集发电厂的能量,ascii,They appear frequently when sunspotsflare up,It gathers energy from power plants.,translated_directly_from_chinese_ai_review,pointer_table,high,pointer_table,ai_source_reviewed,47,no,,Restores the collection of power-plant energy and rejects the unrelated old sunspot claim.,,,,
MAIN:0x0371F3,MAIN,1074,,Pokédex,0x0371F3,0x0320C4,0x0320C4,pokedex_13x4,,827,0x0328D4,飞行本领差但跑的速度快,ascii,It prefers torun on its highly devel-oped legs,It flies poorly but runs fast.,translated_directly_from_chinese_ai_review,pointer_table,high,pointer_table,ai_source_reviewed,48,no,,Preserves the contrast between weak flying ability and high running speed.,,,,
MAIN:0x037224,MAIN,1075,,Pokédex,0x037224,0x0320C8,0x0320C8,pokedex_13x4,,829,0x03290C,头很硬耐攻击,ascii,It loves to swim in a frigid temp. of 14 degrees,Its hard head withstands attacks.,translated_directly_from_chinese_ai_review,pointer_table,high,pointer_table,ai_source_reviewed,52,no,,"Restores the hard, attack-resistant head instead of the unrelated old cold-water preference.",,,,
MAIN:0x037259,MAIN,1076,,Pokédex,0x037259,0x0320CC,0x0320CC,pokedex_13x4,,831,0x032934,生活在很脏的地方,ascii,Thrives by sucking up polluted sludge,It lives in filthy places.,translated_directly_from_chinese_ai_review,pointer_table,high,pointer_table,ai_source_reviewed,45,no,,States only its habitat in very dirty places without adding sludge-feeding behavior.,,,,
MAIN:0x037287,MAIN,1077,,Pokédex,0x037287,0x0320D0,0x0320D0,pokedex_13x4,,833,0x03295A,坚硬的外壳可抵挡任何攻击,ascii,"The shell canwithstand anyattack,no matter what",Its shell is hard and blocks all attacks.,translated_directly_from_chinese_ai_review,pointer_table,high,pointer_table,ai_source_reviewed,50,no,,Faithfully preserves the source's absolute claim that the hard shell can resist any attack.,,,,
MAIN:0x0372BA,MAIN,1078,,Pokédex,0x0372BA,0x0320D2,0x0320D2,pokedex_13x4,,834,0x032974,受到攻击时身体表面的刺会张开,ascii,"For protect- ion,it shootsspikes from its shell",Its body spikes spread under attack.,translated_directly_from_chinese_ai_review,pointer_table,high,pointer_table,ai_source_reviewed,48,no,,Restores the body spikes spreading open under attack rather than being fired from a shell.,,,,
MAIN:0x0372EB,MAIN,1079,,Pokédex,0x0372EB,0x0320D4,0x0320D4,pokedex_13x4,,835,0x032992,可以放出毒气让人昏迷,ascii,It has no real shape and appears made of gas,Its poison gas can knock people out.,translated_directly_from_chinese_ai_review,pointer_table,high,pointer_table,ai_source_reviewed,50,no,,Preserves the ability of its poison gas to render people unconscious; shape and composition are not asserted.,,,,
MAIN:0x03731E,MAIN,1080,,Pokédex,0x03731E,0x0320DA,0x0320DA,pokedex_13x4,,838,0x0329CE,身体很结实像金刚石一样,ascii,The caves it makes are used as homesby Digletts,Its body is as hard as diamond.,translated_directly_from_chinese_ai_review,pointer_table,high,pointer_table,ai_source_reviewed,50,no,,Restores the diamond-like toughness of its body and omits the unrelated cave and inhabitant claims.,,,,
MAIN:0x037351,MAIN,1081,,Pokédex,0x037351,0x0320DE,0x0320DE,pokedex_13x4,,840,0x0329F8,遇到敌人的时候可以使人沉睡,ascii,It will use hynosis when it locks eyeswith enemies,"When it meets foes, it puts them to sleep.",translated_directly_from_chinese_ai_review,pointer_table,high,pointer_table,ai_source_reviewed,51,no,,Keeps the ability to induce sleep on encountering enemies without adding a gaze-based mechanism.,,,,
MAIN:0x037385,MAIN,1082,,Pokédex,0x037385,0x0320E2,0x0320E2,pokedex_13x4,,842,0x032A28,巨大的钳子有无穷的力量,ascii,"Its claw has up to 10,000 lbs of crush-ing power",Its huge pincers have endless strength.,translated_directly_from_chinese_ai_review,pointer_table,high,pointer_table,ai_source_reviewed,48,no,,Preserves the huge pincers and their limitless strength without importing a numerical force value.,,,,
MAIN:0x0373B6,MAIN,1083,,Pokédex,0x0373B6,0x0320E6,0x0320E6,pokedex_13x4,,844,0x032A58,能聚集很大的能量引发风暴,ascii,Stores elect-ric energy within its own body,It gathers huge energy to cause storms.,translated_directly_from_chinese_ai_review,pointer_table,high,pointer_table,ai_source_reviewed,47,no,,Restores the accumulation of great energy specifically to trigger storms.,,,,
MAIN:0x0373E6,MAIN,1084,,Pokédex,0x0373E6,0x0320EA,0x0320EA,pokedex_13x4,,846,0x032A88,喜欢帖在地面移动,ascii,It's said Exeggcute areborn from oneof its heads,It likes to move along the ground.,translated_directly_from_chinese_ai_review,pointer_table,high,pointer_table,ai_source_reviewed,51,no,,Directly renders its preference for moving close to the ground and excludes the unrelated old birth claim.,,,,
MAIN:0x03741A,MAIN,1085,,Pokédex,0x03741A,0x0320EE,0x0320EE,pokedex_13x4,,848,0x032AB8,能扔骨头棒打击敌人,ascii,It skillfullyweilds its bone like a boomerang,It hurls its bone club at foes.,translated_directly_from_chinese_ai_review,pointer_table,high,pointer_table,ai_source_reviewed,48,no,,Preserves the use of a thrown bone club to strike enemies without adding a boomerang comparison.,,,,
MAIN:0x03744B,MAIN,1086,,Pokédex,0x03744B,0x0320F0,0x0320F0,pokedex_13x4,,849,0x032ACC,飞踢的时候脚可以变长,ascii,This Pok@mon destroys its opponents w/ its kicks,Its leg stretches during a flying kick.,translated_directly_from_chinese_ai_review,pointer_table,high,pointer_table,ai_source_reviewed,48,no,,Restores the extending leg during a flying kick rather than merely praising the kick's power.,,,,
MAIN:0x03747C,MAIN,1087,,Pokédex,0x03747C,0x0320F2,0x0320F2,pokedex_13x4,,850,0x032AE2,可以以超人的速度挥动拳头,ascii,It punches infast volleys that cannot even be seen,It swings its fists at superhuman speed.,translated_directly_from_chinese_ai_review,pointer_table,high,pointer_table,ai_source_reviewed,51,no,,Directly preserves the superhuman speed of its punching fists without adding invisibility.,,,,
MAIN:0x0374B0,MAIN,1088,,Pokédex,0x0374B0,0x0320F4,0x0320F4,pokedex_13x4,,851,0x032AFC,被它的舌头舔到会麻痹,ascii,Its tongue is7 ft. long and can causeparalysis,Its tongue paralyzes those it licks.,translated_directly_from_chinese_ai_review,pointer_table,high,pointer_table,ai_source_reviewed,48,no,,Keeps the paralysis caused by a lick and omits the unsupported tongue measurement.,,,,
MAIN:0x0374E1,MAIN,1089,,Pokédex,0x0374E1,0x0320F6,0x0320F6,pokedex_13x4,,852,0x032B12,能吸取各种毒气经常引发大爆炸,ascii,Its prone to explosions due to the gas inside it,"It absorbs poison gases, often causing huge blasts.",translated_directly_from_chinese_ai_review,pointer_table,high,pointer_table,ai_source_reviewed,52,no,,Preserves both its absorption of varied poison gases and the frequent large explosions that result.,,,,
MAIN:0x037516,MAIN,1090,,Pokédex,0x037516,0x0320F8,0x0320F8,pokedex_13x4,,853,0x032B30,能长时间放出毒气,ascii,It grows by absorbing gasdust and alsobacteria,It emits poison gas for a long time.,translated_directly_from_chinese_ai_review,pointer_table,high,pointer_table,ai_source_reviewed,47,no,,"Restores the prolonged release of poison gas; growth from gas, dust, and bacteria is absent from the source.",,,,
MAIN:0x037546,MAIN,1091,,Pokédex,0x037546,0x032106,0x032106,pokedex_13x4,,860,0x032BEA,移动灵活在海中自由游泳,ascii,Can swim backwards using its wing-likefins and tail,It moves nimbly and swims freely at sea.,translated_directly_from_chinese_ai_review,pointer_table,high,pointer_table,ai_source_reviewed,52,no,,Preserves agile movement and free swimming at sea without adding a direction or anatomical mechanism.,,,,
MAIN:0x03757B,MAIN,1092,,Pokédex,0x03757B,0x03210A,0x03210A,pokedex_13x4,,862,0x032C10,秋天为了产卵常出现在河流中,ascii,"During spawn-ing season, they're seen goin up river","In fall, it is often seen spawning in rivers.",translated_directly_from_chinese_ai_review,pointer_table,high,pointer_table,ai_source_reviewed,52,no,,"Keeps the autumn timing, frequent river appearance, and spawning purpose without adding upstream movement.",,,,
MAIN:0x0375B0,MAIN,1093,,Pokédex,0x0375B0,0x03210E,0x03210E,pokedex_13x4,,864,0x032C4E,身体有发出七色光的宝石,ascii,It's thought to be commun-icating when its gem glows,Its gem shines in seven colors.,translated_directly_from_chinese_ai_review,pointer_table,high,pointer_table,ai_source_reviewed,52,no,,Restores the seven-colored light from its bodily gem and omits the old communication theory.,,,,
MAIN:0x0375E5,MAIN,1094,,Pokédex,0x0375E5,0x032112,0x032112,pokedex_13x4,,866,0x032C84,反应灵敏移动灵活爪子锋利,ascii,It can createillusions of itself using its agility,"It reacts fast, moves well and has sharp claws.",translated_directly_from_chinese_ai_review,pointer_table,high,pointer_table,ai_source_reviewed,50,no,,"Preserves its keen reactions, agile movement, and sharp claws; no illusion ability is introduced.",,,,
MAIN:0x037618,MAIN,1095,,Pokédex,0x037618,0x032118,0x032118,pokedex_13x4,,869,0x032CDE,喜欢藏在火焰之中,ascii,"Born in a volcano,its bodyis covered inflames",It likes to hide in flames.,translated_directly_from_chinese_ai_review,pointer_table,high,pointer_table,ai_source_reviewed,45,no,,"States only its preference for hiding in flames, not a volcanic birth or flame-covered body.",,,,
MAIN:0x037646,MAIN,1096,,Pokédex,0x037646,0x03211A,0x03211A,pokedex_13x4,,870,0x032CF0,头上的角很厉害,ascii,It uses its large pinsersto crush its enemies,The horn on its head is fearsome.,translated_directly_from_chinese_ai_review,pointer_table,high,pointer_table,ai_source_reviewed,46,no,,Restores the formidable horn on its head and rejects the unrelated old pincer attack.,,,,
MAIN:0x037675,MAIN,1097,,Pokédex,0x037675,0x03211E,0x03211E,pokedex_13x4,,872,0x032D1A,看上去很弱但传说过去很厉害,ascii,Horribly weakand unrelia- ble. Is foundeverywhere,"Looks weak, but legends say it once was mighty.",translated_directly_from_chinese_ai_review,pointer_table,high,pointer_table,ai_source_reviewed,49,no,,Preserves the contrast between its weak appearance and legendary past power; ubiquity is not asserted.,,,,
MAIN:0x0376A7,MAIN,1098,,Pokédex,0x0376A7,0x032122,0x032122,pokedex_13x4,,874,0x032D4E,背上可以带人游水,ascii,A gentle Pok@mon that can read the mindof a person,It carries people on its back while swimming.,translated_directly_from_chinese_ai_review,pointer_table,high,pointer_table,ai_source_reviewed,50,no,,Restores its ability to carry people across water on its back and omits the unrelated mind-reading claim.,,,,
MAIN:0x0376DA,MAIN,1099,,Pokédex,0x0376DA,0x032124,0x032124,pokedex_13x4,,875,0x032D60,可以模仿敌人有变身的能力,ascii,It can rearr-ange it's DNAto transform into its foe,It transforms to mimic its foe.,translated_directly_from_chinese_ai_review,pointer_table,high,pointer_table,ai_source_reviewed,51,no,,Preserves the transformation used to imitate an enemy without adding a DNA mechanism.,,,,
MAIN:0x03770E,MAIN,1100,,Pokédex,0x03770E,0x03212A,0x03212A,pokedex_13x4,,878,0x032DAA,能引发很大的电能,ascii,It gathers negative ionsto blast out lightning,It can generate vast electric power.,translated_directly_from_chinese_ai_review,pointer_table,high,pointer_table,ai_source_reviewed,48,no,,Keeps only its ability to produce great electrical energy; ions and lightning are not added.,,,,
MAIN:0x03773F,MAIN,1101,,Pokédex,0x03773F,0x03212E,0x03212E,pokedex_13x4,,880,0x032DDA,生体是用程序制造的,ascii,A programmed Pok@mon that can move in cyberspace,Its living body was made by a program.,translated_directly_from_chinese_ai_review,pointer_table,high,pointer_table,ai_source_reviewed,49,no,,Directly preserves its program-made living body without importing cyberspace travel.,,,,
MAIN:0x037771,MAIN,1102,,Pokédex,0x037771,0x032132,0x032132,pokedex_13x4,,882,0x032E10,有尖利的牙喜欢吃贝壳,ascii,Its heavy shell makes it difficult to catch prey,It has sharp teeth and likes eating shells.,translated_directly_from_chinese_ai_review,pointer_table,high,pointer_table,ai_source_reviewed,52,no,,Restores the sharp teeth and appetite for shells; the old heavy-shell hunting claim is unrelated.,,,,
MAIN:0x0377A6,MAIN,1103,,Pokédex,0x0377A6,0x032136,0x032136,pokedex_13x4,,884,0x032E40,游泳速度很快爪子像镰刀,ascii,It cuts prey w/its claws & drains its body fluids,It swims fast and has sickle-like claws.,translated_directly_from_chinese_ai_review,pointer_table,high,pointer_table,ai_source_reviewed,50,no,,Preserves its fast swimming and sickle-shaped claws without adding fluid-draining behavior.,,,,
MAIN:0x0377D9,MAIN,1104,,Pokédex,0x0377D9,0x032138,0x032138,pokedex_13x4,,885,0x032E58,很暴的古代精灵,ascii,It goes for the enemy's throat with its fangs,A ferocious ancient Pokémon.,translated_directly_from_chinese_ai_review,pointer_table,high,pointer_table,ai_source_reviewed,48,no,,Keeps the Chinese source's sole description of a ferocious ancient Pokémon; no throat attack is added.,,,,
MAIN:0x03780A,MAIN,1105,,Pokédex,0x03780A,0x03213E,0x03213E,pokedex_13x4,,888,0x032E96,传说中的鸟可以引发巨大的闪电,ascii,Mystical birdsaid to app- ear during storms,A legendary bird summons fierce lightning.,translated_directly_from_chinese_ai_review,pointer_table,high,pointer_table,ai_source_reviewed,45,no,,Preserves the legendary bird and the immense lightning it can cause without adding storm appearances.,,,,
MAIN:0x037838,MAIN,1106,,Pokédex,0x037838,0x032140,0x032140,pokedex_13x4,,889,0x032EB4,传说中的鸟可以焚烧一切,ascii,Mystical birdwhose wings make flashes of flames,A legendary bird can burn anything.,translated_directly_from_chinese_ai_review,pointer_table,high,pointer_table,ai_source_reviewed,48,no,,Directly renders the legendary bird's ability to burn everything rather than describing only wing flames.,,,,
MAIN:0x037869,MAIN,1107,,Pokédex,0x037869,0x032146,0x032146,pokedex_13x4,,892,0x032F02,很少有人见过智力比人还厉害,ascii,A rare marinePok@mon whoseI.Q. matches a human's,Few have seen it. Its mind surpasses a human's.,translated_directly_from_chinese_ai_review,pointer_table,high,pointer_table,ai_source_reviewed,48,no,,"Preserves both its extreme rarity and intelligence exceeding a human's, correcting the old equality claim.",,,,
MAIN:0x03789A,MAIN,1108,,Pokédex,0x03789A,0x03214A,0x03214A,pokedex_13x4,,894,0x032F3E,神奇的精灵几乎没人见过它,ascii,So rare that only a few have ever seen it,A wondrous Pokémon almost no one has seen.,translated_directly_from_chinese_ai_review,pointer_table,high,pointer_table,ai_source_reviewed,46,no,,Faithfully describes a wondrous Pokémon that almost nobody has ever seen.,,,,
MAIN:0x0378C9,MAIN,1109,,Pokédex,0x0378C9,0x03214E,0x03214E,pokedex_13x4,,896,0x032F6E,三大法皇之一炎之霸王,ascii,Volcanos are said to eruptwhen Entei barks,"One of the three great kings, lord of fire.",translated_directly_from_chinese_ai_review,pointer_table,high,pointer_table,ai_source_reviewed,44,no,,Preserves the custom Chinese title as one of three great rulers and lord of fire; no unrelated named-Pokémon lore is imported.,,,,
MAIN:0x0378F6,MAIN,1110,,Pokédex,0x0378F6,0x032150,0x032150,pokedex_13x4,,897,0x032F84,三大法皇之一水之霸王,ascii,It races aro-und the worldto purify po-lluted water,"One of the three great kings, lord of water.",translated_directly_from_chinese_ai_review,pointer_table,high,pointer_table,ai_source_reviewed,51,no,,Preserves the custom Chinese title as one of three great rulers and lord of water; purification lore is omitted.,,,,
MAIN:0x03792A,MAIN,1111,,Pokédex,0x03792A,0x032156,0x032156,pokedex_13x4,,900,0x032FD0,宝石大陆的谜之生物海底之王,ascii,Legends say it swells theseas by caus-ing downpours,A mysterious Hoenn Pokémon rules the seabed.,translated_directly_from_chinese_ai_review,pointer_table,high,pointer_table,ai_source_reviewed,52,yes,Rephrased to fit the four 13-cell Pokédex lines without splitting a word or dropping the source fact.,"Preserves the mysterious being, its Hoenn origin, and its title as king of the seabed without importing the old downpour lore. Full-text review: Turns the source title into a complete natural Pokédex sentence.",,,,
MAIN:0x03795F,MAIN,1112,,Pokédex,0x03795F,0x03215A,0x03215A,pokedex_13x4,,902,0x033008,宝石大陆的谜之生物天空之王,ascii,It has lived for millions of years in Earth's ozone,A mysterious Hoenn Pokémon rules the sky.,translated_directly_from_chinese_ai_review,pointer_table,high,pointer_table,ai_source_reviewed,52,yes,Rephrased to fit the four 13-cell Pokédex lines without splitting a word or dropping the source fact.,"Preserves the mysterious being, its Hoenn origin, and its title as king of the sky without importing the old ozone lore. Full-text review: Turns the source title into a complete natural Pokédex sentence.",,,,
MAIN:0x037994,MAIN,1113,D0244,In-game dialogue,0x037994,0x033183,0x033183,dialogue_19_19,GARY,966,0x033A4C,"小茂:怎么回事?真的结束了吗?尽了全力却还是输了!好不容易爬到这个地步...为什么我会输...我的培育方法不可能出错的...没办法,你是宠物联盟的新冠军...我真不太想承认",ascii,"No! After all that work to become champ, it's over already? Why did I lose? I never made mistakes raising myPok@mon!...Darn it!You're the league champ, although I hate to admit it.",GARY: What? Is it really over? I gave it everything and still lost! I worked so hard to get here... Why did I lose? I couldn't have raised my Pokémon wrong... Fine. You're the new Pokémon League Champion. I hate to admit it.,adapted_from_official_english_gen1_with_chinese_fidelity_ai_review,pointer_table,high,dialogue_inventory_overlay,ai_source_reviewed,188,no,,Uses the matching official English Red/Blue/Yellow scene as its primary voice while retaining Chinese-only facts and Famicom-specific terminology. Full-text review: Restores every source beat in natural official-scene English.,,,,
MAIN:0x037A51,MAIN,1114,D0245,In-game dialogue,0x037A51,,0x0331CD,dialogue_19_19,JESSIE,1003,0x034421,武藏:对!!他就在彩虹市的南晶科技开发部!!名字叫卡美优!,ascii,"Once again, congra-tulations Ash! You put an end to Team Rocket, hopefully for good this time.",JESSIE: Yes! He's at Nanjing Tech's development office in Celadon City! His name is Kameiyu!,translated_directly_from_reviewed_chinese_source_ai_review,unaligned,low,reviewed_source_adjudication,ai_source_reviewed,95,no,,"Restores Jessie's answer with Nanjing Tech, Celadon City, and Kameiyu by name; the unrelated 2015 congratulations were discarded.",,,,
MAIN:0x037AB1,MAIN,1115,D0246,In-game dialogue,0x037AB1,,0x0331CF,dialogue_19_19,MEOWTH,1004,0x034457,喵喵:喵...就是这样,ascii,You truly are a remarkable trainer Ash!,MEOWTH: Meow... That's right.,translated_directly_from_reviewed_chinese_source_ai_review,unaligned,low,reviewed_source_adjudication,ai_source_reviewed,42,no,,"Preserves Meowth's cameo, characteristic meow, and confirmation instead of the unrelated praise in the old English text.",,,,
MAIN:0x037ADC,MAIN,1116,D0247,In-game dialogue,0x037ADC,0x0331D9,0x0331D9,dialogue_19_19,KAMEIYU,1009,0x034656,"卡美优:小智,我知道你一定会来的!这一战应该没有任何遗憾吧!!来吧,准备好了吗?",ascii,Eusine: Greetings! I've heard about you Ash! Glad to meet you! I've searched the world for the greatest Legendary Pok@mon and finally found them! They seem to want to see your power for them- selves! Allow me toshow you the power of the Legendary Pok@mon!,"KAMEIYU: Ash, I knew you'd come! Let's battle with no regrets. Ready?",translated_directly_from_chinese_ai_review,pointer_table,high,dialogue_inventory_overlay,ai_source_reviewed,274,yes,"Uses complete, natural English while respecting dialogue pagination and ROM bank limits; no displayed word is truncated.","Corrected against the Chinese source: restores Kameiyu's prior certainty that Ash would come, the no-regrets battle, and readiness question. Full-text review: Restores the missing subject and natural invitation in the creator-cameo battle.",,,,
MAIN:0x037BEF,MAIN,1117,D0248,In-game dialogue,0x037BEF,0x034BED,0x034BED,dialogue_19_19,,1185,0x035CC1,"洞里太黑了,能掌握一些闪光的法术就好了!",ascii,"The cave is pitch black, a Pok@mon could light it up.",It's pitch-dark. I wish I knew Flash!,translated_directly_from_chinese_ai_review,pointer_table,high,dialogue_inventory_overlay,ai_source_reviewed,56,yes,"Uses complete, natural English while respecting dialogue pagination and ROM bank limits; no displayed word is truncated.","Compressed directly against the Chinese source. Keeps the cave's darkness and wish to master a light-producing technique, using Flash only because the move concept matches. Full-text review: Restores both omitted subjects.",,,,
MAIN:0x03804B,MAIN,1118,D0249,In-game dialogue,0x03804B,,0x03801B,dialogue_19_19,,,0x03804B,精灵取出精灵存放,ascii,Withdraw Deposit,"Withdraw Pokémon
Deposit Pokémon",translated_directly_from_reviewed_chinese_source_ai_review,unaligned,low,reviewed_source_adjudication,ai_source_reviewed,16,no,,Restores both reviewed PC menu actions and keeps Pokémon explicit on their separate display lines.,,,,
MAIN:0x03805C,MAIN,1119,D0250,In-game dialogue,0x03805C,0x03801D,0x03801D,dialogue_19_19,,1195,0x03805C,南晶公司版权所有,graphical_codes,<0A><B0A7><B0A8><B0A9><B0AA><B0AB><B0AC><B0AD><B0AE>,COPYRIGHT NANJING TECH,translated_directly_from_chinese_ai_review,pointer_table,high,dialogue_inventory_overlay,ai_source_reviewed,17,yes,"Uses shorter direct clauses and removes English-only scaffolding, reducing this entry from 35 to 23 formatted bytes while retaining every Chinese-source detail identified in the fidelity comment.",Compressed directly against the Chinese source. Preserves the Nanjing company credit and its all-rights-reserved notice as a creator reference.,,,,
MAIN:0x03806F,MAIN,1120,D0251,In-game dialogue,0x03806F,0x03801F,0x03801F,dialogue_19_19,,1196,0x03806E,精灵系统启动...,ascii,Turned on the PC,Pokémon System online...,translated_directly_from_chinese_ai_review,pointer_table,high,dialogue_inventory_overlay,ai_source_reviewed,16,yes,"Uses complete, natural English while respecting dialogue pagination and ROM bank limits; no displayed word is truncated.",Compressed directly against the Chinese source. Directly renders startup of the Pokémon System rather than silently reducing the label to a generic PC. Full-text review: Uses a natural computer status label.,,,,
MAIN:0x038080,MAIN,1121,D0252,In-game dialogue,0x038080,0x038021,0x038021,dialogue_19_19,,1197,0x03807F,精灵系统关闭...!,ascii,Turned off the PC,Pokémon System offline...,translated_directly_from_chinese_ai_review,pointer_table,high,dialogue_inventory_overlay,ai_source_reviewed,17,yes,"Uses complete, natural English while respecting dialogue pagination and ROM bank limits; no displayed word is truncated.",Compressed directly against the Chinese source. Directly renders shutdown of the Pokémon System and preserves the emphatic ending. Full-text review: Uses a natural status label and removes contradictory punctuation.,,,,
MAIN:0x038092,MAIN,1122,D0253,In-game dialogue,0x038092,0x038023,0x038023,dialogue_19_19,PROF. OAK,1198,0x038091,"喔...小智在那有个圆圆的球吧,那里有宠物精灵是要给你的!拿去吧!",ascii,"Go ahead,it's yours","OAK: That ball holds your Pokémon, Ash. Go ahead, it's yours!",adapted_from_official_english_gen1_with_chinese_fidelity_ai_review,pointer_table,high,dialogue_inventory_overlay,ai_source_reviewed,19,no,,Uses the matching official English Red/Blue/Yellow scene as its primary voice while retaining Chinese-only facts and Famicom-specific terminology.,,,,
MAIN:0x0380A6,MAIN,1123,D0254,In-game dialogue,0x0380A6,0x038025,0x038025,dialogue_19_19,PROF. OAK,1199,0x0380CF,要多和怪兽亲近.,ascii,"Ash,take good care of Pikachu.",OAK: Befriend Pokémon.,translated_directly_from_chinese_ai_review,pointer_table,high,dialogue_inventory_overlay,ai_source_reviewed,30,yes,"Uses shorter direct clauses and removes English-only scaffolding, reducing this entry from 56 to 27 formatted bytes while retaining every Chinese-source detail identified in the fidelity comment.",Compressed directly against the Chinese source. Restores Oak's general advice to grow closer to Pokémon rather than narrowing it to care for Pikachu alone.,,,,
MAIN:0x0380C5,MAIN,1124,D0255,In-game dialogue,0x0380C5,0x038029,0x038029,dialogue_19_19,,1201,0x0380ED,欢迎!买东西吗?,ascii,Hello! May I help you?,Hi there! May I help you?,adapted_from_official_english_gen1_with_chinese_fidelity_ai_review,pointer_table,high,dialogue_inventory_overlay,ai_source_reviewed,23,no,,Uses the matching official English Red/Blue/Yellow scene as its primary voice while retaining Chinese-only facts and Famicom-specific terminology.,,,,
MAIN:0x0380DD,MAIN,1125,D0256,In-game dialogue,0x0380DD,0x038027,0x038027,dialogue_19_19,,1200,0x0380E0,不打不相识!,graphical_codes,0000<B0CE><B0CF><B0CE><B0D0><B0D1>!,Battle made us friends!,translated_directly_from_chinese_ai_review,pointer_table,high,dialogue_inventory_overlay,ai_source_reviewed,15,yes,"Uses shorter direct clauses and removes English-only scaffolding, reducing this entry from 33 to 27 formatted bytes while retaining every Chinese-source detail identified in the fidelity comment.",Compressed directly against the Chinese source. Naturally conveys the Chinese idiom that the fight itself led to mutual acquaintance and friendship.,,,,
MAIN:0x0380EE,MAIN,1126,D0257,In-game dialogue,0x0380EE,0x03841F,0x03841F,dialogue_19_19,LT. SURGE,1452,0x03AC16,"马其斯:我输了,那么这个橙色徽章拿去吧,还有这个是我的心意!",ascii,"Good job, kid!",SURGE: I lost! Take the Thunder Badge and this gift!,translated_directly_from_chinese_ai_review,pointer_table,high,dialogue_inventory_overlay,ai_source_reviewed,14,yes,"Uses complete, natural English while respecting dialogue pagination and ROM bank limits; no displayed word is truncated.","Compressed directly against the Chinese source. Preserves Lt. Surge's defeat, the orange-colored Gym Badge under its matching official identity Thunder Badge, and the additional gift. Full-text review: Restores the verbs and official Badge name in the reward sentence.",,,,
MAIN:0x0380FD,MAIN,1127,D0258,In-game dialogue,0x0380FD,0x03802B,0x03802B,dialogue_19_19,,1202,0x0380FD,谢谢惠顾,ascii,Thank you.,Thanks!,translated_directly_from_chinese_ai_review,pointer_table,high,dialogue_inventory_overlay,ai_source_reviewed,10,yes,"Uses shorter direct clauses and removes English-only scaffolding, reducing this entry from 28 to 7 formatted bytes while retaining every Chinese-source detail identified in the fidelity comment.",Compressed directly against the Chinese source. Renders the shopkeeper's thanks specifically for the customer's patronage.,,,,
MAIN:0x038108,MAIN,1128,D0259,In-game dialogue,0x038108,0x03802F,0x03802F,dialogue_19_19,,1204,0x03812B,欢迎光临!,ascii,We hope to see you again!,Welcome!,translated_directly_from_chinese_ai_review,pointer_table,high,dialogue_inventory_overlay,ai_source_reviewed,25,no,,Directly restores the greeting; the 2015 line instead bids the customer farewell.,,,,
MAIN:0x038122,MAIN,1129,D0260,In-game dialogue,0x038122,0x038429,0x038429,dialogue_19_19,,1457,0x03ACE3,得到杰尼龟,ascii,Got Squirtle!,Got Squirtle!,english_2015_verified_against_chinese_ai_review,pointer_table,high,dialogue_inventory_overlay,ai_source_reviewed,13,no,,The 2015 acquisition message exactly matches the Chinese event after normalizing the official Squirtle name and punctuation.,,,,
MAIN:0x038130,MAIN,1130,D0261,In-game dialogue,0x038130,0x038031,0x038031,dialogue_19_19,,1205,0x038136,恢复    放弃,ascii,Heal Leave,HEAL    LEAVE,english_2015_verified_against_chinese_ai_review,pointer_table,high,dialogue_inventory_overlay,ai_source_reviewed,23,no,,"The two 2015 menu branches, Heal and Leave, positively match the Chinese recovery and abandon choices.",,,,
MAIN:0x038149,MAIN,1131,D0262,In-game dialogue,0x038149,0x038033,0x038033,dialogue_19_19,,1206,0x038148,"对不起,因为机能所限这里暂时不能够对战...",ascii,"Sorry, the Trading Center is closed.","Sorry, battles aren't available here yet...",translated_directly_from_chinese_ai_review,pointer_table,high,dialogue_inventory_overlay,ai_source_reviewed,36,yes,"Uses complete, natural English while respecting dialogue pagination and ROM bank limits; no displayed word is truncated.",Compressed directly against the Chinese source. Preserves the temporary battle restriction and its stated system limitation; it is not recast as a closed Trading Center. Full-text review: Replaces the unidiomatic phrase 'system can't battle'.,,,,
MAIN:0x038173,MAIN,1132,D0263,In-game dialogue,0x038173,0x038035,0x038035,dialogue_19_19,,1207,0x038172,交换机器也坏了...下次再来看看吧,ascii,"Sorry, the Cable Club's closed",The trade machine is broken too. Try again later.,translated_directly_from_chinese_ai_review,pointer_table,high,dialogue_inventory_overlay,ai_source_reviewed,32,yes,"Uses complete, natural English while respecting dialogue pagination and ROM bank limits; no displayed word is truncated.",Compressed directly against the Chinese source. Keeps the additional broken trading machine and the instruction to return another time. Full-text review: Restores the missing article and auxiliary verb.,,,,
MAIN:0x038194,MAIN,1133,D0264,In-game dialogue,0x038194,0x038037,0x038037,dialogue_19_19,,1208,0x038193,买      不买,ascii,Buy Pass,BUY    CANCEL,translated_directly_from_chinese_ai_review,pointer_table,high,dialogue_inventory_overlay,ai_source_reviewed,16,no,,"Preserves the Buy and Do Not Buy menu branches, with Cancel as the natural English interface wording.",,,,
MAIN:0x0381A5,MAIN,1134,D0265,In-game dialogue,0x0381A5,0x038039,0x038039,dialogue_19_19,,1209,0x0381A5,钱不够!,graphical_codes,0<B0FE><B0CE><B0F1>!,Not enough money!,translated_directly_from_chinese_ai_review,pointer_table,high,dialogue_inventory_overlay,ai_source_reviewed,8,no,,Directly restores the insufficient-money message from the graphical Chinese payload.,,,,
MAIN:0x0381AF,MAIN,1135,D0266,In-game dialogue,0x0381AF,0x03803B,0x03803B,dialogue_19_19,,1210,0x0381AE,是      否,ascii,Yes No,YES    NO,english_2015_verified_against_chinese_ai_review,pointer_table,high,dialogue_inventory_overlay,ai_source_reviewed,16,no,,The 2015 Yes and No branches exactly match the two Chinese choices; capitalization is normalized for the menu.,,,,
MAIN:0x0381C1,MAIN,1136,D0267,In-game dialogue,0x0381C1,0x03803D,0x03803D,dialogue_19_19,,1211,0x0381C0,空手道  跆拳道,ascii,Left Right,KARATE    TAEKWONDO,translated_directly_from_chinese_ai_review,pointer_table,high,dialogue_inventory_overlay,ai_source_reviewed,16,no,,Restores the actual Karate and Taekwondo branches; the 2015 Left and Right choices describe different options.,,,,
MAIN:0x0381D2,MAIN,1137,D0268,In-game dialogue,0x0381D2,0x03803F,0x03803F,dialogue_19_19,,1212,0x0381D2,小智使用了居合斩,ascii,Used HM CUT!,ASH used CUT!,translated_directly_from_chinese_ai_review,pointer_table,high,dialogue_inventory_overlay,ai_source_reviewed,13,no,,"Preserves Ash as the user and Cut as the technique, using the matching official English move name.",,,,
MAIN:0x0381E0,MAIN,1138,D0269,In-game dialogue,0x0381E0,0x038041,0x038041,dialogue_19_19,,1213,0x0381E4,小智使用了飞天术,graphical_codes,00000<B0B6><B0B7><B1A7><B1A8><B0F8><B1AC><B1AD><B1AE>,ASH used FLY!,translated_directly_from_chinese_ai_review,pointer_table,high,dialogue_inventory_overlay,ai_source_reviewed,21,no,,"Preserves Ash as the user and Fly as the technique, using the matching official English move name.",,,,
