stable_key,record_type,entry_index,dialogue_id,category,source_offset_or_pointer,pointer_references,selected_pointer_references,layout,speaker,chinese_record_indexes,chinese_offsets,chinese_text,english_2015_storage,english_2015,english_v2,editorial_origin,alignment_method,alignment_confidence,source_resolution,review_status,source_capacity_bytes,compression,compression_justification,fidelity_comment,multi_source_mode,pointer_variant_count,storage_overlap_group,storage_overlap_role
MAIN:0x0381F6,MAIN,1139,D0270,In-game dialogue,0x0381F6,0x038043,0x038043,dialogue_19_19,,1214,0x0381F6,小智使用了冲浪术,graphical_codes,<0A><B0B6><B0B7><B1A7><B1A8><B0F8><B1AF><B1B0><B1AE>,ASH used SURF!,translated_directly_from_chinese_ai_review,pointer_table,high,dialogue_inventory_overlay,ai_source_reviewed,17,no,,"Preserves Ash as the user and Surf as the technique, using the matching official English move name.",,,,
MAIN:0x038208,MAIN,1140,D0271,In-game dialogue,0x038208,0x038045,0x038045,dialogue_19_19,,1215,0x038208,小智使用了怪力术,graphical_codes,<0A><B0B6><B0B7><B1A7><B1A8><B0F8><B0CA><B0E3><B1AE>,ASH used STRENGTH!,translated_directly_from_chinese_ai_review,pointer_table,high,dialogue_inventory_overlay,ai_source_reviewed,17,no,,"Preserves Ash as the user and Strength as the technique, using the matching official English move name.",,,,
MAIN:0x03821A,MAIN,1141,D0272,In-game dialogue,0x03821A,0x038047,0x038047,dialogue_19_19,,1216,0x03821A,这块石头好像能被推动,graphical_codes,<0A><B0EE><B1B1><B1B2><B1B3><B1B4><B1B5><B0EC><B1B6><B1B7><B0B2>,This boulder may move.,translated_directly_from_chinese_ai_review,pointer_table,high,dialogue_inventory_overlay,ai_source_reviewed,21,yes,"Uses shorter direct clauses and removes English-only scaffolding, reducing this entry from 45 to 24 formatted bytes while retaining every Chinese-source detail identified in the fidelity comment.",Compressed directly against the Chinese source. Directly preserves the observation that the boulder appears movable by pushing.,,,,
MAIN:0x038230,MAIN,1142,D0273,In-game dialogue,0x038230,0x038049,0x038049,dialogue_19_19,,1217,0x038230,这棵树苗好像能被斩断,ascii,This tree can be cut!,This tree can be cut down!,english_2015_verified_against_chinese_ai_review,pointer_table,high,dialogue_inventory_overlay,ai_source_reviewed,23,yes,"Uses complete, natural English while respecting dialogue pagination and ROM bank limits; no displayed word is truncated.",Corrected against the Chinese source: the tree only seems cuttable; the line does not assert certainty. Full-text review: Uses the official Gen I field-action wording instead of 'cuttable'.,,,,
MAIN:0x038445,MAIN,1143,D0274,In-game dialogue,0x038445,,0x03018D 0x03018F 0x030191,dialogue_19_19,PROF. OAK,175 176 177,0x03082B 0x03087F 0x0308BA,"你好!欢迎你光临宠物精灵的世界!大家都叫我大木博士,在这世界住着被称为宠物精灵的生物!这生物被视为宠物,或使用于对战等等.而我是研究这宠物精灵的!小智,一个将属于你的故事,梦想即将开始!",graphical_codes," <B0C5><B1B4>!<B0D2><B0D3><B0C5><B0E4><B0E5><B0C0><B0C1><B0A1><B0A2><B0BC><B1BC><B1BD>!<B1BE><B1BF><B1C0><B1C1><B1C2><B1BE><B1C3><B1C4><B1C5>,<B0B8><B0EE><B1BC><B1BD><B1C6><B1C7><B1B6><B1C8><B0EA><B0C0><B0C1><B0A1><B0A2><B0BC><B1C9><B0C1>!<B0EE><B1C9><B0C1><B1B6><B1CA><B0EA><B0C0><B0C1>,<B1CB><B1A7><B1A8><B1CC><B0E7><B0F2><B1CD><B1CD>.<B1CE><B1C2><B0C2><B1CF><B1D0><B0EE><B0C0><B0C1><B0A1><B0A2><B0BC>!<B0B6><B0B7>,<B1D1><B0BA><B1D2><B1D3><B1CC><B0C5><B0BC><B1D4><B1D5>,<B1D6><B1D7><B1D8><B1D2><B1D9><B1DA>!","PROF. OAK: Hello there! Welcome to the world of Pokémon! I'm Oak, the Pokémon Prof.! Pokémon live here as pets or fighters. I study them! Ash, your own Pokémon story and dreams begin now!",adapted_from_official_english_gen1_with_chinese_fidelity_ai_review,unaligned,low,reviewed_source_adjudication,ai_source_reviewed,177,no,,Uses the matching official English Red/Blue/Yellow scene as its primary voice while retaining Chinese-only facts and Famicom-specific terminology.,,,,
MAIN:0x0384F8,MAIN,1144,D0275,In-game dialogue,0x0384F8,,,dialogue_19_19,GARY,1219,0x03854C,"小茂:嗨!小智,你要找大木爷爷的话,他不在喔!我也是听他说要给宠物精灵才赶紧来的...",ascii,YO ASH! Gramps isn't around!,"GARY: Yo, Ash! Gramps isn't around! I ran here 'cos he said he had a Pokémon for me.",adapted_from_official_english_gen1_with_chinese_fidelity_ai_review,containing_offset,medium,reviewed_source_adjudication,ai_source_reviewed,32,no,,Uses the matching official English Red/Blue/Yellow scene as its primary voice while retaining Chinese-only facts and Famicom-specific terminology.,,,,
MAIN:0x038519,MAIN,1145,D0276,In-game dialogue,0x038519,,,dialogue_19_19,PROF. OAK,1220,0x03859D,大木:真是危险!野生精灵会从草丛中跳出来的!你如有宠物精灵是可与他对战...对了!跟我来一下吧!,ascii,"Hey! Wait! Don't goout! It's unsafe! Wild Pok@mon live in tall grass! You need your own Pok@mon for safety.I know! Here, come with me!","PROF. OAK: It's dangerous! Wild Pokémon jump out of the grass! If you had your own Pokémon, you could battle them... That's it! Come with me!",official_english_gen1_reviewed_chinese_specific_retained_ai_review,containing_offset,medium,reviewed_source_adjudication,ai_source_reviewed,141,no,,Reviewed against the matching English Red/Blue/Yellow scene; the Chinese/Famicom wording is retained because the official line omits or contradicts a material source detail.,,,,
MAIN:0x0385A7,MAIN,1146,D0277,In-game dialogue,0x0385A7,,,dialogue_19_19,GARY,1221,0x0385F8,"小茂:爷爷,你回来了!",ascii,Gary:Hey Gramps! I'm fed up with waiting!,"GARY: Gramps, you're back!",translated_directly_from_reviewed_chinese_source_ai_review,containing_offset,medium,reviewed_source_adjudication,ai_source_reviewed,46,no,,Restores Gary's simple greeting on Oak's return and removes the unsupported complaint about waiting.,,,,
MAIN:0x0385D6,MAIN,1147,D0278,In-game dialogue,0x0385D6,,,dialogue_19_19,GARY,1223,0x038690,小茂:啊!...啊!偏心!爷爷我也要!,ascii,Hey! Gramps! What about me?,"GARY: Hey! That's not fair! Gramps, I want one too!",official_english_gen1_reviewed_chinese_specific_retained_ai_review,containing_offset,medium,reviewed_source_adjudication,ai_source_reviewed,28,no,,Reviewed against the matching English Red/Blue/Yellow scene; the Chinese/Famicom wording is retained because the official line omits or contradicts a material source detail.,,,,
MAIN:0x0385F3,MAIN,1148,D0279,In-game dialogue,0x0385F3,,,dialogue_19_19,PROF. OAK,1224,0x0386B1,大木:小茂你急什么!我等一下也会给你的,ascii,"Be patient Gary, I'll give you one later.","OAK: Be patient, Gary. I'll give you one later.",adapted_from_official_english_gen1_with_chinese_fidelity_ai_review,containing_offset,medium,reviewed_source_adjudication,ai_source_reviewed,44,no,,Uses the matching official English Red/Blue/Yellow scene as its primary voice while retaining Chinese-only facts and Famicom-specific terminology.,,,,
MAIN:0x038620,MAIN,1149,D0280,In-game dialogue,0x038620,,,dialogue_19_19,GARY,1225,0x0386D8,小茂:哼!我一定能拿到比你好的!,ascii,"Humph! I'll get a better Pok@mon thanyou,Ash!",GARY: Humph! I'll get a better Pokémon than you!,adapted_from_official_english_gen1_with_chinese_fidelity_ai_review,containing_offset,medium,reviewed_source_adjudication,ai_source_reviewed,46,no,,Uses the matching official English Red/Blue/Yellow scene as its primary voice while retaining Chinese-only facts and Famicom-specific terminology.,,,,
MAIN:0x03864F,MAIN,1150,D0281,In-game dialogue,0x03864F,,,dialogue_19_19,GARY,1226,0x0386F8,"小茂:小智,这个可是我的!",ascii,No way Ash! I want this Pok@mon!,"GARY: Ash, this one is mine!",official_english_gen1_reviewed_chinese_specific_retained_ai_review,containing_offset,medium,reviewed_source_adjudication,ai_source_reviewed,32,no,,Reviewed against the matching English Red/Blue/Yellow scene; the Chinese/Famicom wording is retained because the official line omits or contradicts a material source detail.,,,,
MAIN:0x038670,MAIN,1151,D0282,In-game dialogue,0x038670,0x03825D,0x03825D,dialogue_19_19,PROF. OAK,1227,0x038712,大木:喂!什么!你在做什么!,ascii,Gary! What are you doing?,OAK: Gary! What are you doing?,adapted_from_official_english_gen1_with_chinese_fidelity_ai_review,pointer_table,high,dialogue_inventory_overlay,ai_source_reviewed,25,no,,Uses the matching official English Red/Blue/Yellow scene as its primary voice while retaining Chinese-only facts and Famicom-specific terminology.,,,,
MAIN:0x03868A,MAIN,1152,D0283,In-game dialogue,0x03868A,0x03825F,0x03825F,dialogue_19_19,GARY,1228,0x03872C,小茂:爷爷!人家就是想要这个嘛!,ascii,"Gramps,I want this one!","GARY: Gramps, I want this one!",adapted_from_official_english_gen1_with_chinese_fidelity_ai_review,pointer_table,high,dialogue_inventory_overlay,ai_source_reviewed,23,no,,Uses the matching official English Red/Blue/Yellow scene as its primary voice while retaining Chinese-only facts and Famicom-specific terminology.,,,,
MAIN:0x0386A2,MAIN,1153,D0284,In-game dialogue,0x0386A2,0x038261,0x038261,dialogue_19_19,PROF. OAK,1229,0x03874B,"大木:真是拿你没办法,好吧!那个宠物精灵就给你吧!反正是早晚的是...小智,你来一下好吗?",ascii,"Oak:But, I...Oh,allright then. That Pok@mon is yours. Iwas going to give you one anyway... Ash,come over here.","OAK: All right! That Pokémon is yours. You'd get one anyway... Ash, come.",adapted_from_official_english_gen1_with_chinese_fidelity_ai_review,pointer_table,high,dialogue_inventory_overlay,ai_source_reviewed,114,no,,Uses the matching official English Red/Blue/Yellow scene as its primary voice while retaining Chinese-only facts and Famicom-specific terminology.,,,,
MAIN:0x038715,MAIN,1154,D0285,In-game dialogue,0x038715,0x038263,0x038263,dialogue_19_19,PROF. OAK,1230,0x03879E,大木:这里还有一只是刚刚抓的.和人还不是能亲近的,ascii,"Oak:Ash, this is a Pok@mon I caught earlier.",OAK: I just caught this one. It isn't tame yet.,translated_directly_from_chinese_ai_review,pointer_table,high,dialogue_inventory_overlay,ai_source_reviewed,46,yes,"Uses complete, natural English while respecting dialogue pagination and ROM bank limits; no displayed word is truncated.","Corrected against the Chinese source: restores that another Pokémon remains, was just caught, and is not yet accustomed to people. Full-text review: Replaces two compressed fragments with complete sentences.",,,,
MAIN:0x038744,MAIN,1155,D0286,In-game dialogue,0x038744,0x038265,0x038265,dialogue_19_19,,1231,0x0387CE,得到比卡丘,ascii,You can have it.,Got Pikachu!,official_english_gen1_reviewed_chinese_specific_retained_ai_review,pointer_table,high,dialogue_inventory_overlay,ai_source_reviewed,16,no,,Reviewed against the matching English Red/Blue/Yellow scene; the Chinese/Famicom wording is retained because the official line omits or contradicts a material source detail.,,,,
MAIN:0x038755,MAIN,1156,D0287,In-game dialogue,0x038755,0x038267,0x038267,dialogue_19_19,GARY,1232,0x0387DA,小茂:刚得到精灵就当我的对手练习练习吧!,ascii,"Gary:Wait Ash! Let's check out ourPok@mon! Come on, I'll take you on!","GARY: Wait, Ash! Let's test our new Pokémon! I'll take you on!",adapted_from_official_english_gen1_with_chinese_fidelity_ai_review,pointer_table,high,dialogue_inventory_overlay,ai_source_reviewed,74,no,,Uses the matching official English Red/Blue/Yellow scene as its primary voice while retaining Chinese-only facts and Famicom-specific terminology.,,,,
MAIN:0x0387A0,MAIN,1157,D0288,In-game dialogue,0x0387A0,0x038269,0x038269,dialogue_19_19,GARY,1233,0x038802,"小茂:这不是开玩笑吗,你的精灵这么强??好吧,那我就去找别的精灵对战!好让我的精灵更强!小智.爷爷,再见了!",ascii,Okay! I'll make my Pok@mon fight to toughen it up! Ash!Gramps! Smell you later!,"GARY: So strong? I'll fight others to train mine. Bye, Ash! Bye, Gramps!",translated_directly_from_chinese_ai_review,pointer_table,high,dialogue_inventory_overlay,ai_source_reviewed,82,yes,"Uses shorter direct clauses and removes English-only scaffolding, reducing this entry from 150 to 74 formatted bytes while retaining every Chinese-source detail identified in the fidelity comment.","Compressed directly against the Chinese source. Keeps Gary's shock at the opponent's strength, new training plan through other battles, and separate farewells to Ash and Grandpa.",,,,
MAIN:0x0387F3,MAIN,1158,D0289,In-game dialogue,0x0387F3,0x038271,0x038271,dialogue_19_19,,1237,0x0388C1,"店员:你是从真新镇来的吧?你知道大木博士吧.这是他要的东西,请转交给他!",ascii,"Hey! You came from Pallet Town? You know ProfOak,right?His order came in, can you take it to him? Thank you.","You're from Pallet Town, right? You know Prof. Oak? Please deliver this order to him.",adapted_from_official_english_gen1_with_chinese_fidelity_ai_review,pointer_table,high,dialogue_inventory_overlay,ai_source_reviewed,110,yes,"Uses official Gen I field-dialogue style: the visible sprite and encounter identify the sole speaker, so no redundant class label consumes text-bank space.","Full-text review: Restores every source question and the delivery request in natural English. Omits the contextual one-speaker label 'CLERK', as in official Gen I field dialogue; the sprite and encounter retain the speaker identity.",,,,
MAIN:0x038862,MAIN,1159,D0290,In-game dialogue,0x038862,0x03826B,0x03826B,dialogue_19_19,,1234,0x038866,"老爷爷:你等等,听听我的话",graphical_codes,"00000<B2CE><B1EE><B1EE>:<B0C5><B1CD><B1CD>,<B1F1><B1F1><B1C2><B0BC><B1EF>",Wait! Hear me out.,translated_directly_from_chinese_ai_review,pointer_table,high,dialogue_inventory_overlay,ai_source_reviewed,29,yes,"Uses official Gen I field-dialogue style: the visible sprite and encounter identify the sole speaker, so no redundant class label consumes text-bank space.","Full-text review: Uses the idiomatic request. Omits the contextual one-speaker label 'OLD MAN', as in official Gen I field dialogue; the sprite and encounter retain the speaker identity.",,,,
MAIN:0x038880,MAIN,1160,D0291,In-game dialogue,0x038880,0x03826D,0x03826D,dialogue_19_19,,1235,0x038880,老爷爷:你还去?,graphical_codes,<0A><B2CE><B1EE><B1EE>:<B0C5><B2BD><B0C7>?,Going on?,translated_directly_from_chinese_ai_review,pointer_table,high,dialogue_inventory_overlay,ai_source_reviewed,15,yes,"Uses official Gen I field-dialogue style: the visible sprite and encounter identify the sole speaker, so no redundant class label consumes text-bank space.",Compressed directly against the Chinese source. Preserves the old man's short follow-up question about continuing onward.,,,,
MAIN:0x038891,MAIN,1161,D0292,In-game dialogue,0x038891,0x038417,0x038417,dialogue_19_19,,1448,0x03AB63,士兵:请进,ascii,Lt.Surge hid a switch inside the cans!,Come in.,translated_directly_from_chinese_ai_review,pointer_table,high,dialogue_inventory_overlay,ai_source_reviewed,43,yes,"Uses official Gen I field-dialogue style: the visible sprite and encounter identify the sole speaker, so no redundant class label consumes text-bank space.","Full-text review: Replaces the unnatural one-word command 'Enter'. Omits the contextual one-speaker label 'SOLDIER', as in official Gen I field dialogue; the sprite and encounter retain the speaker identity.",,,,
MAIN:0x0388BD,MAIN,1162,D0293,In-game dialogue,0x0388BD,0x038273,0x038273,dialogue_19_19,PROF. OAK,1238,0x038906,"大木:嗨!小智,怎样啊?与我给你的精灵好像相处的不错哦,你有宠物精灵训练师的才能喔!",ascii,"Oh,Ash! How is Pikachu?","OAK: Ash, you two get along! You have the makings of a Trainer!",translated_directly_from_chinese_ai_review,pointer_table,high,dialogue_inventory_overlay,ai_source_reviewed,32,yes,"Uses complete, natural English while respecting dialogue pagination and ROM bank limits; no displayed word is truncated.","Compressed directly against the Chinese source. Preserves Oak's greeting, assessment of Ash's bond with the given Pokémon, and praise for his Trainer talent. Full-text review: Restores the source's assessment in idiomatic English.",,,,
MAIN:0x0388DE,MAIN,1163,D0294,In-game dialogue,0x0388DE,0x038275,0x038275,dialogue_19_19,PROF. OAK,1239,0x038956,大木:啊?有东西要交给我?,ascii,He seems to like you...Hm? you have something for me?,OAK: Oh? Something for me?,adapted_from_official_english_gen1_with_chinese_fidelity_ai_review,pointer_table,high,dialogue_inventory_overlay,ai_source_reviewed,55,no,,Uses the matching official English Red/Blue/Yellow scene as its primary voice while retaining Chinese-only facts and Famicom-specific terminology.,,,,
MAIN:0x038916,MAIN,1164,D0295,In-game dialogue,0x038916,0x038277,0x038277,dialogue_19_19,,1240,0x03896F,小智将包裹交给博士了!,ascii,Ah! This is the custom Pok@ball I ordered!,ASH delivered Oak's parcel!,translated_directly_from_chinese_ai_review,pointer_table,high,dialogue_inventory_overlay,ai_source_reviewed,46,yes,"Uses complete, natural English while respecting dialogue pagination and ROM bank limits; no displayed word is truncated.",Compressed directly against the Chinese source. Restores the narrated handoff from Ash to the professor; the 2015 line belongs to Oak's following reaction. Full-text review: Uses the official-style delivery formula and natural possessive item name.,,,,
MAIN:0x038945,MAIN,1165,D0296,In-game dialogue,0x038945,0x038279,0x038279,dialogue_19_19,OAK,1241,0x038986,"大木:这不就是我订的特制精灵球吗?谢谢你,对了!忘了告诉你有事要拜托你",ascii,Thank you!,OAK: My custom Poké Ball! Thanks. I have a favor to ask...,translated_directly_from_chinese_ai_review,pointer_table,high,dialogue_inventory_overlay,ai_source_reviewed,10,yes,"Uses complete, natural English while respecting dialogue pagination and ROM bank limits; no displayed word is truncated.","Compressed directly against the Chinese source. Preserves identification of the ordered custom Poké Ball, Oak's thanks, and his remembered request for a favor. Full-text review: Makes the final request explicit and grammatical.",,,,
MAIN:0x038950,MAIN,1166,D0297,In-game dialogue,0x038950,0x03827B,0x03827B,dialogue_19_19,GARY,1242,0x0389CA,小茂:爷爷!我的精灵成长了!快来看啊,ascii,Gary:Gramps! What did you call me for?,"GARY: Gramps, look! It grew!",translated_directly_from_chinese_ai_review,pointer_table,high,dialogue_inventory_overlay,ai_source_reviewed,42,yes,"Uses shorter direct clauses and removes English-only scaffolding, reducing this entry from 47 to 27 formatted bytes while retaining every Chinese-source detail identified in the fidelity comment.",Compressed directly against the Chinese source. Restores Gary's excited report that his Pokémon has grown and his invitation to Grandpa to look.,,,,
MAIN:0x03897B,MAIN,1167,D0298,In-game dialogue,0x03897B,0x03827F,0x03827F,dialogue_19_19,,1244,0x038A8B,得到图鉴,ascii,Received Pok@dex!,Got Pokédex!,official_english_gen1_reviewed_chinese_specific_retained_ai_review,pointer_table,high,dialogue_inventory_overlay,ai_source_reviewed,17,yes,"Drops only the optional English determiner in the acquisition formula, reducing this entry from 16 to 12 formatted bytes; the exact acquired item Pokédex remains explicit.",Reviewed against the matching English Red/Blue/Yellow scene; the Chinese/Famicom wording is retained because the official line omits or contradicts a material source detail.,,,,
MAIN:0x03898D,MAIN,1168,D0299,In-game dialogue,0x03898D,0x038281,0x038281,dialogue_19_19,PROF. OAK,1245,0x038A95,"大木:我的梦想就是制作一本完整的图鉴,但我已经老了不行了!现在希望由你们替我完成梦想!这是能在宠物精灵历史留名的工作,你们该出发了!",ascii,Gary:Okay Gramps! Leave it all to me!,"OAK: I dream of a full Pokédex, but I'm too old. I want you two to finish it and make Pokémon history! Now go!",translated_directly_from_chinese_ai_review,pointer_table,high,dialogue_inventory_overlay,ai_source_reviewed,38,yes,"Uses complete, natural English while respecting dialogue pagination and ROM bank limits; no displayed word is truncated.","Compressed directly against the Chinese source. Preserves Oak's complete-Pokédex dream, age, charge to both youths, promise of a place in Pokémon history, and order to depart. Full-text review: Uses complete clauses while preserving every source beat.",,,,
MAIN:0x0389B4,MAIN,1169,D0300,In-game dialogue,0x0389B4,0x038283,0x038283,dialogue_19_19,GARY,1246,0x038B15,"小茂:爷爷!就交给我一个人就好了,小智真可惜没有你出场的份!对了我要去向姐姐借城镇地图去,我要叫他不要借给你,小智!哈哈,你去也没用的!",ascii,"Ash, I hate to say it, but I don't need you! I know! I'll borrow a Town Map from my Sis! I'll tell her not to lend you one, Ash! Hahaha!","GARY: Leave it to me, Gramps! I don't need your help, Ash! I'll borrow Sis's map and tell her not to lend you one! Ha! Your trip is pointless!",translated_directly_from_chinese_ai_review,pointer_table,high,dialogue_inventory_overlay,ai_source_reviewed,145,yes,"Uses complete, natural English while respecting dialogue pagination and ROM bank limits; no displayed word is truncated.","Corrected against the Chinese source: explicitly restores Gary's future plan to borrow his sister's map and tell her not to lend one to Ash, alongside his solo boast and taunt. Full-text review: Uses the official-scene voice while preserving Gary's taunt, map plan, and source-only final insult.",,,,
MAIN:0x038A46,MAIN,1170,D0301,In-game dialogue,0x038A46,0x038285,0x038285,dialogue_19_19,GARY'S SISTER,1247,0x038B96,"小茂姐姐:爷爷有任务交给你啊,真辛苦,这个给你用吧",ascii,"Gary's Sis:Grandpa asked you to run anerrand? Here,this will help you!","GARY'S SIS: Grandpa asked you to run an errand? Here, this will help you!",adapted_from_official_english_gen1_with_chinese_fidelity_ai_review,pointer_table,high,dialogue_inventory_overlay,ai_source_reviewed,71,no,,Uses the official English Gen I scene voice where it agrees with the Chinese; Chinese-only facts and bootleg-specific terminology are retained.,,,,
MAIN:0x038A8E,MAIN,1171,D0302,In-game dialogue,0x038A8E,0x038287,0x038287,dialogue_19_19,,1248,0x038BC7,得到地图,ascii,Received Town Map!,Got Town Map!,official_english_gen1_reviewed_chinese_specific_retained_ai_review,pointer_table,high,dialogue_inventory_overlay,ai_source_reviewed,18,yes,"Drops only the optional English determiner in the acquisition formula, reducing this entry from 17 to 13 formatted bytes; the exact acquired item Town Map remains explicit.",Reviewed against the matching English Red/Blue/Yellow scene; the Chinese/Famicom wording is retained because the official line omits or contradicts a material source detail.,,,,
MAIN:0x038AA1,MAIN,1172,D0303,In-game dialogue,0x038AA1,0x038289,0x038289,dialogue_19_19,,1249,0x038BD1,"老爷爷:上次好像喝醉似的头好痛,什么?我妨碍了你,你在完成精灵图鉴啊?那么抓精灵需要精灵球,只要到附近的商店就能买到",ascii,"Old man:Ahhh! I'm feeling much betternow! Hm? Oh! Sure, you can go through!",I was out of it last time; my head was pounding... What? I blocked your way? You're filling your Pokédex? Buy Poké Balls at the nearby shop.,translated_directly_from_chinese_ai_review,pointer_table,high,dialogue_inventory_overlay,ai_source_reviewed,76,yes,"Uses official Gen I field-dialogue style: the visible sprite and encounter identify the sole speaker, so no redundant class label consumes text-bank space.","Full-text review: Restores subjects and every step of the source's explanation and advice. Omits the contextual one-speaker label 'OLD MAN', as in official Gen I field dialogue; the sprite and encounter retain the speaker identity.",,,,
MAIN:0x038AEE,MAIN,1173,D0304,In-game dialogue,0x038AEE,0x03828B,0x03828B,dialogue_19_19,,1250,0x038C41,常青道馆上了锁,ascii,It's locked!,The Viridian Gym is locked.,translated_directly_from_chinese_ai_review,pointer_table,high,dialogue_inventory_overlay,ai_source_reviewed,20,no,,Preserves the specific locked location as Viridian Gym rather than the generic 2015 message.,,,,
MAIN:0x038B03,MAIN,1174,D0305,In-game dialogue,0x038B03,0x03828D,0x03828D,dialogue_19_19,GARY,1251,0x038C51,"小茂:小智!你要去宠物精灵联盟啊?算了吧!反正我看你也没有徽章,把关的人不会让你过去的!还有你的精灵到底有没有变强啊?",ascii,"Gary:Hey Ash!You'regoing to the Pok@mon League? Forget it, you probably don't haveany Badges! The guard won't let youthrough! So,did your Pok@mon get any stronger?","GARY: League, Ash? No Badges, no pass! Did your Pokémon get stronger?",adapted_from_official_english_gen1_with_chinese_fidelity_ai_review,pointer_table,high,dialogue_inventory_overlay,ai_source_reviewed,184,no,,Uses the matching official English Red/Blue/Yellow scene as its primary voice while retaining Chinese-only facts and Famicom-specific terminology.,,,,
MAIN:0x038BBC,MAIN,1175,D0306,In-game dialogue,0x038BBC,0x03828F,0x03828F,dialogue_19_19,GARY,1252,0x038CC2,"小茂:在宠物精灵联盟里尽是非常强劲的训兽师,不能不想办法通过那里,你也不能尽是停留在这里,想办法往前进吧!",ascii,"I hear the Pok@mon League has many tough trainers,I have to figure out how to get past them!You should quit dawdling and get a move on!",GARY: The League has tough Trainers! I must get past them. Quit dawdling and move on!,adapted_from_official_english_gen1_with_chinese_fidelity_ai_review,pointer_table,high,dialogue_inventory_overlay,ai_source_reviewed,147,no,,Uses the matching official English Red/Blue/Yellow scene as its primary voice while retaining Chinese-only facts and Famicom-specific terminology.,,,,
MAIN:0x038C50,MAIN,1176,D0307,In-game dialogue,0x038C50,0x03829B,0x03829B,dialogue_19_19,,1258,0x038DE5,捉虫少年:以最强的训练家为目标你能赢的了我吗?,ascii,Hey! You have a Pikachu!,Want to reach the top? Beat me!,translated_directly_from_chinese_ai_review,pointer_table,high,dialogue_inventory_overlay,ai_source_reviewed,27,yes,"Uses official Gen I field-dialogue style: the visible sprite and encounter identify the sole speaker, so no redundant class label consumes text-bank space.","Full-text review: Replaces the clipped phrase 'Want top?'. Omits the contextual one-speaker label 'BUG CATCHER', as in official Gen I field dialogue; the sprite and encounter retain the speaker identity.",,,,
MAIN:0x038C6C,MAIN,1177,D0308,In-game dialogue,0x038C6C,0x03829D,0x03829D,dialogue_19_19,,1259,0x038E13,捉虫少年:你果然很强!,ascii,"I looked, but I cannot find one.",You're strong!,translated_directly_from_chinese_ai_review,pointer_table,high,dialogue_inventory_overlay,ai_source_reviewed,32,yes,"Uses official Gen I field-dialogue style: the visible sprite and encounter identify the sole speaker, so no redundant class label consumes text-bank space.",Compressed directly against the Chinese source. Directly restores the Bug Catcher's praise for the player's strength. Full-text review: Normalizes nonstandard speaker abbreviation 'BUG:' to 'BUG CATCHER:'.,,,,
MAIN:0x038C8D,MAIN,1178,D0309,In-game dialogue,0x038C8D,0x0382A1,0x0382A1,dialogue_19_19,,1261,0x038E40,捉虫少年:不可能...,ascii,No! Caterpie can't cut it!,Impossible...,translated_directly_from_chinese_ai_review,pointer_table,high,dialogue_inventory_overlay,ai_source_reviewed,26,yes,"Uses official Gen I field-dialogue style: the visible sprite and encounter identify the sole speaker, so no redundant class label consumes text-bank space.",Compressed directly against the Chinese source. Keeps the Bug Catcher's bare disbelief without adding the 2015 Caterpie explanation. Full-text review: Normalizes nonstandard speaker abbreviation 'BUG:' to 'BUG CATCHER:'.,,,,
MAIN:0x038CA8,MAIN,1179,D0310,In-game dialogue,0x038CA8,0x038293,0x038293,dialogue_19_19,,1254,0x038D7A,"捉虫少年:你也是训练师吧,让我们来较量一下!",ascii,"Hey,wait up! What'sthe Hurry?",You're a Trainer too? Let's battle!,translated_directly_from_chinese_ai_review,pointer_table,high,dialogue_inventory_overlay,ai_source_reviewed,29,yes,"Uses official Gen I field-dialogue style: the visible sprite and encounter identify the sole speaker, so no redundant class label consumes text-bank space.","Full-text review: Restores the source's shared Trainer identity and natural invitation. Omits the contextual one-speaker label 'BUG CATCHER', as in official Gen I field dialogue; the sprite and encounter retain the speaker identity.",,,,
MAIN:0x038CC6,MAIN,1180,D0311,In-game dialogue,0x038CC6,0x038295,0x038295,dialogue_19_19,,1255,0x038DA5,捉虫少年:你真厉害...,ascii,You're very good!,So tough...,translated_directly_from_chinese_ai_review,pointer_table,high,dialogue_inventory_overlay,ai_source_reviewed,17,yes,"Uses official Gen I field-dialogue style: the visible sprite and encounter identify the sole speaker, so no redundant class label consumes text-bank space.",Compressed directly against the Chinese source. Directly preserves the Bug Catcher's impressed post-battle reaction. Full-text review: Normalizes nonstandard speaker abbreviation 'BUG:' to 'BUG CATCHER:'.,,,,
MAIN:0x038CD8,MAIN,1181,D0312,In-game dialogue,0x038CD8,0x038297,0x038297,dialogue_19_19,,1256,0x038DBB,"捉虫少年:不要逃避,来吧!",ascii,Hey!You scared the bugs away!,Don't run away! Fight me!,translated_directly_from_chinese_ai_review,pointer_table,high,dialogue_inventory_overlay,ai_source_reviewed,29,yes,"Uses official Gen I field-dialogue style: the visible sprite and encounter identify the sole speaker, so no redundant class label consumes text-bank space.","Full-text review: Uses a natural imperative and explicit object. Omits the contextual one-speaker label 'BUG CATCHER', as in official Gen I field dialogue; the sprite and encounter retain the speaker identity.",,,,
MAIN:0x038CF6,MAIN,1182,D0313,In-game dialogue,0x038CF6,0x038299,0x038299,dialogue_19_19,,1257,0x038DD4,捉虫少年:我输了,ascii,I'm looking for a Weedle.,I lost.,translated_directly_from_chinese_ai_review,pointer_table,high,dialogue_inventory_overlay,ai_source_reviewed,26,yes,"Uses official Gen I field-dialogue style: the visible sprite and encounter identify the sole speaker, so no redundant class label consumes text-bank space.",Compressed directly against the Chinese source. Directly restores the Bug Catcher's admission of defeat rather than the unrelated Weedle search. Full-text review: Normalizes nonstandard speaker abbreviation 'BUG:' to 'BUG CATCHER:'.,,,,
MAIN:0x038D11,MAIN,1183,D0314,In-game dialogue,0x038D11,0x03841B,0x03841B,dialogue_19_19,,1450,0x03AB93,绅士:不想加入吗...,ascii,You're very good!,You don't want to join...?,translated_directly_from_chinese_ai_review,pointer_table,high,dialogue_inventory_overlay,ai_source_reviewed,17,yes,"Uses official Gen I field-dialogue style: the visible sprite and encounter identify the sole speaker, so no redundant class label consumes text-bank space.","Full-text review: Restores the complete question and full speaker label. Omits the contextual one-speaker label 'GENTLEMAN', as in official Gen I field dialogue; the sprite and encounter retain the speaker identity.",,,,
MAIN:0x038D23,MAIN,1184,D0315,In-game dialogue,0x038D23,0x038291,0x038291,dialogue_19_19,,1253,0x038D29,"守卫:这扇门之后都是一些强劲的精灵训练家们,你还未拿到徽章啊...当然无法让你通过啊",graphical_codes,"0000000<B3DF><B3E0>:<B0EE><B3E1><B3E2><B3E3><B2A8><B1C0><B0C2><B1D1><B3E4><B2C9><B3D9><B0BC><B0A1><B0A2><B2DE><B2C5><B1BF><B2EF>,<B0C5><B2BD><B3E5><B0C6><B0DB><B3D1><B3D2><B2AC>...<B2C4><B2AA><B3E6><B2B8><B2CB><B0C5><B3DA><B3D4><B2AC>","Strong Trainers are ahead. You have no Badge, so I can't let you pass.",translated_directly_from_chinese_ai_review,pointer_table,high,dialogue_inventory_overlay,ai_source_reviewed,86,yes,"Uses official Gen I field-dialogue style: the visible sprite and encounter identify the sole speaker, so no redundant class label consumes text-bank space.","Full-text review: Turns two gate fragments into complete causal clauses. Omits the contextual one-speaker label 'GUARD', as in official Gen I field dialogue; the sprite and encounter retain the speaker identity.",,,,
MAIN:0x038D7A,MAIN,1185,D0316,In-game dialogue,0x038D7A,0x0382A3,0x0382A3,dialogue_19_19,,1262,0x038E54,男孩:你是精灵训练家吧?小刚正在找寻对手...来吧!,ascii,You're a trainer right? Follow me!,Trainer? Brock wants challengers! Follow me!,adapted_from_official_english_gen1_with_chinese_fidelity_ai_review,pointer_table,high,dialogue_inventory_overlay,ai_source_reviewed,36,yes,"Uses official Gen I field-dialogue style: the visible sprite and encounter identify the sole speaker, so no redundant class label consumes text-bank space.",Uses the matching official English Red/Blue/Yellow scene as its primary voice while retaining Chinese-only facts and Famicom-specific terminology.,,,,
MAIN:0x038D9F,MAIN,1186,D0317,In-game dialogue,0x038D9F,0x0382A5,0x0382A5,dialogue_19_19,,1263,0x038E84,男孩:你有战胜的自信的话就去挑战小刚吧!,ascii,Brock's looking forchallengers.,"If you're confident, go challenge Brock!",adapted_from_official_english_gen1_with_chinese_fidelity_ai_review,pointer_table,high,dialogue_inventory_overlay,ai_source_reviewed,31,yes,"Uses official Gen I field-dialogue style: the visible sprite and encounter identify the sole speaker, so no redundant class label consumes text-bank space.",Uses the matching official English Red/Blue/Yellow scene as its primary voice while retaining Chinese-only facts and Famicom-specific terminology.,,,,
MAIN:0x038DBF,MAIN,1187,D0318,In-game dialogue,0x038DBF,0x0382A7,0x0382A7,dialogue_19_19,,1264,0x038EAC,"裁判:你要不要朝宠物精灵冠军试试啊?我虽不是训练家但我可给你一些意见,你的比卡丘想赢这道场满难的!小刚所使用的地面系精灵是不受电气攻击的影响!",ascii,"Hey champ! Let me give you a tip. Brock uses Rock Pok@mon, Electric attacks are uselessagainst them!",Let's get happening! Want to be Champion? Pikachu will struggle here. Electric attacks can't hurt Brock's Ground Pokémon!,adapted_from_official_english_gen1_with_chinese_fidelity_ai_review,pointer_table,high,dialogue_inventory_overlay,ai_source_reviewed,108,yes,"Uses official Gen I field-dialogue style: the visible sprite and encounter identify the sole speaker, so no redundant class label consumes text-bank space.",Uses the matching official English Red/Blue/Yellow scene as its primary voice while retaining Chinese-only facts and Famicom-specific terminology.,,,,
MAIN:0x038E2C,MAIN,1188,D0319,In-game dialogue,0x038E2C,0x0382A9,0x0382A9,dialogue_19_19,,1265,0x038F37,侦察员:等等!小孩有什么事啊!找小刚挑战?一万光年以后吧!,ascii,Wait! You're light years away from facing Brock!,"Stop, kid! Face Brock? You're 10,000 light-years off!",translated_directly_from_chinese_ai_review,pointer_table,high,dialogue_inventory_overlay,ai_source_reviewed,51,yes,"Uses official Gen I field-dialogue style: the visible sprite and encounter identify the sole speaker, so no redundant class label consumes text-bank space.","Keeps the interruption, Brock challenge, and exact ten-thousand-light-year taunt.",,,,
MAIN:0x038E60,MAIN,1189,D0320,In-game dialogue,0x038E60,0x0382AB,0x0382AB,dialogue_19_19,,1266,0x038F6E,侦察员:你很厉害但比不上小刚,ascii,"Darn,Light years isdistance,not time!","You're strong, but Brock is stronger.",translated_directly_from_chinese_ai_review,pointer_table,high,dialogue_inventory_overlay,ai_source_reviewed,37,yes,"Uses official Gen I field-dialogue style: the visible sprite and encounter identify the sole speaker, so no redundant class label consumes text-bank space.","Full-text review: Restores the missing subject and copula. Omits the contextual one-speaker label 'SCOUT', as in official Gen I field dialogue; the sprite and encounter retain the speaker identity.",,,,
MAIN:0x038E86,MAIN,1190,D0321,In-game dialogue,0x038E86,0x0382AD,0x0382AD,dialogue_19_19,BROCK,1267,0x038F8B,"小刚:你来了!我是尼比宠物精灵道馆的领袖小刚!我的坚硬石头也就是我的精灵!我所使用的精灵以石系居多!就算会输也要战斗,这就是训练家的宿命!来吧",ascii,I'm Brock!I believein strong defense and determination! Do you still wish to face me? Fine then! Show me your best!,"BROCK: I'm Pewter's Gym Leader! My rock-hard team is mostly Rock-type. Every Trainer fights, even when defeat seems certain! Come on!",translated_directly_from_chinese_ai_review,pointer_table,high,dialogue_inventory_overlay,ai_source_reviewed,119,yes,"Uses complete, natural English while respecting dialogue pagination and ROM bank limits; no displayed word is truncated.","Keeps Brock as Pewter's Leader, his rock-hard mostly Rock-type team, and his duty to fight despite possible defeat. Full-text review: Restores Brock's self-identification and recasts his creed in natural English.",,,,
MAIN:0x038EFE,MAIN,1191,D0322,In-game dialogue,0x038EFE,0x0382AF,0x0382AF,dialogue_19_19,BROCK,1268,0x039014,"小刚:哈哈,真厉害呢我给你宠物精灵联盟公认的灰色徽章!",ascii,"I took you for granted.As proof ofyour victory,here'sthe BOULDERBADGE!",BROCK: I took you for granted. Here's the official Boulder Badge!,adapted_from_official_english_gen1_with_chinese_fidelity_ai_review,pointer_table,high,dialogue_inventory_overlay,ai_source_reviewed,74,no,,Uses the matching official English Red/Blue/Yellow scene as its primary voice while retaining Chinese-only facts and Famicom-specific terminology.,,,,
MAIN:0x038F49,MAIN,1192,D0323,In-game dialogue,0x038F49,0x0382B1,0x0382B1,dialogue_19_19,,1269,0x039049,得到灰色徽章,ascii,"You can now use theHM Flash! Here,takethis with you too.",Got the Boulder Badge!,official_english_gen1_reviewed_chinese_specific_retained_ai_review,pointer_table,high,dialogue_inventory_overlay,ai_source_reviewed,56,no,,Reviewed against the matching English Red/Blue/Yellow scene; the Chinese/Famicom wording is retained because the official line omits or contradicts a material source detail.,,,,
MAIN:0x038F82,MAIN,1193,D0324,In-game dialogue,0x038F82,0x0382B3,0x0382B3,dialogue_19_19,BROCK,1270,0x039057,"小刚:有了灰色徽章你的精灵都将变强,持有闪光特技的精灵就算不战斗也能使用闪光!还有这个给你!",ascii,Recieved TM35!,BROCK: The Boulder Badge powers your team. Flash works outside battle. Take this!,translated_directly_from_chinese_ai_review,pointer_table,high,dialogue_inventory_overlay,ai_source_reviewed,14,yes,"Uses short active clauses for the boost, field move, and gift.","Keeps the Badge's team-wide boost, Flash outside battle, and Brock's additional gift.",,,,
MAIN:0x038F91,MAIN,1194,D0325,In-game dialogue,0x038F91,0x0382B5,0x0382B5,dialogue_19_19,,1271,0x0390B1,得到技能机器34!,ascii,It contains Harden.This raises your Pokemon's defense.,Got TM35!,official_english_gen1_reviewed_chinese_specific_retained_ai_review,pointer_table,high,dialogue_inventory_overlay,ai_source_reviewed,56,no,,Full-text review: The executable TM table and following Harden explanation prove the Chinese receipt's 34 is a typo.,,,,
MAIN:0x038FCA,MAIN,1195,D0326,In-game dialogue,0x038FCA,0x0382B7,0x0382B7,dialogue_19_19,BROCK,1272,0x0390C2,"小刚:使用技能机器时精灵将马上记住特技,但特技就将丢弃!要让哪个精灵学习最好想清楚.特技35是变硬...被攻击时一直变硬...提升防御力!是一个有趣的特技!",ascii,A TM can only be used once.So choosewho you use it on carefully.,"BROCK: A TM teaches a move, then vanishes. Choose well! TM35's Harden raises Defense when hit. Fun, huh?",translated_directly_from_chinese_ai_review,pointer_table,high,dialogue_inventory_overlay,ai_source_reviewed,67,yes,Recasts the long tutorial as compact active rules without dropping any mechanic.,"Keeps one-use TMs, careful choice, TM35's Harden, its Defense boost under attack, and Brock's amusement.",,,,
MAIN:0x03900E,MAIN,1196,D0327,In-game dialogue,0x03900E,0x0382B9,0x0382B9,dialogue_19_19,BROCK,1273,0x039152,"小刚:在这世上什么人都有,有人养精灵有人利用精灵战斗,在这有训练宠物精灵养成的修行!如果你以训练家为目标的话你该去华蓝市的道场试试!",ascii,You seem to be verygifted as a trainer.Go to the GYM in Cerulean andtest your strength.,BROCK: Some raise Pokémon; some battle. Training is a discipline. Future Trainer? Try Cerulean Gym!,translated_directly_from_chinese_ai_review,pointer_table,high,dialogue_inventory_overlay,ai_source_reviewed,95,yes,Reduces the world-view speech to its three sourced contrasts and destination.,"Keeps raising versus battling, disciplined training, and Cerulean Gym as the aspiring Trainer's next test.",,,,
MAIN:0x03906E,MAIN,1197,D0328,In-game dialogue,0x03906E,0x0382BB,0x0382BB,dialogue_19_19,,1274,0x0391D3,裁判:真不愧是强手!就是这样一来朝宠物精灵联盟冠军前进!,ascii,"Just as I thought, you're Champion Material!",Just as I thought! You're Pokémon Champ material!,adapted_from_official_english_gen1_with_chinese_fidelity_ai_review,pointer_table,high,dialogue_inventory_overlay,ai_source_reviewed,47,yes,"Uses official Gen I field-dialogue style: the visible sprite and encounter identify the sole speaker, so no redundant class label consumes text-bank space.",Uses the matching official English Red/Blue/Yellow scene as its primary voice while retaining Chinese-only facts and Famicom-specific terminology.,,,,
MAIN:0x03909E,MAIN,1198,D0329,In-game dialogue,0x03909E,0x0382BD,0x0382BD,dialogue_19_19,,1275,0x03920A,迷你裙:那边的人!你刚在看我吧!,ascii,"You looked at me, didn't you?",Hey! You stared at me!,translated_directly_from_chinese_ai_review,pointer_table,high,dialogue_inventory_overlay,ai_source_reviewed,30,yes,"Uses official Gen I field-dialogue style: the visible sprite and encounter identify the sole speaker, so no redundant class label consumes text-bank space.",Keeps the Lass calling out the player for staring at her.,,,,
MAIN:0x0390BD,MAIN,1199,D0330,In-game dialogue,0x0390BD,0x0382BF,0x0382BF,dialogue_19_19,,1276,0x039229,迷你裙:算了...不过你再继续看的话我会打人的喔!,ascii,You're mean!,Fine... Stare again and I'll hit you!,translated_directly_from_chinese_ai_review,pointer_table,high,dialogue_inventory_overlay,ai_source_reviewed,12,yes,"Uses official Gen I field-dialogue style: the visible sprite and encounter identify the sole speaker, so no redundant class label consumes text-bank space.",Keeps her reluctant dismissal and threat to hit the player for continued staring.,,,,
MAIN:0x0390CA,MAIN,1200,D0331,In-game dialogue,0x0390CA,0x0382C1,0x0382C1,dialogue_19_19,,1277,0x039258,捉虫少年:你不是在常青森林遇到的家伙吗?,ascii,Hey! I met you in Viridian Forest!,Didn't we meet in Viridian Forest?,translated_directly_from_chinese_ai_review,pointer_table,high,dialogue_inventory_overlay,ai_source_reviewed,35,yes,"Uses official Gen I field-dialogue style: the visible sprite and encounter identify the sole speaker, so no redundant class label consumes text-bank space.",Keeps the Bug Catcher's recognition of the player from Viridian Forest.,,,,
MAIN:0x0390EE,MAIN,1201,D0332,In-game dialogue,0x0390EE,0x0382C3,0x0382C3,dialogue_19_19,,1278,0x039280,捉虫少年:在这附近可以抓到和森林不一样的精灵!,ascii,You beat me again!,Pokémon here differ from those in the forest!,translated_directly_from_chinese_ai_review,pointer_table,high,dialogue_inventory_overlay,ai_source_reviewed,18,yes,"Uses official Gen I field-dialogue style: the visible sprite and encounter identify the sole speaker, so no redundant class label consumes text-bank space.","Full-text review: Repairs the malformed comparison 'unlike the forest's'. Omits the contextual one-speaker label 'BUG CATCHER', as in official Gen I field dialogue; the sprite and encounter retain the speaker identity.",,,,
MAIN:0x039101,MAIN,1202,D0333,In-game dialogue,0x039101,0x0382C5,0x0382C5,dialogue_19_19,,1279,0x0392AE,谈判小子:穿短裤活动方便很好啊!你要不要穿穿看?,ascii,Are you a Pok@mon Trainer too?,Shorts make moving easy. Try them!,translated_directly_from_chinese_ai_review,pointer_table,high,dialogue_inventory_overlay,ai_source_reviewed,31,yes,"Uses official Gen I field-dialogue style: the visible sprite and encounter identify the sole speaker, so no redundant class label consumes text-bank space.",Keeps the practical mobility claim about shorts and the invitation to try them.,,,,
MAIN:0x039121,MAIN,1203,D0334,In-game dialogue,0x039121,0x0382C7,0x0382C7,dialogue_19_19,,1280,0x0392DD,谈判小子:你有用电脑通信吗?捕抓到的妖怪超过六个会自动记录到电脑中,ascii,Are you storing Pok@mon on the PC?,"Catch more than six Pokémon, and the rest go to the PC.",translated_directly_from_chinese_ai_review,pointer_table,high,dialogue_inventory_overlay,ai_source_reviewed,37,yes,"Uses official Gen I field-dialogue style: the visible sprite and encounter identify the sole speaker, so no redundant class label consumes text-bank space.","Full-text review: Replaces a semicolon fragment with the complete storage rule. Omits the contextual one-speaker label 'YOUNGSTER', as in official Gen I field dialogue; the sprite and encounter retain the speaker identity.",,,,
MAIN:0x039147,MAIN,1204,D0335,In-game dialogue,0x039147,0x0382C9,0x0382C9,dialogue_19_19,,1281,0x03931F,捉虫少年:你是训练家?那就立刻跟我比一下!,ascii,You can fight my new Pok@mon!,A Trainer? Fight me!,translated_directly_from_chinese_ai_review,pointer_table,high,dialogue_inventory_overlay,ai_source_reviewed,31,yes,"Uses official Gen I field-dialogue style: the visible sprite and encounter identify the sole speaker, so no redundant class label consumes text-bank space.",Keeps the Trainer check and immediate battle challenge.,,,,
MAIN:0x039167,MAIN,1205,D0336,In-game dialogue,0x039167,0x0382CB,0x0382CB,dialogue_19_19,,1282,0x039348,捉虫少年:还真是搞笑...,ascii,Trained Pok@mon arestronger than wild ones.,What a joke...,translated_directly_from_chinese_ai_review,pointer_table,high,dialogue_inventory_overlay,ai_source_reviewed,43,yes,"Uses official Gen I field-dialogue style: the visible sprite and encounter identify the sole speaker, so no redundant class label consumes text-bank space.",Preserves the Bug Catcher's dismissive remark.,,,,
MAIN:0x039193,MAIN,1206,D0337,In-game dialogue,0x039193,0x0382D1,0x0382D1,dialogue_19_19,,1285,0x0393AA,谈判小子:什么嘛!没有穿短裤嘛,ascii,Hey! You're don't have shorts,What? No shorts!,translated_directly_from_chinese_ai_review,pointer_table,high,dialogue_inventory_overlay,ai_source_reviewed,30,yes,"Uses official Gen I field-dialogue style: the visible sprite and encounter identify the sole speaker, so no redundant class label consumes text-bank space.",Keeps the Youngster's surprise that the player is not wearing shorts.,,,,
MAIN:0x0391B2,MAIN,1207,D0338,In-game dialogue,0x0391B2,0x0382D3,0x0382D3,dialogue_19_19,,1286,0x0393C8,谈判小子:输了输了...,ascii,Even in winter I wear shorts!,I lost again...,translated_directly_from_chinese_ai_review,pointer_table,high,dialogue_inventory_overlay,ai_source_reviewed,31,yes,"Uses official Gen I field-dialogue style: the visible sprite and encounter identify the sole speaker, so no redundant class label consumes text-bank space.","Full-text review: Turns the repeated verb fragment into a natural defeat line. Omits the contextual one-speaker label 'YOUNGSTER', as in official Gen I field dialogue; the sprite and encounter retain the speaker identity.",,,,
MAIN:0x0391D2,MAIN,1208,D0339,In-game dialogue,0x0391D2,0x0382D5,0x0382D5,dialogue_19_19,,1287,0x0393DE,捉虫少年:用刚抓到的宠物精灵跟我打吧!,ascii,Do you like bug Pok@mon?,Battle me with your latest catch!,translated_directly_from_chinese_ai_review,pointer_table,high,dialogue_inventory_overlay,ai_source_reviewed,27,yes,"Uses official Gen I field-dialogue style: the visible sprite and encounter identify the sole speaker, so no redundant class label consumes text-bank space.","Full-text review: Replaces an unidiomatic versus fragment. Omits the contextual one-speaker label 'BUG CATCHER', as in official Gen I field dialogue; the sprite and encounter retain the speaker identity.",,,,
MAIN:0x0391EE,MAIN,1209,D0340,In-game dialogue,0x0391EE,0x0382D7,0x0382D7,dialogue_19_19,,1288,0x039404,捉虫少年:你很厉害呢,ascii,Bug types evolve faster than others.,You're strong!,translated_directly_from_chinese_ai_review,pointer_table,high,dialogue_inventory_overlay,ai_source_reviewed,38,yes,"Uses official Gen I field-dialogue style: the visible sprite and encounter identify the sole speaker, so no redundant class label consumes text-bank space.",Preserves the Bug Catcher's praise of the player's strength.,,,,
MAIN:0x039215,MAIN,1210,D0341,In-game dialogue,0x039215,0x0382D9,0x0382D9,dialogue_19_19,,1289,0x039419,迷你裙:呀!你刚才有摸我身体吗?,ascii,Eek! Did you touch me!?,Eek! Did you touch me?!,translated_directly_from_chinese_ai_review,pointer_table,high,dialogue_inventory_overlay,ai_source_reviewed,23,yes,"Uses official Gen I field-dialogue style: the visible sprite and encounter identify the sole speaker, so no redundant class label consumes text-bank space.",Keeps the Lass's startled cry and accusation that the player touched her.,,,,
MAIN:0x03922D,MAIN,1211,D0342,In-game dialogue,0x03922D,0x0382DB,0x0382DB,dialogue_19_19,,1290,0x039438,迷你裙:原来是误会啊...,ascii,Route 4 is at the foot of Mt.Moon.,A mix-up...,translated_directly_from_chinese_ai_review,pointer_table,high,dialogue_inventory_overlay,ai_source_reviewed,35,yes,"Uses official Gen I field-dialogue style: the visible sprite and encounter identify the sole speaker, so no redundant class label consumes text-bank space.",Keeps her realization that the incident was a misunderstanding.,,,,
MAIN:0x039251,MAIN,1212,D0343,In-game dialogue,0x039251,0x0382CD,0x0382CD,dialogue_19_19,,1283,0x039360,迷你裙:你的视线!真的很令人在意!,ascii,"The look you gave me,it's intriguing!",Your stare bothers me!,translated_directly_from_chinese_ai_review,pointer_table,high,dialogue_inventory_overlay,ai_source_reviewed,38,yes,"Uses official Gen I field-dialogue style: the visible sprite and encounter identify the sole speaker, so no redundant class label consumes text-bank space.",Keeps her discomfort with the player's gaze.,,,,
MAIN:0x039278,MAIN,1213,D0344,In-game dialogue,0x039278,0x0382CF,0x0382CF,dialogue_19_19,,1284,0x039381,迷你裙:如果不想打架的话就不要让视力交会,ascii,Don't let people see you to avoid fights!,"If you don't want to fight, avoid eye contact.",translated_directly_from_chinese_ai_review,pointer_table,high,dialogue_inventory_overlay,ai_source_reviewed,45,yes,"Uses official Gen I field-dialogue style: the visible sprite and encounter identify the sole speaker, so no redundant class label consumes text-bank space.","Full-text review: Restores the source conditional in natural English. Omits the contextual one-speaker label 'LASS', as in official Gen I field dialogue; the sprite and encounter retain the speaker identity.",,,,
MAIN:0x0392A6,MAIN,1214,D0345,In-game dialogue,0x0392A6,0x0382DD,0x0382DD,dialogue_19_19,,1291,0x039450,大爷:只告诉你一个好消息...!秘密的鲤鱼王只卖500元!你买不买?,ascii,Have I got a deal for you! How about a Magikarp for just500$?,Great deal! A secret Magikarp for just $500! What do you say?,adapted_from_official_english_gen1_with_chinese_fidelity_ai_review,pointer_table,high,dialogue_inventory_overlay,ai_source_reviewed,62,yes,"Uses official Gen I field-dialogue style: the visible sprite and encounter identify the sole speaker, so no redundant class label consumes text-bank space.",Uses the matching official English Red/Blue/Yellow scene as its primary voice while retaining Chinese-only facts and Famicom-specific terminology.,,,,
MAIN:0x0392E5,MAIN,1215,D0346,In-game dialogue,0x0392E5,0x0382DF,0x0382DF,dialogue_19_19,,1292,0x03948C,是吗?真是可惜,ascii,Too bad...,Oh? What a shame.,official_english_gen1_reviewed_chinese_specific_retained_ai_review,pointer_table,high,dialogue_inventory_overlay,ai_source_reviewed,10,no,,Reviewed against the matching English Red/Blue/Yellow scene; the Chinese/Famicom wording is retained because the official line omits or contradicts a material source detail.,,,,
MAIN:0x0392F0,MAIN,1216,D0347,In-game dialogue,0x0392F0,0x0382E1,0x0382E1,dialogue_19_19,,1293,0x03949B,得到鲤鱼王,ascii,Recieved Magikarp!,Got Magikarp!,official_english_gen1_reviewed_chinese_specific_retained_ai_review,pointer_table,high,dialogue_inventory_overlay,ai_source_reviewed,18,no,,Reviewed against the matching English Red/Blue/Yellow scene; the Chinese/Famicom wording is retained because the official line omits or contradicts a material source detail.,,,,
MAIN:0x039303,MAIN,1217,D0348,In-game dialogue,0x039303,0x0382E3,0x0382E3,dialogue_19_19,,1294,0x0394A7,捉虫少年:可疑男人在洞内徘徊你是...,ascii,I saw suspicious men this cave.What about you?,A shady man is prowling the cave. Are you that man?,translated_directly_from_chinese_ai_review,pointer_table,high,dialogue_inventory_overlay,ai_source_reviewed,48,yes,"Uses official Gen I field-dialogue style: the visible sprite and encounter identify the sole speaker, so no redundant class label consumes text-bank space.","Full-text review: Restores the source's suspicion without using an invalid pronoun complement. Omits the contextual one-speaker label 'BUG CATCHER', as in official Gen I field dialogue; the sprite and encounter retain the speaker identity.",,,,
MAIN:0x039334,MAIN,1218,D0349,In-game dialogue,0x039334,0x0382E5,0x0382E5,dialogue_19_19,,1295,0x0394CB,"捉虫少年:被骗了,没错!我看到的家伙他是火箭队的人!",ascii,I'm sure they're from Team Rocket!,I was fooled! The man I saw was with Team Rocket!,translated_directly_from_chinese_ai_review,pointer_table,high,dialogue_inventory_overlay,ai_source_reviewed,36,yes,"Uses official Gen I field-dialogue style: the visible sprite and encounter identify the sole speaker, so no redundant class label consumes text-bank space.","Full-text review: Restores the speaker and the source's complete identification. Omits the contextual one-speaker label 'BUG CATCHER', as in official Gen I field dialogue; the sprite and encounter retain the speaker identity.",,,,
MAIN:0x039359,MAIN,1219,D0350,In-game dialogue,0x039359,0x0382E7,0x0382E7,dialogue_19_19,,1296,0x0394FD,迷你裙:干嘛啊?我是在这里等洞里分散的朋友啦,ascii,I'm waiting for my friends to find me here.,I'm waiting for friends who got separated in the cave.,translated_directly_from_chinese_ai_review,pointer_table,high,dialogue_inventory_overlay,ai_source_reviewed,43,yes,"Uses official Gen I field-dialogue style: the visible sprite and encounter identify the sole speaker, so no redundant class label consumes text-bank space.","Full-text review: Restores the omitted subject and relation. Omits the contextual one-speaker label 'LASS', as in official Gen I field dialogue; the sprite and encounter retain the speaker identity.",,,,
MAIN:0x039385,MAIN,1220,D0351,In-game dialogue,0x039385,0x0382E9,0x0382E9,dialogue_19_19,,1297,0x039529,迷你裙:我是听说这个洞里有很棒的化石才来的,ascii,I heard there are very rare fossils here.,I came because I heard there are rare fossils here.,translated_directly_from_chinese_ai_review,pointer_table,high,dialogue_inventory_overlay,ai_source_reviewed,43,yes,"Uses official Gen I field-dialogue style: the visible sprite and encounter identify the sole speaker, so no redundant class label consumes text-bank space.","Full-text review: Restores the causal clause and natural fossil description. Omits the contextual one-speaker label 'LASS', as in official Gen I field dialogue; the sprite and encounter retain the speaker identity.",,,,
MAIN:0x0393B1,MAIN,1221,D0352,In-game dialogue,0x0393B1,0x0382EB,0x0382EB,dialogue_19_19,TEAM ROCKET,1298,0x039554,火箭队:宠物精灵黑手党组织火箭队!是又恐怖又强的!,ascii,"We,Team Rocket,are Pok@mon gansters!","We're Team Rocket, a feared, mighty Pokémon mafia!",translated_directly_from_chinese_ai_review,pointer_table,high,dialogue_inventory_overlay,ai_source_reviewed,36,yes,"Uses official Gen I field-dialogue style: the visible sprite and encounter identify the sole speaker, so no redundant class label consumes text-bank space.",Keeps Team Rocket identifying itself as a feared and powerful Pokémon mafia.,,,,
MAIN:0x0393D6,MAIN,1222,D0353,In-game dialogue,0x0393D6,0x0382ED,0x0382ED,dialogue_19_19,,1299,0x039585,火箭队:你比我更恐怖...,ascii,Darn it all! I blewit!,You're even scarier...,translated_directly_from_chinese_ai_review,pointer_table,high,dialogue_inventory_overlay,ai_source_reviewed,22,yes,"Uses official Gen I field-dialogue style: the visible sprite and encounter identify the sole speaker, so no redundant class label consumes text-bank space.",Keeps the Rocket saying the player is scarier than he is.,,,,
MAIN:0x0393ED,MAIN,1223,D0354,In-game dialogue,0x0393ED,0x0382F3,0x0382F3,dialogue_19_19,,1302,0x0395D0,迷你裙:洞隆里相当的宽阔呢,ascii,Mt.Moon's big isn'tit?,This cave is huge!,translated_directly_from_chinese_ai_review,pointer_table,high,dialogue_inventory_overlay,ai_source_reviewed,22,yes,"Uses official Gen I field-dialogue style: the visible sprite and encounter identify the sole speaker, so no redundant class label consumes text-bank space.",Preserves the Lass's observation that the cave is very large.,,,,
MAIN:0x039404,MAIN,1224,D0355,In-game dialogue,0x039404,0x0382F5,0x0382F5,dialogue_19_19,,1303,0x0395EB,迷你裙:这么大哪边是出口都搞不清楚,ascii,How do you get out of here?,So huge... Where's the exit?,translated_directly_from_chinese_ai_review,pointer_table,high,dialogue_inventory_overlay,ai_source_reviewed,27,yes,"Uses official Gen I field-dialogue style: the visible sprite and encounter identify the sole speaker, so no redundant class label consumes text-bank space.",Keeps the cave's size and her inability to locate the exit.,,,,
MAIN:0x039420,MAIN,1225,D0356,In-game dialogue,0x039420,0x038303,0x038303,dialogue_19_19,,1310,0x0396E3,谈判小子:你也是来这里探险的吗?,ascii,Did you come to explore too?,Exploring too?,translated_directly_from_chinese_ai_review,pointer_table,high,dialogue_inventory_overlay,ai_source_reviewed,31,yes,"Uses official Gen I field-dialogue style: the visible sprite and encounter identify the sole speaker, so no redundant class label consumes text-bank space.",Keeps the Youngster asking whether the player also came to explore.,,,,
MAIN:0x039440,MAIN,1226,D0357,In-game dialogue,0x039440,0x038305,0x038305,dialogue_19_19,,1311,0x039703,谈判小子:到底哪里有珍奇的精灵呢?,ascii,I came here to showoff my Pok@mon.,Where are rare Pokémon?,translated_directly_from_chinese_ai_review,pointer_table,high,dialogue_inventory_overlay,ai_source_reviewed,34,yes,"Uses official Gen I field-dialogue style: the visible sprite and encounter identify the sole speaker, so no redundant class label consumes text-bank space.",Keeps the Youngster wondering where the rare Pokémon are.,,,,
MAIN:0x039463,MAIN,1227,D0358,In-game dialogue,0x039463,0x0382FB,0x0382FB,dialogue_19_19,,1306,0x039660,大叔:原来是小孩子啊!吓我一跳,ascii,Whoa!You scared me!,Just a kid? You scared me!,translated_directly_from_chinese_ai_review,pointer_table,high,dialogue_inventory_overlay,ai_source_reviewed,19,yes,"Uses official Gen I field-dialogue style: the visible sprite and encounter identify the sole speaker, so no redundant class label consumes text-bank space.",Keeps the man's realization that the player is a child and his fright.,,,,
MAIN:0x039477,MAIN,1228,D0359,In-game dialogue,0x039477,0x0382FD,0x0382FD,dialogue_19_19,,1307,0x03967E,大叔:小孩子不可以到这么阴暗的地方闲逛!!,ascii,Kids like you shouldn't be here!,Kids shouldn't roam dark places!,translated_directly_from_chinese_ai_review,pointer_table,high,dialogue_inventory_overlay,ai_source_reviewed,37,yes,"Uses official Gen I field-dialogue style: the visible sprite and encounter identify the sole speaker, so no redundant class label consumes text-bank space.",Keeps the warning that a child should not wander in such darkness.,,,,
MAIN:0x03949D,MAIN,1229,D0360,In-game dialogue,0x03949D,0x0382F7,0x0382F7,dialogue_19_19,,1304,0x03960E,火箭队:我们正在做重要的工作!小孩子赶快回家!,ascii,We're pulling a bigjob here!Get lost!,"We're doing important work! Go home, kid!",translated_directly_from_chinese_ai_review,pointer_table,high,dialogue_inventory_overlay,ai_source_reviewed,37,yes,"Uses official Gen I field-dialogue style: the visible sprite and encounter identify the sole speaker, so no redundant class label consumes text-bank space.","Full-text review: Restores the omitted subject and verb. Omits the contextual one-speaker label 'ROCKET', as in official Gen I field dialogue; the sprite and encounter retain the speaker identity.",,,,
MAIN:0x0394C3,MAIN,1230,D0361,In-game dialogue,0x0394C3,0x0382F9,0x0382F9,dialogue_19_19,,1305,0x03963B,"火箭队:蛮厉害的嘛,加入我们火箭队吧!",ascii,If you see a fossilgive it to me and scram!,Not bad! Join us!,translated_directly_from_chinese_ai_review,pointer_table,high,dialogue_inventory_overlay,ai_source_reviewed,44,yes,"Uses official Gen I field-dialogue style: the visible sprite and encounter identify the sole speaker, so no redundant class label consumes text-bank space.",Keeps the Rocket praising the player's skill and inviting the player into Team Rocket.,,,,
MAIN:0x0394F0,MAIN,1231,D0362,In-game dialogue,0x0394F0,0x0382FF,0x0382FF,dialogue_19_19,,1308,0x0396A7,火箭队:随便闯入大人的世界可是很危险的!,ascii,Kids should leave grown-ups alone!,Meddling in adult affairs is risky!,translated_directly_from_chinese_ai_review,pointer_table,high,dialogue_inventory_overlay,ai_source_reviewed,35,yes,"Uses official Gen I field-dialogue style: the visible sprite and encounter identify the sole speaker, so no redundant class label consumes text-bank space.",Keeps the warning that barging into adults' affairs is dangerous.,,,,
MAIN:0x039514,MAIN,1232,D0363,In-game dialogue,0x039514,0x038301,0x038301,dialogue_19_19,,1309,0x0396CF,火箭队:真令人生气!,ascii,Pok@mon lived here long before people came.,I'm furious!,translated_directly_from_chinese_ai_review,pointer_table,high,dialogue_inventory_overlay,ai_source_reviewed,43,yes,"Uses official Gen I field-dialogue style: the visible sprite and encounter identify the sole speaker, so no redundant class label consumes text-bank space.",Preserves the Rocket's anger.,,,,
MAIN:0x039540,MAIN,1233,D0364,In-game dialogue,0x039540,0x038307,0x038307,dialogue_19_19,,1312,0x039725,"研究员:等一下!这化石是我发现的,两个都是我的!",ascii,Stop!I found these fossils! They're mine!,"Hey, stop! I found both fossils. They're mine!",adapted_from_official_english_gen1_with_chinese_fidelity_ai_review,pointer_table,high,dialogue_inventory_overlay,ai_source_reviewed,43,yes,"Uses official Gen I field-dialogue style: the visible sprite and encounter identify the sole speaker, so no redundant class label consumes text-bank space.",Uses the matching official English Red/Blue/Yellow scene as its primary voice while retaining Chinese-only facts and Famicom-specific terminology.,,,,
MAIN:0x03956C,MAIN,1234,D0365,In-game dialogue,0x03956C,0x0382EF,0x0382EF,dialogue_19_19,,1300,0x03959D,研究员:哇!什么啊!不要突然跟我说话!,ascii,What! Don't sneak up on me!,Whoa! Don't surprise me!,translated_directly_from_chinese_ai_review,pointer_table,high,dialogue_inventory_overlay,ai_source_reviewed,28,yes,"Uses official Gen I field-dialogue style: the visible sprite and encounter identify the sole speaker, so no redundant class label consumes text-bank space.",Keeps the Scientist's startled reaction and request not to be approached suddenly.,,,,
MAIN:0x039589,MAIN,1235,D0366,In-game dialogue,0x039589,0x0382F1,0x0382F1,dialogue_19_19,,1301,0x0395C1,研究员:......,ascii,I have to find stronger Pok@mon.,...,translated_directly_from_chinese_ai_review,pointer_table,high,dialogue_inventory_overlay,ai_source_reviewed,36,yes,"Uses official Gen I field-dialogue style: the visible sprite and encounter identify the sole speaker, so no redundant class label consumes text-bank space.",Preserves the Scientist's silence.,,,,
MAIN:0x0395AE,MAIN,1236,D0367,In-game dialogue,0x0395AE,0x038309,0x038309,dialogue_19_19,,1313,0x039753,"研究员:好吧,就分你一个好了,我和你各拿一个化石,一个人独吞是不行的哟",ascii,"Okay,I'll share! We'll each take 1! No being greedy!",We'll each take one! No being greedy!,adapted_from_official_english_gen1_with_chinese_fidelity_ai_review,pointer_table,high,dialogue_inventory_overlay,ai_source_reviewed,54,yes,"Uses official Gen I field-dialogue style: the visible sprite and encounter identify the sole speaker, so no redundant class label consumes text-bank space.",Uses the matching official English Red/Blue/Yellow scene as its primary voice while retaining Chinese-only facts and Famicom-specific terminology.,,,,
MAIN:0x0395E5,MAIN,1237,D0368,In-game dialogue,0x0395E5,0x03830B,0x03830B,dialogue_19_19,,1314,0x039797,研究员:听说离这里很远的红莲岛上有宠物精灵的研究所能让化石复活的研究...,ascii,Then this is mine! On Cinnabar island there's a Pok@mon research lab that does research on reviving fossilizedPok@mon!,I hear the Pokémon Lab on far-off Cinnabar revives fossils.,translated_directly_from_chinese_ai_review,pointer_table,high,dialogue_inventory_overlay,ai_source_reviewed,122,yes,"Uses official Gen I field-dialogue style: the visible sprite and encounter identify the sole speaker, so no redundant class label consumes text-bank space.","Full-text review: Replaces a headline fragment with a natural hearsay sentence. Omits the contextual one-speaker label 'SCIENTIST', as in official Gen I field dialogue; the sprite and encounter retain the speaker identity.",,,,
MAIN:0x039660,MAIN,1238,D0369,In-game dialogue,0x039660,0x03830D,0x03830D,dialogue_19_19,TEAM ROCKET,1315,0x0397DF,火箭队:等一下!化石是我们火箭队的东西!,ascii,Jesse:Stop right there!That fossil is Team Rocket's!,Stop! That fossil belongs to Team Rocket!,adapted_from_official_english_gen1_with_chinese_fidelity_ai_review,pointer_table,high,dialogue_inventory_overlay,ai_source_reviewed,55,yes,"Uses official Gen I field-dialogue style: the visible sprite and encounter identify the sole speaker, so no redundant class label consumes text-bank space.",Uses the matching official English Red/Blue/Yellow scene as its primary voice while retaining Chinese-only facts and Famicom-specific terminology.,,,,
MAIN:0x039698,MAIN,1239,D0370,In-game dialogue,0x039698,0x03830F,0x03830F,dialogue_19_19,ASH,1316,0x039806,小智:你们是?,ascii,James:Surrender nowor prepare to fight!,ASH: Who are you?,translated_directly_from_chinese_ai_review,pointer_table,high,dialogue_inventory_overlay,ai_source_reviewed,44,no,,Preserves Ash asking the group's identity.,,,,
MAIN:0x0396C5,MAIN,1240,D0371,In-game dialogue,0x0396C5,0x038311,0x038311,dialogue_19_19,JESSIE,1317,0x039814,武藏:既然你诚心诚意的问了,ascii,Meowth: Meeouth! That's right!,JESSIE: Prepare for trouble!,adapted_from_english_anime_motto_with_chinese_fidelity_ai_review,pointer_table,high,dialogue_inventory_overlay,ai_source_reviewed,32,no,,Uses the recognizable English-dub motto cadence while retaining the Chinese segment's meaning and bootleg-specific details.,,,,
MAIN:0x0396E6,MAIN,1241,D0372,In-game dialogue,0x0396E6,0x038327,0x038327,dialogue_19_19,TEAM ROCKET,1328,0x03992D,小次郎:没想到会输...,ascii,Jesse:A brat beat us?,JAMES: We never expected to lose...,official_english_gen1_reviewed_chinese_specific_retained_ai_review,pointer_table,high,dialogue_inventory_overlay,ai_source_reviewed,22,yes,Uses 'defeat' to compress the unexpected-loss statement.,Reviewed against the matching English Red/Blue/Yellow scene; the Chinese/Famicom wording is retained because the official line omits or contradicts a material source detail.,,,,
MAIN:0x0396FD,MAIN,1242,D0373,In-game dialogue,0x0396FD,0x038329,0x038329,dialogue_19_19,TEAM ROCKET,1329,0x039943,武藏:好讨厌的感觉哟...,ascii,James:Such a dread-ful twerp!,JESSIE: What an awful feeling...,official_english_gen1_reviewed_chinese_specific_retained_ai_review,pointer_table,high,dialogue_inventory_overlay,ai_source_reviewed,29,yes,Uses one natural adjective for the source reaction.,Reviewed against the matching English Red/Blue/Yellow scene; the Chinese/Famicom wording is retained because the official line omits or contradicts a material source detail.,,,,
MAIN:0x03971B,MAIN,1243,D0374,In-game dialogue,0x03971B,0x03832B,0x03832B,dialogue_19_19,,1330,0x03995B,喵喵:喵...,ascii,"Jesse&James:Team Rocket,blast off atthe speed of light!Meouth:Hey!Wait formeeowth!",MEOWTH: Meow...,official_english_gen1_reviewed_chinese_specific_retained_ai_review,pointer_table,high,dialogue_inventory_overlay,ai_source_reviewed,84,no,,Reviewed against the matching English Red/Blue/Yellow scene; the Chinese/Famicom wording is retained because the official line omits or contradicts a material source detail.,,,,
MAIN:0x039770,MAIN,1244,D0375,In-game dialogue,0x039770,0x03832D,0x03832D,dialogue_19_19,POLICE OFFICER,1331,0x039967,"警察:真是可怜!家里糟了小偷,我知道犯人是谁!是火箭队,警察也对他们很头疼呢!",ascii,"These people were robbed, we believe it's Team Rocket's doing! Even our Police force has trouble with that gang!",This family was robbed by Team Rocket. Even our Police Force struggles with them!,adapted_from_official_english_gen1_with_chinese_fidelity_ai_review,pointer_table,high,dialogue_inventory_overlay,ai_source_reviewed,119,yes,"Uses official Gen I field-dialogue style: the visible sprite and encounter identify the sole speaker, so no redundant class label consumes text-bank space.",Uses the matching official English Red/Blue/Yellow scene as its primary voice while retaining Chinese-only facts and Famicom-specific terminology.,,,,
MAIN:0x0397E8,MAIN,1245,D0376,In-game dialogue,0x0397E8,0x03832F,0x03832F,dialogue_19_19,,1332,0x0399B1,裁判:未来的冠军给你一些建议吧!这里的馆长阿霞是使用水系的精灵!如果用植物系的怪物来吸取水份或用电系来使之麻痹也行,ascii,"Yo Champ!The LeaderMisty, is a pro whouses water Pok@mon!Try to zap them with electric, or you can use grass types.",Future Champ! Misty is a Water Pokémon pro. Use Grass to drain them or Electric moves to stun them!,adapted_from_official_english_gen1_with_chinese_fidelity_ai_review,pointer_table,high,dialogue_inventory_overlay,ai_source_reviewed,120,yes,"Uses official Gen I field-dialogue style: the visible sprite and encounter identify the sole speaker, so no redundant class label consumes text-bank space.",Uses the matching official English Red/Blue/Yellow scene as its primary voice while retaining Chinese-only facts and Famicom-specific terminology.,,,,
MAIN:0x039861,MAIN,1246,D0377,In-game dialogue,0x039861,0x038331,0x038331,dialogue_19_19,,1333,0x039A22,游泳男:你的对手是我,ascii,I'm 1st!Let's do it,I'm your opponent!,translated_directly_from_chinese_ai_review,pointer_table,high,dialogue_inventory_overlay,ai_source_reviewed,19,yes,"Uses official Gen I field-dialogue style: the visible sprite and encounter identify the sole speaker, so no redundant class label consumes text-bank space.",Preserves the Swimmer declaring himself the player's opponent.,,,,
MAIN:0x039875,MAIN,1247,D0378,In-game dialogue,0x039875,0x038333,0x038333,dialogue_19_19,,1334,0x039A37,游泳男:阿霞会成为一位很强的训练家!才不会输给你呢!,ascii,Misty won't lose tosomeone like you!,Misty will keep improving! She won't lose to someone like you!,adapted_from_official_english_gen1_with_chinese_fidelity_ai_review,pointer_table,high,dialogue_inventory_overlay,ai_source_reviewed,36,yes,"Uses official Gen I field-dialogue style: the visible sprite and encounter identify the sole speaker, so no redundant class label consumes text-bank space.",Uses the matching official English Red/Blue/Yellow scene as its primary voice while retaining Chinese-only facts and Famicom-specific terminology.,,,,
MAIN:0x03989A,MAIN,1248,D0379,In-game dialogue,0x03989A,0x038335,0x038335,dialogue_19_19,,1335,0x039A6A,游泳女:对付你我就够了!用不着阿霞亲自动手!,ascii,I'm more than good enough for you!,I'm more than good enough for you! Misty can wait!,adapted_from_official_english_gen1_with_chinese_fidelity_ai_review,pointer_table,high,dialogue_inventory_overlay,ai_source_reviewed,34,yes,"Uses official Gen I field-dialogue style: the visible sprite and encounter identify the sole speaker, so no redundant class label consumes text-bank space.",Uses the matching official English Red/Blue/Yellow scene as its primary voice while retaining Chinese-only facts and Famicom-specific terminology.,,,,
MAIN:0x0398BD,MAIN,1249,D0380,In-game dialogue,0x0398BD,0x038337,0x038337,dialogue_19_19,,1336,0x039A95,游泳女:失败了...,ascii,You overwhelmed me.,I lost...,translated_directly_from_chinese_ai_review,pointer_table,high,dialogue_inventory_overlay,ai_source_reviewed,19,yes,"Uses official Gen I field-dialogue style: the visible sprite and encounter identify the sole speaker, so no redundant class label consumes text-bank space.",Preserves the Swimmer's admission of defeat.,,,,
MAIN:0x0398D1,MAIN,1250,D0381,In-game dialogue,0x0398D1,0x038339,0x038339,dialogue_19_19,MISTY,1337,0x039AA7,小霞:你在培养精灵时有什么策略吗?我的策略就是让它成为水系的精灵!让我这个世界第一美少女来成为你的对手吧!,ascii,Misty:Pro Trainers have a policy aboutPok@mon.Mine is an all-out offensive approach! What's yours?,MISTY: Your training plan? Mine: Water-types! Face the world's prettiest girl!,translated_directly_from_chinese_ai_review,pointer_table,high,dialogue_inventory_overlay,ai_source_reviewed,101,yes,"Uses elliptical but natural clauses while retaining strategy, type, and boast.","Keeps Misty's question, Water-type strategy, and boast that she is the world's prettiest girl.",,,,
MAIN:0x039937,MAIN,1251,D0382,In-game dialogue,0x039937,0x03833B,0x03833B,dialogue_19_19,MISTY,1338,0x039B0F,"小霞:是我输了?没办法!蓝色徽章就给你吧!拥有蓝色徽章就算不是在战斗中也能使用居合斩喔!特技11也送给你吧,特技11是泡沫光线让水系的精灵学吧!",ascii,Misty: You're too much! Here's the Cascade Badge to show you beat me! Now you can use theCUT HM!And you can have TM11 too. It teaches BubbleBeam!Use it well!,MISTY: I lost? Take Cascade Badge! Use Cut outside battle. Take TM11 too: BubbleBeam. Teach a Water Pokémon!,translated_directly_from_chinese_ai_review,pointer_table,high,dialogue_inventory_overlay,ai_source_reviewed,164,yes,Compresses articles and links while explicitly retaining both reward actions and every gameplay fact.,"Keeps Misty's loss, her explicit gifts of the Cascade Badge and TM11, Cut's field use, BubbleBeam's identity, and the Water-Pokémon recommendation.",,,,
MAIN:0x0399DC,MAIN,1252,D0383,In-game dialogue,0x0399DC,0x03833D,0x03833D,dialogue_19_19,GARY,1339,0x039B96,"小茂:嗨!小智,你还为那种事困惑啊?我都抓到又强又棒的精灵!什么什么?你抓了什么啊?让我看看嘛!",ascii,Yo Ash!You're stillstruggling along? Me?I'm doing great!I'll show you!,"GARY: Ash! Still struggling? I caught some great, powerful Pokémon. What did you catch? Show me!",translated_directly_from_chinese_ai_review,pointer_table,high,dialogue_inventory_overlay,ai_source_reviewed,71,yes,"Uses complete, natural English while respecting dialogue pagination and ROM bank limits; no displayed word is truncated.","Keeps Gary addressing Ash, mocking his confusion, boasting of great, strong catches, and demanding to see Ash's catches. Full-text review: Clarifies the questions and keeps Gary's source-faithful boast.",,,,
MAIN:0x039A24,MAIN,1253,D0384,In-game dialogue,0x039A24,0x03833F,0x03833F,dialogue_19_19,GARY,1340,0x039BF0,"小茂:嗨嗨,我到马沙家他给我看了许多珍贵的宠物精灵耶!托他的福,我的精灵图鉴又增加了好几页呢,总之马沙是一位有名的宠物精灵收集家!电脑通信的精灵保管系统也是他做的,如果你也有使用真应该去向他道谢呢",ascii,"Okay,you won! Hey guess what! I went to Bill's.You know he invented the PC system we use? You should go thank him. Well,I better get rolling! Smell ya later!","GARY: Bill showed me rare Pokémon and added several pages to my Pokédex. He's a famous collector who built PC Storage. If you use it, thank him!",adapted_from_official_english_gen1_with_chinese_fidelity_ai_review,pointer_table,high,dialogue_inventory_overlay,ai_source_reviewed,161,no,,"Uses the matching official English Red/Blue/Yellow scene as its primary voice while retaining Chinese-only facts and Famicom-specific terminology. Full-text review: Restores articles, subject links, and the conditional thanks.",,,,
MAIN:0x039AC6,MAIN,1254,D0385,In-game dialogue,0x039AC6,0x038341,0x038341,dialogue_19_19,,1341,0x039CAF,"捉虫少年:如果你能连续打败五人,将可得到丰富的奖品你能胜利吗?",ascii,Beat us 5 trainers and win a prize! I'm 1st!,Nugget Bridge! Beat five Trainers for a fabulous prize! Got what it takes?,adapted_from_official_english_gen1_with_chinese_fidelity_ai_review,pointer_table,high,dialogue_inventory_overlay,ai_source_reviewed,46,yes,"Uses official Gen I field-dialogue style: the visible sprite and encounter identify the sole speaker, so no redundant class label consumes text-bank space.",Uses the matching official English Red/Blue/Yellow scene as its primary voice while retaining Chinese-only facts and Famicom-specific terminology.,,,,
MAIN:0x039AF5,MAIN,1255,D0386,In-game dialogue,0x039AF5,0x038343,0x038343,dialogue_19_19,,1342,0x039CEC,"捉虫少年:不错,但你能全部胜过我们吗?",ascii,"I did my best, I have no regrets.",Not bad. Can you beat us all?,translated_directly_from_chinese_ai_review,pointer_table,high,dialogue_inventory_overlay,ai_source_reviewed,35,yes,"Uses official Gen I field-dialogue style: the visible sprite and encounter identify the sole speaker, so no redundant class label consumes text-bank space.",Keeps the praise and doubt that the player can defeat the whole group.,,,,
MAIN:0x039B19,MAIN,1256,D0387,In-game dialogue,0x039B19,0x038345,0x038345,dialogue_19_19,,1343,0x039D11,迷你裙:第二人正是我!现在才是真正的战斗!,ascii,I'm 2nd! Let's go!,I'm second! Now it's serious!,adapted_from_official_english_gen1_with_chinese_fidelity_ai_review,pointer_table,high,dialogue_inventory_overlay,ai_source_reviewed,18,yes,"Uses official Gen I field-dialogue style: the visible sprite and encounter identify the sole speaker, so no redundant class label consumes text-bank space.",Uses the matching official English Red/Blue/Yellow scene as its primary voice while retaining Chinese-only facts and Famicom-specific terminology.,,,,
MAIN:0x039B2C,MAIN,1257,D0388,In-game dialogue,0x039B2C,0x03834D,0x03834D,dialogue_19_19,,1347,0x039D86,"迷你裙:我是第四人,你不就是为了引人注目才来的吗?",ascii,No.3! I won't be easy!,Fourth! Here to show off?,translated_directly_from_chinese_ai_review,pointer_table,high,dialogue_inventory_overlay,ai_source_reviewed,24,yes,"Uses official Gen I field-dialogue style: the visible sprite and encounter identify the sole speaker, so no redundant class label consumes text-bank space.",Keeps the Lass as the fourth opponent and her accusation that the player came to attract attention.,,,,
MAIN:0x039B45,MAIN,1258,D0389,In-game dialogue,0x039B45,0x038349,0x038349,dialogue_19_19,,1345,0x039D4D,谈判小子:第三人登场!我不会给你太好过,ascii,I'm No.4!Tired Yet?,Third! I won't go easy!,translated_directly_from_chinese_ai_review,pointer_table,high,dialogue_inventory_overlay,ai_source_reviewed,19,yes,"Uses official Gen I field-dialogue style: the visible sprite and encounter identify the sole speaker, so no redundant class label consumes text-bank space.",Keeps the Youngster as the third opponent and his warning that the battle will be hard.,,,,
MAIN:0x039B59,MAIN,1259,D0390,In-game dialogue,0x039B59,0x038351,0x038351,dialogue_19_19,,1349,0x039DD0,侦察员:我就是最后的第五人了!来吧!!,ascii,No.5! Get ready!,I'm fifth and last! Come on!,adapted_from_official_english_gen1_with_chinese_fidelity_ai_review,pointer_table,high,dialogue_inventory_overlay,ai_source_reviewed,16,yes,"Uses official Gen I field-dialogue style: the visible sprite and encounter identify the sole speaker, so no redundant class label consumes text-bank space.",Uses the matching official English Red/Blue/Yellow scene as its primary voice while retaining Chinese-only facts and Famicom-specific terminology.,,,,
MAIN:0x039B6A,MAIN,1260,D0391,In-game dialogue,0x039B6A,0x038355,0x038355,dialogue_19_19,,1351,0x039E11,"火箭队:太精彩了,按照约定这个礼物给你吧",ascii,Congrats!You earneda prize!,Congratulations! Here's your promised prize!,adapted_from_official_english_gen1_with_chinese_fidelity_ai_review,pointer_table,high,dialogue_inventory_overlay,ai_source_reviewed,27,yes,"Uses official Gen I field-dialogue style: the visible sprite and encounter identify the sole speaker, so no redundant class label consumes text-bank space.",Uses the matching official English Red/Blue/Yellow scene as its primary voice while retaining Chinese-only facts and Famicom-specific terminology.,,,,
MAIN:0x039B86,MAIN,1261,D0392,In-game dialogue,0x039B86,0x038357,0x038357,dialogue_19_19,,1352,0x039E39,得到月之石,ascii,Got Moonstone!,Got a Moon Stone!,official_english_gen1_reviewed_chinese_specific_retained_ai_review,pointer_table,high,dialogue_inventory_overlay,ai_source_reviewed,14,no,,Reviewed against the matching English Red/Blue/Yellow scene; the Chinese/Famicom wording is retained because the official line omits or contradicts a material source detail.,,,,
MAIN:0x039B95,MAIN,1262,D0393,In-game dialogue,0x039B95,0x038359,0x038359,dialogue_19_19,,1353,0x039E45,"火箭队:加入火箭队吧,我们是专门使用宠物精灵扩充地皮的集团",ascii,"By the way, want tojoin TEAM ROCKET? Fine! You'll regretthis!",Join us! We use Pokémon to expand our land.,translated_directly_from_chinese_ai_review,pointer_table,high,dialogue_inventory_overlay,ai_source_reviewed,62,yes,"Uses official Gen I field-dialogue style: the visible sprite and encounter identify the sole speaker, so no redundant class label consumes text-bank space.",Keeps the invitation to Team Rocket and its use of Pokémon to expand territory.,,,,
MAIN:0x039BD4,MAIN,1263,D0394,In-game dialogue,0x039BD4,0x03835B,0x03835B,dialogue_19_19,,1354,0x039E7F,火箭队:你还真是强劲!有这样的技术不加入火箭队太可惜了...,ascii,Arrgh!You are good!,So strong! Your skill is wasted outside our team...,translated_directly_from_chinese_ai_review,pointer_table,high,dialogue_inventory_overlay,ai_source_reviewed,19,yes,"Uses official Gen I field-dialogue style: the visible sprite and encounter identify the sole speaker, so no redundant class label consumes text-bank space.",Keeps the Rocket praising the player's strength and regretting that such skill is outside Team Rocket.,,,,
MAIN:0x039BE8,MAIN,1264,D0395,In-game dialogue,0x039BE8,0x03835D,0x03835D,dialogue_19_19,,1355,0x039EB8,侦察员:我在草堆里都看到了你的表现,ascii,I saw you fight at the bridge!,I saw you fight from the grass.,translated_directly_from_chinese_ai_review,pointer_table,high,dialogue_inventory_overlay,ai_source_reviewed,30,yes,"Uses official Gen I field-dialogue style: the visible sprite and encounter identify the sole speaker, so no redundant class label consumes text-bank space.",Keeps the Scout saying he observed the player's performance from the grass.,,,,
MAIN:0x039C07,MAIN,1265,D0396,In-game dialogue,0x039C07,0x03835F,0x03835F,dialogue_19_19,,1356,0x039EDB,侦察员:你狠...,ascii,You are good...,Ruthless...,translated_directly_from_chinese_ai_review,pointer_table,high,dialogue_inventory_overlay,ai_source_reviewed,15,yes,"Uses official Gen I field-dialogue style: the visible sprite and encounter identify the sole speaker, so no redundant class label consumes text-bank space.",Preserves the Scout's terse judgment that the player is fierce or ruthless.,,,,
MAIN:0x039C17,MAIN,1266,D0397,In-game dialogue,0x039C17,0x038361,0x038361,dialogue_19_19,,1357,0x039EEB,"男孩:我不会培育宠物精灵,觉的它怪可怜的正想放生这只小火龙...如果你能好好照顾他的话,我就把它送给你如何?",ascii,I'm looking for a good home for my Charmander.Can you take care of him?,"I'm bad at raising Pokémon. I should release poor Charmander. Promise to care for it, and it's yours.",adapted_from_official_english_gen1_with_chinese_fidelity_ai_review,pointer_table,high,dialogue_inventory_overlay,ai_source_reviewed,74,yes,"Uses official Gen I field-dialogue style: the visible sprite and encounter identify the sole speaker, so no redundant class label consumes text-bank space.",Uses the matching official English Red/Blue/Yellow scene as its primary voice while retaining Chinese-only facts and Famicom-specific terminology.,,,,
MAIN:0x039C62,MAIN,1267,D0398,In-game dialogue,0x039C62,0x038363,0x038363,dialogue_19_19,,1358,0x039F52,是吗?那我只好放生了...,ascii,"Oh,I'll release himthen...",Oh... I'd better release it then.,adapted_from_official_english_gen1_with_chinese_fidelity_ai_review,pointer_table,high,dialogue_inventory_overlay,ai_source_reviewed,26,no,,Uses the matching official English Red/Blue/Yellow scene as its primary voice while retaining Chinese-only facts and Famicom-specific terminology.,,,,
MAIN:0x039C7D,MAIN,1268,D0399,In-game dialogue,0x039C7D,0x038365,0x038365,dialogue_19_19,,1359,0x039F6A,真的?太谢谢你了!,ascii,Take care of him.,Really? Thanks!,translated_directly_from_chinese_ai_review,pointer_table,high,dialogue_inventory_overlay,ai_source_reviewed,17,yes,Drops intensifiers while retaining both emotional beats.,Keeps the boy's surprise and gratitude in the acceptance branch.,,,,
MAIN:0x039C8F,MAIN,1269,D0400,In-game dialogue,0x039C8F,0x038369,0x038369,dialogue_19_19,,1361,0x039F88,大叔:刚刚从观月山下来的还很有精神啊!,ascii,I'm still fired up after Mt.Moon!,Still lively after Mt. Moon?,translated_directly_from_chinese_ai_review,pointer_table,high,dialogue_inventory_overlay,ai_source_reviewed,33,yes,"Uses official Gen I field-dialogue style: the visible sprite and encounter identify the sole speaker, so no redundant class label consumes text-bank space.",Keeps the man noting the player's energy after descending from Mt. Moon.,,,,
MAIN:0x039CB1,MAIN,1270,D0401,In-game dialogue,0x039CB1,0x03836B,0x03836B,dialogue_19_19,,1362,0x039FAE,大叔:厉害!,ascii,You work hard!,Impressive!,translated_directly_from_chinese_ai_review,pointer_table,high,dialogue_inventory_overlay,ai_source_reviewed,14,yes,"Uses official Gen I field-dialogue style: the visible sprite and encounter identify the sole speaker, so no redundant class label consumes text-bank space.",Preserves the man's impressed reaction.,,,,
MAIN:0x039CC0,MAIN,1271,D0402,In-game dialogue,0x039CC0,0x03836D,0x03836D,dialogue_19_19,,1363,0x039FBA,谈判小子:这片森林是附近的训练家训练的场所!,ascii,Trainers come here to practice!,Locals train in this forest!,translated_directly_from_chinese_ai_review,pointer_table,high,dialogue_inventory_overlay,ai_source_reviewed,31,yes,"Uses official Gen I field-dialogue style: the visible sprite and encounter identify the sole speaker, so no redundant class label consumes text-bank space.",Keeps the forest as a training place for nearby Trainers.,,,,
MAIN:0x039CE0,MAIN,1272,D0403,In-game dialogue,0x039CE0,0x03836F,0x03836F,dialogue_19_19,,1364,0x039FE6,谈判小子:做的不错嘛,ascii,You trained well!,Not bad!,translated_directly_from_chinese_ai_review,pointer_table,high,dialogue_inventory_overlay,ai_source_reviewed,17,yes,"Uses official Gen I field-dialogue style: the visible sprite and encounter identify the sole speaker, so no redundant class label consumes text-bank space.",Preserves the Youngster's approving reaction.,,,,
MAIN:0x039CF2,MAIN,1273,D0404,In-game dialogue,0x039CF2,0x038371,0x038371,dialogue_19_19,,1365,0x039FFB,大叔:你要去马沙的小屋吗?那去之前先与我比试一下!,ascii,Goin' to see Bill? Let's fight first!,Bill's cottage? Fight me first!,translated_directly_from_chinese_ai_review,pointer_table,high,dialogue_inventory_overlay,ai_source_reviewed,37,yes,"Uses official Gen I field-dialogue style: the visible sprite and encounter identify the sole speaker, so no redundant class label consumes text-bank space.",Keeps the destination at Bill's cottage and the demand to battle before going there.,,,,
MAIN:0x039D18,MAIN,1274,D0405,In-game dialogue,0x039D18,0x038379,0x038379,dialogue_19_19,,1369,0x03A094,迷你裙:我是迷你裙!,ascii,"Hi, My boyfriend iscool!",I'm a Lass!,translated_directly_from_chinese_ai_review,pointer_table,high,dialogue_inventory_overlay,ai_source_reviewed,24,yes,"Uses official Gen I field-dialogue style: the visible sprite and encounter identify the sole speaker, so no redundant class label consumes text-bank space.",Preserves the speaker explicitly identifying herself as a Lass.,,,,
MAIN:0x039D31,MAIN,1275,D0406,In-game dialogue,0x039D31,0x03837F,0x03837F,dialogue_19_19,,1372,0x03A0D2,大叔:我输了...,ascii,Ya got me,I lost...,translated_directly_from_chinese_ai_review,pointer_table,high,dialogue_inventory_overlay,ai_source_reviewed,9,yes,"Uses official Gen I field-dialogue style: the visible sprite and encounter identify the sole speaker, so no redundant class label consumes text-bank space.",Preserves the man's admission of defeat.,,,,
MAIN:0x039D3B,MAIN,1276,,Raw text,0x039D3B,0x038347,0x038347,raw,,1344,0x039D3A,迷你裙:我承认你了,graphical_codes,<B4D3><B0C5><B4D4>:<B1C2><B6C3><B4BA><B0C5><B0F8>,LASS: Respect!,translated_directly_from_chinese_ai_review,pointer_table,high,pointer_table,ai_source_reviewed,17,yes,"Uses official Gen I field-dialogue style: the visible sprite and encounter identify the sole speaker, so no redundant class label consumes text-bank space.",Non-live overlap cell: reference 0x038347 resolves to RESTORED:0x038347 at final target 0x03A2CE; this MAIN row is not a displayed ROM surface.,,,,
MAIN:0x039D4E,MAIN,1277,D0407,In-game dialogue,0x039D4E,0x038373,0x038373,dialogue_19_19,,1366,0x03A02C,大叔:算你狠!,ascii,You're somethin'.,You're tough!,translated_directly_from_chinese_ai_review,pointer_table,high,dialogue_inventory_overlay,ai_source_reviewed,17,yes,"Uses official Gen I field-dialogue style: the visible sprite and encounter identify the sole speaker, so no redundant class label consumes text-bank space.",Preserves the man's grudging acknowledgment of the player's toughness.,,,,
MAIN:0x039D60,MAIN,1278,,Raw text,0x039D60,,0x038349,raw,,1345,0x039D60,我不会给你太好过,graphical_codes,00<B1C2><B0CE><B1F9><B0C4><B0C5><B6C6><B1B4><B3D4>,I won't go easy!,translated_directly_from_reviewed_chinese_source_ai_review,containing_offset,medium,reviewed_source_adjudication,ai_source_reviewed,18,yes,Compressed to the fixed 18-byte raw record; the threat that the Trainer will not go easy is preserved.,Translates the exact adjudicated suffix of the Trainer's threat and rejects the unrelated Charmander gloss from the false overlap.,,,,
MAIN:0x039D74,MAIN,1279,D0408,In-game dialogue,0x039D74,0x03834B 0x038367,0x038367,dialogue_19_19,,1360,0x039F7C,得到小火龙,ascii,Got Charmander!,Got Charmander!,official_english_gen1_reviewed_chinese_specific_retained_ai_review,pointer_table,high,reviewed_source_adjudication,ai_source_reviewed,15,no,,Reviewed against the matching English Red/Blue/Yellow scene; the Chinese/Famicom wording is retained because the official line omits or contradicts a material source detail.,restored_reference_split,,,
MAIN:0x039D84,MAIN,1280,D0409,In-game dialogue,0x039D84,0x038375,0x038375,dialogue_19_19,,1367,0x03A03A,"谈判小子:枯叶港的铁达尼号的舞会,我和爸爸去过!羡慕吧",ascii,I went to a party on the S.S.ANNE!,Dad and I went to a party on the Titanic at Vermilion Port! Jealous?,translated_directly_from_chinese_ai_review,pointer_table,high,dialogue_inventory_overlay,ai_source_reviewed,35,yes,"Uses official Gen I field-dialogue style: the visible sprite and encounter identify the sole speaker, so no redundant class label consumes text-bank space.","Full-text review: Uses the source's party rather than adding a dance. Omits the contextual one-speaker label 'YOUNGSTER', as in official Gen I field dialogue; the sprite and encounter retain the speaker identity.",,,,
MAIN:0x039DA8,MAIN,1281,D0410,In-game dialogue,0x039DA8,0x03834F 0x038377,0x038377,dialogue_19_19,,1368,0x03A06F,铁达尼号上可是有很多厉害的训练师哦!,ascii,I saw trainers fromall over!,The Titanic is full of strong Trainers!,translated_directly_from_reviewed_chinese_source_ai_review,pointer_table,high,reviewed_source_adjudication,ai_source_reviewed,28,no,,Restores the source's warning about strong Trainers aboard the Titanic instead of the old claim about Trainers from everywhere.,restored_reference_split,,,
MAIN:0x039DC5,MAIN,1282,D0411,In-game dialogue,0x039DC5,0x03837B,0x03837B,dialogue_19_19,,1370,0x03A0A8,迷你裙:喜欢迷你裙!,ascii,I wish he was as good as you!,I love miniskirts!,translated_directly_from_chinese_ai_review,pointer_table,high,dialogue_inventory_overlay,ai_source_reviewed,31,yes,"Uses official Gen I field-dialogue style: the visible sprite and encounter identify the sole speaker, so no redundant class label consumes text-bank space.",Preserves the Lass saying she likes miniskirts.,,,,
MAIN:0x039DE5,MAIN,1283,D0412,In-game dialogue,0x039DE5,0x038353 0x03837D,0x03837D,dialogue_19_19,,1371,0x03A0BC,"大叔:想过去,先打败我",ascii,I'm off to see Bill,Want to get past me? Beat me first!,translated_directly_from_reviewed_chinese_source_ai_review,pointer_table,high,reviewed_source_adjudication,ai_source_reviewed,19,yes,"Uses official Gen I field-dialogue style: the visible sprite and encounter identify the sole speaker, so no redundant class label consumes text-bank space.","Full-text review: Completes the challenge's phrasal object. Omits the contextual one-speaker label 'MAN', as in official Gen I field dialogue; the sprite and encounter retain the speaker identity.",restored_reference_split,,,
MAIN:0x039DF9,MAIN,1284,D0413,In-game dialogue,0x039DF9,0x038381,0x038381,dialogue_19_19,,1373,0x03A0E2,侦察员:我是侦察员,ascii,I got a girlfriend!,I'm a Scout!,translated_directly_from_chinese_ai_review,pointer_table,high,dialogue_inventory_overlay,ai_source_reviewed,19,yes,"Uses official Gen I field-dialogue style: the visible sprite and encounter identify the sole speaker, so no redundant class label consumes text-bank space.",Preserves the speaker explicitly identifying himself as a Scout.,,,,
MAIN:0x039E0D,MAIN,1285,D0414,In-game dialogue,0x039E0D,0x038383,0x038383,dialogue_19_19,,1374,0x03A0F5,侦察员:哈哈哈...,ascii,She'll cheer me up.,Ha ha ha...,translated_directly_from_chinese_ai_review,pointer_table,high,dialogue_inventory_overlay,ai_source_reviewed,19,yes,"Uses official Gen I field-dialogue style: the visible sprite and encounter identify the sole speaker, so no redundant class label consumes text-bank space.",Preserves the Scout's laughter.,,,,
MAIN:0x039E21,MAIN,1286,D0415,In-game dialogue,0x039E21,0x038385,0x038385,dialogue_19_19,,1375,0x03A107,"谈判小子:我有预感,你会与我战斗",ascii,I knew I had to fight you!,I sensed we'd fight.,translated_directly_from_chinese_ai_review,pointer_table,high,dialogue_inventory_overlay,ai_source_reviewed,29,yes,"Uses official Gen I field-dialogue style: the visible sprite and encounter identify the sole speaker, so no redundant class label consumes text-bank space.",Keeps the Youngster's premonition that he and the player would battle.,,,,
MAIN:0x039E3F,MAIN,1287,D0416,In-game dialogue,0x039E3F,0x038387,0x038387,dialogue_19_19,,1376,0x03A127,谈判小子:我有预感会输...,ascii,I knew I'd lose too,I sensed I'd lose...,translated_directly_from_chinese_ai_review,pointer_table,high,dialogue_inventory_overlay,ai_source_reviewed,19,yes,"Uses official Gen I field-dialogue style: the visible sprite and encounter identify the sole speaker, so no redundant class label consumes text-bank space.",Keeps the Youngster's premonition that he would lose.,,,,
MAIN:0x039E53,MAIN,1288,D0417,In-game dialogue,0x039E53,0x038389,0x038389,dialogue_19_19,,1377,0x03A141,迷你裙:朋友们都拥有可爱的精灵...可恨,ascii,I'm jealous of my friend's Clefairy!,My friends all have cute Pokémon... Darn!,translated_directly_from_chinese_ai_review,pointer_table,high,dialogue_inventory_overlay,ai_source_reviewed,37,yes,"Uses official Gen I field-dialogue style: the visible sprite and encounter identify the sole speaker, so no redundant class label consumes text-bank space.",Keeps her envy that all her friends own cute Pokémon and her resentment.,,,,
MAIN:0x039E79,MAIN,1289,D0418,In-game dialogue,0x039E79,0x03838B,0x03838B,dialogue_19_19,,1378,0x03A167,迷你裙:从观月山来的吗?我想要皮皮...,ascii,Do you have one too?,From Mt. Moon? I want Clefairy...,translated_directly_from_chinese_ai_review,pointer_table,high,dialogue_inventory_overlay,ai_source_reviewed,23,yes,"Uses official Gen I field-dialogue style: the visible sprite and encounter identify the sole speaker, so no redundant class label consumes text-bank space.",Keeps her question about Mt. Moon and wish for a Clefairy.,,,,
MAIN:0x039E91,MAIN,1290,D0419,In-game dialogue,0x039E91,0x03838D,0x03838D,dialogue_19_19,BILL,1379,0x03A18C,"马沙:大家好,我是马沙!大家都叫我精灵迷!你那是什么眼神?不相信的样子...我是实验失败才和精灵粘在一起的你能救我吗?我要进入传送机里,分离程序就拜托你了!对,就是那部电脑!",ascii,Hiya!I'm a Pok@Mon!I'm not. I'm Bill! I messed up an exp-eriment and turned into a Pok@mon! Canyou help me out?Youjust go to my PC and start the cell program!,"BILL: Hiya! I'm Bill, a true Pokémaniac! A failed experiment fused me with a Pokémon. Help me out! When I'm in the Teleporter, run the Cell Separation System on my PC!",adapted_from_official_english_gen1_with_chinese_fidelity_ai_review,pointer_table,high,dialogue_inventory_overlay,ai_source_reviewed,160,no,,Uses the matching official English Red/Blue/Yellow scene as its primary voice while retaining Chinese-only facts and Famicom-specific terminology.,,,,
MAIN:0x039F32,MAIN,1291,D0420,In-game dialogue,0x039F32,0x03838F,0x03838F,dialogue_19_19,,1380,0x03A22F,马沙获救了,ascii,Run Program.,Bill is saved!,translated_directly_from_chinese_ai_review,pointer_table,high,dialogue_inventory_overlay,ai_source_reviewed,12,yes,Removed redundant English connective wording and tightened syntax for ROM space; directly reports that Bill was successfully rescued rather than merely prompting the program to run.,Compact direct rendering from Chinese; directly reports that Bill was successfully rescued rather than merely prompting the program to run.,,,,
MAIN:0x039F3F,MAIN,1292,D0421,In-game dialogue,0x039F3F,0x038391,0x038391,dialogue_19_19,BILL,1381,0x03A23B,"马沙:谢谢你,你是来看我的收集品的是吗?对了这是给你的谢礼",ascii,"Yeehah!Thanks bud!Ihave to thank you! Here, maybe this'lldo.",BILL: Thanks! Did you come to see my collection? Take this reward!,adapted_from_official_english_gen1_with_chinese_fidelity_ai_review,pointer_table,high,dialogue_inventory_overlay,ai_source_reviewed,60,no,,Uses the matching official English Red/Blue/Yellow scene as its primary voice while retaining Chinese-only facts and Famicom-specific terminology. Full-text review: Restores the complete question and gift instruction.,,,,
MAIN:0x039F7C,MAIN,1293,D0422,In-game dialogue,0x039F7C,0x038393,0x038393,dialogue_19_19,,1382,0x03A274,得到船票,ascii,Got S.S.Ticket!,Received an S.S. Ticket!,adapted_from_official_english_gen1_with_chinese_fidelity_ai_review,pointer_table,high,dialogue_inventory_overlay,ai_source_reviewed,15,no,,Uses the matching official English Red/Blue/Yellow scene as its primary voice while retaining Chinese-only facts and Famicom-specific terminology.,,,,
MAIN:0x039F8C,MAIN,1294,D0423,In-game dialogue,0x039F8C,0x038395,0x038395,dialogue_19_19,BILL,1383,0x03A27E,"马沙:现在枯叶市枯叶港来了一搜铁达尼号听说也来了许多训练家呢,我有一张船票但我不喜欢派对,你去玩玩吧",ascii,"They invited me, but I can't stand fancy do's. So, whydon't you go? All the passengers are trainers!","BILL: The Titanic has docked at Vermilion Harbor, and many Trainers are aboard. I have a ticket, but I don't like parties. Why don't you go?",adapted_from_official_english_gen1_with_chinese_fidelity_ai_review,pointer_table,high,dialogue_inventory_overlay,ai_source_reviewed,104,no,,"Uses the matching official English Red/Blue/Yellow scene as its primary voice while retaining Chinese-only facts and Famicom-specific terminology. Full-text review: Restores articles, subjects, and the source's invitation.",,,,
MAIN:0x039FF5,MAIN,1295,D0424,In-game dialogue,0x039FF5,0x038397,0x038397,dialogue_19_19,BILL,1384,0x03A2E1,"马沙:对了,给你看一下我的收藏品吧.传说现在被发现的精灵种类在这个世界上有150种之多,但实际数量可能要比这还多,我一直在这个海边就是要等传说中的精灵出现...",ascii,Have fun!,"BILL: See my collection! 150 Pokémon species are known, maybe more. I wait by the sea for a Legendary Pokémon...",translated_directly_from_chinese_ai_review,pointer_table,high,dialogue_inventory_overlay,ai_source_reviewed,9,yes,"Removed redundant English connective wording and tightened syntax for ROM space; restores Bill's collection, the stated 150 known species and possibility of more, and his seaside vigil for a Legendary Pokémon.","Compact direct rendering from Chinese; restores Bill's collection, the stated 150 known species and possibility of more, and his seaside vigil for a Legendary Pokémon.",,,,
MAIN:0x039FFF,MAIN,1296,D0425,In-game dialogue,0x039FFF,0x038399,0x038399,dialogue_19_19,,1385,0x03A378,"火箭队:喂!不可以随便进入别人的花园!...我?我只是一个过路人,可不是一个奇怪的人!什么?我很可疑?",ascii,What! I'm just an innocent bystander!Don't you believe me?,Hey! Don't trespass in someone's garden! Me? I'm just passing through. Nothing suspicious! What? I look suspicious?,translated_directly_from_chinese_ai_review,pointer_table,high,dialogue_inventory_overlay,ai_source_reviewed,60,yes,"Uses official Gen I field-dialogue style: the visible sprite and encounter identify the sole speaker, so no redundant class label consumes text-bank space.","Full-text review: Restores complete defensive clauses in the Rocket encounter. Omits the contextual one-speaker label 'TEAM ROCKET', as in official Gen I field dialogue; the sprite and encounter retain the speaker identity.",,,,
MAIN:0x03A03C,MAIN,1297,D0426,In-game dialogue,0x03A03C,0x03839B,0x03839B,dialogue_19_19,,1386,0x03A3D5,火箭队:我再也不敢了...饶了我吧!那么...我就闪人了...拜拜!,ascii,Ok! I'll leave quietly!,Spare me! I won't do it again. I'm leaving... Bye!,translated_directly_from_chinese_ai_review,pointer_table,high,dialogue_inventory_overlay,ai_source_reviewed,27,yes,"Uses official Gen I field-dialogue style: the visible sprite and encounter identify the sole speaker, so no redundant class label consumes text-bank space.","Full-text review: Replaces the isolated noun 'Mercy' with the natural plea. Omits the contextual one-speaker label 'TEAM ROCKET', as in official Gen I field dialogue; the sprite and encounter retain the speaker identity.",,,,
MAIN:0x03A058,MAIN,1298,D0427,In-game dialogue,0x03A058,0x03839D,0x03839D,dialogue_19_19,,1387,0x03A40F,"警卫:我是尽责的警卫,好渴喔!喂喂!现在这里是禁止通行!",ascii,"I'm on guard duty. Gee, I'm thirsty though...","I'm on duty, and I'm thirsty! You can't pass right now!",translated_directly_from_chinese_ai_review,pointer_table,high,dialogue_inventory_overlay,ai_source_reviewed,47,yes,"Uses official Gen I field-dialogue style: the visible sprite and encounter identify the sole speaker, so no redundant class label consumes text-bank space.","Full-text review: Uses complete natural clauses for the guard's status and current ban. Omits the contextual one-speaker label 'GUARD', as in official Gen I field dialogue; the sprite and encounter retain the speaker identity.",,,,
MAIN:0x03A088,MAIN,1299,D0428,In-game dialogue,0x03A088,0x03839F,0x03839F,dialogue_19_19,,1388,0x03A444,捉虫少年:我看你不惯!,ascii,"I've never seen youaround, you good?",I can't stand you!,translated_directly_from_chinese_ai_review,pointer_table,high,dialogue_inventory_overlay,ai_source_reviewed,36,yes,"Uses official Gen I field-dialogue style: the visible sprite and encounter identify the sole speaker, so no redundant class label consumes text-bank space.",Compact direct rendering from Chinese; directly conveys the Bug Catcher's immediate dislike of the player.,,,,
MAIN:0x03A0AD,MAIN,1300,D0429,In-game dialogue,0x03A0AD,0x0383A1,0x0383A1,dialogue_19_19,,1389,0x03A45A,捉虫少年:现在看你顺眼了...,ascii,You're too good!,I like you now...,translated_directly_from_chinese_ai_review,pointer_table,high,dialogue_inventory_overlay,ai_source_reviewed,16,yes,"Uses official Gen I field-dialogue style: the visible sprite and encounter identify the sole speaker, so no redundant class label consumes text-bank space.",Compact direct rendering from Chinese; preserves the post-battle reversal that the player now looks more agreeable to the Bug Catcher.,,,,
MAIN:0x03A0BE,MAIN,1301,D0430,In-game dialogue,0x03A0BE,0x0383A3,0x0383A3,dialogue_19_19,,1390,0x03A476,侦察员:想见识一下吗?,ascii,You want to battle?,Wanna see?,translated_directly_from_chinese_ai_review,pointer_table,high,dialogue_inventory_overlay,ai_source_reviewed,19,yes,"Uses official Gen I field-dialogue style: the visible sprite and encounter identify the sole speaker, so no redundant class label consumes text-bank space.",Compact direct rendering from Chinese; naturally renders the Scout's challenge to witness his ability.,,,,
MAIN:0x03A0D2,MAIN,1302,D0431,In-game dialogue,0x03A0D2,0x0383A5,0x0383A5,dialogue_19_19,,1391,0x03A48C,侦察员:反而让我见识了!,ascii,I didn't start it!,You taught me a lesson!,translated_directly_from_chinese_ai_review,pointer_table,high,dialogue_inventory_overlay,ai_source_reviewed,18,yes,"Uses official Gen I field-dialogue style: the visible sprite and encounter identify the sole speaker, so no redundant class label consumes text-bank space.","Full-text review: Expresses the source reversal as a natural post-defeat line. Omits the contextual one-speaker label 'SCOUT', as in official Gen I field dialogue; the sprite and encounter retain the speaker identity.",,,,
MAIN:0x03A0E5,MAIN,1303,D0432,In-game dialogue,0x03A0E5,0x0383A7,0x0383A7,dialogue_19_19,,1392,0x03A4A4,女孩:我长的可爱吧,ascii,"Me? Ok,I'll play!","Cute, right?",translated_directly_from_chinese_ai_review,pointer_table,high,dialogue_inventory_overlay,ai_source_reviewed,17,yes,"Uses official Gen I field-dialogue style: the visible sprite and encounter identify the sole speaker, so no redundant class label consumes text-bank space.",Compact direct rendering from Chinese; directly preserves the girl's question about her own cuteness.,,,,
MAIN:0x03A0F7,MAIN,1304,D0433,In-game dialogue,0x03A0F7,0x0383A9,0x0383A9,dialogue_19_19,,1393,0x03A4B7,女孩:我喜欢你!,ascii,Just didn't work!,I like you!,translated_directly_from_chinese_ai_review,pointer_table,high,dialogue_inventory_overlay,ai_source_reviewed,17,yes,"Uses official Gen I field-dialogue style: the visible sprite and encounter identify the sole speaker, so no redundant class label consumes text-bank space.",Faithfully retains the girl's short declaration that she likes the player.,,,,
MAIN:0x03A109,MAIN,1305,D0434,In-game dialogue,0x03A109,0x0383AB,0x0383AB,dialogue_19_19,,1394,0x03A4C7,"捉虫少年:我捉到好精灵了,比试一下吧",ascii,There aren't many bugs here.,I caught a great Pokémon. Want to battle?,translated_directly_from_chinese_ai_review,pointer_table,high,dialogue_inventory_overlay,ai_source_reviewed,29,yes,"Uses official Gen I field-dialogue style: the visible sprite and encounter identify the sole speaker, so no redundant class label consumes text-bank space.","Full-text review: Restores the omitted subject and uses a natural invitation. Omits the contextual one-speaker label 'BUG CATCHER', as in official Gen I field dialogue; the sprite and encounter retain the speaker identity.",,,,
MAIN:0x03A127,MAIN,1306,D0435,In-game dialogue,0x03A127,0x0383AD,0x0383AD,dialogue_19_19,,1395,0x03A4EB,捉虫少年:还是欠缺训练...,ascii,I'm going back to Viridian Forest.,I need more training...,translated_directly_from_chinese_ai_review,pointer_table,high,dialogue_inventory_overlay,ai_source_reviewed,35,yes,"Uses official Gen I field-dialogue style: the visible sprite and encounter identify the sole speaker, so no redundant class label consumes text-bank space.","Full-text review: Restores the omitted subject. Omits the contextual one-speaker label 'BUG CATCHER', as in official Gen I field dialogue; the sprite and encounter retain the speaker identity.",,,,
MAIN:0x03A14B,MAIN,1307,D0436,In-game dialogue,0x03A14B,0x0383AF,0x0383AF,dialogue_19_19,,1396,0x03A505,女孩:你在看哪里?,ascii,Excuse me! I'm on the phone!,What are you looking at?,translated_directly_from_chinese_ai_review,pointer_table,high,dialogue_inventory_overlay,ai_source_reviewed,29,yes,"Uses official Gen I field-dialogue style: the visible sprite and encounter identify the sole speaker, so no redundant class label consumes text-bank space.","Full-text review: Uses the idiomatic English challenge. Omits the contextual one-speaker label 'GIRL', as in official Gen I field dialogue; the sprite and encounter retain the speaker identity.",,,,
MAIN:0x03A169,MAIN,1308,D0437,In-game dialogue,0x03A169,0x0383B1,0x0383B1,dialogue_19_19,,1397,0x03A517,女孩:是个误会,ascii,(Whisper Whisper..),It was a misunderstanding.,translated_directly_from_chinese_ai_review,pointer_table,high,dialogue_inventory_overlay,ai_source_reviewed,19,yes,"Uses official Gen I field-dialogue style: the visible sprite and encounter identify the sole speaker, so no redundant class label consumes text-bank space.","Full-text review: Turns a noun fragment into a sentence. Omits the contextual one-speaker label 'GIRL', as in official Gen I field dialogue; the sprite and encounter retain the speaker identity.",,,,
MAIN:0x03A17D,MAIN,1309,D0438,In-game dialogue,0x03A17D,0x0383B3,0x0383B3,dialogue_19_19,,1398,0x03A526,侦察员:现在我的心情不好!,ascii,I just lost to somekid!,I'm mad now!,translated_directly_from_chinese_ai_review,pointer_table,high,dialogue_inventory_overlay,ai_source_reviewed,23,yes,"Uses official Gen I field-dialogue style: the visible sprite and encounter identify the sole speaker, so no redundant class label consumes text-bank space.",Compact direct rendering from Chinese; preserves the Scout's explicitly bad current mood.,,,,
MAIN:0x03A195,MAIN,1310,D0439,In-game dialogue,0x03A195,0x0383B5,0x0383B5,dialogue_19_19,,1399,0x03A540,侦察员:心情更糟了...,ascii,I just can't win.,Now I'm even madder...,translated_directly_from_chinese_ai_review,pointer_table,high,dialogue_inventory_overlay,ai_source_reviewed,17,yes,"Uses official Gen I field-dialogue style: the visible sprite and encounter identify the sole speaker, so no redundant class label consumes text-bank space.","Full-text review: Restores the omitted subject and comparison. Omits the contextual one-speaker label 'SCOUT', as in official Gen I field dialogue; the sprite and encounter retain the speaker identity.",,,,
MAIN:0x03A1A7,MAIN,1311,D0440,In-game dialogue,0x03A1A7,0x0383B9,0x0383B9,dialogue_19_19,,1401,0x03A57B,船员:铁达尼号一年才进一次枯叶港,ascii,Welcome to the S.S.Anne!,Titanic docks at Vermilion Harbor yearly.,translated_directly_from_chinese_ai_review,pointer_table,high,dialogue_inventory_overlay,ai_source_reviewed,28,yes,"Uses official Gen I field-dialogue style: the visible sprite and encounter identify the sole speaker, so no redundant class label consumes text-bank space.","Compact direct rendering from Chinese; preserves the explicit Titanic name, Vermilion Harbor, and the once-a-year schedule.",,,,
MAIN:0x03A1C4,MAIN,1312,D0441,In-game dialogue,0x03A1C4,0x0383BB,0x0383BB,dialogue_19_19,SAILOR,1402,0x03A59C,"船员:欢迎来到铁达尼号!请等一等,客人你的票呢?",ascii,"Excuse me, do you have a ticket?","Welcome to the Titanic! Excuse me, do you have a ticket?",adapted_from_official_english_gen1_with_chinese_fidelity_ai_review,pointer_table,high,dialogue_inventory_overlay,ai_source_reviewed,33,yes,"Uses official Gen I field-dialogue style: the visible sprite and encounter identify the sole speaker, so no redundant class label consumes text-bank space.",Uses the matching official English Red/Blue/Yellow scene as its primary voice while retaining Chinese-only facts and Famicom-specific terminology.,,,,
MAIN:0x03A1E6,MAIN,1313,D0442,In-game dialogue,0x03A1E6,0x0383BD,0x0383BD,dialogue_19_19,,1403,0x03A5CA,"船员:谢谢,欢迎你上船!",ascii,"Ok, Welcome aboard!",Great! Welcome aboard!,adapted_from_official_english_gen1_with_chinese_fidelity_ai_review,pointer_table,high,dialogue_inventory_overlay,ai_source_reviewed,19,yes,"Uses official Gen I field-dialogue style: the visible sprite and encounter identify the sole speaker, so no redundant class label consumes text-bank space.",Uses the matching official English Red/Blue/Yellow scene as its primary voice while retaining Chinese-only facts and Famicom-specific terminology.,,,,
MAIN:0x03A1FA,MAIN,1314,D0443,In-game dialogue,0x03A1FA,0x0383C3,0x0383C3,dialogue_19_19,,1406,0x03A62F,绅士:我是从宝石大陆来的,ascii,My Pok@mon are my freinds!,I'm from Hoenn.,translated_directly_from_chinese_ai_review,pointer_table,high,dialogue_inventory_overlay,ai_source_reviewed,27,yes,"Uses official Gen I field-dialogue style: the visible sprite and encounter identify the sole speaker, so no redundant class label consumes text-bank space.","Full-text review: Restores the omitted subject and full speaker class. Omits the contextual one-speaker label 'GENTLEMAN', as in official Gen I field dialogue; the sprite and encounter retain the speaker identity.",,,,
MAIN:0x03A216,MAIN,1315,D0444,In-game dialogue,0x03A216,0x0383C5,0x0383C5,dialogue_19_19,,1407,0x03A648,绅士:有空一定要去宝石大陆看看哦,ascii,You should be nice to freinds!,Visit Hoenn sometime.,translated_directly_from_chinese_ai_review,pointer_table,high,dialogue_inventory_overlay,ai_source_reviewed,30,yes,"Uses official Gen I field-dialogue style: the visible sprite and encounter identify the sole speaker, so no redundant class label consumes text-bank space.",Compact direct rendering from Chinese; keeps the gentleman's recommendation to visit Hoenn when time permits. Full-text review: Normalizes nonstandard speaker abbreviation 'GENT:' to 'GENTLEMAN:'.,,,,
MAIN:0x03A235,MAIN,1316,D0445,In-game dialogue,0x03A235,0x0383C7,0x0383C7,dialogue_19_19,,1408,0x03A669,迷你裙:这里的男孩都很害羞呢,ascii,I got Pok@mon from all over!,All the boys here are shy.,translated_directly_from_chinese_ai_review,pointer_table,high,dialogue_inventory_overlay,ai_source_reviewed,28,yes,"Uses official Gen I field-dialogue style: the visible sprite and encounter identify the sole speaker, so no redundant class label consumes text-bank space.",Compact direct rendering from Chinese; preserves the Lass speaker and her observation that all the local boys are shy.,,,,
MAIN:0x03A252,MAIN,1317,D0446,In-game dialogue,0x03A252,0x0383C9,0x0383C9,dialogue_19_19,,1409,0x03A686,迷你裙:讨厌你这种小孩子!,ascii,Oh No! You hurt them!,I hate kids like you!,translated_directly_from_chinese_ai_review,pointer_table,high,dialogue_inventory_overlay,ai_source_reviewed,24,yes,"Uses official Gen I field-dialogue style: the visible sprite and encounter identify the sole speaker, so no redundant class label consumes text-bank space.",Compact direct rendering from Chinese; directly conveys the Lass's dislike of children like the player.,,,,
MAIN:0x03A26B,MAIN,1318,D0447,In-game dialogue,0x03A26B,0x0383DB,0x0383DB,dialogue_19_19,,1418,0x03A75E,谈判小子:你别小看我的精灵,ascii,I love Pok@mon! Do you?,Don't doubt my Pokémon!,translated_directly_from_chinese_ai_review,pointer_table,high,dialogue_inventory_overlay,ai_source_reviewed,23,yes,"Uses official Gen I field-dialogue style: the visible sprite and encounter identify the sole speaker, so no redundant class label consumes text-bank space.",Compact direct rendering from Chinese; uses the matching Youngster class and preserves his warning not to underestimate his Pokémon.,,,,
MAIN:0x03A283,MAIN,1319,D0448,In-game dialogue,0x03A283,0x0383DD,0x0383DD,dialogue_19_19,,1419,0x03A779,谈判小子:还欠缺修炼啊,ascii,Wow! You're great!,I must train more.,translated_directly_from_chinese_ai_review,pointer_table,high,dialogue_inventory_overlay,ai_source_reviewed,18,yes,"Uses official Gen I field-dialogue style: the visible sprite and encounter identify the sole speaker, so no redundant class label consumes text-bank space.","Full-text review: Restores the omitted subject. Omits the contextual one-speaker label 'YOUNGSTER', as in official Gen I field dialogue; the sprite and encounter retain the speaker identity.",,,,
MAIN:0x03A296,MAIN,1320,D0449,In-game dialogue,0x03A296,0x0383CB,0x0383CB,dialogue_19_19,,1410,0x03A6A0,绅士:来到这个方元地区还真是舒服,ascii,"You,pup! How dare you barge in!",It's nice to be in Hoenn.,translated_directly_from_chinese_ai_review,pointer_table,high,dialogue_inventory_overlay,ai_source_reviewed,32,yes,"Uses official Gen I field-dialogue style: the visible sprite and encounter identify the sole speaker, so no redundant class label consumes text-bank space.","Full-text review: Replaces the unnatural phrase 'nice to reach'. Omits the contextual one-speaker label 'GENTLEMAN', as in official Gen I field dialogue; the sprite and encounter retain the speaker identity.",,,,
MAIN:0x03A2B7,MAIN,1321,D0450,In-game dialogue,0x03A2B7,0x0383CD,0x0383CD,dialogue_19_19,,1411,0x03A6C1,绅士:你听说过还有金银地区的传说吗?,ascii,Humph! You rude child!,Have you heard the legends of Johto?,translated_directly_from_chinese_ai_review,pointer_table,high,dialogue_inventory_overlay,ai_source_reviewed,25,yes,"Uses official Gen I field-dialogue style: the visible sprite and encounter identify the sole speaker, so no redundant class label consumes text-bank space.","Full-text review: Restores the natural question and source noun. Omits the contextual one-speaker label 'GENTLEMAN', as in official Gen I field dialogue; the sprite and encounter retain the speaker identity.",,,,
MAIN:0x03A2D1,MAIN,1322,D0451,In-game dialogue,0x03A2D1,0x0383D3,0x0383D3,dialogue_19_19,,1414,0x03A711,水手:今天天气好啊,ascii,My pride is at stake!,Nice day!,translated_directly_from_chinese_ai_review,pointer_table,high,dialogue_inventory_overlay,ai_source_reviewed,25,yes,"Uses official Gen I field-dialogue style: the visible sprite and encounter identify the sole speaker, so no redundant class label consumes text-bank space.",Compact direct rendering from Chinese; directly keeps the sailor's observation that today's weather is good.,,,,
MAIN:0x03A2EB,MAIN,1323,D0452,In-game dialogue,0x03A2EB,0x0383D5,0x0383D5,dialogue_19_19,,1415,0x03A724,水手:我玩的很开心,ascii,You sank me!,I had fun.,translated_directly_from_chinese_ai_review,pointer_table,high,dialogue_inventory_overlay,ai_source_reviewed,12,yes,"Uses official Gen I field-dialogue style: the visible sprite and encounter identify the sole speaker, so no redundant class label consumes text-bank space.",Compact direct rendering from Chinese; faithfully preserves the sailor's statement that he enjoyed himself.,,,,
MAIN:0x03A2F8,MAIN,1324,D0453,In-game dialogue,0x03A2F8,0x0383CF,0x0383CF,dialogue_19_19,,1412,0x03A6E5,大胖子:看我钓上的好货色吧!,ascii,I like feisty kids like you!,See my great catch!,translated_directly_from_chinese_ai_review,pointer_table,high,dialogue_inventory_overlay,ai_source_reviewed,28,yes,"Uses official Gen I field-dialogue style: the visible sprite and encounter identify the sole speaker, so no redundant class label consumes text-bank space.",Compact direct rendering from Chinese; preserves the big man's invitation to admire the impressive catch he fished up.,,,,
MAIN:0x03A315,MAIN,1325,D0454,In-game dialogue,0x03A315,0x0383D1,0x0383D1,dialogue_19_19,,1413,0x03A701,大胖子:可恶...,ascii,Argh! Lost it!,Darn...,translated_directly_from_chinese_ai_review,pointer_table,high,dialogue_inventory_overlay,ai_source_reviewed,14,yes,"Uses official Gen I field-dialogue style: the visible sprite and encounter identify the sole speaker, so no redundant class label consumes text-bank space.",Directly renders the big man's brief frustration after defeat.,,,,
MAIN:0x03A324,MAIN,1326,D0455,In-game dialogue,0x03A324,0x0383DF,0x0383DF,dialogue_19_19,,1420,0x03A790,迷你裙:我喜欢大海的感觉,ascii,I never saw you at the party!,I love the sea!,translated_directly_from_chinese_ai_review,pointer_table,high,dialogue_inventory_overlay,ai_source_reviewed,29,yes,"Uses official Gen I field-dialogue style: the visible sprite and encounter identify the sole speaker, so no redundant class label consumes text-bank space.","Full-text review: Restores the omitted subject. Omits the contextual one-speaker label 'LASS', as in official Gen I field dialogue; the sprite and encounter retain the speaker identity.",,,,
MAIN:0x03A342,MAIN,1327,D0456,In-game dialogue,0x03A342,0x0383E1,0x0383E1,dialogue_19_19,,1421,0x03A7A9,迷你裙:就像喜欢你一样...,ascii,"Oh, I adore your strong Pok@mon!",I like you too...,translated_directly_from_chinese_ai_review,pointer_table,high,dialogue_inventory_overlay,ai_source_reviewed,34,yes,"Uses official Gen I field-dialogue style: the visible sprite and encounter identify the sole speaker, so no redundant class label consumes text-bank space.",Completes the prior comparison by explicitly stating that the Lass likes the player as she likes the sea.,,,,
MAIN:0x03A365,MAIN,1328,D0457,In-game dialogue,0x03A365,0x0383EB,0x0383EB,dialogue_19_19,,1426,0x03A821,双胞胎:你好啊!,ascii,I'm kinda bored.Howabout a battle?,Hello!,translated_directly_from_chinese_ai_review,pointer_table,high,dialogue_inventory_overlay,ai_source_reviewed,34,yes,"Uses official Gen I field-dialogue style: the visible sprite and encounter identify the sole speaker, so no redundant class label consumes text-bank space.",Directly preserves the Twins as speakers and their short greeting.,,,,
MAIN:0x03A388,MAIN,1329,D0458,In-game dialogue,0x03A388,0x0383ED,0x0383ED,dialogue_19_19,,1427,0x03A831,"水手:我明白了,你是伟大的训练师",ascii,Good fight!,I see. You're a great Trainer!,translated_directly_from_chinese_ai_review,pointer_table,high,dialogue_inventory_overlay,ai_source_reviewed,11,yes,"Uses official Gen I field-dialogue style: the visible sprite and encounter identify the sole speaker, so no redundant class label consumes text-bank space.","Full-text review: Restores the missing copula and subject. Omits the contextual one-speaker label 'SAILOR', as in official Gen I field dialogue; the sprite and encounter retain the speaker identity.",,,,
MAIN:0x03A394,MAIN,1330,D0459,In-game dialogue,0x03A394,0x0383D7,0x0383D7,dialogue_19_19,,1416,0x03A737,水手:天天都努力工作,ascii,Us Sailors have Pok@mon too!,I work hard every day.,translated_directly_from_chinese_ai_review,pointer_table,high,dialogue_inventory_overlay,ai_source_reviewed,31,yes,"Uses official Gen I field-dialogue style: the visible sprite and encounter identify the sole speaker, so no redundant class label consumes text-bank space.","Full-text review: Uses natural adverb placement. Omits the contextual one-speaker label 'SAILOR', as in official Gen I field dialogue; the sprite and encounter retain the speaker identity.",,,,
MAIN:0x03A3B4,MAIN,1331,D0460,In-game dialogue,0x03A3B4,0x0383D9,0x0383D9,dialogue_19_19,,1417,0x03A74C,水手:有没有搞错?,ascii,"Ok, You're not bad.",Seriously?!,translated_directly_from_chinese_ai_review,pointer_table,high,dialogue_inventory_overlay,ai_source_reviewed,19,yes,"Uses official Gen I field-dialogue style: the visible sprite and encounter identify the sole speaker, so no redundant class label consumes text-bank space.",Compact direct rendering from Chinese; naturally renders the sailor's incredulous question after the outcome.,,,,
MAIN:0x03A3C8,MAIN,1332,D0461,In-game dialogue,0x03A3C8,0x0383EF,0x0383EF,dialogue_19_19,,1428,0x03A851,水手:你是谁?,ascii,"Matey, you walk theplank if you lose!",Who are you?,translated_directly_from_chinese_ai_review,pointer_table,high,dialogue_inventory_overlay,ai_source_reviewed,37,yes,"Uses official Gen I field-dialogue style: the visible sprite and encounter identify the sole speaker, so no redundant class label consumes text-bank space.","Full-text review: Uses the standard complete question. Omits the contextual one-speaker label 'SAILOR', as in official Gen I field dialogue; the sprite and encounter retain the speaker identity.",,,,
MAIN:0x03A3EE,MAIN,1333,D0462,In-game dialogue,0x03A3EE,0x0383F1,0x0383F1,dialogue_19_19,,1429,0x03A85F,水手:我又是谁??,ascii,Argh! Beaten by a kid!,Who am I?!,translated_directly_from_chinese_ai_review,pointer_table,high,dialogue_inventory_overlay,ai_source_reviewed,23,yes,"Uses official Gen I field-dialogue style: the visible sprite and encounter identify the sole speaker, so no redundant class label consumes text-bank space.",Compact direct rendering from Chinese; faithfully keeps the sailor's deliberately odd follow-up question about his own identity.,,,,
MAIN:0x03A406,MAIN,1334,D0463,In-game dialogue,0x03A406,0x0383F3,0x0383F3,dialogue_19_19,,1430,0x03A870,水手:出海愉快!,ascii,Ahoy! Are you sea sick?,Bon voyage!,translated_directly_from_chinese_ai_review,pointer_table,high,dialogue_inventory_overlay,ai_source_reviewed,24,yes,"Uses official Gen I field-dialogue style: the visible sprite and encounter identify the sole speaker, so no redundant class label consumes text-bank space.",Compact direct rendering from Chinese; directly conveys the sailor's wish for a pleasant journey at sea.,,,,
MAIN:0x03A41F,MAIN,1335,D0464,In-game dialogue,0x03A41F,0x0383F5,0x0383F5,dialogue_19_19,,1431,0x03A880,水手:晚饭什么时候开始?,ascii,I was just careless,When's dinner?,translated_directly_from_chinese_ai_review,pointer_table,high,dialogue_inventory_overlay,ai_source_reviewed,19,yes,"Uses official Gen I field-dialogue style: the visible sprite and encounter identify the sole speaker, so no redundant class label consumes text-bank space.",Compact direct rendering from Chinese; preserves the sailor's question about the starting time of dinner.,,,,
MAIN:0x03A433,MAIN,1336,D0465,In-game dialogue,0x03A433,0x0383F7,0x0383F7,dialogue_19_19,,1432,0x03A898,大胖子:我正在减肥!,ascii,Hey matey! Let's fight!,I'm on a diet!,translated_directly_from_chinese_ai_review,pointer_table,high,dialogue_inventory_overlay,ai_source_reviewed,25,yes,"Uses official Gen I field-dialogue style: the visible sprite and encounter identify the sole speaker, so no redundant class label consumes text-bank space.","Full-text review: Restores the omitted subject. Omits the contextual one-speaker label 'BIG GUY', as in official Gen I field dialogue; the sprite and encounter retain the speaker identity.",,,,
MAIN:0x03A44D,MAIN,1337,D0466,In-game dialogue,0x03A44D,0x0383F9,0x0383F9,dialogue_19_19,,1433,0x03A8AC,大胖子:不过现在又胖了!,ascii,"Urf, I Feel Ill...",But I got fat again!,translated_directly_from_chinese_ai_review,pointer_table,high,dialogue_inventory_overlay,ai_source_reviewed,18,yes,"Uses official Gen I field-dialogue style: the visible sprite and encounter identify the sole speaker, so no redundant class label consumes text-bank space.","Full-text review: Restores the subject and source contrast. Omits the contextual one-speaker label 'BIG GUY', as in official Gen I field dialogue; the sprite and encounter retain the speaker identity.",,,,
MAIN:0x03A460,MAIN,1338,D0467,In-game dialogue,0x03A460,0x038403,0x038403,dialogue_19_19,GARY,1438,0x03A91B,小茂:小智真没想到会在这里见到你!你也受到了邀请啊?图鉴又增加了吗?我可是收集到四十多种了!让我看看你有没有进步吧!!,ascii,"Bonjour Ash! Were you really invited?How's your Pok@Dex?I already have 40 kinds, pal!",GARY: Ash! Invited too? What a surprise! New Pokédex data? Mine has 40-plus species. Show me your progress!,translated_directly_from_chinese_ai_review,pointer_table,high,dialogue_inventory_overlay,ai_source_reviewed,87,yes,"Removed redundant English connective wording and tightened syntax for ROM space; preserves Ash and Gary, their unexpected meeting, the invitation, Pokédex progress, Gary's total of more than 40 species, and his challenge.","Compact direct rendering from Chinese; preserves Ash and Gary, their unexpected meeting, the invitation, Pokédex progress, Gary's total of more than 40 species, and his challenge.",,,,
MAIN:0x03A4B8,MAIN,1339,D0468,In-game dialogue,0x03A4B8,0x038405,0x038405,dialogue_19_19,GARY,1439,0x03A98C,"小茂:听说居合斩的名人也在船上,看了一下竟然是会晕船的老头!你也去看看吧,再会了!",ascii,There's an old man here who can teach CUT! It's really usefull! Smell ya!,GARY: The Cut master aboard is just a seasick old man! Go see him. Smell ya!,adapted_from_official_english_gen1_with_chinese_fidelity_ai_review,pointer_table,high,dialogue_inventory_overlay,ai_source_reviewed,75,no,,Uses the matching official English Red/Blue/Yellow scene as its primary voice while retaining Chinese-only facts and Famicom-specific terminology.,,,,
MAIN:0x03A504,MAIN,1340,D0469,In-game dialogue,0x03A504,0x038407,0x038407,dialogue_19_19,,1440,0x03A9DB,"名人:晕船,不行了...好难过",ascii,Urrp! I'm Seasick!,Ugh... I'm seasick... I feel awful.,translated_directly_from_chinese_ai_review,pointer_table,high,dialogue_inventory_overlay,ai_source_reviewed,18,yes,"Uses official Gen I field-dialogue style: the visible sprite and encounter identify the sole speaker, so no redundant class label consumes text-bank space.","Full-text review: Uses the official S.S. Anne role and a complete seasickness complaint. Omits the contextual one-speaker label 'CAPTAIN', as in official Gen I field dialogue; the sprite and encounter retain the speaker identity.",,,,
MAIN:0x03A517,MAIN,1341,D0470,In-game dialogue,0x03A517,0x03840B,0x03840B,dialogue_19_19,,1442,0x03AA08,"名人:嗯,好多了...谢谢你!什么你想看我的居合斩?如果我的身体好点的话就可以表演给你看...对了,这个给你吧!只要教你的精灵那你就随时都可看到居合斩了!",ascii,"(Rub,rub,rub)","I'm feeling much better. Thank you! You want to see my Cut technique? I could show you if I were well... Take this instead! Teach it to a Pokémon, and you can use Cut anytime!",translated_directly_from_chinese_ai_review,pointer_table,high,dialogue_inventory_overlay,ai_source_reviewed,13,yes,"Uses official Gen I field-dialogue style: the visible sprite and encounter identify the sole speaker, so no redundant class label consumes text-bank space.","Full-text review: Uses the official S.S. Anne role and complete, source-faithful HM explanation. Omits the contextual one-speaker label 'CAPTAIN', as in official Gen I field dialogue; the sprite and encounter retain the speaker identity.",,,,
MAIN:0x03A525,MAIN,1342,D0471,In-game dialogue,0x03A525,0x0383C1,0x0383C1,dialogue_19_19,,1405,0x03A61C,船员:船已经出发了,ascii,The S.S.ANNE left.,The ship has left.,official_english_gen1_reviewed_chinese_specific_retained_ai_review,pointer_table,high,dialogue_inventory_overlay,ai_source_reviewed,18,yes,"Uses official Gen I field-dialogue style: the visible sprite and encounter identify the sole speaker, so no redundant class label consumes text-bank space.","Full-text review: Restores the missing article and auxiliary. Omits the contextual one-speaker label 'SAILOR', as in official Gen I field dialogue; the sprite and encounter retain the speaker identity.",,,,
MAIN:0x03A538,MAIN,1343,D0472,In-game dialogue,0x03A538,0x038411,0x038411,dialogue_19_19,,1445,0x03AB0C,水手:就算你的精灵有多强都不可能是你这种小孩该来的!,ascii,This is no place for kids!,"This is no place for a kid, no matter how strong your Pokémon are!",adapted_from_official_english_gen1_with_chinese_fidelity_ai_review,pointer_table,high,dialogue_inventory_overlay,ai_source_reviewed,28,yes,"Uses official Gen I field-dialogue style: the visible sprite and encounter identify the sole speaker, so no redundant class label consumes text-bank space.",Uses the matching official English Red/Blue/Yellow scene as its primary voice while retaining Chinese-only facts and Famicom-specific terminology.,,,,
MAIN:0x03A555,MAIN,1344,D0473,In-game dialogue,0x03A555,0x0383B7,0x0383B7,dialogue_19_19,OFFICER JENNY,1400,0x03A556,女警君莎:抓到最近老是恶作剧的杰尼龟,ascii,My Squirtle keeps getting in trouble.,JENNY: I caught a Squirtle that kept causing mischief.,adapted_from_official_english_gen1_with_chinese_fidelity_ai_review,pointer_table,high,dialogue_inventory_overlay,ai_source_reviewed,38,no,,Uses the matching official English Red/Blue/Yellow scene as its primary voice while retaining Chinese-only facts and Famicom-specific terminology.,,,,
MAIN:0x03A57C,MAIN,1345,D0474,In-game dialogue,0x03A57C,0x03840F,0x03840F,dialogue_19_19,,1444,0x03AAA9,裁判:为来的冠军!马其斯少佐的外号叫闪电美国!使用电系精灵可称的上美国第一!飞行类和水类是不适用的...,ascii,"Hey Champ! Lt.Surgeloves electric Pok@mon,avoid birds andwater pok@mon! And beware of paralysis","Future Champ! Lt. Surge, the Lightning American, is America's best with Electric Pokémon. Avoid Flying and Water types!",official_english_gen1_reviewed_chinese_specific_retained_ai_review,pointer_table,high,dialogue_inventory_overlay,ai_source_reviewed,95,yes,"Uses official Gen I field-dialogue style: the visible sprite and encounter identify the sole speaker, so no redundant class label consumes text-bank space.",Reviewed against the matching English Red/Blue/Yellow scene; the Chinese/Famicom wording is retained because the official line omits or contradicts a material source detail.,,,,
MAIN:0x03A5DC,MAIN,1346,D0475,In-game dialogue,0x03A5DC,0x0383BF,0x0383BF,dialogue_19_19,,1404,0x03A5E1,"船员:小鬼,这艘铁达尼号上的客人都是有钱人,你别到这里闲逛!!",ascii,"I'm sorry,but you need a ticket to come aboard.","Titanic guests are rich. Don't roam here, kid!",translated_directly_from_chinese_ai_review,pointer_table,high,dialogue_inventory_overlay,ai_source_reviewed,50,yes,"Uses official Gen I field-dialogue style: the visible sprite and encounter identify the sole speaker, so no redundant class label consumes text-bank space.","Compact direct rendering from Chinese; retains the Titanic name, the wealthy passengers, the sailor's address to the child, and order not to loiter.",,,,
MAIN:0x03A60F,MAIN,1347,D0476,In-game dialogue,0x03A60F,0x03AF44,0x03AF44,dialogue_19_19,,1584,0x03BE08,得到依布,ascii,Got Eevee!,Got Eevee!,official_english_gen1_reviewed_chinese_specific_retained_ai_review,pointer_table,high,dialogue_inventory_overlay,ai_source_reviewed,10,no,,Reviewed against the matching English Red/Blue/Yellow scene; the Chinese/Famicom wording is retained because the official line omits or contradicts a material source detail.,,,,
MAIN:0x03A61A,MAIN,1348,D0477,In-game dialogue,0x03A61A,0x038413,0x038413,dialogue_19_19,,1446,0x03AB40,水手:有两下子,ascii,You surprised me!,Not bad!,translated_directly_from_chinese_ai_review,pointer_table,high,dialogue_inventory_overlay,ai_source_reviewed,20,yes,"Uses official Gen I field-dialogue style: the visible sprite and encounter identify the sole speaker, so no redundant class label consumes text-bank space.",Compact direct rendering from Chinese; naturally renders the sailor's acknowledgment that the player has real ability.,,,,
MAIN:0x03A62F,MAIN,1349,D0478,In-game dialogue,0x03A62F,0x03840D,0x03840D,dialogue_19_19,,1443,0x03AA97,得到特技01居合斩,ascii,"Whew! Thanks! Here,let me give ya thisCUT HM!Your Pok@moncan use it outside of battle to cut down trees! Got HM 01!",Got HM01: CUT!,official_english_gen1_reviewed_chinese_specific_retained_ai_review,pointer_table,high,dialogue_inventory_overlay,ai_source_reviewed,124,no,,Reviewed against the matching English Red/Blue/Yellow scene; the Chinese/Famicom wording is retained because the official line omits or contradicts a material source detail.,,,,
MAIN:0x03A6AC,MAIN,1350,D0479,In-game dialogue,0x03A6AC,0x038419,0x038419,dialogue_19_19,,1449,0x03AB6E,"绅士:马其斯少佐是军人,你也想加入吗?",ascii,Lt.Surge was my CO.in the army!,Lt. Surge is a soldier. Do you want to enlist too?,translated_directly_from_chinese_ai_review,pointer_table,high,dialogue_inventory_overlay,ai_source_reviewed,31,yes,"Uses official Gen I field-dialogue style: the visible sprite and encounter identify the sole speaker, so no redundant class label consumes text-bank space.","Full-text review: Restores the complete question. Omits the contextual one-speaker label 'GENTLEMAN', as in official Gen I field dialogue; the sprite and encounter retain the speaker identity.",,,,
MAIN:0x03A6CC,MAIN,1351,D0480,In-game dialogue,0x03A6CC,0x038415,0x038415,dialogue_19_19,,1447,0x03AB4F,士兵:能过我这关吗?,ascii,There's a secret tothis GYM!,Can you get past me?,translated_directly_from_chinese_ai_review,pointer_table,high,dialogue_inventory_overlay,ai_source_reviewed,28,yes,"Uses official Gen I field-dialogue style: the visible sprite and encounter identify the sole speaker, so no redundant class label consumes text-bank space.","Full-text review: Restores the idiomatic phrasal verb. Omits the contextual one-speaker label 'SOLDIER', as in official Gen I field dialogue; the sprite and encounter retain the speaker identity.",,,,
MAIN:0x03A6E9,MAIN,1352,D0481,In-game dialogue,0x03A6E9,0x03841D,0x03841D,dialogue_19_19,LT. SURGE,1451,0x03ABA7,马其斯:哦?宝贝你要挑战啊?哈哈!就凭你那微弱的力量!就想与我挑战?真是有胆量?精灵做的不是这么简单的!让你尝尝苦头!,ascii,"Electric Pok@mon saved me in the war! They zapped myenemies,just like I'll do to you!","LT. SURGE: Challenge me, kid? Ha! You're weak but gutsy! Pokémon aren't easy to handle. Take this harsh lesson!",translated_directly_from_chinese_ai_review,pointer_table,high,dialogue_inventory_overlay,ai_source_reviewed,91,yes,"Removed redundant English connective wording and tightened syntax for ROM space; preserves Lt. Surge's taunting address, laughter, mockery of the challenger's weakness, praise for their nerve, warning that handling Pokémon is not simple, and threat of a harsh lesson.","Compact direct rendering from Chinese; preserves Lt. Surge's taunting address, laughter, mockery of the challenger's weakness, praise for their nerve, warning that handling Pokémon is not simple, and threat of a harsh lesson.",,,,
MAIN:0x03A745,MAIN,1353,D0482,In-game dialogue,0x03A745,0x038421,0x038421,dialogue_19_19,,1453,0x03AC50,得到技能24,ascii,You're the real deal kid!Here's theThunderbadge! That badge lets you use FLY any time kid! And take this TM aswell!,Got TM24!,official_english_gen1_reviewed_chinese_specific_retained_ai_review,pointer_table,high,dialogue_inventory_overlay,ai_source_reviewed,119,no,,Reviewed against the matching English Red/Blue/Yellow scene; the Chinese/Famicom wording is retained because the official line omits or contradicts a material source detail.,,,,
MAIN:0x03A7BD,MAIN,1354,D0483,In-game dialogue,0x03A7BD,0x0383E3,0x0383E3,dialogue_19_19,,1422,0x03A7C3,绅士:明年我要去旅游,graphical_codes,0000000<B7B4><B1C5>:<B5E6><B3EA><B1C2><B0C3><B0C7><B7C1><B5FB>,I'll travel next year.,translated_directly_from_chinese_ai_review,pointer_table,high,dialogue_inventory_overlay,ai_source_reviewed,26,yes,"Uses official Gen I field-dialogue style: the visible sprite and encounter identify the sole speaker, so no redundant class label consumes text-bank space.",Compact direct rendering from Chinese; preserves the gentleman's travel plan and its timing next year. Full-text review: Normalizes nonstandard speaker abbreviation 'GENT:' to 'GENTLEMAN:'.,,,,
MAIN:0x03A7D8,MAIN,1355,D0484,In-game dialogue,0x03A7D8,0x0383E5,0x0383E5,dialogue_19_19,,1423,0x03A7D8,"绅士:都一把年纪了,走不动了",graphical_codes,"<0A><B7B4><B1C5>:<B1C0><B1D1><B3D3><B3EA><B7C2><B0F8>,<B7C3><B0CE><B0B2><B0F8>",I'm too old to walk far.,translated_directly_from_chinese_ai_review,pointer_table,high,dialogue_inventory_overlay,ai_source_reviewed,27,yes,"Uses official Gen I field-dialogue style: the visible sprite and encounter identify the sole speaker, so no redundant class label consumes text-bank space.","Full-text review: Restores the omitted subject and source extent. Omits the contextual one-speaker label 'GENTLEMAN', as in official Gen I field dialogue; the sprite and encounter retain the speaker identity.",,,,
MAIN:0x03A7F4,MAIN,1356,D0485,In-game dialogue,0x03A7F4,0x0383E7,0x0383E7,dialogue_19_19,,1424,0x03A7F4,"水手:小子,别乱逛!",graphical_codes,"<0A><B5F7><B1A3>:<B0B6><B1DF>,<B2CA><B7C4><B5C1>!","Kid, don't wander around!",translated_directly_from_chinese_ai_review,pointer_table,high,dialogue_inventory_overlay,ai_source_reviewed,18,yes,"Uses official Gen I field-dialogue style: the visible sprite and encounter identify the sole speaker, so no redundant class label consumes text-bank space.","Full-text review: Uses the natural phrasal verb. Omits the contextual one-speaker label 'SAILOR', as in official Gen I field dialogue; the sprite and encounter retain the speaker identity.",,,,
MAIN:0x03A807,MAIN,1357,D0486,In-game dialogue,0x03A807,0x0383E9,0x0383E9,dialogue_19_19,,1425,0x03A807,"水手:我错了,请您随便参观",graphical_codes,"<0A><B5F7><B1A3>:<B1C2><B2DC><B0F8>,<B2D8><B7C5><B5C2><B3A2><B7C6><B6DB>",My mistake. Look around all you like.,translated_directly_from_chinese_ai_review,pointer_table,high,dialogue_inventory_overlay,ai_source_reviewed,25,yes,"Uses official Gen I field-dialogue style: the visible sprite and encounter identify the sole speaker, so no redundant class label consumes text-bank space.","Full-text review: Replaces the unidiomatic command 'Tour freely'. Omits the contextual one-speaker label 'SAILOR', as in official Gen I field dialogue; the sprite and encounter retain the speaker identity.",,,,
MAIN:0x03A821,MAIN,1358,D0487,In-game dialogue,0x03A821,0x038423,0x038423,dialogue_19_19,OFFICER JENNY,1454,0x03AC5C,女警君莎:那是橙色徽章?你可能是厉害的训练家!!抓到最近老是恶作剧的杰尼龟给你好吗?,ascii,This Squirtle I gotkeeps getting into mischief.I think heneeds a better trainer. Would you like him?,JENNY: Thunder Badge? You may be strong! I caught a Squirtle that caused trouble. Want it?,translated_directly_from_chinese_ai_review,pointer_table,high,dialogue_inventory_overlay,ai_source_reviewed,104,yes,"Uses complete, natural English while respecting dialogue pagination and ROM bank limits; no displayed word is truncated.","Keeps Jenny's Thunder Badge recognition, tentative assessment that the player may be strong, and offer of the recently mischievous Squirtle she caught. Full-text review: Clarifies which Squirtle caused the mischief and the adoption offer.",,,,
MAIN:0x03A88A,MAIN,1359,D0488,In-game dialogue,0x03A88A,0x038425,0x038425,dialogue_19_19,,1455,0x03ACAD,是吗?谁能领养这只杰尼龟呢...,ascii,Oh...What am I to do now?,Oh... Who will adopt Squirtle?,official_english_gen1_reviewed_chinese_specific_retained_ai_review,pointer_table,high,dialogue_inventory_overlay,ai_source_reviewed,26,yes,"Uses complete, natural English while respecting dialogue pagination and ROM bank limits; no displayed word is truncated.",Reviewed against the matching English Red/Blue/Yellow scene; the Chinese/Famicom wording is retained because the official line omits or contradicts a material source detail. Full-text review: Restores the auxiliary and natural future question.,,,,
MAIN:0x03A8A5,MAIN,1360,D0489,In-game dialogue,0x03A8A5,0x038427,0x038427,dialogue_19_19,,1456,0x03ACCB,"拜托了,要好好照顾它哦!",ascii,Please treat him well.,JENNY: Please treat Squirtle right!,adapted_from_official_english_gen1_with_chinese_fidelity_ai_review,pointer_table,high,dialogue_inventory_overlay,ai_source_reviewed,24,no,,Uses the matching official English Red/Blue/Yellow scene as its primary voice while retaining Chinese-only facts and Famicom-specific terminology.,,,,
MAIN:0x03A8BE,MAIN,1361,D0490,In-game dialogue,0x03A8BE,0x0383FB,0x0383FB,dialogue_19_19,,1434,0x03A8C4,水手:快走开!,graphical_codes,0000000<B5F7><B1A3>:<B2EC><B7C3><B1D9>!,Go away!,translated_directly_from_chinese_ai_review,pointer_table,high,dialogue_inventory_overlay,ai_source_reviewed,19,yes,"Uses official Gen I field-dialogue style: the visible sprite and encounter identify the sole speaker, so no redundant class label consumes text-bank space.",Compact direct rendering from Chinese; faithfully renders the sailor's urgent order to leave.,,,,
MAIN:0x03A8D2,MAIN,1362,D0491,In-game dialogue,0x03A8D2,0x0383FD,0x0383FD,dialogue_19_19,,1435,0x03A8D2,水手:刚才我有说话吗?,graphical_codes,<0A><B5F7><B1A3>:<B2BF><B1F2><B1C2><B0AE><B1E7><B1EF><B0D7>?,Did I say something?,translated_directly_from_chinese_ai_review,pointer_table,high,dialogue_inventory_overlay,ai_source_reviewed,21,yes,"Uses official Gen I field-dialogue style: the visible sprite and encounter identify the sole speaker, so no redundant class label consumes text-bank space.","Full-text review: Restores the omitted subject and auxiliary. Omits the contextual one-speaker label 'SAILOR', as in official Gen I field dialogue; the sprite and encounter retain the speaker identity.",,,,
MAIN:0x03A8E8,MAIN,1363,D0492,In-game dialogue,0x03A8E8,0x0383FF,0x0383FF,dialogue_19_19,,1436,0x03A8E8,绅士:我有个女儿现在和你一样大,graphical_codes,<0A><B7B4><B1C5>:<B1C2><B0AE><B0BA><B2CF><B7D0><B2F5><B0B8><B0C9><B0C5><B1D1><B2DA><B1BE>,My daughter's your age.,translated_directly_from_chinese_ai_review,pointer_table,high,dialogue_inventory_overlay,ai_source_reviewed,30,yes,"Uses official Gen I field-dialogue style: the visible sprite and encounter identify the sole speaker, so no redundant class label consumes text-bank space.",Compact direct rendering from Chinese; directly keeps the gentleman's daughter and the fact that she is the same age as the player. Full-text review: Normalizes nonstandard speaker abbreviation 'GENT:' to 'GENTLEMAN:'.,,,,
MAIN:0x03A907,MAIN,1364,D0493,In-game dialogue,0x03A907,0x038401,0x038401,dialogue_19_19,,1437,0x03A907,绅士:做我女婿吧...,graphical_codes,<0A><B7B4><B1C5>:<B2B4><B1C2><B2CF><B7D1><B0BE>...,Be my son-in-law...,translated_directly_from_chinese_ai_review,pointer_table,high,dialogue_inventory_overlay,ai_source_reviewed,19,yes,"Uses official Gen I field-dialogue style: the visible sprite and encounter identify the sole speaker, so no redundant class label consumes text-bank space.",Compact direct rendering from Chinese; faithfully preserves the gentleman's abrupt invitation to become his son-in-law. Full-text review: Normalizes nonstandard speaker abbreviation 'GENT:' to 'GENTLEMAN:'.,,,,
MAIN:0x03A91B,MAIN,1365,D0494,In-game dialogue,0x03A91B,0x038439,0x038439,dialogue_19_19,,1465,0x03ADD9,老爷爷:我的精灵是无敌的!,ascii,"Win, Lose, or Draw!",My Pokémon are invincible!,translated_directly_from_chinese_ai_review,pointer_table,high,dialogue_inventory_overlay,ai_source_reviewed,19,yes,"Uses official Gen I field-dialogue style: the visible sprite and encounter identify the sole speaker, so no redundant class label consumes text-bank space.",Directly preserves the old man's boast that his Pokémon cannot be defeated.,,,,
MAIN:0x03A92F,MAIN,1366,D0495,In-game dialogue,0x03A92F,0x03843B,0x03843B,dialogue_19_19,,1466,0x03ADF3,老爷爷:在我家是无敌的...,ascii,To live is to gamble!,Only at home...,translated_directly_from_chinese_ai_review,pointer_table,high,dialogue_inventory_overlay,ai_source_reviewed,26,yes,"Uses official Gen I field-dialogue style: the visible sprite and encounter identify the sole speaker, so no redundant class label consumes text-bank space.",Compact direct rendering from Chinese; keeps the comic qualification that the old man's Pokémon are only invincible in his own home.,,,,
MAIN:0x03A94A,MAIN,1367,D0496,In-game dialogue,0x03A94A,0x038431,0x038431,dialogue_19_19,,1461,0x03AD71,谈判小子:我困了...,ascii,No cheating!,So sleepy...,translated_directly_from_chinese_ai_review,pointer_table,high,dialogue_inventory_overlay,ai_source_reviewed,12,yes,"Uses official Gen I field-dialogue style: the visible sprite and encounter identify the sole speaker, so no redundant class label consumes text-bank space.",Compact direct rendering from Chinese; directly preserves the Youngster's sleepiness.,,,,
MAIN:0x03A957,MAIN,1368,D0497,In-game dialogue,0x03A957,0x038433,0x038433,dialogue_19_19,,1462,0x03AD85,谈判小子:干嘛打扰我休息?,ascii,Huh? That's not right!,Why bother me while I'm resting?,translated_directly_from_chinese_ai_review,pointer_table,high,dialogue_inventory_overlay,ai_source_reviewed,25,yes,"Uses official Gen I field-dialogue style: the visible sprite and encounter identify the sole speaker, so no redundant class label consumes text-bank space.","Full-text review: Matches the source's interrupted rest rather than assuming sleep. Omits the contextual one-speaker label 'YOUNGSTER', as in official Gen I field dialogue; the sprite and encounter retain the speaker identity.",,,,
MAIN:0x03A971,MAIN,1369,D0498,In-game dialogue,0x03A971,0x03843D,0x03843D,dialogue_19_19,,1467,0x03AE0D,双胞胎:我们脸上有东西吗?,ascii,"I'm new,but I thinkI can win!",Is there something on our faces?,translated_directly_from_chinese_ai_review,pointer_table,high,dialogue_inventory_overlay,ai_source_reviewed,29,yes,"Uses official Gen I field-dialogue style: the visible sprite and encounter identify the sole speaker, so no redundant class label consumes text-bank space.","Full-text review: Restores the existential construction. Omits the contextual one-speaker label 'TWINS', as in official Gen I field dialogue; the sprite and encounter retain the speaker identity.",,,,
MAIN:0x03A98F,MAIN,1370,D0499,In-game dialogue,0x03A98F,0x03843F,0x03843F,dialogue_19_19,,1468,0x03AE27,"双胞胎:说你呢,你还看!!",ascii,My Pok@mon couldn't,You! Still staring?!,translated_directly_from_chinese_ai_review,pointer_table,high,dialogue_inventory_overlay,ai_source_reviewed,19,yes,"Uses official Gen I field-dialogue style: the visible sprite and encounter identify the sole speaker, so no redundant class label consumes text-bank space.",Compact direct rendering from Chinese; keeps the Twins' direct address to the player and indignation that the staring continues.,,,,
MAIN:0x03A9A3,MAIN,1371,D0500,In-game dialogue,0x03A9A3,,,dialogue_19_19,,1474,0x03B0C6,老爷爷:对精灵要有爱心,ascii,I have never won before.,Treat Pokémon with love.,translated_directly_from_reviewed_chinese_source_ai_review,containing_offset,medium,reviewed_source_adjudication,ai_source_reviewed,26,yes,"Uses official Gen I field-dialogue style: the visible sprite and encounter identify the sole speaker, so no redundant class label consumes text-bank space.",Restores the old man's advice to show Pokémon affection instead of the unrelated old statement about never winning.,,,,
MAIN:0x03A9BE,MAIN,1372,D0501,In-game dialogue,0x03A9BE,,,dialogue_19_19,,1475,0x03B0DE,老爷爷:少年人不错,ascii,I saw this coming.,"Not bad, young man!",translated_directly_from_reviewed_chinese_source_ai_review,containing_offset,medium,reviewed_source_adjudication,ai_source_reviewed,18,yes,"Uses official Gen I field-dialogue style: the visible sprite and encounter identify the sole speaker, so no redundant class label consumes text-bank space.",Directly preserves the old man's approving assessment of the young Trainer and replaces the unrelated 2015 line.,,,,
MAIN:0x03A9D1,MAIN,1373,D0502,In-game dialogue,0x03A9D1,,0x038405,dialogue_19_19,GARY,1439,0x03A98C,"小茂:听说居合斩的名人也在船上,看了一下竟然是会晕船的老头!你也去看看吧,再会了!",ascii,Fwahaha! I've neverlost!,GARY: The Cut master aboard is just a seasick old man! Go see him. Smell ya!,adapted_from_official_english_gen1_with_chinese_fidelity_ai_review,containing_offset,medium,reviewed_source_adjudication,ai_source_reviewed,24,no,,Uses the matching official English Red/Blue/Yellow scene as its primary voice while retaining Chinese-only facts and Famicom-specific terminology.,,,,
MAIN:0x03A9EA,MAIN,1374,D0503,In-game dialogue,0x03A9EA,,,dialogue_19_19,,1471,0x03B079,老爷爷:被打败了,ascii,Luck of the draw!,You beat me.,translated_directly_from_reviewed_chinese_source_ai_review,containing_offset,medium,reviewed_source_adjudication,ai_source_reviewed,17,yes,"Uses official Gen I field-dialogue style: the visible sprite and encounter identify the sole speaker, so no redundant class label consumes text-bank space.",Directly renders the old man's admission of defeat instead of the unrelated remark about luck.,,,storage-overlap-02,owner
MAIN:0x03A9F7,MAIN,1375,D0504,In-game dialogue,0x03A9F7,0x038409,0x038409,dialogue_19_19,ASH,1441,0x03A9F6,小智:我帮你拍拍!,ascii,raw!,ASH: I'll rub your back!,translated_directly_from_chinese_ai_review,pointer_table,high,dialogue_inventory_overlay,ai_source_reviewed,4,no,,Preserves Ash as speaker and his offer to rub or pat the seasick master's back in the surrounding scene.,,,storage-overlap-02,suffix_alias
MAIN:0x03A9FC,MAIN,1376,D0505,In-game dialogue,0x03A9FC,0x038435,0x038435,dialogue_19_19,,1463,0x03AD9F,谈判小子:你怎么这么没有礼貌?,ascii,I'm the best in my class!,Why are you so rude?,translated_directly_from_chinese_ai_review,pointer_table,high,dialogue_inventory_overlay,ai_source_reviewed,25,yes,"Uses official Gen I field-dialogue style: the visible sprite and encounter identify the sole speaker, so no redundant class label consumes text-bank space.","Full-text review: Restores the complete question. Omits the contextual one-speaker label 'YOUNGSTER', as in official Gen I field dialogue; the sprite and encounter retain the speaker identity.",,,,
MAIN:0x03AA16,MAIN,1377,D0506,In-game dialogue,0x03AA16,0x038437,0x038437,dialogue_19_19,,1464,0x03ADBD,"谈判小子:算了,我不和你计较",ascii,"Darn,I need to makethem stronger!",Fine. No hard feelings.,translated_directly_from_chinese_ai_review,pointer_table,high,dialogue_inventory_overlay,ai_source_reviewed,33,yes,"Uses official Gen I field-dialogue style: the visible sprite and encounter identify the sole speaker, so no redundant class label consumes text-bank space.","Full-text review: Uses an idiomatic no-grudge expression. Omits the contextual one-speaker label 'YOUNGSTER', as in official Gen I field dialogue; the sprite and encounter retain the speaker identity.",,,,
MAIN:0x03AA38,MAIN,1378,D0507,In-game dialogue,0x03AA38,,,dialogue_19_19,,1476,0x03B0F2,谈判小子:你怎么可以这样?,ascii,My Pok@mon should be ready!,How could you do that?,translated_directly_from_reviewed_chinese_source_ai_review,containing_offset,medium,reviewed_source_adjudication,ai_source_reviewed,28,yes,"Uses official Gen I field-dialogue style: the visible sprite and encounter identify the sole speaker, so no redundant class label consumes text-bank space.",Restores the adjudicated boy's reproach and discards the unrelated old statement about his Pokémon being ready.,,,,
MAIN:0x03AA55,MAIN,1379,D0508,In-game dialogue,0x03AA55,,,dialogue_19_19,,1477,0x03B10D,谈判小子:我什么都没说,ascii,I should get betterones.,I didn't say anything.,translated_directly_from_reviewed_chinese_source_ai_review,containing_offset,medium,reviewed_source_adjudication,ai_source_reviewed,24,yes,"Uses official Gen I field-dialogue style: the visible sprite and encounter identify the sole speaker, so no redundant class label consumes text-bank space.",Directly translates the adjudicated boy's denial rather than retaining the unrelated wish for better Pokémon.,,,,
MAIN:0x03AA6E,MAIN,1380,D0509,In-game dialogue,0x03AA6E,,,dialogue_19_19,,1472,0x03B08B,侦察员:无论如何都别想过我这关,ascii,Competition! I can not get enough!,You're not getting past me!,translated_directly_from_reviewed_chinese_source_ai_review,containing_offset,medium,reviewed_source_adjudication,ai_source_reviewed,34,yes,"Uses official Gen I field-dialogue style: the visible sprite and encounter identify the sole speaker, so no redundant class label consumes text-bank space.",Restores the Scout's determination to block the player under any circumstances; the old competition line was unrelated.,,,,
MAIN:0x03AA91,MAIN,1381,D0510,In-game dialogue,0x03AA91,,,dialogue_19_19,,1473,0x03B0AB,"侦察员:我当没看见,你走吧",ascii,I had a chance!,I'll pretend I didn't see you. Go on.,translated_directly_from_reviewed_chinese_source_ai_review,containing_offset,medium,reviewed_source_adjudication,ai_source_reviewed,15,yes,"Uses official Gen I field-dialogue style: the visible sprite and encounter identify the sole speaker, so no redundant class label consumes text-bank space.","Preserves the Scout's decision to look the other way and let the player leave, replacing the unrelated old line.",,,,
MAIN:0x03AAA1,MAIN,1382,D0511,In-game dialogue,0x03AAA1,,,dialogue_19_19,,1478,0x03B125,老爷爷:今天来决一胜负吧,ascii,Careful! I am on fire!,Let's settle this today!,translated_directly_from_reviewed_chinese_source_ai_review,containing_offset,medium,reviewed_source_adjudication,ai_source_reviewed,24,yes,"Uses official Gen I field-dialogue style: the visible sprite and encounter identify the sole speaker, so no redundant class label consumes text-bank space.",Restores the old man's challenge to settle the contest today instead of the unrelated claim that he is on fire.,,,,
MAIN:0x03AABA,MAIN,1383,D0512,In-game dialogue,0x03AABA,,,dialogue_19_19,,1479,0x03B13F,老爷爷:算你走运...,ascii,I've burnt out...,You got lucky...,translated_directly_from_reviewed_chinese_source_ai_review,containing_offset,medium,reviewed_source_adjudication,ai_source_reviewed,17,yes,"Uses official Gen I field-dialogue style: the visible sprite and encounter identify the sole speaker, so no redundant class label consumes text-bank space.",Directly conveys the old man's claim that the player was lucky and removes the unrelated burnout wording.,,,,
MAIN:0x03AACC,MAIN,1384,D0513,In-game dialogue,0x03AACC,0x03AE74,0x03AE74,dialogue_19_19,,1480,0x03B154,谈判小子:你完蛋了!,ascii,There's a huge Pok@mon that sleepsback this way.,You're done!,translated_directly_from_chinese_ai_review,pointer_table,high,dialogue_inventory_overlay,ai_source_reviewed,52,yes,"Uses official Gen I field-dialogue style: the visible sprite and encounter identify the sole speaker, so no redundant class label consumes text-bank space.",Compact direct rendering from Chinese; directly restores the Youngster's short threat rather than the unrelated 2015 sleeping-Pokémon hint.,,,,
MAIN:0x03AB01,MAIN,1385,D0514,In-game dialogue,0x03AB01,0x03AE76,0x03AE76,dialogue_19_19,,1481,0x03B168,"谈判小子:今天肚子疼,不和你计较",ascii,I think you need a Flute to wake him.,My stomach hurts. You're off the hook today.,translated_directly_from_chinese_ai_review,pointer_table,high,dialogue_inventory_overlay,ai_source_reviewed,37,yes,"Uses official Gen I field-dialogue style: the visible sprite and encounter identify the sole speaker, so no redundant class label consumes text-bank space.","Full-text review: Replaces the clipped gut fragment with a natural excuse. Omits the contextual one-speaker label 'YOUNGSTER', as in official Gen I field dialogue; the sprite and encounter retain the speaker identity.",,,,
MAIN:0x03AB27,MAIN,1386,D0515,In-game dialogue,0x03AB27,0x03842B,0x03842B,dialogue_19_19,,1458,0x03ACEF,"爷爷:听说这个是地鼠挖的山洞,好像能通到常青市的样子",ascii,"A fainted Pok@mon can't fight,but canstill use HMs.","They say Diglett dug this tunnel, maybe all the way to Viridian.",official_english_gen1_reviewed_chinese_specific_retained_ai_review,pointer_table,high,dialogue_inventory_overlay,ai_source_reviewed,52,yes,"Uses official Gen I field-dialogue style: the visible sprite and encounter identify the sole speaker, so no redundant class label consumes text-bank space.","Full-text review: Restores the hearsay frame and destination. Omits the contextual one-speaker label 'OLD MAN', as in official Gen I field dialogue; the sprite and encounter retain the speaker identity.",,,,
MAIN:0x03AB5C,MAIN,1387,D0516,In-game dialogue,0x03AB5C,0x03842D,0x03842D,dialogue_19_19,,1459,0x03AD23,"男孩:这个秘传技05你应该用的上,让能学闪光的精灵学会后可以照亮山洞",ascii,I'm Prof.Oaks Aide!I was sent to give you an HM05! Here you are Ash!,Use HM05. Teach Flash to a compatible Pokémon; it'll light caves.,translated_directly_from_chinese_ai_review,pointer_table,high,dialogue_inventory_overlay,ai_source_reviewed,69,yes,"Uses official Gen I field-dialogue style: the visible sprite and encounter identify the sole speaker, so no redundant class label consumes text-bank space.","Compact direct rendering from Chinese; retains HM05, the need for a compatible Pokémon to learn Flash, and its cave-lighting function without adding an absent Oak aide identity.",,,,
MAIN:0x03ABA2,MAIN,1388,D0517,In-game dialogue,0x03ABA2,0x03842F,0x03842F,dialogue_19_19,,1460,0x03AD65,得到特技05,ascii,Got HM05!,Got HM05!,official_english_gen1_reviewed_chinese_specific_retained_ai_review,pointer_table,high,dialogue_inventory_overlay,ai_source_reviewed,9,no,,Reviewed against the matching English Red/Blue/Yellow scene; the Chinese/Famicom wording is retained because the official line omits or contradicts a material source detail.,,,,
MAIN:0x03ABAC,MAIN,1389,D0518,In-game dialogue,0x03ABAC,0x03AE80,0x03AE80,dialogue_19_19,,1486,0x03B21F,女孩:你还长的蛮英俊的嘛,ascii,You have Pok@Mon? You're mine!You deceived me!,You're quite handsome!,translated_directly_from_chinese_ai_review,pointer_table,high,dialogue_inventory_overlay,ai_source_reviewed,47,yes,"Uses official Gen I field-dialogue style: the visible sprite and encounter identify the sole speaker, so no redundant class label consumes text-bank space.","Full-text review: Restores the omitted subject and copula. Omits the contextual one-speaker label 'GIRL', as in official Gen I field dialogue; the sprite and encounter retain the speaker identity.",,,storage-overlap-03,owner
MAIN:0x03ABCB,MAIN,1390,D0519,In-game dialogue,0x03ABCB,0x03AE82,0x03AE82,dialogue_19_19,,1487,0x03B238,女孩:有实力我欣赏,ascii,You deceived me!,I admire your skill.,translated_directly_from_chinese_ai_review,pointer_table,high,dialogue_inventory_overlay,ai_source_reviewed,16,yes,"Uses official Gen I field-dialogue style: the visible sprite and encounter identify the sole speaker, so no redundant class label consumes text-bank space.",Compact direct rendering from Chinese; keeps the player's demonstrated strength and the girl's explicit appreciation of it.,,,storage-overlap-03,suffix_alias
MAIN:0x03ABDC,MAIN,1391,D0520,In-game dialogue,0x03ABDC,0x03AE88,0x03AE88,dialogue_19_19,,1490,0x03B270,"谈判小子:我们商量一下,把你的比卡丘让给我吧",ascii,I'm taking Rock Tunnel to go to Lavender Town.,Let's make a deal. Give me your Pikachu!,translated_directly_from_chinese_ai_review,pointer_table,high,dialogue_inventory_overlay,ai_source_reviewed,52,yes,"Uses official Gen I field-dialogue style: the visible sprite and encounter identify the sole speaker, so no redundant class label consumes text-bank space.","Full-text review: Replaces two fragments with the explicit source proposal. Omits the contextual one-speaker label 'YOUNGSTER', as in official Gen I field dialogue; the sprite and encounter retain the speaker identity.",,,,
MAIN:0x03AC11,MAIN,1392,D0521,In-game dialogue,0x03AC11,0x03AE8A,0x03AE8A,dialogue_19_19,,1491,0x03B29C,谈判小子:我知道错了,ascii,Are you going too?,I was wrong.,translated_directly_from_chinese_ai_review,pointer_table,high,dialogue_inventory_overlay,ai_source_reviewed,18,yes,"Uses official Gen I field-dialogue style: the visible sprite and encounter identify the sole speaker, so no redundant class label consumes text-bank space.",Compact direct rendering from Chinese; directly preserves the Youngster's admission that he was at fault.,,,,
MAIN:0x03AC24,MAIN,1393,D0522,In-game dialogue,0x03AC24,0x03AE94,0x03AE94,dialogue_19_19,,1496,0x03B30F,捉虫少年:没想到又见到你了,ascii,"Go,my bug Pok@mon!",I didn't expect to see you again!,translated_directly_from_chinese_ai_review,pointer_table,high,dialogue_inventory_overlay,ai_source_reviewed,18,yes,"Uses official Gen I field-dialogue style: the visible sprite and encounter identify the sole speaker, so no redundant class label consumes text-bank space.","Full-text review: Restores the omitted subject and surprise relation. Omits the contextual one-speaker label 'BUG CATCHER', as in official Gen I field dialogue; the sprite and encounter retain the speaker identity.",,,,
MAIN:0x03AC37,MAIN,1394,D0523,In-game dialogue,0x03AC37,0x03AE96,0x03AE96,dialogue_19_19,,1497,0x03B32A,捉虫少年:你的实力又提升了呢,ascii,You bug me!,You've gotten even stronger!,translated_directly_from_chinese_ai_review,pointer_table,high,dialogue_inventory_overlay,ai_source_reviewed,11,yes,"Uses official Gen I field-dialogue style: the visible sprite and encounter identify the sole speaker, so no redundant class label consumes text-bank space.","Full-text review: Restores the subject and comparison. Omits the contextual one-speaker label 'BUG CATCHER', as in official Gen I field dialogue; the sprite and encounter retain the speaker identity.",,,,
MAIN:0x03AC43,MAIN,1395,D0524,In-game dialogue,0x03AC43,0x03AE9C,0x03AE9C,dialogue_19_19,,1500,0x03B37D,大叔:小心我对你不客气!,ascii,"Haha! Come on,dude!","Watch it, or else!",translated_directly_from_chinese_ai_review,pointer_table,high,dialogue_inventory_overlay,ai_source_reviewed,19,yes,"Uses official Gen I field-dialogue style: the visible sprite and encounter identify the sole speaker, so no redundant class label consumes text-bank space.",Compact direct rendering from Chinese; naturally preserves the man's warning that he will stop treating the player politely.,,,,
MAIN:0x03AC57,MAIN,1396,D0525,In-game dialogue,0x03AC57,0x03AE9E,0x03AE9E,dialogue_19_19,,1501,0x03B395,大叔:您好吗?哈哈...,ascii,Haha! You beat me fair!,How are you? Ha!,translated_directly_from_chinese_ai_review,pointer_table,high,dialogue_inventory_overlay,ai_source_reviewed,24,yes,"Uses official Gen I field-dialogue style: the visible sprite and encounter identify the sole speaker, so no redundant class label consumes text-bank space.",Compact direct rendering from Chinese; faithfully keeps the man's sudden polite question and trailing laugh.,,,,
MAIN:0x03AC70,MAIN,1397,D0526,In-game dialogue,0x03AC70,0x03AE90,0x03AE90,dialogue_19_19,,1494,0x03B2EB,大叔:有意思...,ascii,Great! I was bored!,Interesting...,translated_directly_from_chinese_ai_review,pointer_table,high,dialogue_inventory_overlay,ai_source_reviewed,19,yes,"Uses official Gen I field-dialogue style: the visible sprite and encounter identify the sole speaker, so no redundant class label consumes text-bank space.",Directly preserves the man's brief expression of interest.,,,,
MAIN:0x03AC84,MAIN,1398,D0527,In-game dialogue,0x03AC84,0x03AE92,0x03AE92,dialogue_19_19,,1495,0x03B2FB,大叔:这回完蛋了...,ascii,You sure got guts!,That's it for me this time...,translated_directly_from_chinese_ai_review,pointer_table,high,dialogue_inventory_overlay,ai_source_reviewed,18,yes,"Uses official Gen I field-dialogue style: the visible sprite and encounter identify the sole speaker, so no redundant class label consumes text-bank space.","Full-text review: Uses a natural post-defeat admission. Omits the contextual one-speaker label 'MAN', as in official Gen I field dialogue; the sprite and encounter retain the speaker identity.",,,,
MAIN:0x03AC97,MAIN,1399,D0528,In-game dialogue,0x03AC97,0x03AE98,0x03AE98,dialogue_19_19,,1498,0x03B347,"谈判小子:别说我没忠告你,快逃吧",ascii,Don't you dare condescend me!,You've been warned. Run!,translated_directly_from_chinese_ai_review,pointer_table,high,dialogue_inventory_overlay,ai_source_reviewed,33,yes,"Uses official Gen I field-dialogue style: the visible sprite and encounter identify the sole speaker, so no redundant class label consumes text-bank space.","Full-text review: Turns a label-like fragment into an idiomatic warning. Omits the contextual one-speaker label 'YOUNGSTER', as in official Gen I field dialogue; the sprite and encounter retain the speaker identity.",,,,
MAIN:0x03ACB9,MAIN,1400,D0529,In-game dialogue,0x03ACB9,0x03AE9A,0x03AE9A,dialogue_19_19,,1499,0x03B367,谈判小子:有两下子...,ascii,No! You're to much!,Not bad...,translated_directly_from_chinese_ai_review,pointer_table,high,dialogue_inventory_overlay,ai_source_reviewed,19,yes,"Uses official Gen I field-dialogue style: the visible sprite and encounter identify the sole speaker, so no redundant class label consumes text-bank space.",Restores the Youngster class identity and his grudging praise instead of the unrelated 2015 reaction. Full-text review: Normalizes nonstandard speaker abbreviation 'YNGSTR:' to 'YOUNGSTER:'.,,,,
MAIN:0x03ACCD,MAIN,1401,D0530,In-game dialogue,0x03ACCD,0x03AE8C,0x03AE8C,dialogue_19_19,,1492,0x03B2B1,谈判小子:再怎么努力也不是我的对手!,ascii,Who's that with those cool Pok@mon?,Try all you like; you're no match!,translated_directly_from_chinese_ai_review,pointer_table,high,dialogue_inventory_overlay,ai_source_reviewed,38,yes,"Uses official Gen I field-dialogue style: the visible sprite and encounter identify the sole speaker, so no redundant class label consumes text-bank space.","Full-text review: Replaces an ungrammatical semicolon compression. Omits the contextual one-speaker label 'YOUNGSTER', as in official Gen I field dialogue; the sprite and encounter retain the speaker identity.",,,,
MAIN:0x03ACF4,MAIN,1402,D0531,In-game dialogue,0x03ACF4,0x03AE8E,0x03AE8E,dialogue_19_19,,1493,0x03B2D5,谈判小子:怎么可能呢?,ascii,Keep walking!,Impossible!,translated_directly_from_chinese_ai_review,pointer_table,high,dialogue_inventory_overlay,ai_source_reviewed,13,yes,"Uses official Gen I field-dialogue style: the visible sprite and encounter identify the sole speaker, so no redundant class label consumes text-bank space.",Keeps the Youngster class and his direct disbelief; the old command to keep walking remains excluded. Full-text review: Normalizes nonstandard speaker abbreviation 'YNGSTR:' to 'YOUNGSTER:'.,,,,
MAIN:0x03AD02,MAIN,1403,D0532,In-game dialogue,0x03AD02,0x03AE84,0x03AE84,dialogue_19_19,,1488,0x03B24B,大胖子:有碰见你了,ascii,Aren't you a littletoughie!,You again!,translated_directly_from_chinese_ai_review,pointer_table,high,dialogue_inventory_overlay,ai_source_reviewed,27,yes,"Uses official Gen I field-dialogue style: the visible sprite and encounter identify the sole speaker, so no redundant class label consumes text-bank space.",Restores the heavyset man's recognition that he has encountered the player again. The compact wording retains those source facts.,,,,
MAIN:0x03AD1E,MAIN,1404,D0533,In-game dialogue,0x03AD1E,0x03AE86,0x03AE86,dialogue_19_19,,1489,0x03B25E,大胖子:又输了...,ascii,Too tough!,Lost again...,translated_directly_from_chinese_ai_review,pointer_table,high,dialogue_inventory_overlay,ai_source_reviewed,10,yes,"Uses official Gen I field-dialogue style: the visible sprite and encounter identify the sole speaker, so no redundant class label consumes text-bank space.",Keeps the explicit admission that this is another loss rather than only calling the player tough. The compact wording retains those source facts.,,,,
MAIN:0x03AD29,MAIN,1405,D0534,In-game dialogue,0x03AD29,0x03AEA0,0x03AEA0,dialogue_19_19,,1502,0x03B3AA,女孩:让姐姐看看你,ascii,I got up early to train!,Let me get a look at you.,translated_directly_from_chinese_ai_review,pointer_table,high,dialogue_inventory_overlay,ai_source_reviewed,25,yes,"Uses official Gen I field-dialogue style: the visible sprite and encounter identify the sole speaker, so no redundant class label consumes text-bank space.","Full-text review: Uses the idiomatic form of the source request. Omits the contextual one-speaker label 'GIRL', as in official Gen I field dialogue; the sprite and encounter retain the speaker identity.",,,,
MAIN:0x03AD43,MAIN,1406,D0535,In-game dialogue,0x03AD43,0x03AEA2,0x03AEA2,dialogue_19_19,,1503,0x03B3BD,女孩:不要不给面子吧!,ascii,I need to train more.,Don't shame me!,translated_directly_from_chinese_ai_review,pointer_table,high,dialogue_inventory_overlay,ai_source_reviewed,24,yes,"Uses official Gen I field-dialogue style: the visible sprite and encounter identify the sole speaker, so no redundant class label consumes text-bank space.",Naturally conveys the girl's complaint that the player made her lose face. The compact wording retains those source facts.,,,,
MAIN:0x03AD5C,MAIN,1407,D0536,In-game dialogue,0x03AD5C,0x03AEAA,0x03AEAA,dialogue_19_19,,1507,0x03B427,职员:这么暗你也敢来,ascii,I've never won a badge yet.,You braved the dark?,translated_directly_from_chinese_ai_review,pointer_table,high,dialogue_inventory_overlay,ai_source_reviewed,29,yes,"Uses official Gen I field-dialogue style: the visible sprite and encounter identify the sole speaker, so no redundant class label consumes text-bank space.",Restores the worker's surprise that the player ventured into such darkness. The compact wording retains those source facts.,,,,
MAIN:0x03AD7A,MAIN,1408,D0537,In-game dialogue,0x03AD7A,0x03AEAC,0x03AEAC,dialogue_19_19,,1508,0x03B43C,职员:佩服你的勇气,ascii,I blew it again.,I admire your courage!,translated_directly_from_chinese_ai_review,pointer_table,high,dialogue_inventory_overlay,ai_source_reviewed,16,yes,"Uses official Gen I field-dialogue style: the visible sprite and encounter identify the sole speaker, so no redundant class label consumes text-bank space.","Full-text review: Turns the adjective fragment into the source's complete compliment. Omits the contextual one-speaker label 'STAFF', as in official Gen I field dialogue; the sprite and encounter retain the speaker identity.",,,,
MAIN:0x03AD8B,MAIN,1409,D0538,In-game dialogue,0x03AD8B,0x03AEAE,0x03AEAE,dialogue_19_19,,1509,0x03B44F,职员:我的东西掉了,ascii,This cave is long!,I lost something.,translated_directly_from_chinese_ai_review,pointer_table,high,dialogue_inventory_overlay,ai_source_reviewed,18,yes,"Uses official Gen I field-dialogue style: the visible sprite and encounter identify the sole speaker, so no redundant class label consumes text-bank space.",Restores the worker's statement that he lost an item rather than describing the cave's length. The compact wording retains those source facts.,,,,
MAIN:0x03AD9E,MAIN,1410,D0539,In-game dialogue,0x03AD9E,0x03AEB0,0x03AEB0,dialogue_19_19,,1510,0x03B462,职员:一定要找出来,ascii,Doh! You won kid!,I have to find it.,translated_directly_from_chinese_ai_review,pointer_table,high,dialogue_inventory_overlay,ai_source_reviewed,17,yes,"Uses official Gen I field-dialogue style: the visible sprite and encounter identify the sole speaker, so no redundant class label consumes text-bank space.","Full-text review: Restores the omitted subject. Omits the contextual one-speaker label 'STAFF', as in official Gen I field dialogue; the sprite and encounter retain the speaker identity.",,,,
MAIN:0x03ADB0,MAIN,1411,D0540,In-game dialogue,0x03ADB0,0x03AEB6,0x03AEB6,dialogue_19_19,,1513,0x03B49C,职员:我不怕黑暗,ascii,I'll leave ya cryinkid!,I'm not afraid of the dark.,translated_directly_from_chinese_ai_review,pointer_table,high,dialogue_inventory_overlay,ai_source_reviewed,23,yes,"Uses official Gen I field-dialogue style: the visible sprite and encounter identify the sole speaker, so no redundant class label consumes text-bank space.","Full-text review: Uses the idiomatic English expression. Omits the contextual one-speaker label 'STAFF', as in official Gen I field dialogue; the sprite and encounter retain the speaker identity.",,,,
MAIN:0x03ADC8,MAIN,1412,D0541,In-game dialogue,0x03ADC8,0x03AEB8,0x03AEB8,dialogue_19_19,,1514,0x03B4AD,职员:你也不是等闲之辈,ascii,I give!,You're no weakling.,translated_directly_from_chinese_ai_review,pointer_table,high,dialogue_inventory_overlay,ai_source_reviewed,7,yes,"Uses official Gen I field-dialogue style: the visible sprite and encounter identify the sole speaker, so no redundant class label consumes text-bank space.",Restores the worker's acknowledgment that the player is no ordinary opponent. The compact wording retains those source facts.,,,,
MAIN:0x03ADD0,MAIN,1413,D0542,In-game dialogue,0x03ADD0,0x03AEB2,0x03AEB2,dialogue_19_19,,1511,0x03B475,女孩:人家好害怕哦,ascii,You have Pok@Mon! Let's start!,I'm scared...,translated_directly_from_chinese_ai_review,pointer_table,high,dialogue_inventory_overlay,ai_source_reviewed,31,yes,"Uses official Gen I field-dialogue style: the visible sprite and encounter identify the sole speaker, so no redundant class label consumes text-bank space.",Keeps the girl's explicit fear instead of turning the line into an unrelated battle invitation. The compact wording retains those source facts.,,,,
MAIN:0x03ADF0,MAIN,1414,D0543,In-game dialogue,0x03ADF0,0x03AEB4,0x03AEB4,dialogue_19_19,,1512,0x03B488,女孩:你保护我好吗?,ascii,You play hard!,Will you protect me?,translated_directly_from_chinese_ai_review,pointer_table,high,dialogue_inventory_overlay,ai_source_reviewed,14,yes,"Uses official Gen I field-dialogue style: the visible sprite and encounter identify the sole speaker, so no redundant class label consumes text-bank space.","Full-text review: Restores the auxiliary question. Omits the contextual one-speaker label 'GIRL', as in official Gen I field dialogue; the sprite and encounter retain the speaker identity.",,,,
MAIN:0x03ADFF,MAIN,1415,D0544,In-game dialogue,0x03ADFF,0x03AED2,0x03AED2,dialogue_19_19,,1527,0x03B5CB,大叔:你在这里干什么??,ascii,Give it your best shot!,Why are you here?,translated_directly_from_chinese_ai_review,pointer_table,high,dialogue_inventory_overlay,ai_source_reviewed,24,yes,"Uses official Gen I field-dialogue style: the visible sprite and encounter identify the sole speaker, so no redundant class label consumes text-bank space.",Restores the man's question about the player's presence instead of a generic challenge. The compact wording retains those source facts.,,,,
MAIN:0x03AE18,MAIN,1416,D0545,In-game dialogue,0x03AE18,0x03AED4,0x03AED4,dialogue_19_19,,1528,0x03B5E2,"大叔:对不起,好象我管不着",ascii,Fired away!,Sorry. It's none of my business.,translated_directly_from_chinese_ai_review,pointer_table,high,dialogue_inventory_overlay,ai_source_reviewed,11,yes,"Uses official Gen I field-dialogue style: the visible sprite and encounter identify the sole speaker, so no redundant class label consumes text-bank space.","Full-text review: Uses the idiomatic expression for the source retraction. Omits the contextual one-speaker label 'MAN', as in official Gen I field dialogue; the sprite and encounter retain the speaker identity.",,,,
MAIN:0x03AE24,MAIN,1417,D0546,In-game dialogue,0x03AE24,0x03AED6,0x03AED6,dialogue_19_19,,1529,0x03B5FC,职员:整天都无聊的在干活,ascii,You have a Pok@dex?I want one!,I do boring work all day.,translated_directly_from_chinese_ai_review,pointer_table,high,dialogue_inventory_overlay,ai_source_reviewed,30,yes,"Uses official Gen I field-dialogue style: the visible sprite and encounter identify the sole speaker, so no redundant class label consumes text-bank space.","Full-text review: Restores the subject and verb. Omits the contextual one-speaker label 'STAFF', as in official Gen I field dialogue; the sprite and encounter retain the speaker identity.",,,,
MAIN:0x03AE43,MAIN,1418,D0547,In-game dialogue,0x03AE43,0x038441,0x038441,dialogue_19_19,BILL,1469,0x03AE3F,马沙:谢谢......,ascii,Thanks again!,BILL: Thanks...,translated_directly_from_chinese_ai_review,pointer_table,high,dialogue_inventory_overlay,ai_source_reviewed,13,yes,Shortened for ROM space; preserves Bill's quiet thanks and uses the matching official English character name.,Preserves Bill's quiet thanks and uses the matching official English character name. The compact wording retains those source facts.,,,,
MAIN:0x03AE51,MAIN,1419,D0548,In-game dialogue,0x03AE51,0x038443,0x038443,dialogue_19_19,,1470,0x03AE50,名人:......,graphical_codes,<B3B1><B2B5>:......,...,translated_directly_from_chinese_ai_review,pointer_table,high,dialogue_inventory_overlay,ai_source_reviewed,11,yes,"Uses official Gen I field-dialogue style: the visible sprite and encounter identify the sole speaker, so no redundant class label consumes text-bank space.",Restores the named master's silent pause from the readable Chinese source rather than the glyph residue.,,,,
MAIN:0x03B058,MAIN,1420,D0549,In-game dialogue,0x03B058,0x03AED8,0x03AED8,dialogue_19_19,,1530,0x03B615,职员:明天该轻松了吧,ascii,I'm so jealous!,"Tomorrow will be easier, right?",translated_directly_from_chinese_ai_review,pointer_table,high,dialogue_inventory_overlay,ai_source_reviewed,15,yes,"Uses official Gen I field-dialogue style: the visible sprite and encounter identify the sole speaker, so no redundant class label consumes text-bank space.","Full-text review: Restores the complete tag question. Omits the contextual one-speaker label 'STAFF', as in official Gen I field dialogue; the sprite and encounter retain the speaker identity.",,,,
MAIN:0x03B068,MAIN,1421,D0550,In-game dialogue,0x03B068,0x03AEDE,0x03AEDE,dialogue_19_19,,1533,0x03B650,女孩:你可别乱摸我哦,ascii,Hikers use twigs astrail markers.,Hands off!,translated_directly_from_chinese_ai_review,pointer_table,high,dialogue_inventory_overlay,ai_source_reviewed,33,yes,"Uses official Gen I field-dialogue style: the visible sprite and encounter identify the sole speaker, so no redundant class label consumes text-bank space.",Restores the girl's warning not to touch her; the trail-marker line was unrelated. The compact wording retains those source facts.,,,,
MAIN:0x03B08A,MAIN,1422,D0551,In-game dialogue,0x03B08A,0x03AEE0,0x03AEE0,dialogue_19_19,,1534,0x03B665,女孩:都叫你别乱摸了!!,ascii,I want to go home!,I said hands off!,translated_directly_from_chinese_ai_review,pointer_table,high,dialogue_inventory_overlay,ai_source_reviewed,18,yes,"Uses official Gen I field-dialogue style: the visible sprite and encounter identify the sole speaker, so no redundant class label consumes text-bank space.",Keeps the girl's repeated and more forceful objection after her earlier warning. The compact wording retains those source facts.,,,,
MAIN:0x03B09D,MAIN,1423,D0552,In-game dialogue,0x03B09D,0x03AEBA,0x03AEBA,dialogue_19_19,,1515,0x03B4C4,大叔:山里才能锻炼身体,ascii,Pok@mon fight! Go!,Only mountains build strength!,translated_directly_from_chinese_ai_review,pointer_table,high,dialogue_inventory_overlay,ai_source_reviewed,18,yes,"Uses official Gen I field-dialogue style: the visible sprite and encounter identify the sole speaker, so no redundant class label consumes text-bank space.",Preserves the man's belief that mountain training builds the body. The compact wording retains those source facts.,,,,
MAIN:0x03B0B0,MAIN,1424,D0553,In-game dialogue,0x03B0B0,0x03AEBC,0x03AEBC,dialogue_19_19,,1516,0x03B4DB,大叔:果然是这样,ascii,Game over!,As I thought.,translated_directly_from_chinese_ai_review,pointer_table,high,dialogue_inventory_overlay,ai_source_reviewed,10,yes,"Uses official Gen I field-dialogue style: the visible sprite and encounter identify the sole speaker, so no redundant class label consumes text-bank space.",Directly restores the man's confirmation that events matched his expectation. The compact wording retains those source facts.,,,,
MAIN:0x03B0BB,MAIN,1425,D0554,In-game dialogue,0x03B0BB,0x03AECE,0x03AECE,dialogue_19_19,,1525,0x03B59F,女孩:我想找个男朋友,ascii,I'll fight you!,I'm looking for a boyfriend.,translated_directly_from_chinese_ai_review,pointer_table,high,dialogue_inventory_overlay,ai_source_reviewed,15,yes,"Uses official Gen I field-dialogue style: the visible sprite and encounter identify the sole speaker, so no redundant class label consumes text-bank space.","Full-text review: Restores the omitted subject and verb. Omits the contextual one-speaker label 'GIRL', as in official Gen I field dialogue; the sprite and encounter retain the speaker identity.",,,,
MAIN:0x03B0CB,MAIN,1426,D0555,In-game dialogue,0x03B0CB,0x03AED0,0x03AED0,dialogue_19_19,,1526,0x03B5B4,"女孩:你呀,不合我胃口!",ascii,I like tiny Pok@mon,You're not my type!,translated_directly_from_chinese_ai_review,pointer_table,high,dialogue_inventory_overlay,ai_source_reviewed,19,yes,"Uses official Gen I field-dialogue style: the visible sprite and encounter identify the sole speaker, so no redundant class label consumes text-bank space.",Naturally conveys that the player does not suit the girl's tastes.,,,,
MAIN:0x03B0DF,MAIN,1427,D0556,In-game dialogue,0x03B0DF,0x03AECA,0x03AECA,dialogue_19_19,,1523,0x03B56C,大叔:你想知道吗,ascii,I like drawing Pok@mon!,Want to know?,translated_directly_from_chinese_ai_review,pointer_table,high,dialogue_inventory_overlay,ai_source_reviewed,27,yes,"Uses official Gen I field-dialogue style: the visible sprite and encounter identify the sole speaker, so no redundant class label consumes text-bank space.",Directly restores the man's question and discards the unrelated drawing remark. The compact wording retains those source facts.,,,,
MAIN:0x03B0FB,MAIN,1428,D0557,In-game dialogue,0x03B0FB,0x03AECC,0x03AECC,dialogue_19_19,,1524,0x03B57D,大叔:精灵会随着等级提高而进化的!,ascii,"I'm an artist,not afighter.",Pokémon evolve as they level up!,translated_directly_from_chinese_ai_review,pointer_table,high,dialogue_inventory_overlay,ai_source_reviewed,27,yes,"Uses official Gen I field-dialogue style: the visible sprite and encounter identify the sole speaker, so no redundant class label consumes text-bank space.","Full-text review: Uses official natural level-up terminology. Omits the contextual one-speaker label 'MAN', as in official Gen I field dialogue; the sprite and encounter retain the speaker identity.",,,,
MAIN:0x03B117,MAIN,1429,D0558,In-game dialogue,0x03B117,0x03AEC6,0x03AEC6,dialogue_19_19,,1521,0x03B538,大叔:我觉得石头类的精灵是最强的!,ascii,Maybe I'm lost in here...,I think Rock Pokémon are the strongest!,translated_directly_from_chinese_ai_review,pointer_table,high,dialogue_inventory_overlay,ai_source_reviewed,26,yes,"Uses official Gen I field-dialogue style: the visible sprite and encounter identify the sole speaker, so no redundant class label consumes text-bank space.","Full-text review: Restores the source opinion frame and article. Omits the contextual one-speaker label 'MAN', as in official Gen I field dialogue; the sprite and encounter retain the speaker identity.",,,,
MAIN:0x03B132,MAIN,1430,D0559,In-game dialogue,0x03B132,0x03AEC8,0x03AEC8,dialogue_19_19,,1522,0x03B55A,大叔:我想错了吗?,ascii,Which way is out?,Was I wrong?,translated_directly_from_chinese_ai_review,pointer_table,high,dialogue_inventory_overlay,ai_source_reviewed,17,yes,"Uses official Gen I field-dialogue style: the visible sprite and encounter identify the sole speaker, so no redundant class label consumes text-bank space.",Restores the man's doubt about his belief rather than asking for an exit.,,,,
MAIN:0x03B144,MAIN,1431,D0560,In-game dialogue,0x03B144,0x03AEDA,0x03AEDA,dialogue_19_19,,1531,0x03B62A,男孩:刚和女朋友分手了,ascii,I came this far forPok@mon!,I just broke up with my girlfriend.,translated_directly_from_chinese_ai_review,pointer_table,high,dialogue_inventory_overlay,ai_source_reviewed,27,yes,"Uses official Gen I field-dialogue style: the visible sprite and encounter identify the sole speaker, so no redundant class label consumes text-bank space.","Full-text review: Restores the omitted subject and idiomatic verb. Omits the contextual one-speaker label 'BOY', as in official Gen I field dialogue; the sprite and encounter retain the speaker identity.",,,,
MAIN:0x03B160,MAIN,1432,D0561,In-game dialogue,0x03B160,0x03AEDC,0x03AEDC,dialogue_19_19,,1532,0x03B641,男孩:心情不好,ascii,You looked harmless,I'm upset.,translated_directly_from_chinese_ai_review,pointer_table,high,dialogue_inventory_overlay,ai_source_reviewed,19,yes,"Uses official Gen I field-dialogue style: the visible sprite and encounter identify the sole speaker, so no redundant class label consumes text-bank space.",Directly restores the boy's bad mood instead of judging the player harmless. The compact wording retains those source facts.,,,,
MAIN:0x03B174,MAIN,1433,D0562,In-game dialogue,0x03B174,0x03AEE2,0x03AEE2,dialogue_19_19,,1535,0x03B67C,男孩:你碰到我了,ascii,Eek!Don't scare me!,You bumped me!,translated_directly_from_chinese_ai_review,pointer_table,high,dialogue_inventory_overlay,ai_source_reviewed,19,yes,"Uses official Gen I field-dialogue style: the visible sprite and encounter identify the sole speaker, so no redundant class label consumes text-bank space.",Restores the boy's accusation that the player bumped into him. The compact wording retains those source facts.,,,,
MAIN:0x03B188,MAIN,1434,D0563,In-game dialogue,0x03B188,0x03AE78,0x03AE78,dialogue_19_19,,1482,0x03B188,"我终于明白了好好照顾宠物精灵,妙蛙种子很有精神,其实精灵也在找训练师,你能不能帮我照顾这只妙蛙种子呢?",ascii,This Pok@mon needs a strong trainer totake care of it. Would you take careof this Bulbasaur?,I learned to care for Pokémon. Bulbasaur is thriving and seeks a Trainer. Will you care for it?,adapted_from_official_english_gen1_with_chinese_fidelity_ai_review,pointer_table,high,dialogue_inventory_overlay,ai_source_reviewed,94,no,,Uses the matching official English Red/Blue/Yellow scene as its primary voice while retaining Chinese-only facts and Famicom-specific terminology.,,,,
MAIN:0x03B1E7,MAIN,1435,D0564,In-game dialogue,0x03B1E7,0x03AE7A,0x03AE7A,dialogue_19_19,,1483,0x03B1EC,是吗?那真是太可惜了...,ascii,Take good care of him!,Oh? What a pity...,translated_directly_from_chinese_ai_review,pointer_table,high,dialogue_inventory_overlay,ai_source_reviewed,23,yes,Shortened for ROM space; restores the disappointed response to declining Bulbasaur rather than an instruction to care for it.,Restores the disappointed response to declining Bulbasaur rather than an instruction to care for it. The compact wording retains those source facts.,,,,
MAIN:0x03B1FF,MAIN,1436,D0565,In-game dialogue,0x03B1FF,0x03AE7C,0x03AE7C,dialogue_19_19,,1484,0x03B204,那拜托你了!,ascii,Got Bulbasaur!,Please take good care of Bulbasaur!,adapted_from_official_english_gen1_with_chinese_fidelity_ai_review,pointer_table,high,dialogue_inventory_overlay,ai_source_reviewed,14,no,,Uses the matching official English Red/Blue/Yellow scene as its primary voice while retaining Chinese-only facts and Famicom-specific terminology.,,,,
MAIN:0x03B20E,MAIN,1437,D0566,In-game dialogue,0x03B20E,0x03AE7E,0x03AE7E,dialogue_19_19,,1485,0x03B211,得到妙蛙种子,ascii,Oh...too bad...,Got Bulbasaur!,official_english_gen1_reviewed_chinese_specific_retained_ai_review,pointer_table,high,dialogue_inventory_overlay,ai_source_reviewed,16,no,,Reviewed against the matching English Red/Blue/Yellow scene; the Chinese/Famicom wording is retained because the official line omits or contradicts a material source detail.,,,,
MAIN:0x03B21F,MAIN,1438,D0567,In-game dialogue,0x03B21F,0x03AEE4,0x03AEE4,dialogue_19_19,,1536,0x03B68D,"男孩:是误会,对不起",ascii,It's too dark here!,It was a mistake. Sorry.,translated_directly_from_chinese_ai_review,pointer_table,high,dialogue_inventory_overlay,ai_source_reviewed,19,yes,"Uses official Gen I field-dialogue style: the visible sprite and encounter identify the sole speaker, so no redundant class label consumes text-bank space.","Full-text review: Turns the noun fragment into a sentence. Omits the contextual one-speaker label 'BOY', as in official Gen I field dialogue; the sprite and encounter retain the speaker identity.",,,,
MAIN:0x03B233,MAIN,1439,D0568,In-game dialogue,0x03B233,0x03AEC2,0x03AEC2,dialogue_19_19,,1519,0x03B50B,大叔:别乱走动,ascii,Can you beat me?,Don't wander.,translated_directly_from_chinese_ai_review,pointer_table,high,dialogue_inventory_overlay,ai_source_reviewed,16,yes,"Uses official Gen I field-dialogue style: the visible sprite and encounter identify the sole speaker, so no redundant class label consumes text-bank space.",Directly restores the man's warning not to wander about. The compact wording retains those source facts.,,,,
MAIN:0x03B244,MAIN,1440,D0569,In-game dialogue,0x03B244,0x03AEC4,0x03AEC4,dialogue_19_19,,1520,0x03B51A,"大叔:小心山塌下来,我们都完了",ascii,Oops! Out-muscled!,"Careful! If it caves in, we're done for!",translated_directly_from_chinese_ai_review,pointer_table,high,dialogue_inventory_overlay,ai_source_reviewed,18,yes,"Uses official Gen I field-dialogue style: the visible sprite and encounter identify the sole speaker, so no redundant class label consumes text-bank space.","Full-text review: Uses a natural conditional rather than the noun 'cave-in' as agent. Omits the contextual one-speaker label 'MAN', as in official Gen I field dialogue; the sprite and encounter retain the speaker identity.",,,,
MAIN:0x03B257,MAIN,1441,D0570,In-game dialogue,0x03B257,0x03AEBE,0x03AEBE,dialogue_19_19,,1517,0x03B4EC,大叔:你好!,ascii,Do you Cosplay?,Hello!,translated_directly_from_chinese_ai_review,pointer_table,high,dialogue_inventory_overlay,ai_source_reviewed,15,yes,"Uses official Gen I field-dialogue style: the visible sprite and encounter identify the sole speaker, so no redundant class label consumes text-bank space.",Directly restores the man's simple greeting and removes the unrelated cosplay question.,,,,
MAIN:0x03B267,MAIN,1442,D0571,In-game dialogue,0x03B267,0x03AEC0,0x03AEC0,dialogue_19_19,,1518,0x03B4F8,大叔:认识你很高兴,ascii,We dress as Pok@monfor fun!,I'm glad we met.,translated_directly_from_chinese_ai_review,pointer_table,high,dialogue_inventory_overlay,ai_source_reviewed,27,yes,"Uses official Gen I field-dialogue style: the visible sprite and encounter identify the sole speaker, so no redundant class label consumes text-bank space.","Full-text review: Restores the omitted subject and copula. Omits the contextual one-speaker label 'MAN', as in official Gen I field dialogue; the sprite and encounter retain the speaker identity.",,,,
MAIN:0x03B283,MAIN,1443,D0572,In-game dialogue,0x03B283,0x03AEE6,0x03AEE6,dialogue_19_19,,1537,0x03B6A1,谈判小子:和你没得商量!,ascii,Wanna see my Pok@ mon?,No deal!,translated_directly_from_chinese_ai_review,pointer_table,high,dialogue_inventory_overlay,ai_source_reviewed,23,yes,"Uses official Gen I field-dialogue style: the visible sprite and encounter identify the sole speaker, so no redundant class label consumes text-bank space.",Keeps the Youngster class and his refusal to negotiate with the player. Full-text review: Normalizes nonstandard speaker abbreviation 'YNGSTR:' to 'YOUNGSTER:'.,,,,
MAIN:0x03B29B,MAIN,1444,D0573,In-game dialogue,0x03B29B,0x03AEE8,0x03AEE8,dialogue_19_19,,1538,0x03B6B9,谈判小子:你想说什么都可以,ascii,Oh no! My Pok@mon!,Say all you want.,translated_directly_from_chinese_ai_review,pointer_table,high,dialogue_inventory_overlay,ai_source_reviewed,18,yes,"Uses official Gen I field-dialogue style: the visible sprite and encounter identify the sole speaker, so no redundant class label consumes text-bank space.",Keeps the Youngster class and his permission for the player to say whatever they want. Full-text review: Normalizes nonstandard speaker abbreviation 'YNGSTR:' to 'YOUNGSTER:'.,,,,
MAIN:0x03B2AE,MAIN,1445,D0574,In-game dialogue,0x03B2AE,0x03AEEA,0x03AEEA,dialogue_19_19,,1539,0x03B6D4,女孩:我最爱打人了,ascii,That's a tough hike,I love to hit people!,translated_directly_from_chinese_ai_review,pointer_table,high,dialogue_inventory_overlay,ai_source_reviewed,19,yes,"Uses official Gen I field-dialogue style: the visible sprite and encounter identify the sole speaker, so no redundant class label consumes text-bank space.",Faithfully restores the girl's blunt enthusiasm for hitting people. The compact wording retains those source facts.,,,,
MAIN:0x03B2C2,MAIN,1446,D0575,In-game dialogue,0x03B2C2,0x03AEEC,0x03AEEC,dialogue_19_19,,1540,0x03B6E7,女孩:我下次不敢了...,ascii,I'm not up to it!,I won't do it again...,translated_directly_from_chinese_ai_review,pointer_table,high,dialogue_inventory_overlay,ai_source_reviewed,17,yes,"Uses official Gen I field-dialogue style: the visible sprite and encounter identify the sole speaker, so no redundant class label consumes text-bank space.","Full-text review: Restores the omitted subject. Omits the contextual one-speaker label 'GIRL', as in official Gen I field dialogue; the sprite and encounter retain the speaker identity.",,,,
MAIN:0x03B2D4,MAIN,1447,D0576,In-game dialogue,0x03B2D4,0x03AEEE,0x03AEEE,dialogue_19_19,,1541,0x03B6FD,叔叔:你想知道我的厉害吗?,ascii,Ha-hahah-ah-ha!,Want to see my power?,translated_directly_from_chinese_ai_review,pointer_table,high,dialogue_inventory_overlay,ai_source_reviewed,15,yes,"Uses official Gen I field-dialogue style: the visible sprite and encounter identify the sole speaker, so no redundant class label consumes text-bank space.",Restores the man's challenge to witness his strength instead of the unrelated laughter. The compact wording retains those source facts.,,,,
MAIN:0x03B2E4,MAIN,1448,D0577,In-game dialogue,0x03B2E4,0x03AEF0,0x03AEF0,dialogue_19_19,,1542,0x03B717,叔叔:我知道你的厉害了...,ascii,Haha-ha-choo! Snort,Now I know your power...,translated_directly_from_chinese_ai_review,pointer_table,high,dialogue_inventory_overlay,ai_source_reviewed,19,yes,"Uses official Gen I field-dialogue style: the visible sprite and encounter identify the sole speaker, so no redundant class label consumes text-bank space.",Preserves the man's post-battle acknowledgment of the player's strength. The compact wording retains those source facts.,,,,
MAIN:0x03B2F8,MAIN,1449,D0578,In-game dialogue,0x03B2F8,0x03AEF2,0x03AEF2,dialogue_19_19,,1543,0x03B731,叔叔:我的防御力是最强的,ascii,I love the mountainair!,My Defense is supreme!,translated_directly_from_chinese_ai_review,pointer_table,high,dialogue_inventory_overlay,ai_source_reviewed,23,yes,"Uses official Gen I field-dialogue style: the visible sprite and encounter identify the sole speaker, so no redundant class label consumes text-bank space.",Restores the man's boast about his supreme Defense rather than praising the mountain air. The compact wording retains those source facts.,,,,
MAIN:0x03B310,MAIN,1450,D0579,In-game dialogue,0x03B310,0x03AEF4,0x03AEF4,dialogue_19_19,,1544,0x03B74A,叔叔:这么强的防御你都破了??,ascii,That cleared my head!,You broke my great Defense?!,translated_directly_from_chinese_ai_review,pointer_table,high,dialogue_inventory_overlay,ai_source_reviewed,24,yes,"Uses official Gen I field-dialogue style: the visible sprite and encounter identify the sole speaker, so no redundant class label consumes text-bank space.",Preserves the man's shock that the player penetrated a Defense he considered exceptionally strong. The compact wording retains those source facts.,,,,
MAIN:0x03B329,MAIN,1451,D0580,In-game dialogue,0x03B329,0x03AEF6,0x03AEF6,dialogue_19_19,,1545,0x03B767,男孩:奇怪?吉野老人不在跑哪去了?,ascii,People pay a lot for Cubone skulls.,Odd... Where is Mr. Fuji?,translated_directly_from_chinese_ai_review,pointer_table,high,dialogue_inventory_overlay,ai_source_reviewed,37,yes,"Uses official Gen I field-dialogue style: the visible sprite and encounter identify the sole speaker, so no redundant class label consumes text-bank space.",Restores the boy's concern over Mr. Fuji's disappearance and uses the matching official English name. The compact wording retains those source facts.,,,,
MAIN:0x03B34F,MAIN,1452,D0581,In-game dialogue,0x03B34F,0x03AEF8,0x03AEF8,dialogue_19_19,,1546,0x03B788,"女孩:这里是吉野老爷爷的家,他人很好哦,照顾那些被丢弃回不了家的精灵们",ascii,I saw Cubone's mom die trying to get away from Team Rocket!,This is kind Mr. Fuji's home. He cares for abandoned Pokémon unable to go home.,translated_directly_from_chinese_ai_review,pointer_table,high,dialogue_inventory_overlay,ai_source_reviewed,64,yes,"Uses official Gen I field-dialogue style: the visible sprite and encounter identify the sole speaker, so no redundant class label consumes text-bank space.","Keeps Mr. Fuji's home and kindness while correctly making Fuji, not the house, the caregiver of abandoned Pokémon unable to return home.",,,,
MAIN:0x03B390,MAIN,1453,D0582,In-game dialogue,0x03B390,0x03AEFA,0x03AEFA,dialogue_19_19,,1547,0x03B7CD,商人:火箭队的混蛋们为了钱什么都干的出来,ascii,This town's known as the grave site of Pok@mon.,Team Rocket scum do anything for money!,translated_directly_from_chinese_ai_review,pointer_table,high,dialogue_inventory_overlay,ai_source_reviewed,49,yes,"Uses official Gen I field-dialogue style: the visible sprite and encounter identify the sole speaker, so no redundant class label consumes text-bank space.",Restores the merchant's condemnation of Team Rocket's willingness to do anything for profit. The compact wording retains those source facts.,,,,
MAIN:0x03B3C2,MAIN,1454,D0583,In-game dialogue,0x03B3C2,0x03AEFE,0x03AEFE,dialogue_19_19,,1549,0x03B835,修女:幽灵塔是为了安慰死去的精灵之灵而盖的,ascii,Did you come to payrespects?,Pokémon Tower was built to soothe the spirits of dead Pokémon.,translated_directly_from_chinese_ai_review,pointer_table,high,dialogue_inventory_overlay,ai_source_reviewed,28,yes,"Uses official Gen I field-dialogue style: the visible sprite and encounter identify the sole speaker, so no redundant class label consumes text-bank space.","Full-text review: Turns a colon-fragment into a complete source-faithful sentence. Omits the contextual one-speaker label 'NUN', as in official Gen I field dialogue; the sprite and encounter retain the speaker identity.",,,,
MAIN:0x03B3DF,MAIN,1455,D0584,In-game dialogue,0x03B3DF,0x03AEA4,0x03AEA4,dialogue_19_19,,1504,0x03B3D3,女孩:你居然能找到这里?,graphical_codes,<B0EC><B1EA><B0DB><B0EE><B0BF>?,You made it here?,translated_directly_from_chinese_ai_review,pointer_table,high,dialogue_inventory_overlay,ai_source_reviewed,11,yes,"Uses official Gen I field-dialogue style: the visible sprite and encounter identify the sole speaker, so no redundant class label consumes text-bank space.",Restores the girl's surprise that the player managed to locate this place from the glyph-coded source. The compact wording retains those source facts.,,,,
MAIN:0x03B3EB,MAIN,1456,D0585,In-game dialogue,0x03B3EB,0x03AEA6,0x03AEA6,dialogue_19_19,,1505,0x03B3EB,女孩:我也是听说附近出现了传说中的精灵才来的,graphical_codes,<0A><B2CF><B1DE>:<B1C2><B0F6><B0C2><B1F1><B1E7><B3C8><B0CD><B0A4><B2F5><B0F8><B6F2><B1E7><B0DC><B0BC><B0A1><B0A2><B1F2><B0FC><B0BC>,"I heard a Legendary Pokémon was seen nearby, so I came too.",translated_directly_from_chinese_ai_review,pointer_table,high,dialogue_inventory_overlay,ai_source_reviewed,44,yes,"Uses official Gen I field-dialogue style: the visible sprite and encounter identify the sole speaker, so no redundant class label consumes text-bank space.","Full-text review: Restores the omitted subject and uses natural sighting language. Omits the contextual one-speaker label 'GIRL', as in official Gen I field dialogue; the sprite and encounter retain the speaker identity.",,,,
MAIN:0x03B418,MAIN,1457,D0586,In-game dialogue,0x03B418,0x03AEA8,0x03AEA8,dialogue_19_19,ZAPDOS,1506,0x03B418,闪电鸟:......,ascii,Zapdos: Kree!!,ZAPDOS: ...,translated_directly_from_chinese_ai_review,pointer_table,high,dialogue_inventory_overlay,ai_source_reviewed,14,no,,"Keeps Zapdos's silent ellipsis exactly as the Chinese source presents it, without adding the old invented cry.",,,,
MAIN:0x03B427,MAIN,1458,D0587,In-game dialogue,0x03B427,0x03AF00,0x03AF00,dialogue_19_19,CHANNELER,1550,0x03B860,修女:我是祈祷师!我感觉到上面有迷凸的灵魂...,ascii,There are spirits up to mischief!,I sense a lost soul upstairs...,translated_directly_from_chinese_ai_review,pointer_table,high,dialogue_inventory_overlay,ai_source_reviewed,34,yes,"Uses official Gen I field-dialogue style: the visible sprite and encounter identify the sole speaker, so no redundant class label consumes text-bank space.",Restores the speaker's spiritual role and her sense of a lost soul on the floor above. The compact wording retains those source facts.,,,,
MAIN:0x03B44A,MAIN,1459,D0588,In-game dialogue,0x03B44A,0x03AF02,0x03AF02,dialogue_19_19,,1551,0x03B88D,女孩:对已死去的皮皮一直无法忘怀...糟糕又哭了...,ascii,Growlith...(Sniff!)I can't stop... crying...,"I can't forget my dead Clefairy... Oh no, I'm crying again...",adapted_from_official_english_gen1_with_chinese_fidelity_ai_review,pointer_table,high,dialogue_inventory_overlay,ai_source_reviewed,47,yes,"Uses official Gen I field-dialogue style: the visible sprite and encounter identify the sole speaker, so no redundant class label consumes text-bank space.","Full-text review: Restores the source's renewed crying as a natural reaction. Omits the contextual one-speaker label 'GIRL', as in official Gen I field dialogue; the sprite and encounter retain the speaker identity.",,,,
MAIN:0x03B47A,MAIN,1460,D0589,In-game dialogue,0x03B47A,0x03AF04,0x03AF04,dialogue_19_19,,1552,0x03B8BE,女孩:你也是来参拜的吗?真是一位对精灵用情很深的男孩,ascii,Pok@mon Tower was built in memory of Pok@mon that have died.,Are you here to mourn too? You really care about Pokémon!,translated_directly_from_chinese_ai_review,pointer_table,high,dialogue_inventory_overlay,ai_source_reviewed,62,yes,"Uses official Gen I field-dialogue style: the visible sprite and encounter identify the sole speaker, so no redundant class label consumes text-bank space.","Full-text review: Replaces two clipped fragments with complete clauses. Omits the contextual one-speaker label 'GIRL', as in official Gen I field dialogue; the sprite and encounter retain the speaker identity.",,,,
MAIN:0x03B4B9,MAIN,1461,D0590,In-game dialogue,0x03B4B9,0x03AF06,0x03AF06,dialogue_19_19,GARY,1553,0x03B8F2,"小茂:小智?你怎么也到这里来了,你的精灵死了吗?混蛋不是还活着吗!!小心我把你打的不能站起来!",ascii,"Why are you here Ash? You're Pok@monlook fine!But,I canat least make them faint! Let's go!",GARY: Ash? Why are you here? Your Pokémon aren't dead! I can at least knock them flat! Let's go!,adapted_from_official_english_gen1_with_chinese_fidelity_ai_review,pointer_table,high,dialogue_inventory_overlay,ai_source_reviewed,92,no,,Uses the official English Gen I scene voice where it agrees with the Chinese; Chinese-only facts and bootleg-specific terminology are retained.,,,,
MAIN:0x03B516,MAIN,1462,D0591,In-game dialogue,0x03B516,0x03AF08,0x03AF08,dialogue_19_19,GARY,1554,0x03B94B,"小茂:王八蛋!你对我这么狠!枉我对你这么手下留情!!对了,宠物精灵图鉴怎样了?我发现可拉可拉了但没有发现进化后的嘎拉嘎拉!在这附近一定没有那我要走了!我和你不同我可是个大忙人啊...再见了",ascii,"How's your Pok@dex pal? I just caught a Cubone! Well, I better get going! I've got a lot to accomplish, Smell ya later!","GARY: Jerk! I went easy on you, but you didn't hold back! How's your Pokédex? I caught a Cubone, but I haven't found its evolved form, Marowak. It must not be around here, so I'm leaving. Unlike you, I'm busy... See ya!",translated_directly_from_chinese_ai_review,pointer_table,high,dialogue_inventory_overlay,ai_source_reviewed,123,yes,"Uses complete, natural English while respecting dialogue pagination and ROM bank limits; no displayed word is truncated.","Preserves Gary's complaint, claim that he held back, Pokédex question, search for Cubone and Marowak, boast about being busy, and farewell. The compact wording retains those source facts. Full-text review: Replaces the clipped rival speech with complete clauses while retaining every source beat.",,,,
MAIN:0x03B592,MAIN,1463,D0592,In-game dialogue,0x03B592,0x03AF0A,0x03AF0A,dialogue_19_19,,1555,0x03B9FD,修女:我们也不知道幽灵的真正身份...如果有幽灵眼镜的话说不定就能知道了...,ascii,A Silph Scope may be able to identifywayward Ghosts!,Ghosts' true forms elude us. A Silph Scope may reveal them...,official_english_gen1_reviewed_chinese_specific_retained_ai_review,pointer_table,high,dialogue_inventory_overlay,ai_source_reviewed,53,yes,"Uses official Gen I field-dialogue style: the visible sprite and encounter identify the sole speaker, so no redundant class label consumes text-bank space.",Reviewed against the matching English Red/Blue/Yellow scene; the Chinese/Famicom wording is retained because the official line omits or contradicts a material source detail.,,,,
MAIN:0x03B5C8,MAIN,1464,D0593,In-game dialogue,0x03B5C8,0x03AF0C,0x03AF0C,dialogue_19_19,,1556,0x03BA46,上面阴森森的...精灵们都很害怕...,ascii,Ghost: Get out... Get...Out...,Upstairs is eerie; all Pokémon fear it...,translated_directly_from_chinese_ai_review,pointer_table,high,dialogue_inventory_overlay,ai_source_reviewed,31,yes,Shortened for ROM space; restores the ominous atmosphere upstairs and the fear felt by the Pokémon instead of inventing a speaking ghost.,Restores the ominous atmosphere upstairs and the fear felt by the Pokémon instead of inventing a speaking ghost. The compact wording retains those source facts.,,,,
MAIN:0x03B5E8,MAIN,1465,D0594,In-game dialogue,0x03B5E8,0x03AF1A,0x03AF1A,dialogue_19_19,,1563,0x03BB03,少年:知道毒的恐怖吗?,ascii,Such an adorable Pok@mon!,Do you know how terrifying poison is?,translated_directly_from_chinese_ai_review,pointer_table,high,dialogue_inventory_overlay,ai_source_reviewed,27,yes,"Uses official Gen I field-dialogue style: the visible sprite and encounter identify the sole speaker, so no redundant class label consumes text-bank space.","Full-text review: Restores the complete idiomatic question. Omits the contextual one-speaker label 'BOY', as in official Gen I field dialogue; the sprite and encounter retain the speaker identity.",,,,
MAIN:0x03B604,MAIN,1466,D0595,In-game dialogue,0x03B604,0x03AF1C,0x03AF1C,dialogue_19_19,,1564,0x03BB19,少年:他会让你的体力慢慢减少的,ascii,Don't be so mean toClefairy!,It slowly drains your HP.,translated_directly_from_chinese_ai_review,pointer_table,high,dialogue_inventory_overlay,ai_source_reviewed,28,yes,"Uses official Gen I field-dialogue style: the visible sprite and encounter identify the sole speaker, so no redundant class label consumes text-bank space.",Preserves the gameplay explanation that poison gradually reduces HP. The compact wording retains those source facts.,,,,
MAIN:0x03B621,MAIN,1467,D0596,In-game dialogue,0x03B621,0x03AF1E,0x03AF1E,dialogue_19_19,,1565,0x03BB38,迷你裙:怎么又见到你了?,ascii,I love Nidoran!,You again?,translated_directly_from_chinese_ai_review,pointer_table,high,dialogue_inventory_overlay,ai_source_reviewed,15,yes,"Uses official Gen I field-dialogue style: the visible sprite and encounter identify the sole speaker, so no redundant class label consumes text-bank space.",Restores the Lass's annoyance at encountering the player yet again. The compact wording retains those source facts.,,,,
MAIN:0x03B631,MAIN,1468,D0597,In-game dialogue,0x03B631,0x03AF20,0x03AF20,dialogue_19_19,,1566,0x03BB50,迷你裙:你真是阴魂不散啊,ascii,That's my favorite Pok@mon!,You haunt me!,translated_directly_from_chinese_ai_review,pointer_table,high,dialogue_inventory_overlay,ai_source_reviewed,27,yes,"Uses official Gen I field-dialogue style: the visible sprite and encounter identify the sole speaker, so no redundant class label consumes text-bank space.",Naturally conveys the Lass's complaint that the player keeps following or haunting her. The compact wording retains those source facts.,,,,
MAIN:0x03B64D,MAIN,1469,D0598,In-game dialogue,0x03B64D,0x03AF22,0x03AF22,dialogue_19_19,,1567,0x03BB69,迷你裙:我爱喵喵...喵,ascii,Meowth is so cute! Meow!,I love Meowth... Meow!,translated_directly_from_chinese_ai_review,pointer_table,high,dialogue_inventory_overlay,ai_source_reviewed,24,yes,"Uses official Gen I field-dialogue style: the visible sprite and encounter identify the sole speaker, so no redundant class label consumes text-bank space.",Preserves the Lass's affection for Meowth and her playful imitation of its cry.,,,,
MAIN:0x03B666,MAIN,1470,D0599,In-game dialogue,0x03B666,0x03AF24,0x03AF24,dialogue_19_19,,1568,0x03BB7F,迷你裙:招财猫能带来好运!,ascii,Pidgey and Rattata are cute too!,Meowth brings luck!,translated_directly_from_chinese_ai_review,pointer_table,high,dialogue_inventory_overlay,ai_source_reviewed,32,yes,"Uses official Gen I field-dialogue style: the visible sprite and encounter identify the sole speaker, so no redundant class label consumes text-bank space.",Restores the claim that the lucky-cat Pokémon Meowth brings good fortune. The compact wording retains those source facts.,,,,
MAIN:0x03B687,MAIN,1471,D0600,In-game dialogue,0x03B687,0x03AF26,0x03AF26,dialogue_19_19,,1569,0x03BB99,迷你裙:普通的精灵才不普通,ascii,We must look silly standing here like this.,Even ordinary Pokémon can be extraordinary!,translated_directly_from_chinese_ai_review,pointer_table,high,dialogue_inventory_overlay,ai_source_reviewed,43,yes,"Uses official Gen I field-dialogue style: the visible sprite and encounter identify the sole speaker, so no redundant class label consumes text-bank space.","Full-text review: Preserves the source wordplay in natural English. Omits the contextual one-speaker label 'LASS', as in official Gen I field dialogue; the sprite and encounter retain the speaker identity.",,,,
MAIN:0x03B6B3,MAIN,1472,D0601,In-game dialogue,0x03B6B3,0x03AF28,0x03AF28,dialogue_19_19,,1570,0x03BBB4,迷你裙:像你这种普通的训练师训练的精灵一定普通!,ascii,Saffron's guard won't let us pass!,A plain Trainer like you must train plain Pokémon!,translated_directly_from_chinese_ai_review,pointer_table,high,dialogue_inventory_overlay,ai_source_reviewed,37,yes,"Uses official Gen I field-dialogue style: the visible sprite and encounter identify the sole speaker, so no redundant class label consumes text-bank space.","Full-text review: Repairs the malformed vocative while preserving the insult. Omits the contextual one-speaker label 'LASS', as in official Gen I field dialogue; the sprite and encounter retain the speaker identity.",,,,
MAIN:0x03B6D9,MAIN,1473,D0602,In-game dialogue,0x03B6D9,0x03AF2E,0x03AF2E,dialogue_19_19,,1573,0x03BC16,职员:今天运气不好,ascii,You need a strategyto win!,Today's not my day.,translated_directly_from_chinese_ai_review,pointer_table,high,dialogue_inventory_overlay,ai_source_reviewed,26,yes,"Uses official Gen I field-dialogue style: the visible sprite and encounter identify the sole speaker, so no redundant class label consumes text-bank space.","Full-text review: Uses an idiomatic unlucky-day expression. Omits the contextual one-speaker label 'STAFF', as in official Gen I field dialogue; the sprite and encounter retain the speaker identity.",,,,
MAIN:0x03B6F4,MAIN,1474,D0603,In-game dialogue,0x03B6F4,0x03AF30,0x03AF30,dialogue_19_19,,1574,0x03BC29,职员:真是运气不好啊,ascii,"Go with Grimer, and...and then...",Awful luck...,translated_directly_from_chinese_ai_review,pointer_table,high,dialogue_inventory_overlay,ai_source_reviewed,33,yes,"Uses official Gen I field-dialogue style: the visible sprite and encounter identify the sole speaker, so no redundant class label consumes text-bank space.",Preserves the worker's post-battle lament over his continued bad luck. The compact wording retains those source facts.,,,,
MAIN:0x03B716,MAIN,1475,D0604,In-game dialogue,0x03B716,0x03AF2A,0x03AF2A,dialogue_19_19,,1571,0x03BBE4,老爷爷:我还年轻呢,ascii,"School is fun, but so are Pok@mon.",I'm still young!,translated_directly_from_chinese_ai_review,pointer_table,high,dialogue_inventory_overlay,ai_source_reviewed,34,yes,"Uses official Gen I field-dialogue style: the visible sprite and encounter identify the sole speaker, so no redundant class label consumes text-bank space.",Restores the old man's emphatic claim that he is still young. The compact wording retains those source facts.,,,,
MAIN:0x03B739,MAIN,1476,D0605,In-game dialogue,0x03B739,0x03AF2C,0x03AF2C,dialogue_19_19,,1572,0x03BBF7,老爷爷:如何?看到我的活力了吧!,ascii,I'll just stay withschool.,Look how energetic I am!,translated_directly_from_chinese_ai_review,pointer_table,high,dialogue_inventory_overlay,ai_source_reviewed,26,yes,"Uses official Gen I field-dialogue style: the visible sprite and encounter identify the sole speaker, so no redundant class label consumes text-bank space.","Full-text review: Uses a natural rendering of the vigor boast. Omits the contextual one-speaker label 'ELDER', as in official Gen I field dialogue; the sprite and encounter retain the speaker identity.",,,,
MAIN:0x03B754,MAIN,1477,D0606,In-game dialogue,0x03B754,0x03AF16,0x03AF16,dialogue_19_19,,1561,0x03BAC2,职员:我无法忍受我的臭泥军团,ascii,How are you with Pok@mon?,I can't stand my Grimer army!,translated_directly_from_chinese_ai_review,pointer_table,high,dialogue_inventory_overlay,ai_source_reviewed,27,yes,"Uses official Gen I field-dialogue style: the visible sprite and encounter identify the sole speaker, so no redundant class label consumes text-bank space.","Full-text review: Restores the omitted subject. Omits the contextual one-speaker label 'STAFF', as in official Gen I field dialogue; the sprite and encounter retain the speaker identity.",,,,
MAIN:0x03B770,MAIN,1478,D0607,In-game dialogue,0x03B770,0x03AF18,0x03AF18,dialogue_19_19,,1562,0x03BADF,职员:谢谢你帮我教训了这堆臭泥军团!,ascii,Ow! Meltdown!,Thanks for beating my Grimer army!,translated_directly_from_chinese_ai_review,pointer_table,high,dialogue_inventory_overlay,ai_source_reviewed,13,yes,"Uses official Gen I field-dialogue style: the visible sprite and encounter identify the sole speaker, so no redundant class label consumes text-bank space.",Preserves the worker's thanks for subduing and teaching his group of Grimer a lesson. The compact wording retains those source facts.,,,,
MAIN:0x03B77E,MAIN,1479,D0608,In-game dialogue,0x03B77E,0x03AF12,0x03AF12,dialogue_19_19,,1559,0x03BA97,老爷爷:火焰是最美的,ascii,I'm a gambling dude,Nothing is more beautiful than fire.,translated_directly_from_chinese_ai_review,pointer_table,high,dialogue_inventory_overlay,ai_source_reviewed,19,yes,"Uses official Gen I field-dialogue style: the visible sprite and encounter identify the sole speaker, so no redundant class label consumes text-bank space.","Full-text review: Restores the superlative as a complete sentence. Omits the contextual one-speaker label 'ELDER', as in official Gen I field dialogue; the sprite and encounter retain the speaker identity.",,,,
MAIN:0x03B792,MAIN,1480,D0609,In-game dialogue,0x03B792,0x03AF14,0x03AF14,dialogue_19_19,,1560,0x03BAAC,老爷爷:有点过火了...,ascii,Came up short!,That was too much fire...,translated_directly_from_chinese_ai_review,pointer_table,high,dialogue_inventory_overlay,ai_source_reviewed,14,yes,"Uses official Gen I field-dialogue style: the visible sprite and encounter identify the sole speaker, so no redundant class label consumes text-bank space.","Full-text review: Turns the noun fragment into a natural battle reaction. Omits the contextual one-speaker label 'ELDER', as in official Gen I field dialogue; the sprite and encounter retain the speaker identity.",,,,
MAIN:0x03B7A1,MAIN,1481,D0610,In-game dialogue,0x03B7A1,0x03AF0E,0x03AF0E,dialogue_19_19,,1557,0x03BA68,迷你裙:看看我的皮皮吧,ascii,All right! Let's go,Look at my Clefairy!,translated_directly_from_chinese_ai_review,pointer_table,high,dialogue_inventory_overlay,ai_source_reviewed,19,yes,"Uses official Gen I field-dialogue style: the visible sprite and encounter identify the sole speaker, so no redundant class label consumes text-bank space.",Restores the Lass's invitation to admire her Clefairy using the official species name. The compact wording retains those source facts.,,,,
MAIN:0x03B7B5,MAIN,1482,D0611,In-game dialogue,0x03B7B5,0x03AF10,0x03AF10,dialogue_19_19,,1558,0x03BA7F,迷你裙:你没被吹眠吧...,ascii,Drat! You're good.,You weren't hypnotized?,translated_directly_from_chinese_ai_review,pointer_table,high,dialogue_inventory_overlay,ai_source_reviewed,18,yes,"Uses official Gen I field-dialogue style: the visible sprite and encounter identify the sole speaker, so no redundant class label consumes text-bank space.","Full-text review: Restores the omitted subject. Omits the contextual one-speaker label 'LASS', as in official Gen I field dialogue; the sprite and encounter retain the speaker identity.",,,,
MAIN:0x03B7C8,MAIN,1483,D0612,In-game dialogue,0x03B7C8,0x03AF4A,0x03AF4A,dialogue_19_19,,1587,0x03BE5E,"裁判:哈哈哈,这个道馆好啊,都是女生!",ascii,Welcome to Celadon Pok@mon Gym!,Heheh! This Gym is great! It's full of women!,adapted_from_official_english_gen1_with_chinese_fidelity_ai_review,pointer_table,high,dialogue_inventory_overlay,ai_source_reviewed,31,yes,"Uses official Gen I field-dialogue style: the visible sprite and encounter identify the sole speaker, so no redundant class label consumes text-bank space.",Uses the matching official English Red/Blue/Yellow scene as its primary voice while retaining Chinese-only facts and Famicom-specific terminology.,,,,
MAIN:0x03B7E8,MAIN,1484,D0613,In-game dialogue,0x03B7E8,0x03AF4E,0x03AF4E,dialogue_19_19,,1589,0x03BEA5,水手:你一定会被佳丽亚打败的!,ascii,You're mean!,Erika will beat you!,official_english_gen1_reviewed_chinese_specific_retained_ai_review,pointer_table,high,dialogue_inventory_overlay,ai_source_reviewed,12,yes,"Uses official Gen I field-dialogue style: the visible sprite and encounter identify the sole speaker, so no redundant class label consumes text-bank space.",Reviewed against the matching English Red/Blue/Yellow scene; the Chinese/Famicom wording is retained because the official line omits or contradicts a material source detail.,,,,
MAIN:0x03B7F5,MAIN,1485,D0614,In-game dialogue,0x03B7F5,0x03AEFC,0x03AEFC,dialogue_19_19,,1548,0x03B7F6,"女孩:可拉可拉的妈妈就是在逃出来的时候被火箭队杀了,我也看到了!",graphical_codes,"00<B2CF><B1DE>:<B0DE><B8BB><B0DE><B8BB><B0BC><B1DB><B1DB><B2AB><B0C2><B0B8><B3EF><B0A4><B0FC><B0BC><B0F0><B7CD><B1B6><B5A2><B5A3><B5A4><B8BC><B0F8>,<B1C2><B0F6><B0FD><B0DB><B0F8>!",I saw Team Rocket kill Cubone's mother as she fled!,official_english_gen1_reviewed_chinese_specific_retained_ai_review,pointer_table,high,dialogue_inventory_overlay,ai_source_reviewed,63,yes,"Uses official Gen I field-dialogue style: the visible sprite and encounter identify the sole speaker, so no redundant class label consumes text-bank space.","Full-text review: Restores the witness subject and the mother's flight. Omits the contextual one-speaker label 'GIRL', as in official Gen I field dialogue; the sprite and encounter retain the speaker identity.",,,,
MAIN:0x03B835,MAIN,1486,D0615,In-game dialogue,0x03B835,0x03AF4C,0x03AF4C,dialogue_19_19,,1588,0x03BE82,女生:喂!这里是只有女孩才能进入的!,ascii,You're not allowed in here!,Hey! Only girls are allowed in here!,adapted_from_official_english_gen1_with_chinese_fidelity_ai_review,pointer_table,high,dialogue_inventory_overlay,ai_source_reviewed,27,yes,"Uses official Gen I field-dialogue style: the visible sprite and encounter identify the sole speaker, so no redundant class label consumes text-bank space.","Full-text review: Restores the complete access rule. Omits the contextual one-speaker label 'GIRL', as in official Gen I field dialogue; the sprite and encounter retain the speaker identity.",,,,
MAIN:0x03B851,MAIN,1487,D0616,In-game dialogue,0x03B851,0x03AF50,0x03AF50,dialogue_19_19,,1590,0x03BEC3,大姐姐:呀!这里都是女人真是无聊死了!,ascii,I was getting bored,Only women... I'm bored stiff!,translated_directly_from_chinese_ai_review,pointer_table,high,dialogue_inventory_overlay,ai_source_reviewed,19,yes,"Uses official Gen I field-dialogue style: the visible sprite and encounter identify the sole speaker, so no redundant class label consumes text-bank space.",Restores the woman's complaint that being surrounded only by women is unbearably boring. The compact wording retains those source facts.,,,,
MAIN:0x03B865,MAIN,1488,D0617,In-game dialogue,0x03B865,0x03AF52,0x03AF52,dialogue_19_19,,1591,0x03BEE8,大姐姐:真无聊,ascii,My makeup!,So boring...,translated_directly_from_chinese_ai_review,pointer_table,high,dialogue_inventory_overlay,ai_source_reviewed,10,yes,"Uses official Gen I field-dialogue style: the visible sprite and encounter identify the sole speaker, so no redundant class label consumes text-bank space.",Directly preserves the woman's brief statement of boredom instead of mentioning makeup. The compact wording retains those source facts.,,,,
MAIN:0x03B870,MAIN,1489,D0618,In-game dialogue,0x03B870,0x03AF54,0x03AF54,dialogue_19_19,,1592,0x03BEF7,"大姐姐:看,这是我的宠物精灵!草系的好处就是养起来很轻松!",ascii,Grass Pok@mon are easy to raise!,Look at my Pokémon! Grass-types are easy to raise.,translated_directly_from_chinese_ai_review,pointer_table,high,dialogue_inventory_overlay,ai_source_reviewed,33,yes,"Uses official Gen I field-dialogue style: the visible sprite and encounter identify the sole speaker, so no redundant class label consumes text-bank space.","Full-text review: Restores the object and natural type wording. Omits the contextual one-speaker label 'WOMAN', as in official Gen I field dialogue; the sprite and encounter retain the speaker identity.",,,,
MAIN:0x03B892,MAIN,1490,D0619,In-game dialogue,0x03B892,0x03AF56,0x03AF56,dialogue_19_19,,1593,0x03BF2F,大姐姐:你真强,ascii,They also help makeflower arrangements,So strong!,translated_directly_from_chinese_ai_review,pointer_table,high,dialogue_inventory_overlay,ai_source_reviewed,38,yes,"Uses official Gen I field-dialogue style: the visible sprite and encounter identify the sole speaker, so no redundant class label consumes text-bank space.",Restores the woman's praise for the player's strength and removes the unrelated flower-arranging statement. The compact wording retains those source facts.,,,,
MAIN:0x03B8B9,MAIN,1491,D0620,In-game dialogue,0x03B8B9,0x03AF58,0x03AF58,dialogue_19_19,,1594,0x03BF3E,女孩:你在看我!?,ascii,Don't underestimategirl power!,Watching me?!,translated_directly_from_chinese_ai_review,pointer_table,high,dialogue_inventory_overlay,ai_source_reviewed,30,yes,"Uses official Gen I field-dialogue style: the visible sprite and encounter identify the sole speaker, so no redundant class label consumes text-bank space.",Directly preserves the girl's startled accusation that the player is watching her. The compact wording retains those source facts.,,,,
MAIN:0x03B8D8,MAIN,1492,D0621,In-game dialogue,0x03B8D8,0x03AF5A,0x03AF5A,dialogue_19_19,,1595,0x03BF4F,女孩:你真的没有偷看吗?最近有很多这种人哦!,ascii,I didn't have my best Pok@mon!,You weren't peeking? Many people like you come here!,translated_directly_from_chinese_ai_review,pointer_table,high,dialogue_inventory_overlay,ai_source_reviewed,32,yes,"Uses official Gen I field-dialogue style: the visible sprite and encounter identify the sole speaker, so no redundant class label consumes text-bank space.","Full-text review: Restores subjects in both clauses. Omits the contextual one-speaker label 'GIRL', as in official Gen I field dialogue; the sprite and encounter retain the speaker identity.",,,,
MAIN:0x03B8F9,MAIN,1493,D0622,In-game dialogue,0x03B8F9,0x03AF5C,0x03AF5C,dialogue_19_19,,1596,0x03BF7A,"迷你裙:喂,虫系和火系的精灵别带到这里来!",ascii,Aren't you the peeping Tom?,Don't bring Bug- or Fire-type Pokémon here!,official_english_gen1_reviewed_chinese_specific_retained_ai_review,pointer_table,high,dialogue_inventory_overlay,ai_source_reviewed,31,yes,"Uses official Gen I field-dialogue style: the visible sprite and encounter identify the sole speaker, so no redundant class label consumes text-bank space.","Full-text review: Uses grammatical compound type modifiers. Omits the contextual one-speaker label 'LASS', as in official Gen I field dialogue; the sprite and encounter retain the speaker identity.",,,,
MAIN:0x03B919,MAIN,1494,D0623,In-game dialogue,0x03B919,0x03AF5E,0x03AF5E,dialogue_19_19,,1597,0x03BFA3,迷你裙:就是它!,ascii,"Sorry, we get a lotof gawkers.",That's it!,translated_directly_from_chinese_ai_review,pointer_table,high,dialogue_inventory_overlay,ai_source_reviewed,30,yes,"Uses official Gen I field-dialogue style: the visible sprite and encounter identify the sole speaker, so no redundant class label consumes text-bank space.",Directly restores the Lass's brief emphatic confirmation.,,,,
MAIN:0x03B938,MAIN,1495,D0624,In-game dialogue,0x03B938,0x03AF60,0x03AF60,dialogue_19_19,,1598,0x03BFB3,女孩:欢迎来到彩虹道场!不要以为这里都是女孩子就大意了喔!,ascii,Don't bring fire orbug Pok@mon in here,Welcome to Celadon Gym! Don't underrate us girls!,translated_directly_from_chinese_ai_review,pointer_table,high,dialogue_inventory_overlay,ai_source_reviewed,38,yes,"Uses official Gen I field-dialogue style: the visible sprite and encounter identify the sole speaker, so no redundant class label consumes text-bank space.",Preserves the Celadon Gym welcome and the warning not to underestimate its all-girl roster. The compact wording retains those source facts.,,,,
MAIN:0x03B95F,MAIN,1496,D0625,In-game dialogue,0x03B95F,0x03AF62,0x03AF62,dialogue_19_19,,1599,0x03BFEC,女孩:还蛮行的!,ascii,Oh! You!,Not bad!,translated_directly_from_chinese_ai_review,pointer_table,high,dialogue_inventory_overlay,ai_source_reviewed,8,yes,"Uses official Gen I field-dialogue style: the visible sprite and encounter identify the sole speaker, so no redundant class label consumes text-bank space.",Restores the girl's concise acknowledgment that the player performed well. The compact wording retains those source facts.,,,,
MAIN:0x03B968,MAIN,1497,D0626,In-game dialogue,0x03B968,0x03AF64,0x03AF64,dialogue_19_19,,1600,0x03BFFC,大姐姐:你的兴趣是?,ascii,Nice to meet you.,What's your hobby?,translated_directly_from_chinese_ai_review,pointer_table,high,dialogue_inventory_overlay,ai_source_reviewed,17,yes,"Uses official Gen I field-dialogue style: the visible sprite and encounter identify the sole speaker, so no redundant class label consumes text-bank space.","Full-text review: Translates the source question precisely. Omits the contextual one-speaker label 'WOMAN', as in official Gen I field dialogue; the sprite and encounter retain the speaker identity.",,,,
MAIN:0x03B97A,MAIN,1498,D0627,In-game dialogue,0x03B97A,0x03AF66,0x03AF66,dialogue_19_19,,1601,0x03C010,大姐姐:下个礼拜要相亲...,ascii,I have a blind datesoon.,I have a blind date next week...,translated_directly_from_chinese_ai_review,pointer_table,high,dialogue_inventory_overlay,ai_source_reviewed,24,yes,"Uses official Gen I field-dialogue style: the visible sprite and encounter identify the sole speaker, so no redundant class label consumes text-bank space.","Full-text review: Restores the omitted subject and verb. Omits the contextual one-speaker label 'WOMAN', as in official Gen I field dialogue; the sprite and encounter retain the speaker identity.",,,,
MAIN:0x03B993,MAIN,1499,D0628,In-game dialogue,0x03B993,0x03AF68,0x03AF68,dialogue_19_19,ERIKA,1602,0x03C02A,"佳丽亚:今天天气真好!欢迎光临我是彩虹道场的佳丽亚!兴趣是插花哎呀!讨厌,你是来比赛的吗?我是不会输的!",ascii,"Hello, I am Erika, leader of this gym.You wish to battle me? Very well, but I shall not lose.","ERIKA: What lovely weather! Welcome to Celadon Gym. I'm Erika, and I enjoy flower arranging. Oh! You're here for a battle? How annoying! I won't lose!",translated_directly_from_chinese_ai_review,pointer_table,high,dialogue_inventory_overlay,ai_source_reviewed,93,yes,"Uses complete, natural English while respecting dialogue pagination and ROM bank limits; no displayed word is truncated.","Preserves Erika's weather greeting, welcome and introduction, flower-arranging hobby, surprised annoyance, battle question, and confidence. The compact wording retains those source facts. Full-text review: Uses complete official-scene clauses without dropping the source hobby or reaction.",,,,
MAIN:0x03B9F1,MAIN,1500,D0629,In-game dialogue,0x03B9F1,0x03AF6A,0x03AF6A,dialogue_19_19,ERIKA,1603,0x03C08D,"佳丽亚:真是强啊!这个彩虹徽章就奉送给您吧,有了这个徽章就能使用怪力术了!",ascii,I concede defeat.I confer to you the Rainbow badge. You can use the HM Strength outside ofbattle.,ERIKA: You're very strong! Please take the Rainbow Badge. It lets you use Strength!,adapted_from_official_english_gen1_with_chinese_fidelity_ai_review,pointer_table,high,dialogue_inventory_overlay,ai_source_reviewed,102,no,,Uses the matching official English Red/Blue/Yellow scene as its primary voice while retaining Chinese-only facts and Famicom-specific terminology. Full-text review: Restores the compliment's subject and a natural award formula.,,,,
MAIN:0x03BA58,MAIN,1501,D0630,In-game dialogue,0x03BA58,0x03AF34,0x03AF34,dialogue_19_19,,1576,0x03BC8F,阿姨:我是从枯叶市来的,ascii,My sister's so im- mature! She drives me nuts!,I'm from Vermilion City.,translated_directly_from_chinese_ai_review,pointer_table,high,dialogue_inventory_overlay,ai_source_reviewed,46,yes,"Uses official Gen I field-dialogue style: the visible sprite and encounter identify the sole speaker, so no redundant class label consumes text-bank space.",Directly restores the woman's origin in Vermilion City; the 2015 sister complaint is unrelated.,,,,
MAIN:0x03BA87,MAIN,1502,D0631,In-game dialogue,0x03BA87,0x03AF32,0x03AF32,dialogue_19_19,,1575,0x03BC3E,大叔:宠物精灵之笛之所以可以叫醒睡着的宠物精灵是因为它可以发出人听不到的特殊声音,ascii,I road uphill on Cycling Road from Fuchsia!,The Poké Flute makes a special sound people can't hear. It wakes sleeping Pokémon.,translated_directly_from_chinese_ai_review,pointer_table,high,dialogue_inventory_overlay,ai_source_reviewed,46,yes,"Uses official Gen I field-dialogue style: the visible sprite and encounter identify the sole speaker, so no redundant class label consumes text-bank space.","Full-text review: Splits an overloaded semicolon into two natural source-faithful sentences. Omits the contextual one-speaker label 'MAN', as in official Gen I field dialogue; the sprite and encounter retain the speaker identity.",,,,
MAIN:0x03BAB6,MAIN,1503,D0632,In-game dialogue,0x03BAB6,0x03AF42,0x03AF42,dialogue_19_19,BEIBEI,1583,0x03BDC6,"蓓蓓:没有我不知道的事,就连电玩里的世界也一样!这只依布就送给你吧!",ascii,"I'm looking for a good home for my Eevee, would you like him?","BEIBEI: I know everything, even the world inside games! This Eevee is yours!",translated_directly_from_chinese_ai_review,pointer_table,high,dialogue_inventory_overlay,ai_source_reviewed,66,yes,"Uses complete, natural English while respecting dialogue pagination and ROM bank limits; no displayed word is truncated.","Compressed directly against the Chinese source. Preserves Beibei's cameo, claim to know even the video-game world, and explicit gift of Eevee. Full-text review: Replaces the unidiomatic 'I know all' while preserving the creator cameo.",,,,
MAIN:0x03BAF9,MAIN,1504,D0633,In-game dialogue,0x03BAF9,0x03AF70,0x03AF70,dialogue_19_19,,1606,0x03C15A,啊?在海报的后面有秘密按钮!按按看吧!,ascii,There's a switch! Let's push it.,Hey! A switch behind the poster!? Let's push it!,adapted_from_official_english_gen1_with_chinese_fidelity_ai_review,pointer_table,high,dialogue_inventory_overlay,ai_source_reviewed,33,no,,Uses the matching official English Red/Blue/Yellow scene as its primary voice while retaining Chinese-only facts and Famicom-specific terminology.,,,,
MAIN:0x03BB1B,MAIN,1505,D0634,In-game dialogue,0x03BB1B,0x03AF72,0x03AF72,dialogue_19_19,,1607,0x03C17F,火箭队:你是什么人?如何进到这里来的?,ascii,You broke into our operation?,Who are you? How'd you get in?,official_english_gen1_reviewed_chinese_specific_retained_ai_review,pointer_table,high,dialogue_inventory_overlay,ai_source_reviewed,29,yes,"Uses official Gen I field-dialogue style: the visible sprite and encounter identify the sole speaker, so no redundant class label consumes text-bank space.",Reviewed against the matching English Red/Blue/Yellow scene; the Chinese/Famicom wording is retained because the official line omits or contradicts a material source detail.,,,,
MAIN:0x03BB39,MAIN,1506,D0635,In-game dialogue,0x03BB39,0x03AF74,0x03AF74,dialogue_19_19,,1608,0x03C1A4,火箭队:可恶...你竟然小看我们火箭队!,ascii,You won't get away with this!,You dared underestimate us!,translated_directly_from_chinese_ai_review,pointer_table,high,dialogue_inventory_overlay,ai_source_reviewed,29,yes,"Uses official Gen I field-dialogue style: the visible sprite and encounter identify the sole speaker, so no redundant class label consumes text-bank space.","Corrected against the Chinese source: the Rocket member accuses the player of underestimating Team Rocket, not mocking it.",,,,
MAIN:0x03BB57,MAIN,1507,D0636,In-game dialogue,0x03BB57,0x03AF76,0x03AF76,dialogue_19_19,TEAM ROCKET,1609,0x03C1C9,火箭队:悄悄潜入火箭队的是什么家伙?,ascii,Who are you? How'd you get here!?,Who are you? How did you get here?,adapted_from_official_english_gen1_with_chinese_fidelity_ai_review,pointer_table,high,dialogue_inventory_overlay,ai_source_reviewed,33,yes,"Uses official Gen I field-dialogue style: the visible sprite and encounter identify the sole speaker, so no redundant class label consumes text-bank space.",Uses the matching official English Red/Blue/Yellow scene as its primary voice while retaining Chinese-only facts and Famicom-specific terminology.,,,,
MAIN:0x03BB79,MAIN,1508,D0637,In-game dialogue,0x03BB79,0x03AF78,0x03AF78,dialogue_19_19,,1610,0x03C1ED,火箭队:混蛋别想轻松的向前进!,ascii,Oww! Beaten!,Punk! You won't get far!,translated_directly_from_chinese_ai_review,pointer_table,high,dialogue_inventory_overlay,ai_source_reviewed,12,yes,"Uses official Gen I field-dialogue style: the visible sprite and encounter identify the sole speaker, so no redundant class label consumes text-bank space.",Compressed directly against the Chinese source. Restores the insult and threat to prevent the player from advancing easily.,,,,
MAIN:0x03BB86,MAIN,1509,D0638,In-game dialogue,0x03BB86,0x03AF7A,0x03AF7A,dialogue_19_19,,1611,0x03C20B,火箭队:老大说过使用精灵眼镜可看到平时看不到的幽灵...,ascii,Do you really thinkyou can reach our Boss?,Boss says Silph Scope reveals unseen ghosts...,official_english_gen1_reviewed_chinese_specific_retained_ai_review,pointer_table,high,dialogue_inventory_overlay,ai_source_reviewed,43,yes,"Uses official Gen I field-dialogue style: the visible sprite and encounter identify the sole speaker, so no redundant class label consumes text-bank space.",Reviewed against the matching English Red/Blue/Yellow scene; the Chinese/Famicom wording is retained because the official line omits or contradicts a material source detail.,,,,
MAIN:0x03BBB2,MAIN,1510,D0639,In-game dialogue,0x03BBB2,0x03AF7C,0x03AF7C,dialogue_19_19,,1612,0x03C241,火箭队:你太嚣张了!!,ascii,I surrender!,You're too cocky!,translated_directly_from_chinese_ai_review,pointer_table,high,dialogue_inventory_overlay,ai_source_reviewed,12,yes,"Uses official Gen I field-dialogue style: the visible sprite and encounter identify the sole speaker, so no redundant class label consumes text-bank space.",Compressed directly against the Chinese source. Directly restores the accusation of arrogance instead of the unrelated 2015 surrender.,,,,
MAIN:0x03BBBF,MAIN,1511,D0640,In-game dialogue,0x03BBBF,0x03AF7E,0x03AF7E,dialogue_19_19,,1613,0x03C256,火箭队:你到这里的目的是什么,ascii,This won't do!,Why are you here?,translated_directly_from_chinese_ai_review,pointer_table,high,dialogue_inventory_overlay,ai_source_reviewed,14,yes,"Uses official Gen I field-dialogue style: the visible sprite and encounter identify the sole speaker, so no redundant class label consumes text-bank space.",Compressed directly against the Chinese source. Directly preserves the question about the player's purpose in coming here.,,,,
MAIN:0x03BBCE,MAIN,1512,D0641,In-game dialogue,0x03BBCE,0x03AF80,0x03AF80,dialogue_19_19,,1614,0x03C273,"火箭队:我明白了,请走好",ascii,I'll talk! Take theelevator to see my Boss!,I see. Farewell.,translated_directly_from_chinese_ai_review,pointer_table,high,dialogue_inventory_overlay,ai_source_reviewed,43,yes,"Uses official Gen I field-dialogue style: the visible sprite and encounter identify the sole speaker, so no redundant class label consumes text-bank space.",Compressed directly against the Chinese source. Keeps the Rocket member's acknowledgment and polite permission to continue without adding the 2015 elevator instruction.,,,,
MAIN:0x03BBFA,MAIN,1513,D0642,In-game dialogue,0x03BBFA,0x03AF82,0x03AF82,dialogue_19_19,TEAM ROCKET,1615,0x03C28B,火箭队:发现侵入者!,ascii,Intruder alert!,Intruder alert!,adapted_from_official_english_gen1_with_chinese_fidelity_ai_review,pointer_table,high,dialogue_inventory_overlay,ai_source_reviewed,15,yes,"Uses official Gen I field-dialogue style: the visible sprite and encounter identify the sole speaker, so no redundant class label consumes text-bank space.",Uses the official English Gen I scene voice where it agrees with the Chinese; Chinese-only facts and bootleg-specific terminology are retained.,,,,
MAIN:0x03BC0A,MAIN,1514,D0643,In-game dialogue,0x03BC0A,0x03AF84,0x03AF84,dialogue_19_19,TEAM ROCKET,1616,0x03C29F,火箭队:在找精灵眼镜吗?我不知道,ascii,I don't know where the Silph Scope is!,Silph Scope? I don't know where it is!,adapted_from_official_english_gen1_with_chinese_fidelity_ai_review,pointer_table,high,dialogue_inventory_overlay,ai_source_reviewed,38,yes,"Uses official Gen I field-dialogue style: the visible sprite and encounter identify the sole speaker, so no redundant class label consumes text-bank space.",Uses the matching official English Red/Blue/Yellow scene as its primary voice while retaining Chinese-only facts and Famicom-specific terminology.,,,,
MAIN:0x03BC31,MAIN,1515,D0644,In-game dialogue,0x03BC31,0x03AF86,0x03AF86,dialogue_19_19,,1617,0x03C2BF,火箭队:跟火箭队作对没有前途的!,ascii,We heard you were coming!,"If you oppose Team Rocket, you'll get nowhere!",translated_directly_from_chinese_ai_review,pointer_table,high,dialogue_inventory_overlay,ai_source_reviewed,26,yes,"Uses official Gen I field-dialogue style: the visible sprite and encounter identify the sole speaker, so no redundant class label consumes text-bank space.","Full-text review: Restores the complete source conditional. Omits the contextual one-speaker label 'ROCKET', as in official Gen I field dialogue; the sprite and encounter retain the speaker identity.",,,,
MAIN:0x03BC4C,MAIN,1516,D0645,In-game dialogue,0x03BC4C,0x03AF88,0x03AF88,dialogue_19_19,,1618,0x03C2DF,火箭队:精灵眼镜不就是老大在南晶开发部中偷的东西!,ascii,What? I lost?,Boss stole Silph Scope from Nanjing Tech!,translated_directly_from_chinese_ai_review,pointer_table,high,dialogue_inventory_overlay,ai_source_reviewed,13,yes,"Uses official Gen I field-dialogue style: the visible sprite and encounter identify the sole speaker, so no redundant class label consumes text-bank space.","Compressed directly against the Chinese source. Preserves the stolen Silph Scope, the Boss's responsibility, and the creator reference to Nanjing Tech.",,,,
MAIN:0x03BC5A,MAIN,1517,D0646,In-game dialogue,0x03BC5A,0x03AF8E,0x03AF8E,dialogue_19_19,,1621,0x03C33D,大姐头:来的正好!,ascii,Stop meddling in our affairs!,Just in time!,translated_directly_from_chinese_ai_review,pointer_table,high,dialogue_inventory_overlay,ai_source_reviewed,31,yes,"Uses official Gen I field-dialogue style: the visible sprite and encounter identify the sole speaker, so no redundant class label consumes text-bank space.",Compressed directly against the Chinese source. Preserves the female Rocket speaker's statement that the player arrived at exactly the right time.,,,,
MAIN:0x03BC7A,MAIN,1518,D0647,In-game dialogue,0x03BC7A,0x03AF90,0x03AF90,dialogue_19_19,,1622,0x03C34F,火箭队:有胆就尽管去找我们老大!!,ascii,The Silph Scope's here somwhere.,"If you've got the nerve, go find our Boss!",translated_directly_from_chinese_ai_review,pointer_table,high,dialogue_inventory_overlay,ai_source_reviewed,33,yes,"Uses official Gen I field-dialogue style: the visible sprite and encounter identify the sole speaker, so no redundant class label consumes text-bank space.","Full-text review: Restores the conditional clause. Omits the contextual one-speaker label 'ROCKET', as in official Gen I field dialogue; the sprite and encounter retain the speaker identity.",,,,
MAIN:0x03BC9C,MAIN,1519,D0648,In-game dialogue,0x03BC9C,0x03AF8C,0x03AF8C,dialogue_19_19,,1620,0x03C329,火箭队:真的不知道!,ascii,"No, Why..?",I really don't know!,translated_directly_from_chinese_ai_review,pointer_table,high,dialogue_inventory_overlay,ai_source_reviewed,10,yes,"Uses official Gen I field-dialogue style: the visible sprite and encounter identify the sole speaker, so no redundant class label consumes text-bank space.",Compressed directly against the Chinese source. Directly preserves the emphatic denial of knowledge.,,,,
MAIN:0x03BCA7,MAIN,1520,D0649,In-game dialogue,0x03BCA7,0x03AF36,0x03AF36,dialogue_19_19,,1577,0x03BCA6,"营业员:您是我们这里新开店的一百位幸运顾客,本店特别送您一支矿泉水做纪念!!",ascii,Hi! Would you care for some lemonade? It'll quench your thirst!,You're customer 100 at our new store! Take Fresh Water as a souvenir!,translated_directly_from_chinese_ai_review,pointer_table,high,dialogue_inventory_overlay,ai_source_reviewed,64,yes,"Uses official Gen I field-dialogue style: the visible sprite and encounter identify the sole speaker, so no redundant class label consumes text-bank space.","Compressed directly against the Chinese source. Preserves the new store, exact 100th-customer milestone, luck, free mineral water, and commemorative purpose, using the official item name Fresh Water.",,,,
MAIN:0x03BCE8,MAIN,1521,D0650,In-game dialogue,0x03BCE8,0x03AF38,0x03AF38,dialogue_19_19,,1578,0x03BCF0,得到矿泉水,ascii,Got Lemonade!,Got Fresh Water!,translated_directly_from_chinese_ai_review,pointer_table,high,dialogue_inventory_overlay,ai_source_reviewed,13,yes,"Drops only the optional English determiner in the acquisition formula, reducing this entry from 25 to 16 formatted bytes; the exact item Fresh Water remains explicit.",Compressed directly against the Chinese source. Restores the mineral-water acquisition under its matching official English item name Fresh Water; the 2015 Lemonade is incorrect.,,,,
MAIN:0x03BCF6,MAIN,1522,D0651,In-game dialogue,0x03BCF6,0x03AF3A,0x03AF3A,dialogue_19_19,XIAOHONG,1579,0x03BCFC,"小红:我是绘图师,画你的人就是我喔!",ascii,My friend and I aretrading Pok@mon!,XIAOHONG: I'm the artist; I drew you!,translated_directly_from_chinese_ai_review,pointer_table,high,dialogue_inventory_overlay,ai_source_reviewed,35,yes,"Uses shorter direct clauses and removes English-only scaffolding, reducing this entry from 51 to 38 formatted bytes while retaining every Chinese-source detail named in the fidelity comment.","Compressed directly against the Chinese source. Preserves Xiaohong's creator cameo, role as the artist, and claim to have drawn the player character.",,,,
MAIN:0x03BD1A,MAIN,1523,D0652,In-game dialogue,0x03BD1A,0x03AF3C,0x03AF3C,dialogue_19_19,KAMEIYU,1580,0x03BD1F,卡美优:我是写剧本的...比卡丘很可爱吧!,ascii,Caught Pok@mon are given ID numbers.,"KAMEIYU: I wrote the script... Pikachu is cute, right?",translated_directly_from_chinese_ai_review,pointer_table,high,dialogue_inventory_overlay,ai_source_reviewed,36,yes,"Uses complete, natural English while respecting dialogue pagination and ROM bank limits; no displayed word is truncated.",Compressed directly against the Chinese source. Preserves Kameiyu's creator cameo as scriptwriter and his question about Pikachu's cuteness. Full-text review: Uses a complete creator-credit sentence.,,,,
MAIN:0x03BD3F,MAIN,1524,D0653,In-game dialogue,0x03BD3F,0x03AF3E,0x03AF3E,dialogue_19_19,WEI CUNFU,1581,0x03BD46,"魏村夫:我吗?我是程序师,多多关照!",ascii,My buddy's sending me her Kangaskhan!,WEI CUNFU: I'm the programmer. Nice to meet you!,translated_directly_from_chinese_ai_review,pointer_table,high,dialogue_inventory_overlay,ai_source_reviewed,37,yes,"Uses complete, natural English while respecting dialogue pagination and ROM bank limits; no displayed word is truncated.","Compressed directly against the Chinese source. Preserves Wei Cunfu's name, creator cameo, programmer role, and friendly introduction. Full-text review: Replaces the vague greeting with the source's polite introduction.",,,,
MAIN:0x03BD65,MAIN,1525,D0654,In-game dialogue,0x03BD65,0x03AF40,0x03AF40,dialogue_19_19,BOSS,1582,0x03BD68,"BOSS:哎呀!我是BOSS!要集全所有的宠物精灵很难,不过好好加油吧!如果全部集全的话就去告诉卡美优吧!",ascii,I heard you can seeghosts using Silph Co.'s Silph Scope!,"I'm BOSS! It's hard to catch all Pokémon. Keep trying, then tell Kameiyu!",translated_directly_from_chinese_ai_review,pointer_table,high,dialogue_inventory_overlay,ai_source_reviewed,56,yes,"Uses official Gen I field-dialogue style: the visible sprite and encounter identify the sole speaker, so no redundant class label consumes text-bank space.","Compressed directly against the Chinese source. Preserves the BOSS cameo, difficulty of collecting every Pokémon, encouragement, completion condition, and instruction to report to Kameiyu.",,,,
MAIN:0x03BD9E,MAIN,1526,D0655,In-game dialogue,0x03BD9E,0x03AFBA,0x03AFBA,dialogue_19_19,,1643,0x03C601,修女:......,ascii,Urrg...Awaa...graa,...,translated_directly_from_chinese_ai_review,pointer_table,high,dialogue_inventory_overlay,ai_source_reviewed,18,yes,"Uses official Gen I field-dialogue style: the visible sprite and encounter identify the sole speaker, so no redundant class label consumes text-bank space.",Keeps the Nun silent instead of replacing the ellipsis with the 2015 growls.,,,,
MAIN:0x03BDB1,MAIN,1527,D0656,In-game dialogue,0x03BDB1,0x03AFBC,0x03AFBC,dialogue_19_19,,1644,0x03C60E,修女:啊?我做了什么?对不起!被邪恶的力量附身而暴乱...,ascii,Huh?What am I doing,What did I do? Sorry! I was possessed by an evil force...,translated_directly_from_chinese_ai_review,pointer_table,high,dialogue_inventory_overlay,ai_source_reviewed,19,yes,"Uses official Gen I field-dialogue style: the visible sprite and encounter identify the sole speaker, so no redundant class label consumes text-bank space.","Full-text review: Replaces a semicolon fragment with a natural possession statement. Omits the contextual one-speaker label 'NUN', as in official Gen I field dialogue; the sprite and encounter retain the speaker identity.",,,,
MAIN:0x03BDC5,MAIN,1528,D0657,In-game dialogue,0x03BDC5,0x03AF8A,0x03AF8A,dialogue_19_19,,1619,0x03C311,火箭队:我什么都不知道!,ascii,"Are you lost, brat?",I know nothing!,translated_directly_from_chinese_ai_review,pointer_table,high,dialogue_inventory_overlay,ai_source_reviewed,20,yes,"Uses official Gen I field-dialogue style: the visible sprite and encounter identify the sole speaker, so no redundant class label consumes text-bank space.",Compressed directly against the Chinese source. Directly restores the Rocket member's denial instead of the unrelated 2015 taunt.,,,,
MAIN:0x03BDDA,MAIN,1529,,Ordinary text,0x03BDDA,,0x03AF42,,,1583,0x03BDC6,"蓓蓓:没有我不知道的事,就连电玩里的世界也一样!这只依布就送给你吧!",ascii,Why...?,BEIBEI,translated_directly_from_reviewed_chinese_source_ai_review,containing_offset,medium,reviewed_source_adjudication,ai_source_reviewed,7,yes,Unreachable duplicate shadow with a fixed seven-byte cell; the complete source meaning is preserved at the live owner MAIN:0x03BAB6.,"This unreachable seven-byte shadow cell keeps Beibei's identity; live pointer 0x03AF42 is owned by MAIN:0x03BAB6, which carries the full reviewed knowledge-and-Eevee dialogue.",,,,
MAIN:0x03BDE2,MAIN,1530,D0658,In-game dialogue,0x03BDE2,0x03AFB4,0x03AFB4,dialogue_19_19,GIOVANNI,1640,0x03C514,"老大:哈哈!你真有办法能到这里!这是将世界上的宠物用来交易的火箭队总部,我就是火箭队的老大,我的名字叫沙奇!!想反抗我只有自讨苦吃",ascii,"So,I must say, I amimpressed you got here!","GIOVANNI: Ha! You made it here! This is Team Rocket HQ, where we trade Pokémon worldwide. I'm Boss Giovanni! Resist me, and you'll suffer!",translated_directly_from_chinese_ai_review,pointer_table,high,dialogue_inventory_overlay,ai_source_reviewed,43,yes,"Uses complete, natural English while respecting dialogue pagination and ROM bank limits; no displayed word is truncated.","Compressed directly against the Chinese source. Uses Giovanni as the official English identity of Sakaki while preserving his praise, worldwide Pokémon trafficking HQ, leadership, self-introduction, and threat. Full-text review: Restores complete clauses in Giovanni's NJ046-specific headquarters speech.",,,,
MAIN:0x03BE0E,MAIN,1531,D0659,In-game dialogue,0x03BE0E,0x03AF46,0x03AF46,dialogue_19_19,XIAO LI,1585,0x03BE12,"小李:被你发现了...我的事千万不要告诉任何人,这个给你拜托了!",ascii,"Are you taking the gym challenge too? Here, this'll be helpful!",XIAO LI: You found me... Tell no one. Please take this!,translated_directly_from_chinese_ai_review,pointer_table,high,dialogue_inventory_overlay,ai_source_reviewed,65,yes,"Uses shorter direct clauses and removes English-only scaffolding, reducing this entry from 75 to 55 formatted bytes while retaining every Chinese-source detail named in the fidelity comment.","Compressed directly against the Chinese source. Preserves Xiao Li's cameo, discovery, plea for secrecy, and offered item.",,,,
MAIN:0x03BE50,MAIN,1532,D0660,In-game dialogue,0x03BE50,0x03AF48,0x03AF48,dialogue_19_19,HM02,1586,0x03BE4E,得到特技02飞天,ascii,Got HM 02 Fly,Got HM02: FLY!,official_english_gen1_reviewed_chinese_specific_retained_ai_review,pointer_table,high,dialogue_inventory_overlay,ai_source_reviewed,13,no,,Reviewed against the matching English Red/Blue/Yellow scene; the Chinese/Famicom wording is retained because the official line omits or contradicts a material source detail.,,,,
MAIN:0x03BE5E,MAIN,1533,D0661,In-game dialogue,0x03BE5E,0x03AF92,0x03AF92,dialogue_19_19,JAMES,1623,0x03C370,火箭队:好大的胆子还敢到这里来捣乱!!,ascii,"Jesse: Aha! I smella little brat! James:Hold it rightthere, brat! Our Boss is over here! Meowth: You better not disturb him!",JAMES: How dare you come here and cause trouble again!,adapted_from_official_english_gen1_with_chinese_fidelity_ai_review,pointer_table,high,dialogue_inventory_overlay,ai_source_reviewed,130,no,,Uses the matching official English Red/Blue/Yellow scene as its primary voice while retaining Chinese-only facts and Famicom-specific terminology. Full-text review: Removes an unsupported Boss-meeting claim and translates the Chinese Rocket threat.,,,,
MAIN:0x03BEE1,MAIN,1534,D0662,In-game dialogue,0x03BEE1,,0x03AFAE,dialogue_19_19,JAMES,1637,0x03C4DD,小次郎:真是不要脸,ascii,"Like always...Team Rocket, Blast off at the speed of light!...Again...",JAMES: You're shameless!,translated_directly_from_reviewed_chinese_source_ai_review,containing_offset,medium,reviewed_source_adjudication,ai_source_reviewed,75,no,,Restores James's accusation that the player is shameless and removes the unrelated Team Rocket blasting-off speech.,,,,
MAIN:0x03BF2D,MAIN,1535,D0663,In-game dialogue,0x03BF2D,0x03AFB6,0x03AFB6,dialogue_19_19,GIOVANNI,1641,0x03C591,"老大:怎...怎么可能?你相当珍惜和爱护宠物精灵啊,我是无法理解...正好我还有要事就不奉陪了!(老大隐掉)",ascii,I see you raise Pok@mon with utmostcare. A child like you would never understand what I hope to achieve. I shall step aside this time! I hope we meet again...,GIOVANNI: I-impossible! You truly love your Pokémon. I can't understand it... I have business to attend to. I'm off! (He vanishes.),translated_directly_from_chinese_ai_review,pointer_table,high,dialogue_inventory_overlay,ai_source_reviewed,168,yes,"Uses complete, natural English while respecting dialogue pagination and ROM bank limits; no displayed word is truncated.","Compressed directly against the Chinese source. Keeps Giovanni's shock, inability to understand the player's love for Pokémon, important business, departure, and the source's explicit disappearance direction. Full-text review: Repairs clipped clauses while retaining the displayed source stage direction.",,,,
MAIN:0x03BFD6,MAIN,1536,D0664,In-game dialogue,0x03BFD6,0x03AFB8,0x03AFB8,dialogue_19_19,,1642,0x03C5F3,得到精灵眼镜,ascii,Got Silph Scope!,Got Silph Scope!,official_english_gen1_reviewed_chinese_specific_retained_ai_review,pointer_table,high,dialogue_inventory_overlay,ai_source_reviewed,16,yes,"Drops only the optional English determiner in the acquisition formula, reducing this entry from 25 to 16 formatted bytes; the exact item Silph Scope remains explicit.",Reviewed against the matching English Red/Blue/Yellow scene; the Chinese/Famicom wording is retained because the official line omits or contradicts a material source detail.,,,,
MAIN:0x03BFE7,MAIN,1537,D0665,In-game dialogue,0x03BFE7,0x03AFBE,0x03AFBE,dialogue_19_19,,1645,0x03C643,修女:一起诅咒吧...,ascii,Kekeke...Kwaaah!,Join me in a curse...,translated_directly_from_chinese_ai_review,pointer_table,high,dialogue_inventory_overlay,ai_source_reviewed,16,yes,"Uses official Gen I field-dialogue style: the visible sprite and encounter identify the sole speaker, so no redundant class label consumes text-bank space.","Full-text review: Uses the natural invitation syntax. Omits the contextual one-speaker label 'NUN', as in official Gen I field dialogue; the sprite and encounter retain the speaker identity.",,,,
MAIN:0x03BFF8,MAIN,1538,D0666,In-game dialogue,0x03BFF8,0x03AFC0,0x03AFC0,dialogue_19_19,,1646,0x03C657,修女:啊?我是怎么了?,ascii,Hwa! I'm saved!,Huh? What happened?,translated_directly_from_chinese_ai_review,pointer_table,high,dialogue_inventory_overlay,ai_source_reviewed,15,yes,"Uses official Gen I field-dialogue style: the visible sprite and encounter identify the sole speaker, so no redundant class label consumes text-bank space.",Compressed directly against the Chinese source. Preserves the Nun's confusion about her own condition rather than the 2015 declaration of rescue.,,,,
MAIN:0x03C008,MAIN,1539,D0667,In-game dialogue,0x03C008,0x03AFCA,0x03AFCA,dialogue_19_19,,1651,0x03C6B7,修女:把灵魂交...出来!,ascii,Begone evil spirit!,Give me... your soul!,translated_directly_from_chinese_ai_review,pointer_table,high,dialogue_inventory_overlay,ai_source_reviewed,19,yes,"Uses official Gen I field-dialogue style: the visible sprite and encounter identify the sole speaker, so no redundant class label consumes text-bank space.","Full-text review: Uses natural dramatic word order and punctuation. Omits the contextual one-speaker label 'NUN', as in official Gen I field dialogue; the sprite and encounter retain the speaker identity.",,,,
MAIN:0x03C01C,MAIN,1540,D0668,In-game dialogue,0x03C01C,0x03AFCC,0x03AFCC,dialogue_19_19,,1652,0x03C6CE,修女:我是累了...,ascii,The spirit left.,I'm tired...,translated_directly_from_chinese_ai_review,pointer_table,high,dialogue_inventory_overlay,ai_source_reviewed,16,yes,"Uses official Gen I field-dialogue style: the visible sprite and encounter identify the sole speaker, so no redundant class label consumes text-bank space.",Compressed directly against the Chinese source. Directly preserves the Nun's fatigue rather than narrating the spirit's departure.,,,,
MAIN:0x03C02D,MAIN,1541,D0669,In-game dialogue,0x03C02D,0x03AFC6,0x03AFC6,dialogue_19_19,,1649,0x03C691,神婆:呜呜...幽灵...,ascii,Kwaaah!,Ooh... A ghost...,translated_directly_from_chinese_ai_review,pointer_table,high,dialogue_inventory_overlay,ai_source_reviewed,7,yes,"Uses official Gen I field-dialogue style: the visible sprite and encounter identify the sole speaker, so no redundant class label consumes text-bank space.",Preserves the Medium's moan and explicit recognition of a ghost.,,,,
MAIN:0x03C035,MAIN,1542,D0670,In-game dialogue,0x03C035,0x03AFC8,0x03AFC8,dialogue_19_19,,1650,0x03C6A6,神婆:啊?这是...,ascii,We need the Silph Scope!,Huh? This...,translated_directly_from_chinese_ai_review,pointer_table,high,dialogue_inventory_overlay,ai_source_reviewed,25,yes,"Uses official Gen I field-dialogue style: the visible sprite and encounter identify the sole speaker, so no redundant class label consumes text-bank space.",Compressed directly against the Chinese source. Directly restores the Medium's surprised unfinished question without adding the Silph Scope requirement.,,,,
MAIN:0x03C04F,MAIN,1543,D0671,In-game dialogue,0x03C04F,0x03AFC2,0x03AFC2,dialogue_19_19,,1647,0x03C66C,修女:你能赢吗?,ascii,Huhuhu...,Can you win?,translated_directly_from_chinese_ai_review,pointer_table,high,dialogue_inventory_overlay,ai_source_reviewed,9,yes,"Uses official Gen I field-dialogue style: the visible sprite and encounter identify the sole speaker, so no redundant class label consumes text-bank space.",Directly preserves the Nun's question about the player's ability to win.,,,,
MAIN:0x03C059,MAIN,1544,D0672,In-game dialogue,0x03C059,0x03AFC4,0x03AFC4,dialogue_19_19,,1648,0x03C67C,修女:啊?我是怎么了?,ascii,May the souls of Pok@mon rest in peace...,Huh? What happened?,translated_directly_from_chinese_ai_review,pointer_table,high,dialogue_inventory_overlay,ai_source_reviewed,46,yes,"Uses official Gen I field-dialogue style: the visible sprite and encounter identify the sole speaker, so no redundant class label consumes text-bank space.",Compressed directly against the Chinese source. Restores the repeated confusion after possession; the 2015 prayer belongs to a different meaning.,,,,
MAIN:0x03C088,MAIN,1545,D0673,In-game dialogue,0x03C088,0x03AFCE,0x03AFCE,dialogue_19_19,,1653,0x03C6E0,神婆:可恶...,ascii,Join...Us...,Darn...,translated_directly_from_chinese_ai_review,pointer_table,high,dialogue_inventory_overlay,ai_source_reviewed,12,yes,"Uses official Gen I field-dialogue style: the visible sprite and encounter identify the sole speaker, so no redundant class label consumes text-bank space.",Compressed directly against the Chinese source. Directly restores the Medium's frustrated exclamation.,,,,
MAIN:0x03C096,MAIN,1546,D0674,In-game dialogue,0x03C096,0x03AFD0,0x03AFD0,dialogue_19_19,,1654,0x03C6EE,"神婆:晕晕的,我难道贫血吗?",ascii,Step in the magic circle to heal yourPok@mon.,Dizzy... Am I anemic?,translated_directly_from_chinese_ai_review,pointer_table,high,dialogue_inventory_overlay,ai_source_reviewed,46,yes,"Uses official Gen I field-dialogue style: the visible sprite and encounter identify the sole speaker, so no redundant class label consumes text-bank space.",Compressed directly against the Chinese source. Preserves the dizziness and the Medium's specific question about anemia; the 2015 healing-circle instruction is unrelated.,,,,
MAIN:0x03C0C5,MAIN,1547,D0675,In-game dialogue,0x03C0C5,0x03AFD2,0x03AFD2,dialogue_19_19,,1655,0x03C709,修女:僵尸啊...,ascii,Ghost! Kwaaaaah!,A zombie...,translated_directly_from_chinese_ai_review,pointer_table,high,dialogue_inventory_overlay,ai_source_reviewed,16,yes,"Uses official Gen I field-dialogue style: the visible sprite and encounter identify the sole speaker, so no redundant class label consumes text-bank space.",Keeps the Nun's identification of a zombie rather than changing it to a ghost.,,,,
MAIN:0x03C0D6,MAIN,1548,D0676,In-game dialogue,0x03C0D6,0x03AF6C,0x03AF6C,dialogue_19_19,,1604,0x03C0D5,"火箭队:我是在这里看守这张海报的,妨碍我的话可是要尝到苦头的哦!",graphical_codes,"<B5A2><B5A3><B5A4>:<B1C2><B0C2><B0B8><B0EE><B0BF><B0FD><B3DF><B0EE><B6F9><B6FC><B9A3><B0BC>,<B3C5><B3C6><B1C2><B0BC><B1EF><B0DE><B0C2><B0C3><B7EA><B0DB><B3C0><B1B3><B0BC><B2DD>!",I guard this poster. Cross me and suffer!,translated_directly_from_chinese_ai_review,pointer_table,high,dialogue_inventory_overlay,ai_source_reviewed,61,yes,"Uses official Gen I field-dialogue style: the visible sprite and encounter identify the sole speaker, so no redundant class label consumes text-bank space.",Compressed directly against the Chinese source. Preserves the Rocket member's poster-guarding role and threat against interference.,,,,
MAIN:0x03C114,MAIN,1549,D0677,In-game dialogue,0x03C114,0x03AF6E,0x03AF6E,dialogue_19_19,,1605,0x03C114,"火箭队:可恶,这样下去的话火箭队的基地会被发现的!要赶快和老大联络才行!",graphical_codes,"<0A><B5A2><B5A3><B5A4>:<B0DE><B5E0>,<B0EE><B2DA><B0F9><B0C7><B0BC><B1EF><B5A2><B5A3><B5A4><B0BC><B9A4><B3BB><B1F9><B1B6><B2F4><B2F5><B0BC>!<B0C3><B1F3><B2EC><B0C9><B2CE><B1BE><B3CE><B9A5><B1F2><B3A9>!",Darn! Our base may be found! I must alert Boss!,official_english_gen1_reviewed_chinese_specific_retained_ai_review,pointer_table,high,dialogue_inventory_overlay,ai_source_reviewed,69,yes,"Uses official Gen I field-dialogue style: the visible sprite and encounter identify the sole speaker, so no redundant class label consumes text-bank space.",Reviewed against the matching English Red/Blue/Yellow scene; the Chinese/Famicom wording is retained because the official line omits or contradicts a material source detail.,,,,
MAIN:0x03C15A,MAIN,1550,D0678,In-game dialogue,0x03C15A,0x03AFD4,0x03AFD4,dialogue_19_19,,1656,0x03C719,修女:我的意识恢复了,ascii,Was I dreaming?,I've come to my senses.,translated_directly_from_chinese_ai_review,pointer_table,high,dialogue_inventory_overlay,ai_source_reviewed,15,yes,"Uses official Gen I field-dialogue style: the visible sprite and encounter identify the sole speaker, so no redundant class label consumes text-bank space.","Full-text review: Uses the idiomatic recovery phrase. Omits the contextual one-speaker label 'NUN', as in official Gen I field dialogue; the sprite and encounter retain the speaker identity.",,,,
MAIN:0x03C16A,MAIN,1551,D0679,In-game dialogue,0x03C16A,0x03AFD6,0x03AFD6,dialogue_19_19,,1657,0x03C72E,修女:康儿...康儿...,ascii,Give me your soul!,Kang'er... Kang'er...,translated_directly_from_chinese_ai_review,pointer_table,high,dialogue_inventory_overlay,ai_source_reviewed,18,yes,"Uses official Gen I field-dialogue style: the visible sprite and encounter identify the sole speaker, so no redundant class label consumes text-bank space.",Preserves the repeated name Kang'er exactly as a source-specific personal reference.,,,,
MAIN:0x03C17D,MAIN,1552,D0680,In-game dialogue,0x03C17D,0x03AFD8,0x03AFD8,dialogue_19_19,,1658,0x03C743,修女:颤抖了...,ascii,I was possessed.,I'm shaking...,translated_directly_from_chinese_ai_review,pointer_table,high,dialogue_inventory_overlay,ai_source_reviewed,16,yes,"Uses official Gen I field-dialogue style: the visible sprite and encounter identify the sole speaker, so no redundant class label consumes text-bank space.",Compressed directly against the Chinese source. Directly restores the Nun's trembling rather than the 2015 possession statement.,,,,
MAIN:0x03C18E,MAIN,1553,D0681,In-game dialogue,0x03C18E,0x03AFDE,0x03AFDE,dialogue_19_19,,1661,0x03C785,修女:伤心啊...,ascii,Zombies!,How sad...,translated_directly_from_chinese_ai_review,pointer_table,high,dialogue_inventory_overlay,ai_source_reviewed,8,yes,"Uses official Gen I field-dialogue style: the visible sprite and encounter identify the sole speaker, so no redundant class label consumes text-bank space.",Directly preserves the Nun's expression of sadness rather than the unrelated zombie exclamation.,,,,
MAIN:0x03C197,MAIN,1554,D0682,In-game dialogue,0x03C197,0x03AFE0,0x03AFE0,dialogue_19_19,,1662,0x03C795,修女:有什么从我身体里飞出...,ascii,Huh? What?,Something flew out of me...,translated_directly_from_chinese_ai_review,pointer_table,high,dialogue_inventory_overlay,ai_source_reviewed,10,yes,"Uses official Gen I field-dialogue style: the visible sprite and encounter identify the sole speaker, so no redundant class label consumes text-bank space.","Corrected against the Chinese source: restores that something flew out of the Nun's body, rather than merely leaving it.",,,,
MAIN:0x03C1A2,MAIN,1555,D0683,In-game dialogue,0x03C1A2,0x03AFDA,0x03AFDA,dialogue_19_19,,1659,0x03C753,神婆:嘻嘻...嘻嘻...,ascii,Urgah...Urff...,Hee... hee...,translated_directly_from_chinese_ai_review,pointer_table,high,dialogue_inventory_overlay,ai_source_reviewed,15,yes,"Uses official Gen I field-dialogue style: the visible sprite and encounter identify the sole speaker, so no redundant class label consumes text-bank space.",Compressed directly against the Chinese source. Faithfully renders the Medium's repeated giggle rather than the 2015 groans.,,,,
MAIN:0x03C1B2,MAIN,1556,D0684,In-game dialogue,0x03C1B2,0x03AFDC,0x03AFDC,dialogue_19_19,,1660,0x03C768,神婆:嘻嘻...我到底是怎么了?,ascii,I was controlled by evil spirits.,Hee hee... What happened to me?,translated_directly_from_chinese_ai_review,pointer_table,high,dialogue_inventory_overlay,ai_source_reviewed,35,yes,"Uses official Gen I field-dialogue style: the visible sprite and encounter identify the sole speaker, so no redundant class label consumes text-bank space.",Keeps both the giggle and the Medium's confusion about her condition.,,,,
MAIN:0x03C1D6,MAIN,1557,D0685,In-game dialogue,0x03C1D6,0x03AFE2,0x03AFE2,dialogue_19_19,,1663,0x03C7B3,离开!离开这里!...,ascii,Begone...intruders.,Leave! Get out of here!,translated_directly_from_chinese_ai_review,pointer_table,high,dialogue_inventory_overlay,ai_source_reviewed,19,yes,"Uses complete, natural English while respecting dialogue pagination and ROM bank limits; no displayed word is truncated.",Compressed directly against the Chinese source. Preserves the two urgent commands to leave this place without assigning an unsupported speaker. Full-text review: Removes an ellipsis after an exclamation and restores the location.,,,,
MAIN:0x03C1EA,MAIN,1558,D0686,In-game dialogue,0x03C1EA,0x03AFE4,0x03AFE4,dialogue_19_19,,1664,0x03C7C6,使用精灵眼镜看穿幽灵的真正身份!,ascii,The Silph Scope identified the Marowak ghost.,Silph Scope showed the ghost's true form!,translated_directly_from_chinese_ai_review,pointer_table,high,dialogue_inventory_overlay,ai_source_reviewed,52,yes,"Uses shorter direct clauses and removes English-only scaffolding, reducing this entry from 66 to 43 formatted bytes while retaining every Chinese-source detail named in the fidelity comment.",Compressed directly against the Chinese source. Keeps use of the Silph Scope and the revelation of the ghost's true identity without naming it before the next line does.,,,,
MAIN:0x03C21F,MAIN,1559,D0687,In-game dialogue,0x03C21F,0x03AFE6,0x03AFE6,dialogue_19_19,ASH,1665,0x03C7E7,小智:原来幽灵的真正身份是温柔的可拉可拉的妈妈...,ascii,The Ghost was the restless soul of Cubone's mother! Her soul was calmedand she departed tothe afterlife.,ASH: The ghost was Cubone's kind mother...,translated_directly_from_chinese_ai_review,pointer_table,high,dialogue_inventory_overlay,ai_source_reviewed,109,yes,"Uses shorter direct clauses and removes English-only scaffolding, reducing this entry from 57 to 47 formatted bytes while retaining every Chinese-source detail named in the fidelity comment.",Compressed directly against the Chinese source. Preserves Ash as speaker and identifies the ghost specifically as Cubone's gentle mother without adding her later fate.,,,,
MAIN:0x03C28D,MAIN,1560,D0688,In-game dialogue,0x03C28D,0x03AFE8,0x03AFE8,dialogue_19_19,JESSIE,1666,0x03C819,火箭队:这个吉野老头真难缠!不打败我们是救不了吉野老头的!,ascii,"Jessie: Stop right there! Meowth: Grampa herewanted to complain,so we're setting him straight. James: So render yourself invisible,or prepare to fight!",JESSIE: Pesky Mr. Fuji! Beat us to save him!,adapted_from_official_english_gen1_with_chinese_fidelity_ai_review,pointer_table,high,dialogue_inventory_overlay,ai_source_reviewed,177,no,,Uses the matching official English Red/Blue/Yellow scene as its primary voice while retaining Chinese-only facts and Famicom-specific terminology.,,,,
MAIN:0x03C33F,MAIN,1561,D0689,In-game dialogue,0x03C33F,,0x03B002,dialogue_19_19,JAMES,1679,0x03C979,小次郎:你给我记住,ascii,Looks like Team Rocket's blasting off again!,JAMES: You'll pay for this!,translated_directly_from_reviewed_chinese_source_ai_review,containing_offset,medium,reviewed_source_adjudication,ai_source_reviewed,48,no,,Naturally renders James's remembered threat and replaces the unrelated blasting-off catchphrase.,,,,
MAIN:0x03C370,MAIN,1562,D0690,In-game dialogue,0x03C370,0x03B008,0x03B008,dialogue_19_19,MR. FUJI,1682,0x03C9B0,"吉野:你是来救我的吗?谢谢你...我是来告诫可拉可拉的母亲嘎拉嘎拉之灵而来的,看样子嘎拉嘎拉到天国去了!真要感谢你们特地来这!那现在跟我一起回家",ascii,Fuji:Heh? You came to save me? Thank you. I came here tocalm the soul of Cubone's mother. I think her spirit isat rest and moved on. I must thank you. Follow me to my home.,"MR. FUJI: Did you come to rescue me? Thank you... I came to calm the spirit of Marowak, Cubone's mother. It seems she has gone to heaven. Thank you for coming all this way. Now, come home with me.",adapted_from_official_english_gen1_with_chinese_fidelity_ai_review,pointer_table,high,dialogue_inventory_overlay,ai_source_reviewed,179,no,,Uses the matching official English Red/Blue/Yellow scene as its primary voice while retaining Chinese-only facts and Famicom-specific terminology. Full-text review: Restores every source sentence and relation in natural English.,,,,
MAIN:0x03C424,MAIN,1563,D0691,In-game dialogue,0x03C424,0x03B00A,0x03B00A,dialogue_19_19,MR. FUJI,1683,0x03CA3A,"吉野:小智在完成精灵图鉴的时候如果不对精灵们付出爱心想完成是很困难的...也不知该如何帮助你,这给你吧!",ascii,"Here Ash, I think this Pok@Flute willhelp you on your quest.","MR. FUJI: Ash, you'll never finish the Pokédex without loving your Pokémon. This may help!",translated_directly_from_chinese_ai_review,pointer_table,high,dialogue_inventory_overlay,ai_source_reviewed,63,yes,"Uses complete, natural English while respecting dialogue pagination and ROM bank limits; no displayed word is truncated.","Compressed directly against the Chinese source. Keeps Ash's Pokédex goal, love for Pokémon as a requirement, Fuji's uncertainty, and his offered item. Full-text review: Repairs the conditional logic and the gift transition.",,,,
MAIN:0x03C464,MAIN,1564,D0692,In-game dialogue,0x03C464,0x03B00C,0x03B00C,dialogue_19_19,MR. FUJI,1684,0x03CA9E,"吉野:吹起宠物精灵笛就算是熟睡的精灵也会跳起,遇到睡着的精灵使用看看吧!",ascii,The Pok@Flute will wake any sleeping Pok@mon.,MR. FUJI: The Poké Flute wakes even sleeping Pokémon. Use it when you meet one!,adapted_from_official_english_gen1_with_chinese_fidelity_ai_review,pointer_table,high,dialogue_inventory_overlay,ai_source_reviewed,46,no,,Uses the matching official English Red/Blue/Yellow scene as its primary voice while retaining Chinese-only facts and Famicom-specific terminology.,,,,
MAIN:0x03C493,MAIN,1565,D0693,In-game dialogue,0x03C493,0x03CEFA,0x03CEFA,dialogue_19_19,GUARD,1776,0x03D7CD,守卫:好渴啊...想喝水...什么?这个矿泉水真的要送给我??好吧为了答谢你就特别的放你过去吧...,ascii,"Boy! I'm parched! Huh?I can have thisdrink? Thanks! If you want to go to Saffron, you can goon through.",I'm parched! Fresh Water for me? Thanks! I'll let you pass.,adapted_from_official_english_gen1_with_chinese_fidelity_ai_review,pointer_table,high,dialogue_inventory_overlay,ai_source_reviewed,106,yes,"Uses official Gen I field-dialogue style: the visible sprite and encounter identify the sole speaker, so no redundant class label consumes text-bank space.",Uses the matching official English Red/Blue/Yellow scene as its primary voice while retaining Chinese-only facts and Famicom-specific terminology.,,,,
MAIN:0x03C4FE,MAIN,1566,D0694,In-game dialogue,0x03C4FE,0x03CEFE,0x03CEFE,dialogue_19_19,,1778,0x03D83D,火箭队:在那边的小鬼别到这里徘徊!!,ascii,What are you doing here kid!?,"Hey, kid! Don't loiter here!",translated_directly_from_chinese_ai_review,pointer_table,high,dialogue_inventory_overlay,ai_source_reviewed,29,yes,"Uses official Gen I field-dialogue style: the visible sprite and encounter identify the sole speaker, so no redundant class label consumes text-bank space.",Compressed directly against the Chinese source. Directly restores the warning to the child not to loiter in this area.,,,,
MAIN:0x03C51C,MAIN,1567,D0695,In-game dialogue,0x03C51C,0x03CF00,0x03CF00,dialogue_19_19,TEAM ROCKET,1779,0x03D860,火箭队:老大想侵占这栋新力公司...,ascii,Silph Co.will mergewith Team Rocket!,Boss aims to seize Silph Co...,translated_directly_from_chinese_ai_review,pointer_table,high,dialogue_inventory_overlay,ai_source_reviewed,36,yes,"Uses official Gen I field-dialogue style: the visible sprite and encounter identify the sole speaker, so no redundant class label consumes text-bank space.","Corrected against the Chinese source: explicitly restores the Boss's intent to seize Silph Co., not merely want it.",,,,
MAIN:0x03C541,MAIN,1568,D0696,In-game dialogue,0x03C541,0x03CF02,0x03CF02,dialogue_19_19,,1780,0x03D882,火箭队:我就是火箭队四兄弟之一!,ascii,Go home kid!,I'm one of four Rocket Brothers!,translated_directly_from_chinese_ai_review,pointer_table,high,dialogue_inventory_overlay,ai_source_reviewed,12,yes,"Uses official Gen I field-dialogue style: the visible sprite and encounter identify the sole speaker, so no redundant class label consumes text-bank space.",Compressed directly against the Chinese source. Preserves membership in the explicitly four-man Rocket Brothers group.,,,,
MAIN:0x03C54E,MAIN,1569,D0697,In-game dialogue,0x03C54E,0x03CF04,0x03CF04,dialogue_19_19,,1781,0x03D8A2,火箭队:如果控制了新力就能把宠物精灵卖个好价钱!,ascii,You're good.,"With Silph, we can sell Pokémon for more!",translated_directly_from_chinese_ai_review,pointer_table,high,dialogue_inventory_overlay,ai_source_reviewed,12,yes,"Uses official Gen I field-dialogue style: the visible sprite and encounter identify the sole speaker, so no redundant class label consumes text-bank space.","Full-text review: Restores the omitted subject and auxiliary. Omits the contextual one-speaker label 'ROCKET', as in official Gen I field dialogue; the sprite and encounter retain the speaker identity.",,,,
MAIN:0x03C55B,MAIN,1570,D0698,In-game dialogue,0x03C55B,0x03CF06,0x03CF06,dialogue_19_19,,1782,0x03D8D2,"火箭队:妨碍我的家伙,太可恶了!!",ascii,Kids aren't allowedin here!,Darn you for getting in my way!,translated_directly_from_chinese_ai_review,pointer_table,high,dialogue_inventory_overlay,ai_source_reviewed,27,yes,"Uses official Gen I field-dialogue style: the visible sprite and encounter identify the sole speaker, so no redundant class label consumes text-bank space.","Full-text review: Replaces an unnatural curse construction with the direct source complaint. Omits the contextual one-speaker label 'ROCKET', as in official Gen I field dialogue; the sprite and encounter retain the speaker identity.",,,,
MAIN:0x03C577,MAIN,1571,D0699,In-game dialogue,0x03C577,0x03CF08,0x03CF08,dialogue_19_19,,1783,0x03D8F2,火箭队:我错了...,ascii,Why do you fight us?,I was wrong...,translated_directly_from_chinese_ai_review,pointer_table,high,dialogue_inventory_overlay,ai_source_reviewed,22,yes,"Uses official Gen I field-dialogue style: the visible sprite and encounter identify the sole speaker, so no redundant class label consumes text-bank space.",Directly restores the Rocket member's admission of being wrong.,,,,
MAIN:0x03C58E,MAIN,1572,D0700,In-game dialogue,0x03C58E,0x03CF0A,0x03CF0A,dialogue_19_19,,1784,0x03D904,火箭队:发现可疑的家伙!!,ascii,That's far enough kid!,I've spotted someone suspicious!,translated_directly_from_chinese_ai_review,pointer_table,high,dialogue_inventory_overlay,ai_source_reviewed,23,yes,"Uses official Gen I field-dialogue style: the visible sprite and encounter identify the sole speaker, so no redundant class label consumes text-bank space.","Full-text review: Turns a label fragment into the source alert. Omits the contextual one-speaker label 'ROCKET', as in official Gen I field dialogue; the sprite and encounter retain the speaker identity.",,,,
MAIN:0x03C5A6,MAIN,1573,D0701,In-game dialogue,0x03C5A6,0x03CF0C,0x03CF0C,dialogue_19_19,TEAM ROCKET,1785,0x03D91D,火箭队:你到底是什么人?,ascii,I work for Silph and Team Rocket!,Who are you?,translated_directly_from_chinese_ai_review,pointer_table,high,dialogue_inventory_overlay,ai_source_reviewed,35,yes,"Uses official Gen I field-dialogue style: the visible sprite and encounter identify the sole speaker, so no redundant class label consumes text-bank space.",Compressed directly against the Chinese source. Restores the demand for the player's true identity instead of the unrelated dual-employment claim.,,,,
MAIN:0x03C5CA,MAIN,1574,D0702,In-game dialogue,0x03C5CA,0x03CF16,0x03CF16,dialogue_19_19,,1790,0x03D9A5,火箭队:能来到这里你还真有办法...,ascii,"Quit messing with us,kid!",You made it here? Impressive...,translated_directly_from_chinese_ai_review,pointer_table,high,dialogue_inventory_overlay,ai_source_reviewed,26,yes,"Uses official Gen I field-dialogue style: the visible sprite and encounter identify the sole speaker, so no redundant class label consumes text-bank space.",Compressed directly against the Chinese source. Preserves the reluctant acknowledgment of the player's ability to reach this point.,,,,
MAIN:0x03C5E5,MAIN,1575,D0703,In-game dialogue,0x03C5E5,0x03CF18,0x03CF18,dialogue_19_19,,1791,0x03D9C7,"火箭队:我真要夸奖你能顺利到这来,但社长室可没这么容易让你过去",ascii,I give up!,"Impressive! You've made it this far, but reaching the President's office won't be easy!",translated_directly_from_chinese_ai_review,pointer_table,high,dialogue_inventory_overlay,ai_source_reviewed,10,yes,"Uses official Gen I field-dialogue style: the visible sprite and encounter identify the sole speaker, so no redundant class label consumes text-bank space.","Full-text review: Restores the missing article and a natural contrast. Omits the contextual one-speaker label 'ROCKET', as in official Gen I field dialogue; the sprite and encounter retain the speaker identity.",,,,
MAIN:0x03C5F0,MAIN,1576,D0704,In-game dialogue,0x03C5F0,0x03CF12,0x03CF12,dialogue_19_19,,1788,0x03D964,火箭队:没见过的家伙,ascii,I was a scientist for Silph.,I've never seen you.,translated_directly_from_chinese_ai_review,pointer_table,high,dialogue_inventory_overlay,ai_source_reviewed,29,yes,"Uses official Gen I field-dialogue style: the visible sprite and encounter identify the sole speaker, so no redundant class label consumes text-bank space.",Compressed directly against the Chinese source. Directly restores the Rocket member's observation that the player is unfamiliar.,,,,
MAIN:0x03C60E,MAIN,1577,D0705,In-game dialogue,0x03C60E,0x03CF14,0x03CF14,dialogue_19_19,,1789,0x03D979,火箭队:打倒我你就满足了吗?我是不会让你赢的,ascii,"Team Rocket said ifI helped them, theywould let me study Pok@mon!",Will beating me satisfy you? You won't win!,translated_directly_from_chinese_ai_review,pointer_table,high,dialogue_inventory_overlay,ai_source_reviewed,65,yes,"Uses official Gen I field-dialogue style: the visible sprite and encounter identify the sole speaker, so no redundant class label consumes text-bank space.",Compressed directly against the Chinese source. Preserves both the taunting question about satisfaction and the refusal to let the player win.,,,,
MAIN:0x03C650,MAIN,1578,D0706,In-game dialogue,0x03C650,0x03CF1A,0x03CF1A,dialogue_19_19,,1792,0x03DA05,火箭队:这个新力公司被我们火箭队占据了!!,ascii,Intruder spotted!,Silph Co. is ours!,translated_directly_from_chinese_ai_review,pointer_table,high,dialogue_inventory_overlay,ai_source_reviewed,17,yes,"Uses official Gen I field-dialogue style: the visible sprite and encounter identify the sole speaker, so no redundant class label consumes text-bank space.",Compressed directly against the Chinese source. Directly restores the claim that Team Rocket has seized and occupied Silph Co.,,,,
MAIN:0x03C662,MAIN,1579,D0707,In-game dialogue,0x03C662,0x03CF1C,0x03CF1C,dialogue_19_19,,1793,0x03DA2E,火箭队:火箭队万岁!,ascii,Who are you?,Long live Team Rocket!,translated_directly_from_chinese_ai_review,pointer_table,high,dialogue_inventory_overlay,ai_source_reviewed,12,yes,"Uses official Gen I field-dialogue style: the visible sprite and encounter identify the sole speaker, so no redundant class label consumes text-bank space.",Compressed directly against the Chinese source. Faithfully restores the Rocket member's celebratory slogan.,,,,
MAIN:0x03C66F,MAIN,1580,D0708,In-game dialogue,0x03C66F,0x03CF0E,0x03CF0E,dialogue_19_19,,1786,0x03D935,火箭队:又是你在这里捣乱!?,ascii,We have control of Silph Co.!,"You again, causing trouble?!",translated_directly_from_chinese_ai_review,pointer_table,high,dialogue_inventory_overlay,ai_source_reviewed,29,yes,"Uses official Gen I field-dialogue style: the visible sprite and encounter identify the sole speaker, so no redundant class label consumes text-bank space.",Compressed directly against the Chinese source. Keeps recognition of the returning player and accusation of renewed interference.,,,,
MAIN:0x03C68D,MAIN,1581,D0709,In-game dialogue,0x03C68D,0x03CF10,0x03CF10,dialogue_19_19,,1787,0x03D950,火箭队:请随便看...,ascii,Boss has been afterthis place!,Feel free to look...,translated_directly_from_chinese_ai_review,pointer_table,high,dialogue_inventory_overlay,ai_source_reviewed,30,yes,"Uses official Gen I field-dialogue style: the visible sprite and encounter identify the sole speaker, so no redundant class label consumes text-bank space.","Compressed directly against the Chinese source. Directly preserves the Rocket member's permission, likely sarcastic, to look around freely.",,,,
MAIN:0x03C6AC,MAIN,1582,D0710,In-game dialogue,0x03C6AC,0x03CF1E,0x03CF1E,dialogue_19_19,,1794,0x03DA42,火箭队:你想干什么?,ascii,My Pok@mon are my loyal soldiers!,What do you want?,translated_directly_from_chinese_ai_review,pointer_table,high,dialogue_inventory_overlay,ai_source_reviewed,34,yes,"Uses official Gen I field-dialogue style: the visible sprite and encounter identify the sole speaker, so no redundant class label consumes text-bank space.",Compressed directly against the Chinese source. Directly restores the demand to know the player's intent.,,,,
MAIN:0x03C6CF,MAIN,1583,D0711,In-game dialogue,0x03C6CF,0x03CF20,0x03CF20,dialogue_19_19,,1795,0x03DA56,火箭队:可恶的家伙,ascii,Darn these weak Pok@mon!,Darn you!,translated_directly_from_chinese_ai_review,pointer_table,high,dialogue_inventory_overlay,ai_source_reviewed,27,yes,"Uses official Gen I field-dialogue style: the visible sprite and encounter identify the sole speaker, so no redundant class label consumes text-bank space.",Compressed directly against the Chinese source. Naturally renders the Rocket member's insult toward the player without blaming weak Pokémon as in 2015.,,,,
MAIN:0x03C6EB,MAIN,1584,D0712,In-game dialogue,0x03C6EB,0x03CF26,0x03CF26,dialogue_19_19,,1798,0x03DAA3,大姐头:老大已经在这里我们就没有什么好害怕的!!,ascii,Show Team Rocket a little respect!,Boss is here. We fear nothing!,translated_directly_from_chinese_ai_review,pointer_table,high,dialogue_inventory_overlay,ai_source_reviewed,34,yes,"Uses official Gen I field-dialogue style: the visible sprite and encounter identify the sole speaker, so no redundant class label consumes text-bank space.","Compressed directly against the Chinese source. Preserves the female Rocket speaker, the Boss's presence, and the confidence that it removes all fear.",,,,
MAIN:0x03C70E,MAIN,1585,D0713,In-game dialogue,0x03C70E,0x03CF28,0x03CF28,dialogue_19_19,,1799,0x03DAD2,大姐头:我是新力的社员同时也是火箭队的一员,ascii,Disrespectful brat!,I'm a Silph employee and a member of Team Rocket.,translated_directly_from_chinese_ai_review,pointer_table,high,dialogue_inventory_overlay,ai_source_reviewed,19,yes,"Uses official Gen I field-dialogue style: the visible sprite and encounter identify the sole speaker, so no redundant class label consumes text-bank space.","Full-text review: Uses the complete official organization name in a natural reveal. Omits the contextual one-speaker label 'ROCKET', as in official Gen I field dialogue; the sprite and encounter retain the speaker identity.",,,,
MAIN:0x03C722,MAIN,1586,D0714,In-game dialogue,0x03C722,0x03CF22,0x03CF22,dialogue_19_19,,1796,0x03DA69,火箭队:新力已经是我们的了,ascii,There shouldn't be any children here!,Silph is ours!,official_english_gen1_reviewed_chinese_specific_retained_ai_review,pointer_table,high,dialogue_inventory_overlay,ai_source_reviewed,37,yes,"Uses official Gen I field-dialogue style: the visible sprite and encounter identify the sole speaker, so no redundant class label consumes text-bank space.",Reviewed against the matching English Red/Blue/Yellow scene; the Chinese/Famicom wording is retained because the official line omits or contradicts a material source detail.,,,,
MAIN:0x03C748,MAIN,1587,D0715,In-game dialogue,0x03C748,0x03CF24,0x03CF24,dialogue_19_19,,1797,0x03DA84,"火箭队:别打我,我也是被逼的...",ascii,It's a long way to our boss!,Don't hit me! I was forced too...,translated_directly_from_chinese_ai_review,pointer_table,high,dialogue_inventory_overlay,ai_source_reviewed,28,yes,"Uses official Gen I field-dialogue style: the visible sprite and encounter identify the sole speaker, so no redundant class label consumes text-bank space.",Compressed directly against the Chinese source. Keeps the plea not to be struck and the claim that the Rocket member was also coerced.,,,,
MAIN:0x03C765,MAIN,1588,D0716,In-game dialogue,0x03C765,0x03CF36,0x03CF36,dialogue_19_19,GARY,1806,0x03DBB1,小茂:等你很久了小智!!我就知道在这等你会出现的!好像被火箭队为难了!反正与我无关!!让我看看你底有没有变强!,ascii,"What kept you Ash? Haha! I guess Team Rocket slowed you down! I saw you in Saffron,so I wantedto see if you got better!","GARY: Hahaha! I knew you'd come, Ash! Team Rocket gave you trouble? I don't care! Show me how much stronger you've gotten!",adapted_from_official_english_gen1_with_chinese_fidelity_ai_review,pointer_table,high,dialogue_inventory_overlay,ai_source_reviewed,121,no,,Uses the matching official English Red/Blue/Yellow scene as its primary voice while retaining Chinese-only facts and Famicom-specific terminology. Full-text review: Repairs the source questions and the ungrammatical final challenge.,,,,
MAIN:0x03C7DF,MAIN,1589,D0717,In-game dialogue,0x03C7DF,0x03CF38,0x03CF38,dialogue_19_19,GARY,1807,0x03DC19,小茂:开玩笑...那小智我先走了...我还要去精灵联盟挑战最强的四天王啊!!小智你也要加油喔!再见了!!,ascii,"Well,Ash!I'm movingon up,I'm going to the Pok@mon League to boot out the Elite Four! Good luck to ya Ash! Smell ya later!","GARY: Just kidding... I'm off to face the Elite Four! Keep it up, Ash! Smell ya!",adapted_from_official_english_gen1_with_chinese_fidelity_ai_review,pointer_table,high,dialogue_inventory_overlay,ai_source_reviewed,129,no,,Uses the matching official English Red/Blue/Yellow scene as its primary voice while retaining Chinese-only facts and Famicom-specific terminology.,,,,
MAIN:0x03C861,MAIN,1590,D0718,In-game dialogue,0x03C861,0x03CF2A,0x03CF2A,dialogue_19_19,,1800,0x03DAFD,火箭队:我也是火箭队四兄弟其中之一!,ascii,I heard a kid was wandering around.,I'm also one of the four Rocket Brothers!,translated_directly_from_chinese_ai_review,pointer_table,high,dialogue_inventory_overlay,ai_source_reviewed,36,yes,"Uses official Gen I field-dialogue style: the visible sprite and encounter identify the sole speaker, so no redundant class label consumes text-bank space.","Full-text review: Restores the definite article. Omits the contextual one-speaker label 'ROCKET', as in official Gen I field dialogue; the sprite and encounter retain the speaker identity.",,,,
MAIN:0x03C886,MAIN,1591,D0719,In-game dialogue,0x03C886,0x03CF2C,0x03CF2C,dialogue_19_19,,1801,0x03DB21,"火箭队:算了,我弟弟会为我报仇的!",ascii,Blast it!,Fine. My kid brother will avenge me!,translated_directly_from_chinese_ai_review,pointer_table,high,dialogue_inventory_overlay,ai_source_reviewed,9,yes,"Uses official Gen I field-dialogue style: the visible sprite and encounter identify the sole speaker, so no redundant class label consumes text-bank space.",Compressed directly against the Chinese source. Keeps the concession and explicit promise that the speaker's younger brother will take revenge.,,,,
MAIN:0x03C890,MAIN,1592,D0720,In-game dialogue,0x03C890,0x03CF32,0x03CF32,dialogue_19_19,,1804,0x03DB88,火箭队:你敢小看我?,ascii,You dare betray us?,You dare mock me?,translated_directly_from_chinese_ai_review,pointer_table,high,dialogue_inventory_overlay,ai_source_reviewed,19,yes,"Uses official Gen I field-dialogue style: the visible sprite and encounter identify the sole speaker, so no redundant class label consumes text-bank space.","Compressed directly against the Chinese source. Restores the challenge about being underestimated, not betrayed.",,,,
MAIN:0x03C8A4,MAIN,1593,D0721,In-game dialogue,0x03C8A4,0x03CF34,0x03CF34,dialogue_19_19,,1805,0x03DB9C,火箭队:小看就小看吧,ascii,You traitor!,"Go on, mock me.",translated_directly_from_chinese_ai_review,pointer_table,high,dialogue_inventory_overlay,ai_source_reviewed,12,yes,"Uses official Gen I field-dialogue style: the visible sprite and encounter identify the sole speaker, so no redundant class label consumes text-bank space.",Compressed directly against the Chinese source. Directly preserves the Rocket member's resigned invitation to keep underestimating him.,,,,
MAIN:0x03C8B1,MAIN,1594,D0722,In-game dialogue,0x03C8B1,0x03CF2E,0x03CF2E,dialogue_19_19,,1802,0x03DB42,火箭队:刚刚有消息说有小孩在这附近徘徊!,ascii,Oh ho! I smell a rat!,I just heard that a kid is lurking nearby!,translated_directly_from_chinese_ai_review,pointer_table,high,dialogue_inventory_overlay,ai_source_reviewed,23,yes,"Uses official Gen I field-dialogue style: the visible sprite and encounter identify the sole speaker, so no redundant class label consumes text-bank space.","Full-text review: Restores the omitted hearsay subject and complete clause. Omits the contextual one-speaker label 'ROCKET', as in official Gen I field dialogue; the sprite and encounter retain the speaker identity.",,,,
MAIN:0x03C8C9,MAIN,1595,D0723,In-game dialogue,0x03C8C9,0x03CF30,0x03CF30,dialogue_19_19,,1803,0x03DB6A,火箭队:不要反抗火箭队的好...,ascii,You are a skilled trainer!,Better not oppose us...,translated_directly_from_chinese_ai_review,pointer_table,high,dialogue_inventory_overlay,ai_source_reviewed,27,yes,"Uses official Gen I field-dialogue style: the visible sprite and encounter identify the sole speaker, so no redundant class label consumes text-bank space.",Compressed directly against the Chinese source. Restores the warning that resisting Team Rocket is unwise.,,,,
MAIN:0x03C8E5,MAIN,1596,D0724,In-game dialogue,0x03C8E5,0x03CF3A,0x03CF3A,dialogue_19_19,JAMES,1808,0x03DC77,火箭队:等等!老大在谈重要的事不能让你去打扰!,ascii,Jessie: Stop right there twerp! Jessie:Render your-self invisible or prepare to fight! Meowth:That's right,JAMES: Wait! Boss is discussing business. Don't disturb him!,adapted_from_official_english_gen1_with_chinese_fidelity_ai_review,pointer_table,high,dialogue_inventory_overlay,ai_source_reviewed,114,no,,Uses the matching official English Red/Blue/Yellow scene as its primary voice while retaining Chinese-only facts and Famicom-specific terminology.,,,,
MAIN:0x03C958,MAIN,1597,D0725,In-game dialogue,0x03C958,0x03CF3C,0x03CF3C,dialogue_19_19,ASH,1809,0x03DCA4,小智:你们是?,ascii,Team Rocket: Looks like Team Rocket's blasting off again!,ASH: Who are you?,translated_directly_from_chinese_ai_review,pointer_table,high,dialogue_inventory_overlay,ai_source_reviewed,57,no,,Directly preserves Ash's identity question; the 2015 blast-off line belongs to another scene state.,,,,
MAIN:0x03C992,MAIN,1598,D0726,In-game dialogue,0x03C992,0x03CF5A,0x03CF5A,dialogue_19_19,GIOVANNI,1824,0x03DE09,老大:哦?小智啊?又见面了...我现在在和新力的社员谈工作的事情.大人的世界小孩千万别插嘴!不然会很难看的!,ascii,Ash! We meet again!The President and Iare discussing a vital proposition. Keep your nose out of grown up matters...or experience a world of pain!,"GIOVANNI: Ah, Ash! Again! I'm talking business with Silph staff. Stay out of grown-up matters, or face pain!",adapted_from_official_english_gen1_with_chinese_fidelity_ai_review,pointer_table,high,dialogue_inventory_overlay,ai_source_reviewed,147,no,,Uses the matching official English Red/Blue/Yellow scene as its primary voice while retaining Chinese-only facts and Famicom-specific terminology.,,,,
MAIN:0x03CA26,MAIN,1599,D0727,In-game dialogue,0x03CA26,0x03CF5C,0x03CF5C,dialogue_19_19,GIOVANNI,1825,0x03DE6E,老大:混蛋!没办法只好暂时放弃新力!我们火箭队是不灭的!所有的怪兽是为我们火箭队而存在的!小智你千万不要忘了!我先走了!!,ascii,"Blast! You ruined our plans for SilphBut, Team Rocket will never fall! Ash! All Pok@mon exist for Team Rocket! I shall return!","GIOVANNI: Blast it! I quit Silph for now. Team Rocket won't fall! All Pokémon exist for us! Remember, Ash! I'm off!",adapted_from_official_english_gen1_with_chinese_fidelity_ai_review,pointer_table,high,dialogue_inventory_overlay,ai_source_reviewed,140,no,,Uses the matching official English Red/Blue/Yellow scene as its primary voice while retaining Chinese-only facts and Famicom-specific terminology.,,,,
MAIN:0x03CAB3,MAIN,1600,D0728,In-game dialogue,0x03CAB3,0x03CF5E,0x03CF5E,dialogue_19_19,SECRETARY,1826,0x03DEE2,秘书:呀真是谢谢你的相救!我和社长充满感激啊!,ascii,Thank you for resc-uing us! We admire your courage.,The President and I are so grateful you saved us!,official_english_gen1_reviewed_chinese_specific_retained_ai_review,pointer_table,high,dialogue_inventory_overlay,ai_source_reviewed,51,yes,"Uses official Gen I field-dialogue style: the visible sprite and encounter identify the sole speaker, so no redundant class label consumes text-bank space.",Reviewed against the matching English Red/Blue/Yellow scene; the Chinese/Famicom wording is retained because the official line omits or contradicts a material source detail.,,,,
MAIN:0x03CAE7,MAIN,1601,D0729,In-game dialogue,0x03CAE7,0x03B00E,0x03B00E,dialogue_19_19,,1685,0x03CAE5,使用精灵笛唤醒睡着的卡比兽,ascii,The Pok@mon woke up,The Poké Flute woke sleeping Snorlax!,official_english_gen1_reviewed_chinese_specific_retained_ai_review,pointer_table,high,dialogue_inventory_overlay,ai_source_reviewed,19,yes,"Uses shorter direct clauses and removes English-only scaffolding, reducing this entry from 46 to 36 formatted bytes while retaining every Chinese-source detail named in the fidelity comment.",Reviewed against the matching English Red/Blue/Yellow scene; the Chinese/Famicom wording is retained because the official line omits or contradicts a material source detail.,,,,
MAIN:0x03CAFB,MAIN,1602,D0730,In-game dialogue,0x03CAFB,0x03B010,0x03B010,dialogue_19_19,,1686,0x03CB01,钓鱼者:这里是有名的钓鱼区,ascii,I got a bite here!,This is a famous fishing spot.,translated_directly_from_chinese_ai_review,pointer_table,high,dialogue_inventory_overlay,ai_source_reviewed,18,yes,"Uses official Gen I field-dialogue style: the visible sprite and encounter identify the sole speaker, so no redundant class label consumes text-bank space.","Full-text review: Replaces the unidiomatic phrase 'Fishing is famous here'. Omits the contextual one-speaker label 'FISHERMAN', as in official Gen I field dialogue; the sprite and encounter retain the speaker identity.",,,,
MAIN:0x03CB0E,MAIN,1603,D0731,In-game dialogue,0x03CB0E,0x03B012,0x03B012,dialogue_19_19,,1687,0x03CB1C,钓鱼者:你不喜欢钓鱼吗?,ascii,Just a small fry!,Don't you like fishing?,translated_directly_from_chinese_ai_review,pointer_table,high,dialogue_inventory_overlay,ai_source_reviewed,17,yes,"Uses official Gen I field-dialogue style: the visible sprite and encounter identify the sole speaker, so no redundant class label consumes text-bank space.","Full-text review: Restores the full official trainer-class label and question. Omits the contextual one-speaker label 'FISHERMAN', as in official Gen I field dialogue; the sprite and encounter retain the speaker identity.",,,,
MAIN:0x03CB20,MAIN,1604,D0732,In-game dialogue,0x03CB20,0x03B014,0x03B014,dialogue_19_19,,1688,0x03CB34,钓鱼者:水上也有很多精灵哦,ascii,Fishing's a waitinggame!,Many Pokémon swim here too!,translated_directly_from_chinese_ai_review,pointer_table,high,dialogue_inventory_overlay,ai_source_reviewed,24,yes,"Uses official Gen I field-dialogue style: the visible sprite and encounter identify the sole speaker, so no redundant class label consumes text-bank space.","Full-text review: Uses the full official trainer-class label. Omits the contextual one-speaker label 'FISHERMAN', as in official Gen I field dialogue; the sprite and encounter retain the speaker identity.",,,,
MAIN:0x03CB39,MAIN,1605,D0733,In-game dialogue,0x03CB39,0x03B016,0x03B016,dialogue_19_19,,1689,0x03CB4F,钓鱼者:水系精灵最可爱!,ascii,That one got away!,Water-types are the cutest!,translated_directly_from_chinese_ai_review,pointer_table,high,dialogue_inventory_overlay,ai_source_reviewed,18,yes,"Uses official Gen I field-dialogue style: the visible sprite and encounter identify the sole speaker, so no redundant class label consumes text-bank space.","Full-text review: Restores the article and full official trainer-class label. Omits the contextual one-speaker label 'FISHERMAN', as in official Gen I field dialogue; the sprite and encounter retain the speaker identity.",,,,
MAIN:0x03CB4C,MAIN,1606,D0734,In-game dialogue,0x03CB4C,0x03B028,0x03B028,dialogue_19_19,,1698,0x03CC3F,女孩:水系精灵好漂亮,ascii,You like fishing?,Water-types are lovely!,translated_directly_from_chinese_ai_review,pointer_table,high,dialogue_inventory_overlay,ai_source_reviewed,17,yes,"Uses official Gen I field-dialogue style: the visible sprite and encounter identify the sole speaker, so no redundant class label consumes text-bank space.",Compact direct rendering from Chinese; directly retains the girl's admiration for the beauty of Water-type Pokémon.,,,,
MAIN:0x03CB5E,MAIN,1607,D0735,In-game dialogue,0x03CB5E,0x03B02A,0x03B02A,dialogue_19_19,,1699,0x03CC54,女孩:你不喜欢吗?,ascii,Ouch!,Don't you like them?,translated_directly_from_chinese_ai_review,pointer_table,high,dialogue_inventory_overlay,ai_source_reviewed,5,yes,"Uses official Gen I field-dialogue style: the visible sprite and encounter identify the sole speaker, so no redundant class label consumes text-bank space.",Keeps the follow-up question about whether the player likes the Water-type Pokémon just discussed.,,,,
MAIN:0x03CB64,MAIN,1608,D0736,In-game dialogue,0x03CB64,0x03B018,0x03B018,dialogue_19_19,,1690,0x03CB67,钓鱼者:你看不到我在钓鱼吗?,ascii,I would rather be working!,Can't you see me fishing?,translated_directly_from_chinese_ai_review,pointer_table,high,dialogue_inventory_overlay,ai_source_reviewed,27,yes,"Uses official Gen I field-dialogue style: the visible sprite and encounter identify the sole speaker, so no redundant class label consumes text-bank space.","Full-text review: Uses the full official trainer-class label. Omits the contextual one-speaker label 'FISHERMAN', as in official Gen I field dialogue; the sprite and encounter retain the speaker identity.",,,,
MAIN:0x03CB80,MAIN,1609,D0737,In-game dialogue,0x03CB80,0x03B01A,0x03B01A,dialogue_19_19,,1691,0x03CB83,钓鱼者:算了...鱼都让你吓跑了,ascii,It's not easy...,Oh well... You scared all the fish away.,translated_directly_from_chinese_ai_review,pointer_table,high,dialogue_inventory_overlay,ai_source_reviewed,16,yes,"Uses official Gen I field-dialogue style: the visible sprite and encounter identify the sole speaker, so no redundant class label consumes text-bank space.","Full-text review: Restores the missing article and idiomatic particle. Omits the contextual one-speaker label 'FISHERMAN', as in official Gen I field dialogue; the sprite and encounter retain the speaker identity.",,,,
MAIN:0x03CB91,MAIN,1610,D0738,In-game dialogue,0x03CB91,0x03B01C,0x03B01C,dialogue_19_19,,1692,0x03CBA1,"钓鱼者:我有好动西,要看吗",ascii,You never know whatyou'll catch!,I caught a good one. Want to see?,official_english_gen1_reviewed_chinese_specific_retained_ai_review,pointer_table,high,dialogue_inventory_overlay,ai_source_reviewed,32,yes,"Uses official Gen I field-dialogue style: the visible sprite and encounter identify the sole speaker, so no redundant class label consumes text-bank space.","Full-text review: Restores the omitted subject and complete question. Omits the contextual one-speaker label 'FISHERMAN', as in official Gen I field dialogue; the sprite and encounter retain the speaker identity.",,,,
MAIN:0x03CBB2,MAIN,1611,D0739,In-game dialogue,0x03CBB2,0x03B01E,0x03B01E,dialogue_19_19,,1693,0x03CBBB,钓鱼者:水系精灵克火系的哦,ascii,Lost it!,Water beats Fire!,translated_directly_from_chinese_ai_review,pointer_table,high,dialogue_inventory_overlay,ai_source_reviewed,8,yes,"Uses official Gen I field-dialogue style: the visible sprite and encounter identify the sole speaker, so no redundant class label consumes text-bank space.","Full-text review: Uses the full official trainer-class label. Omits the contextual one-speaker label 'FISHERMAN', as in official Gen I field dialogue; the sprite and encounter retain the speaker identity.",,,,
MAIN:0x03CBBB,MAIN,1612,D0740,In-game dialogue,0x03CBBB,0x03B020,0x03B020,dialogue_19_19,,1694,0x03CBD6,电气团:在这里我的精灵难碰敌手,ascii,Electricity is my specialty!,My Pokémon rule here!,translated_directly_from_chinese_ai_review,pointer_table,high,dialogue_inventory_overlay,ai_source_reviewed,29,yes,"Uses official Gen I field-dialogue style: the visible sprite and encounter identify the sole speaker, so no redundant class label consumes text-bank space.",Compact direct rendering from Chinese; uses the matching Electric-specialist Rocker class and preserves the boast that his Pokémon are nearly unrivaled here.,,,,
MAIN:0x03CBD9,MAIN,1613,D0741,In-game dialogue,0x03CBD9,0x03B022,0x03B022,dialogue_19_19,,1695,0x03CBF5,电气团:居然栽跟头了...,ascii,Water conducts electricity.,I actually lost...,translated_directly_from_chinese_ai_review,pointer_table,high,dialogue_inventory_overlay,ai_source_reviewed,27,yes,"Uses official Gen I field-dialogue style: the visible sprite and encounter identify the sole speaker, so no redundant class label consumes text-bank space.",Compact direct rendering from Chinese; keeps the Rocker's surprise that he unexpectedly suffered a setback.,,,,
MAIN:0x03CBF5,MAIN,1614,D0742,In-game dialogue,0x03CBF5,0x03B024,0x03B024,dialogue_19_19,,1696,0x03CC0D,侦察员:我什么要求都没有,ascii,Water calms my mind,I don't want anything from you.,translated_directly_from_chinese_ai_review,pointer_table,high,dialogue_inventory_overlay,ai_source_reviewed,19,yes,"Uses official Gen I field-dialogue style: the visible sprite and encounter identify the sole speaker, so no redundant class label consumes text-bank space.","Full-text review: Turns a noun fragment into the complete contextual statement. Omits the contextual one-speaker label 'SCOUT', as in official Gen I field dialogue; the sprite and encounter retain the speaker identity.",,,,
MAIN:0x03CC09,MAIN,1615,D0743,In-game dialogue,0x03CC09,0x03B026,0x03B026,dialogue_19_19,,1697,0x03CC26,侦察员:我不是可疑的人哪,ascii,Pok@mon battles arerelaxing as well.,I'm not suspicious!,translated_directly_from_chinese_ai_review,pointer_table,high,dialogue_inventory_overlay,ai_source_reviewed,36,yes,"Uses official Gen I field-dialogue style: the visible sprite and encounter identify the sole speaker, so no redundant class label consumes text-bank space.","Full-text review: Restores the omitted subject. Omits the contextual one-speaker label 'SCOUT', as in official Gen I field dialogue; the sprite and encounter retain the speaker identity.",,,,
MAIN:0x03CC2E,MAIN,1616,D0744,In-game dialogue,0x03CC2E,0x03B030,0x03B030,dialogue_19_19,,1702,0x03CC99,女孩:随便的人走开,ascii,I saw a large Pok@-mon sleeping here!,"Get lost, stranger!",translated_directly_from_chinese_ai_review,pointer_table,high,dialogue_inventory_overlay,ai_source_reviewed,37,yes,"Uses official Gen I field-dialogue style: the visible sprite and encounter identify the sole speaker, so no redundant class label consumes text-bank space.","Full-text review: Replaces the unnatural plural imperative with a direct source dismissal. Omits the contextual one-speaker label 'GIRL', as in official Gen I field dialogue; the sprite and encounter retain the speaker identity.",,,,
MAIN:0x03CC54,MAIN,1617,D0745,In-game dialogue,0x03CC54,0x03B032,0x03B032,dialogue_19_19,,1703,0x03CCAC,"女孩:对不起,误会你了",ascii,Snorlax love to nap,Sorry. I mistook you for someone else.,translated_directly_from_chinese_ai_review,pointer_table,high,dialogue_inventory_overlay,ai_source_reviewed,19,yes,"Uses official Gen I field-dialogue style: the visible sprite and encounter identify the sole speaker, so no redundant class label consumes text-bank space.","Full-text review: Explains the source misunderstanding in natural English. Omits the contextual one-speaker label 'GIRL', as in official Gen I field dialogue; the sprite and encounter retain the speaker identity.",,,,
MAIN:0x03CC68,MAIN,1618,D0746,In-game dialogue,0x03CC68,0x03B02C,0x03B02C,dialogue_19_19,,1700,0x03CC66,捉鸟人:速度才是一切,ascii,Bird Watcher Vs. Pok@mon Kid!,Speed is all!,translated_directly_from_chinese_ai_review,pointer_table,high,dialogue_inventory_overlay,ai_source_reviewed,31,yes,"Uses official Gen I field-dialogue style: the visible sprite and encounter identify the sole speaker, so no redundant class label consumes text-bank space.",Compact direct rendering from Chinese; uses the matching Bird Keeper class and retains his belief that speed is all that matters. Full-text review: Normalizes nonstandard speaker abbreviation 'BIRD KPR:' to 'BIRD KEEPER:'.,,,,
MAIN:0x03CC88,MAIN,1619,D0747,In-game dialogue,0x03CC88,0x03B02E,0x03B02E,dialogue_19_19,,1701,0x03CC7B,捉鸟人:失败了我的想法也不变!,ascii,You beat me at Pok@mon.,Defeat changes nothing!,translated_directly_from_chinese_ai_review,pointer_table,high,dialogue_inventory_overlay,ai_source_reviewed,23,yes,"Uses official Gen I field-dialogue style: the visible sprite and encounter identify the sole speaker, so no redundant class label consumes text-bank space.",Compact direct rendering from Chinese; keeps the Bird Keeper's insistence that defeat does not alter his view about speed. Full-text review: Normalizes nonstandard speaker abbreviation 'BIRD KPR:' to 'BIRD KEEPER:'.,,,,
MAIN:0x03CCA0,MAIN,1620,D0748,In-game dialogue,0x03CCA0,0x03B034,0x03B034,dialogue_19_19,,1704,0x03CCC2,大姐姐:你的样子让我的口水都流出来了,ascii,"Sure,I'll play withyou!",You make me drool.,translated_directly_from_chinese_ai_review,pointer_table,high,dialogue_inventory_overlay,ai_source_reviewed,23,yes,"Uses official Gen I field-dialogue style: the visible sprite and encounter identify the sole speaker, so no redundant class label consumes text-bank space.",Compact direct rendering from Chinese; preserves the Beauty's explicit and deliberately suggestive reaction that seeing the player makes her salivate.,,,,
MAIN:0x03CCB8,MAIN,1621,D0749,In-game dialogue,0x03CCB8,0x03B036,0x03B036,dialogue_19_19,,1705,0x03CCE7,大姐姐:我知错了...,ascii,You little brute!,I was wrong...,translated_directly_from_chinese_ai_review,pointer_table,high,dialogue_inventory_overlay,ai_source_reviewed,17,yes,"Uses official Gen I field-dialogue style: the visible sprite and encounter identify the sole speaker, so no redundant class label consumes text-bank space.",Compact direct rendering from Chinese; directly retains the Beauty's admission that she was mistaken.,,,,
MAIN:0x03CCCA,MAIN,1622,D0750,In-game dialogue,0x03CCCA,0x03B038,0x03B038,dialogue_19_19,,1706,0x03CCFB,"大姐姐:你说什么,我没有魅力吗?",ascii,I'm told I'm good for a kid!,What? I'm not charming?,translated_directly_from_chinese_ai_review,pointer_table,high,dialogue_inventory_overlay,ai_source_reviewed,29,yes,"Uses official Gen I field-dialogue style: the visible sprite and encounter identify the sole speaker, so no redundant class label consumes text-bank space.",Compact direct rendering from Chinese; keeps the Beauty's incredulous question about whether the player finds her lacking in charm.,,,,
MAIN:0x03CCE8,MAIN,1623,D0751,In-game dialogue,0x03CCE8,0x03B03A,0x03B03A,dialogue_19_19,,1707,0x03CD1A,大姐姐:你说的是对的,ascii,Ohh! I lost!,You're right.,translated_directly_from_chinese_ai_review,pointer_table,high,dialogue_inventory_overlay,ai_source_reviewed,12,yes,"Uses official Gen I field-dialogue style: the visible sprite and encounter identify the sole speaker, so no redundant class label consumes text-bank space.","Full-text review: Restores the omitted subject and copula. Omits the contextual one-speaker label 'BEAUTY', as in official Gen I field dialogue; the sprite and encounter retain the speaker identity.",,,,
MAIN:0x03CCF5,MAIN,1624,D0752,In-game dialogue,0x03CCF5,0x03B03C,0x03B03C,dialogue_19_19,,1708,0x03CD2F,女孩:又是你!!,ascii,Your Badges are so cool!,You again!!,translated_directly_from_chinese_ai_review,pointer_table,high,dialogue_inventory_overlay,ai_source_reviewed,24,yes,"Uses official Gen I field-dialogue style: the visible sprite and encounter identify the sole speaker, so no redundant class label consumes text-bank space.",Directly preserves the girl's emphatic recognition of the player as a repeat encounter.,,,,
MAIN:0x03CD0E,MAIN,1625,D0753,In-game dialogue,0x03CD0E,0x03B03E,0x03B03E,dialogue_19_19,,1709,0x03CD3E,女孩:我们还真有缘啊,ascii,You're very strong!,Fate reunites us.,translated_directly_from_chinese_ai_review,pointer_table,high,dialogue_inventory_overlay,ai_source_reviewed,19,yes,"Uses official Gen I field-dialogue style: the visible sprite and encounter identify the sole speaker, so no redundant class label consumes text-bank space.",Compact direct rendering from Chinese; naturally conveys the girl's statement that repeated meetings reveal a bond of fate between them.,,,,
MAIN:0x03CD22,MAIN,1626,D0754,In-game dialogue,0x03CD22,0x03B040,0x03B040,dialogue_19_19,,1710,0x03CD53,女孩:别在我眼前走来走去,ascii,Want to battle withme?,Stop pacing before me.,translated_directly_from_chinese_ai_review,pointer_table,high,dialogue_inventory_overlay,ai_source_reviewed,22,yes,"Uses official Gen I field-dialogue style: the visible sprite and encounter identify the sole speaker, so no redundant class label consumes text-bank space.",Compact direct rendering from Chinese; keeps the girl's order not to pace repeatedly within her sight.,,,,
MAIN:0x03CD39,MAIN,1627,D0755,In-game dialogue,0x03CD39,0x03B042,0x03B042,dialogue_19_19,,1711,0x03CD6C,女孩:我不该欺人太甚,ascii,It's over already?,I was too hard on you.,translated_directly_from_chinese_ai_review,pointer_table,high,dialogue_inventory_overlay,ai_source_reviewed,18,yes,"Uses official Gen I field-dialogue style: the visible sprite and encounter identify the sole speaker, so no redundant class label consumes text-bank space.","Full-text review: Restores the omitted subject and source regret. Omits the contextual one-speaker label 'GIRL', as in official Gen I field dialogue; the sprite and encounter retain the speaker identity.",,,,
MAIN:0x03CD4C,MAIN,1628,D0756,In-game dialogue,0x03CD4C,0x03B044,0x03B044,dialogue_19_19,,1712,0x03CD81,捉鸟人:我是鸟类训练专家,ascii,I always go with bird Pok@mon!,I specialize in bird Pokémon.,translated_directly_from_chinese_ai_review,pointer_table,high,dialogue_inventory_overlay,ai_source_reviewed,32,yes,"Uses official Gen I field-dialogue style: the visible sprite and encounter identify the sole speaker, so no redundant class label consumes text-bank space.","Full-text review: Uses a natural statement of the speaker's specialty and full class label. Omits the contextual one-speaker label 'BIRD KEEPER', as in official Gen I field dialogue; the sprite and encounter retain the speaker identity.",,,,
MAIN:0x03CD6D,MAIN,1629,D0757,In-game dialogue,0x03CD6D,0x03B046,0x03B046,dialogue_19_19,,1713,0x03CD9A,捉鸟人:你的精灵的确比我强,ascii,I wish I could fly.,Yours are stronger.,translated_directly_from_chinese_ai_review,pointer_table,high,dialogue_inventory_overlay,ai_source_reviewed,19,yes,"Uses official Gen I field-dialogue style: the visible sprite and encounter identify the sole speaker, so no redundant class label consumes text-bank space.","Keeps the Bird Keeper's explicit comparison that the player's Pokémon are stronger than his own, not merely that they won once. Full-text review: Normalizes nonstandard speaker abbreviation 'BIRD KPR:' to 'BIRD KEEPER:'.",,,,
MAIN:0x03CD81,MAIN,1630,D0758,In-game dialogue,0x03CD81,0x03B048,0x03B048,dialogue_19_19,,1714,0x03CDB5,捉鸟人:别以为打败了我大哥我就服你!!,ascii,The wind's blowing my way!,Don't think beating my big brother will make me submit!,translated_directly_from_chinese_ai_review,pointer_table,high,dialogue_inventory_overlay,ai_source_reviewed,26,yes,"Uses official Gen I field-dialogue style: the visible sprite and encounter identify the sole speaker, so no redundant class label consumes text-bank space.","Full-text review: Restores the source warning as a complete sentence. Omits the contextual one-speaker label 'BIRD KEEPER', as in official Gen I field dialogue; the sprite and encounter retain the speaker identity.",,,,
MAIN:0x03CD9C,MAIN,1631,D0759,In-game dialogue,0x03CD9C,0x03B04A,0x03B04A,dialogue_19_19,,1715,0x03CDDA,捉鸟人:我无话可说了,ascii,I'm beat.,I have nothing to say.,translated_directly_from_chinese_ai_review,pointer_table,high,dialogue_inventory_overlay,ai_source_reviewed,9,yes,"Uses official Gen I field-dialogue style: the visible sprite and encounter identify the sole speaker, so no redundant class label consumes text-bank space.","Full-text review: Restores the omitted subject and verb. Omits the contextual one-speaker label 'BIRD KEEPER', as in official Gen I field dialogue; the sprite and encounter retain the speaker identity.",,,,
MAIN:0x03CDA6,MAIN,1632,D0760,In-game dialogue,0x03CDA6,0x03B04C,0x03B04C,dialogue_19_19,,1716,0x03CDEF,暴走族:你喜欢速度吗?一起来吧,ascii,What're you lookin'at?,Like speed? Join me!,translated_directly_from_chinese_ai_review,pointer_table,high,dialogue_inventory_overlay,ai_source_reviewed,22,yes,"Uses official Gen I field-dialogue style: the visible sprite and encounter identify the sole speaker, so no redundant class label consumes text-bank space.",Compact direct rendering from Chinese; uses the matching Biker class and preserves both the question about speed and invitation to come along.,,,,
MAIN:0x03CDBD,MAIN,1633,D0761,In-game dialogue,0x03CDBD,0x03B04E,0x03B04E,dialogue_19_19,,1717,0x03CE0D,暴走族:不该强人所难的,ascii,Get lost!,I shouldn't have pushed you.,translated_directly_from_chinese_ai_review,pointer_table,high,dialogue_inventory_overlay,ai_source_reviewed,9,yes,"Uses official Gen I field-dialogue style: the visible sprite and encounter identify the sole speaker, so no redundant class label consumes text-bank space.","Full-text review: Restores the omitted subject and idiomatic verb. Omits the contextual one-speaker label 'BIKER', as in official Gen I field dialogue; the sprite and encounter retain the speaker identity.",,,,
MAIN:0x03CDC7,MAIN,1634,D0762,In-game dialogue,0x03CDC7,0x03B050,0x03B050,dialogue_19_19,,1718,0x03CE24,捉鸟人:飞吧!我的精灵!!,ascii,My bird Pok@mon want to fight!,"Fly, my Pokémon!",translated_directly_from_chinese_ai_review,pointer_table,high,dialogue_inventory_overlay,ai_source_reviewed,33,yes,"Uses official Gen I field-dialogue style: the visible sprite and encounter identify the sole speaker, so no redundant class label consumes text-bank space.",Compact direct rendering from Chinese; directly keeps the Bird Keeper's command for his Pokémon to take flight. Full-text review: Normalizes nonstandard speaker abbreviation 'BIRD KPR:' to 'BIRD KEEPER:'.,,,,
MAIN:0x03CDE9,MAIN,1635,D0763,In-game dialogue,0x03CDE9,0x03B052,0x03B052,dialogue_19_19,,1719,0x03CE3C,捉鸟人:什么都完了...,ascii,My bird combo lost?,All is lost...,translated_directly_from_chinese_ai_review,pointer_table,high,dialogue_inventory_overlay,ai_source_reviewed,19,yes,"Uses official Gen I field-dialogue style: the visible sprite and encounter identify the sole speaker, so no redundant class label consumes text-bank space.",Compact direct rendering from Chinese; faithfully renders the Bird Keeper's despair that everything is finished. Full-text review: Normalizes nonstandard speaker abbreviation 'BIRD KPR:' to 'BIRD KEEPER:'.,,,,
MAIN:0x03CDFD,MAIN,1636,D0764,In-game dialogue,0x03CDFD,0x03B054,0x03B054,dialogue_19_19,,1720,0x03CE52,捉鸟人:你去过狩猎区吗,ascii,My birds are the best!,Have you been to the Safari Zone?,translated_directly_from_chinese_ai_review,pointer_table,high,dialogue_inventory_overlay,ai_source_reviewed,24,yes,"Uses official Gen I field-dialogue style: the visible sprite and encounter identify the sole speaker, so no redundant class label consumes text-bank space.","Full-text review: Restores the auxiliary and article. Omits the contextual one-speaker label 'BIRD KEEPER', as in official Gen I field dialogue; the sprite and encounter retain the speaker identity.",,,,
MAIN:0x03CE16,MAIN,1637,D0765,In-game dialogue,0x03CE16,0x03B056,0x03B056,dialogue_19_19,,1721,0x03CE69,捉鸟人:那里有很多珍贵的精灵...,ascii,Oh man!,There are many rare Pokémon there...,translated_directly_from_chinese_ai_review,pointer_table,high,dialogue_inventory_overlay,ai_source_reviewed,7,yes,"Uses official Gen I field-dialogue style: the visible sprite and encounter identify the sole speaker, so no redundant class label consumes text-bank space.","Full-text review: Restores the existential construction. Omits the contextual one-speaker label 'BIRD KEEPER', as in official Gen I field dialogue; the sprite and encounter retain the speaker identity.",,,,
MAIN:0x03CE1E,MAIN,1638,D0766,In-game dialogue,0x03CE1E,0x03CE8E,0x03CE8E,dialogue_19_19,,1722,0x03D0A7,大婶婶:鸟类精灵是虫系精灵的克星!,ascii,My Pok@mon wish to meet you!,Flying beats Bug!,translated_directly_from_chinese_ai_review,pointer_table,high,dialogue_inventory_overlay,ai_source_reviewed,28,yes,"Uses official Gen I field-dialogue style: the visible sprite and encounter identify the sole speaker, so no redundant class label consumes text-bank space.",Compact direct rendering from Chinese; preserves the older woman's explicit claim that bird or Flying-type Pokémon counter Bug-types.,,,,
MAIN:0x03CE3B,MAIN,1639,D0767,In-game dialogue,0x03CE3B,0x03CE90,0x03CE90,dialogue_19_19,,1723,0x03D0C9,大婶婶:原来你懂这个道理啊,ascii,"Wow,You totally won",So you knew!,translated_directly_from_chinese_ai_review,pointer_table,high,dialogue_inventory_overlay,ai_source_reviewed,19,yes,"Uses official Gen I field-dialogue style: the visible sprite and encounter identify the sole speaker, so no redundant class label consumes text-bank space.",Compact direct rendering from Chinese; keeps her realization that the player already understood the type-matchup principle.,,,,
MAIN:0x03CE4F,MAIN,1640,D0768,In-game dialogue,0x03CE4F,0x03CE92,0x03CE92,dialogue_19_19,,1724,0x03D0E4,捉鸟人:你得罪我了,ascii,My bird Pok@mon areready!,You offended me.,translated_directly_from_chinese_ai_review,pointer_table,high,dialogue_inventory_overlay,ai_source_reviewed,25,yes,"Uses official Gen I field-dialogue style: the visible sprite and encounter identify the sole speaker, so no redundant class label consumes text-bank space.",Compact direct rendering from Chinese; naturally preserves the Bird Keeper's accusation that the player has offended him. Full-text review: Normalizes nonstandard speaker abbreviation 'BIRD KPR:' to 'BIRD KEEPER:'.,,,,
MAIN:0x03CE69,MAIN,1641,D0769,In-game dialogue,0x03CE69,0x03CE94,0x03CE94,dialogue_19_19,,1725,0x03D0F7,捉鸟人:没事...,ascii,Not ready yet.,It's fine...,translated_directly_from_chinese_ai_review,pointer_table,high,dialogue_inventory_overlay,ai_source_reviewed,14,yes,"Uses official Gen I field-dialogue style: the visible sprite and encounter identify the sole speaker, so no redundant class label consumes text-bank space.",Compact direct rendering from Chinese; directly retains the Bird Keeper's brief dismissal of the matter. Full-text review: Normalizes nonstandard speaker abbreviation 'BIRD KPR:' to 'BIRD KEEPER:'.,,,,
MAIN:0x03CE78,MAIN,1642,D0770,In-game dialogue,0x03CE78,0x03CEA2,0x03CEA2,dialogue_19_19,,1732,0x03D1A4,大姐姐:好可爱的样子哦,ascii,"Sure, I'll fight!",So cute!,official_english_gen1_reviewed_chinese_specific_retained_ai_review,pointer_table,high,dialogue_inventory_overlay,ai_source_reviewed,18,yes,"Uses official Gen I field-dialogue style: the visible sprite and encounter identify the sole speaker, so no redundant class label consumes text-bank space.",Reviewed against the matching English Red/Blue/Yellow scene; the Chinese/Famicom wording is retained because the official line omits or contradicts a material source detail.,,,,
MAIN:0x03D088,MAIN,1643,D0771,In-game dialogue,0x03D088,,0x03B056,dialogue_19_19,BIRD KEEPER,1721,0x03CE69,捉鸟人:那里有很多珍贵的精灵...,graphical_codes,<B3E7><B8A7><B2B5>:<B0B9><B0BF><B0AE><B3F7><B0C8><B5C5><B6B2><B0BC><B0A1><B0A2>...,There are many rare Pokémon there...,translated_directly_from_reviewed_chinese_source_ai_review,unaligned,low,reviewed_source_adjudication,ai_source_reviewed,30,yes,"Uses official Gen I field-dialogue style: the visible sprite and encounter identify the sole speaker, so no redundant class label consumes text-bank space.",Restores the bird specialist's report of many rare Pokémon there and uses the matching official Trainer class Bird Keeper.,,,,
MAIN:0x03D0A7,MAIN,1644,D0772,In-game dialogue,0x03D0A7,0x03CEA4,0x03CEA4,dialogue_19_19,,1733,0x03D1BB,"大姐姐:不要走吧,陪姐姐我说说话嘛",ascii,"Win,lose,it doesn'tmatter.",Don't go! Stay and chat with me.,translated_directly_from_chinese_ai_review,pointer_table,high,dialogue_inventory_overlay,ai_source_reviewed,26,yes,"Uses official Gen I field-dialogue style: the visible sprite and encounter identify the sole speaker, so no redundant class label consumes text-bank space.","Full-text review: Restores both complete imperatives. Omits the contextual one-speaker label 'BEAUTY', as in official Gen I field dialogue; the sprite and encounter retain the speaker identity.",,,,
MAIN:0x03D0C2,MAIN,1645,D0773,In-game dialogue,0x03D0C2,0x03CE96,0x03CE96,dialogue_19_19,,1726,0x03D107,暴走族:老子要教训你,ascii,"C'mon, Let's go!",Time for a lesson!,translated_directly_from_chinese_ai_review,pointer_table,high,dialogue_inventory_overlay,ai_source_reviewed,16,yes,"Uses official Gen I field-dialogue style: the visible sprite and encounter identify the sole speaker, so no redundant class label consumes text-bank space.",Compact direct rendering from Chinese; directly preserves the Biker's threat to punish or teach the player a lesson.,,,,
MAIN:0x03D0D3,MAIN,1646,D0774,In-game dialogue,0x03D0D3,0x03CE98,0x03CE98,dialogue_19_19,,1727,0x03D11C,暴走族:我最喜欢有实力的人!,ascii,Arrg! Get lost!,I like strong people!,translated_directly_from_chinese_ai_review,pointer_table,high,dialogue_inventory_overlay,ai_source_reviewed,15,yes,"Uses official Gen I field-dialogue style: the visible sprite and encounter identify the sole speaker, so no redundant class label consumes text-bank space.","Full-text review: Uses natural English for the source preference. Omits the contextual one-speaker label 'BIKER', as in official Gen I field dialogue; the sprite and encounter retain the speaker identity.",,,,
MAIN:0x03D0E3,MAIN,1647,D0775,In-game dialogue,0x03D0E3,0x03CE9A,0x03CE9A,dialogue_19_19,,1728,0x03D138,捉鸟人:我有只珍贵的精灵,ascii,Can your Pok@mon fly?,I own a rare Pokémon.,translated_directly_from_chinese_ai_review,pointer_table,high,dialogue_inventory_overlay,ai_source_reviewed,23,yes,"Uses official Gen I field-dialogue style: the visible sprite and encounter identify the sole speaker, so no redundant class label consumes text-bank space.",Compact direct rendering from Chinese; directly preserves the Bird Keeper's claim to own a rare Pokémon. Full-text review: Normalizes nonstandard speaker abbreviation 'BIRD KPR:' to 'BIRD KEEPER:'.,,,,
MAIN:0x03D0FB,MAIN,1648,D0776,In-game dialogue,0x03D0FB,0x03CE9C,0x03CE9C,dialogue_19_19,,1729,0x03D151,捉鸟人:怎么样?不错吧...,ascii,Best way to travel!,"Well? Nice, isn't it?",translated_directly_from_chinese_ai_review,pointer_table,high,dialogue_inventory_overlay,ai_source_reviewed,19,yes,"Uses official Gen I field-dialogue style: the visible sprite and encounter identify the sole speaker, so no redundant class label consumes text-bank space.","Full-text review: Repairs the malformed tag punctuation. Omits the contextual one-speaker label 'BIRD KEEPER', as in official Gen I field dialogue; the sprite and encounter retain the speaker identity.",,,,
MAIN:0x03D10F,MAIN,1649,D0777,In-game dialogue,0x03D10F,0x03CEA6,0x03CEA6,dialogue_19_19,,1734,0x03D1DD,女孩:请多关照,ascii,Do you use TMs?,Nice to meet you!,translated_directly_from_chinese_ai_review,pointer_table,high,dialogue_inventory_overlay,ai_source_reviewed,15,yes,"Uses official Gen I field-dialogue style: the visible sprite and encounter identify the sole speaker, so no redundant class label consumes text-bank space.",Naturally renders the girl's polite formula asking for favorable regard before the encounter.,,,,
MAIN:0x03D11F,MAIN,1650,D0778,In-game dialogue,0x03D11F,0x03CEA8,0x03CEA8,dialogue_19_19,,1735,0x03D1EC,女孩:输的心服口服,ascii,"Aww,bummer!",I yield!,translated_directly_from_chinese_ai_review,pointer_table,high,dialogue_inventory_overlay,ai_source_reviewed,11,yes,"Uses official Gen I field-dialogue style: the visible sprite and encounter identify the sole speaker, so no redundant class label consumes text-bank space.",Compact direct rendering from Chinese; preserves the girl's complete and sincere acceptance of her loss.,,,,
MAIN:0x03D12B,MAIN,1651,D0779,In-game dialogue,0x03D12B,0x03CEB2,0x03CEB2,dialogue_19_19,,1740,0x03D266,"女孩:糟了,你碰了我一下!",ascii,I use TMs I bought!,Oh! You touched me!,translated_directly_from_chinese_ai_review,pointer_table,high,dialogue_inventory_overlay,ai_source_reviewed,19,yes,"Uses official Gen I field-dialogue style: the visible sprite and encounter identify the sole speaker, so no redundant class label consumes text-bank space.",Compact direct rendering from Chinese; directly keeps the girl's alarm that the player made physical contact with her.,,,,
MAIN:0x03D13F,MAIN,1652,D0780,In-game dialogue,0x03D13F,0x03CEB4,0x03CEB4,dialogue_19_19,,1741,0x03D27F,女孩:要是怀孕了怎么办...,ascii,HMs are harder to get.,What if I'm pregnant...?,translated_directly_from_chinese_ai_review,pointer_table,high,dialogue_inventory_overlay,ai_source_reviewed,23,yes,"Uses official Gen I field-dialogue style: the visible sprite and encounter identify the sole speaker, so no redundant class label consumes text-bank space.",Compact direct rendering from Chinese; faithfully preserves the source's deliberately absurd pregnancy worry following the brief contact.,,,,
MAIN:0x03D157,MAIN,1653,D0781,In-game dialogue,0x03D157,0x03CEAA,0x03CEAA,dialogue_19_19,,1736,0x03D1FF,暴走族:偶看你不惯!,ascii,I need to burn time,Can't stand you!,translated_directly_from_chinese_ai_review,pointer_table,high,dialogue_inventory_overlay,ai_source_reviewed,19,yes,"Uses official Gen I field-dialogue style: the visible sprite and encounter identify the sole speaker, so no redundant class label consumes text-bank space.",Compact direct rendering from Chinese; directly conveys the Biker's immediate dislike of the player's appearance.,,,,
MAIN:0x03D16B,MAIN,1654,D0782,In-game dialogue,0x03D16B,0x03CE9E,0x03CE9E,dialogue_19_19,BIRD KEEPER,1730,0x03D16A,捉鸟人:拥有连续攻击能力的我你没有胜算,graphical_codes,<B3E7><B8A7><B2B5>:<B6A9><B0AE><B6BA><B4D7><B4AB><B4AC><B0EC><B0E3><B0BC><B1C2><B0C5><B2B6><B0AE><B3F9><B3D0>,My attack barrage leaves you no chance!,translated_directly_from_chinese_ai_review,pointer_table,high,dialogue_inventory_overlay,ai_source_reviewed,37,yes,"Uses official Gen I field-dialogue style: the visible sprite and encounter identify the sole speaker, so no redundant class label consumes text-bank space.","Full-text review: Restores the missing object. Omits the contextual one-speaker label 'BIRD KEEPER', as in official Gen I field dialogue; the sprite and encounter retain the speaker identity.",,,,
MAIN:0x03D191,MAIN,1655,D0783,In-game dialogue,0x03D191,0x03CEA0,0x03CEA0,dialogue_19_19,BIRD KEEPER,1731,0x03D191,捉鸟人:又说大话了,graphical_codes,<0A><B3E7><B8A7><B2B5>:<B5B0><B1E7><B1BE><B1EF><B0F8>,I boasted again...,translated_directly_from_chinese_ai_review,pointer_table,high,dialogue_inventory_overlay,ai_source_reviewed,18,yes,"Uses official Gen I field-dialogue style: the visible sprite and encounter identify the sole speaker, so no redundant class label consumes text-bank space.","Full-text review: Restores the omitted subject. Omits the contextual one-speaker label 'BIRD KEEPER', as in official Gen I field dialogue; the sprite and encounter retain the speaker identity.",,,,
MAIN:0x03D1A4,MAIN,1656,D0784,In-game dialogue,0x03D1A4,0x03CEAC,0x03CEAC,dialogue_19_19,,1737,0x03D213,"暴走族:现在看惯了,没事",ascii,What? You!,Used to your face now. Fine.,translated_directly_from_chinese_ai_review,pointer_table,high,dialogue_inventory_overlay,ai_source_reviewed,10,yes,"Uses official Gen I field-dialogue style: the visible sprite and encounter identify the sole speaker, so no redundant class label consumes text-bank space.",Compact direct rendering from Chinese; preserves the comic reversal that the Biker has become accustomed to the player's appearance and no longer minds it.,,,,
MAIN:0x03D1AF,MAIN,1657,D0785,In-game dialogue,0x03D1AF,0x03CEAE,0x03CEAE,dialogue_19_19,,1738,0x03D22B,暴走族:看你的样子一定不像好人!!,ascii,Pok@mon fight? Cool,You look like trouble!,translated_directly_from_chinese_ai_review,pointer_table,high,dialogue_inventory_overlay,ai_source_reviewed,19,yes,"Uses official Gen I field-dialogue style: the visible sprite and encounter identify the sole speaker, so no redundant class label consumes text-bank space.","Full-text review: Uses an idiomatic rendering of the source suspicion. Omits the contextual one-speaker label 'BIKER', as in official Gen I field dialogue; the sprite and encounter retain the speaker identity.",,,,
MAIN:0x03D1C3,MAIN,1658,D0786,In-game dialogue,0x03D1C3,0x03CEB0,0x03CEB0,dialogue_19_19,,1739,0x03D24C,暴走族:你应该很讲义气吧!,ascii,Blown away!,"Loyal, aren't you?",translated_directly_from_chinese_ai_review,pointer_table,high,dialogue_inventory_overlay,ai_source_reviewed,11,yes,"Uses official Gen I field-dialogue style: the visible sprite and encounter identify the sole speaker, so no redundant class label consumes text-bank space.",Compact direct rendering from Chinese; naturally conveys the Biker's question about the player's loyalty and personal code of honor.,,,,
MAIN:0x03D1CF,MAIN,1659,D0787,In-game dialogue,0x03D1CF,0x03CEB6,0x03CEB6,dialogue_19_19,,1742,0x03D299,大姐姐:你是我第五十二任男朋友,ascii,Have you heard of legendary Pok@mon?,You're my 52nd boyfriend.,translated_directly_from_chinese_ai_review,pointer_table,high,dialogue_inventory_overlay,ai_source_reviewed,37,yes,"Uses official Gen I field-dialogue style: the visible sprite and encounter identify the sole speaker, so no redundant class label consumes text-bank space.",Preserves the Beauty's exact claim that the player is her fifty-second boyfriend.,,,,
MAIN:0x03D1F5,MAIN,1660,D0788,In-game dialogue,0x03D1F5,0x03CEB8,0x03CEB8,dialogue_19_19,,1743,0x03D2B8,"大姐姐:算了,放过你吧...",ascii,There's 3 legendarybirds!,"Fine, you can go...",translated_directly_from_chinese_ai_review,pointer_table,high,dialogue_inventory_overlay,ai_source_reviewed,25,yes,"Uses official Gen I field-dialogue style: the visible sprite and encounter identify the sole speaker, so no redundant class label consumes text-bank space.",Compact direct rendering from Chinese; keeps the Beauty's decision to abandon the matter and release the player.,,,,
MAIN:0x03D20F,MAIN,1661,D0789,In-game dialogue,0x03D20F,0x03CEBA,0x03CEBA,dialogue_19_19,,1744,0x03D2D1,捉鸟人:明白我的力量还不滚,ascii,You don't stand a chance!,You've seen my power. Now get lost!,translated_directly_from_chinese_ai_review,pointer_table,high,dialogue_inventory_overlay,ai_source_reviewed,26,yes,"Uses official Gen I field-dialogue style: the visible sprite and encounter identify the sole speaker, so no redundant class label consumes text-bank space.","Full-text review: Restores tense and sequence. Omits the contextual one-speaker label 'BIRD KEEPER', as in official Gen I field dialogue; the sprite and encounter retain the speaker identity.",,,,
MAIN:0x03D22A,MAIN,1662,D0790,In-game dialogue,0x03D22A,0x03CEBC,0x03CEBC,dialogue_19_19,,1745,0x03D2EC,"捉鸟人:请您慢走,哈哈",ascii,Not good enough!,Safe travels. Ha ha!,translated_directly_from_chinese_ai_review,pointer_table,high,dialogue_inventory_overlay,ai_source_reviewed,16,yes,"Uses official Gen I field-dialogue style: the visible sprite and encounter identify the sole speaker, so no redundant class label consumes text-bank space.",Compact direct rendering from Chinese; keeps the Bird Keeper's conspicuously polite send-off and closing laugh. Full-text review: Normalizes nonstandard speaker abbreviation 'BIRD KPR:' to 'BIRD KEEPER:'.,,,,
MAIN:0x03D23B,MAIN,1663,D0791,In-game dialogue,0x03D23B,0x03CEC2,0x03CEC2,dialogue_19_19,,1748,0x03D33C,女孩:谁叫你这么看人家的?,ascii,"Oh,you're cute!",Why stare like that?,translated_directly_from_chinese_ai_review,pointer_table,high,dialogue_inventory_overlay,ai_source_reviewed,15,yes,"Uses official Gen I field-dialogue style: the visible sprite and encounter identify the sole speaker, so no redundant class label consumes text-bank space.",Compact direct rendering from Chinese; directly preserves the girl's objection to the way the player is looking at her.,,,,
MAIN:0x03D24B,MAIN,1664,D0792,In-game dialogue,0x03D24B,0x03CEC4,0x03CEC4,dialogue_19_19,,1749,0x03D356,女孩:可惜我有男朋友了...,ascii,I forgive you!,Too bad. I have a boyfriend.,translated_directly_from_chinese_ai_review,pointer_table,high,dialogue_inventory_overlay,ai_source_reviewed,14,yes,"Uses official Gen I field-dialogue style: the visible sprite and encounter identify the sole speaker, so no redundant class label consumes text-bank space.",Compact direct rendering from Chinese; keeps the girl's regret and explicit statement that she already has a boyfriend.,,,,
MAIN:0x03D25A,MAIN,1665,D0793,In-game dialogue,0x03D25A,0x03CEBE,0x03CEBE,dialogue_19_19,,1746,0x03D302,捉鸟人:我是专业捉鸟人,ascii,What's cool?TradingPok@mon!,I raise bird Pokémon for a living.,translated_directly_from_chinese_ai_review,pointer_table,high,dialogue_inventory_overlay,ai_source_reviewed,27,yes,"Uses official Gen I field-dialogue style: the visible sprite and encounter identify the sole speaker, so no redundant class label consumes text-bank space.","Full-text review: Restores the subject and expresses the profession naturally. Omits the contextual one-speaker label 'BIRD KEEPER', as in official Gen I field dialogue; the sprite and encounter retain the speaker identity.",,,,
MAIN:0x03D276,MAIN,1666,D0794,In-game dialogue,0x03D276,0x03CEC0,0x03CEC0,dialogue_19_19,,1747,0x03D319,捉鸟人:今年我要参加精灵联盟大赛啊,ascii,I trade with my friends.,I'm entering the Pokémon League this year!,translated_directly_from_chinese_ai_review,pointer_table,high,dialogue_inventory_overlay,ai_source_reviewed,27,yes,"Uses official Gen I field-dialogue style: the visible sprite and encounter identify the sole speaker, so no redundant class label consumes text-bank space.","Full-text review: Restores the subject and article. Omits the contextual one-speaker label 'BIRD KEEPER', as in official Gen I field dialogue; the sprite and encounter retain the speaker identity.",,,,
MAIN:0x03D292,MAIN,1667,D0795,In-game dialogue,0x03D292,0x03CEC6,0x03CEC6,dialogue_19_19,,1750,0x03D370,裁判:浅红道馆是栋有机关的房子.用眼睛是看不到墙的,ascii,Yo Champ! This GYM has invisible wallsYou have to find the gaps in them.,Fuchsia Gym has invisible walls! Watch for gaps!,adapted_from_official_english_gen1_with_chinese_fidelity_ai_review,pointer_table,high,dialogue_inventory_overlay,ai_source_reviewed,74,yes,"Uses official Gen I field-dialogue style: the visible sprite and encounter identify the sole speaker, so no redundant class label consumes text-bank space.",Uses the matching official English Red/Blue/Yellow scene as its primary voice while retaining Chinese-only facts and Famicom-specific terminology.,,,,
MAIN:0x03D2DD,MAIN,1668,D0796,In-game dialogue,0x03D2DD,0x03CEC8,0x03CEC8,dialogue_19_19,,1751,0x03D3A2,忍者:这里不是你能来的!,ascii,Strategy is key!,You can't come here!,translated_directly_from_chinese_ai_review,pointer_table,high,dialogue_inventory_overlay,ai_source_reviewed,16,yes,"Uses official Gen I field-dialogue style: the visible sprite and encounter identify the sole speaker, so no redundant class label consumes text-bank space.",Compact direct rendering from Chinese; naturally preserves the ninja's warning that this is not a place the player is permitted to enter.,,,,
MAIN:0x03D2EE,MAIN,1669,D0797,In-game dialogue,0x03D2EE,0x03CECA,0x03CECA,dialogue_19_19,,1752,0x03D3BA,忍者:你的忍术很厉害!,ascii,Good strategy!,Your ninjutsu is impressive!,translated_directly_from_chinese_ai_review,pointer_table,high,dialogue_inventory_overlay,ai_source_reviewed,14,yes,"Uses official Gen I field-dialogue style: the visible sprite and encounter identify the sole speaker, so no redundant class label consumes text-bank space.","Full-text review: Turns a noun phrase into a complete compliment. Omits the contextual one-speaker label 'NINJA', as in official Gen I field dialogue; the sprite and encounter retain the speaker identity.",,,,
MAIN:0x03D2FD,MAIN,1670,D0798,In-game dialogue,0x03D2FD,0x03CECC,0x03CECC,dialogue_19_19,,1753,0x03D3D0,忍者:光只是力量强是没用的!你知道吗?最强的是技术!!,ascii,Can you beat my techniques?,Strength alone fails! Technique matters most!,translated_directly_from_chinese_ai_review,pointer_table,high,dialogue_inventory_overlay,ai_source_reviewed,30,yes,"Uses official Gen I field-dialogue style: the visible sprite and encounter identify the sole speaker, so no redundant class label consumes text-bank space.","Full-text review: Replaces the unidiomatic phrase 'Technique is best'. Omits the contextual one-speaker label 'NINJA', as in official Gen I field dialogue; the sprite and encounter retain the speaker identity.",,,,
MAIN:0x03D31C,MAIN,1671,D0799,In-game dialogue,0x03D31C,0x03CECE,0x03CECE,dialogue_19_19,,1754,0x03D403,忍者:看来你已明白了,ascii,I like poison and sleep techniques.,Now you understand.,translated_directly_from_chinese_ai_review,pointer_table,high,dialogue_inventory_overlay,ai_source_reviewed,36,yes,"Uses official Gen I field-dialogue style: the visible sprite and encounter identify the sole speaker, so no redundant class label consumes text-bank space.",Compact direct rendering from Chinese; keeps the ninja's conclusion that the player now understands the lesson about technique.,,,,
MAIN:0x03D341,MAIN,1672,D0800,In-game dialogue,0x03D341,0x03CEDC,0x03CEDC,dialogue_19_19,,1761,0x03D4B1,"忍者:这个道馆的首领很厉害,你最好小心",ascii,I joined to become a ninja!,This Gym Leader is strong. Take care.,translated_directly_from_chinese_ai_review,pointer_table,high,dialogue_inventory_overlay,ai_source_reviewed,27,yes,"Uses official Gen I field-dialogue style: the visible sprite and encounter identify the sole speaker, so no redundant class label consumes text-bank space.",Compact direct rendering from Chinese; preserves the warning about the strength of this Gym's Leader and the advice to take care.,,,,
MAIN:0x03D35D,MAIN,1673,D0801,In-game dialogue,0x03D35D,0x03CEDE,0x03CEDE,dialogue_19_19,,1762,0x03D4D7,忍者:看来是我多心了...,ascii,I'll keep training under Koga!,I worried too much...,translated_directly_from_chinese_ai_review,pointer_table,high,dialogue_inventory_overlay,ai_source_reviewed,30,yes,"Uses official Gen I field-dialogue style: the visible sprite and encounter identify the sole speaker, so no redundant class label consumes text-bank space.",Compact direct rendering from Chinese; directly conveys the ninja's realization that his concern was unnecessary.,,,,
MAIN:0x03D37C,MAIN,1674,D0802,In-game dialogue,0x03D37C,0x03CED8,0x03CED8,dialogue_19_19,,1759,0x03D480,忍者:你看来很有自信啊!,ascii,I study the way of the Ninja!,So confident!,translated_directly_from_chinese_ai_review,pointer_table,high,dialogue_inventory_overlay,ai_source_reviewed,29,yes,"Uses official Gen I field-dialogue style: the visible sprite and encounter identify the sole speaker, so no redundant class label consumes text-bank space.",Compact direct rendering from Chinese; faithfully preserves the ninja's observation of the player's confidence.,,,,
MAIN:0x03D39A,MAIN,1675,D0803,In-game dialogue,0x03D39A,0x03CEDA,0x03CEDA,dialogue_19_19,,1760,0x03D498,忍者:我很久没这么认真了,ascii,I still have a lot to learn.,I haven't fought this seriously in ages.,translated_directly_from_chinese_ai_review,pointer_table,high,dialogue_inventory_overlay,ai_source_reviewed,28,yes,"Uses official Gen I field-dialogue style: the visible sprite and encounter identify the sole speaker, so no redundant class label consumes text-bank space.","Full-text review: Restores the subject, verb, and natural time expression. Omits the contextual one-speaker label 'NINJA', as in official Gen I field dialogue; the sprite and encounter retain the speaker identity.",,,,
MAIN:0x03D3B7,MAIN,1676,D0804,In-game dialogue,0x03D3B7,0x03CED4,0x03CED4,dialogue_19_19,,1757,0x03D456,忍者:看你能过我这关吗?,ascii,Stop right there!,Let's see if you can get past me!,translated_directly_from_chinese_ai_review,pointer_table,high,dialogue_inventory_overlay,ai_source_reviewed,17,yes,"Uses official Gen I field-dialogue style: the visible sprite and encounter identify the sole speaker, so no redundant class label consumes text-bank space.","Full-text review: Uses the idiomatic challenge. Omits the contextual one-speaker label 'NINJA', as in official Gen I field dialogue; the sprite and encounter retain the speaker identity.",,,,
MAIN:0x03D3C9,MAIN,1677,D0805,In-game dialogue,0x03D3C9,0x03CED6,0x03CED6,dialogue_19_19,,1758,0x03D46E,忍者:你过关了...,ascii,I'm impressed!,You passed...,translated_directly_from_chinese_ai_review,pointer_table,high,dialogue_inventory_overlay,ai_source_reviewed,14,yes,"Uses official Gen I field-dialogue style: the visible sprite and encounter identify the sole speaker, so no redundant class label consumes text-bank space.",Compact direct rendering from Chinese; directly acknowledges that the player successfully passed the ninja's test.,,,,
MAIN:0x03D3D8,MAIN,1678,D0806,In-game dialogue,0x03D3D8,0x03CED0,0x03CED0,dialogue_19_19,,1755,0x03D418,忍者:我对忍者充满幻想才进入这个浅红道馆的,ascii,Master Koga comes from a long line ofninjas!,Ninja dreams led me to Fuchsia Gym.,translated_directly_from_chinese_ai_review,pointer_table,high,dialogue_inventory_overlay,ai_source_reviewed,45,yes,"Uses official Gen I field-dialogue style: the visible sprite and encounter identify the sole speaker, so no redundant class label consumes text-bank space.",Compact direct rendering from Chinese; preserves the speaker's fascination with ninjas as the reason for joining the specifically named Fuchsia Gym.,,,,
MAIN:0x03D406,MAIN,1679,D0807,In-game dialogue,0x03D406,0x03CED2,0x03CED2,dialogue_19_19,,1756,0x03D443,忍者:你的确很强大,ascii,What do you descendfrom?,You truly are strong.,translated_directly_from_chinese_ai_review,pointer_table,high,dialogue_inventory_overlay,ai_source_reviewed,24,yes,"Uses official Gen I field-dialogue style: the visible sprite and encounter identify the sole speaker, so no redundant class label consumes text-bank space.","Full-text review: Restores the omitted subject and copula. Omits the contextual one-speaker label 'NINJA', as in official Gen I field dialogue; the sprite and encounter retain the speaker identity.",,,,
MAIN:0x03D41F,MAIN,1680,D0808,In-game dialogue,0x03D41F,0x03CEE0,0x03CEE0,dialogue_19_19,KOGA,1763,0x03D4EF,乔:你这种小子就想向我挑战?自讨苦吃!!中了毒就只有死路一条!!让你知道毒的艺术!!,ascii,I shall show you true terror as a ninja master!,KOGA: A kid challenges me? Fool! Poison kills! Witness its art!,translated_directly_from_chinese_ai_review,pointer_table,high,dialogue_inventory_overlay,ai_source_reviewed,51,yes,"Removed redundant English connective wording and tightened syntax for ROM space; uses Koga's matching official identity and preserves his contempt for the young challenger, lethal poison threat, and promise to demonstrate poison's art.","Compact direct rendering from Chinese; uses Koga's matching official identity and preserves his contempt for the young challenger, lethal poison threat, and promise to demonstrate poison's art.",,,,
MAIN:0x03D453,MAIN,1681,D0809,In-game dialogue,0x03D453,0x03CEE2,0x03CEE2,dialogue_19_19,KOGA,1764,0x03D53D,"乔:你小子有一套,那么这个浅红徽章就交给你了,有了浅红徽章就能在大海中使用冲浪术了!",ascii,The Soulbadge lets you use Surf out- side of battle. Congratulations.,"KOGA: Good, kid! Take the Soul Badge to use Surf at sea!",translated_directly_from_chinese_ai_review,pointer_table,high,dialogue_inventory_overlay,ai_source_reviewed,73,yes,"Removed redundant English connective wording and tightened syntax for ROM space; maps the Fuchsia-colored Gym Badge to its matching official Soul Badge identity and preserves Koga's praise, award, and permission to use Surf at sea.","Compact direct rendering from Chinese; maps the Fuchsia-colored Gym Badge to its matching official Soul Badge identity and preserves Koga's praise, award, and permission to use Surf at sea.",,,,
MAIN:0x03D49D,MAIN,1682,D0810,In-game dialogue,0x03D49D,0x03CEE4,0x03CEE4,dialogue_19_19,,1765,0x03D58F,"服务员:欢迎来到狩猎场!在这广大的狩猎广场有很多特有的宠物精灵,一次500元!要进去吗?",ascii,"Welcome to the Safari Zone! For $500,you can catch all the Pok@mon youwant!",Welcome to the Safari Zone! Catch its unique Pokémon for $500. Join the hunt?,adapted_from_official_english_gen1_with_chinese_fidelity_ai_review,pointer_table,high,dialogue_inventory_overlay,ai_source_reviewed,81,yes,"Uses official Gen I field-dialogue style: the visible sprite and encounter identify the sole speaker, so no redundant class label consumes text-bank space.",Uses the matching official English Red/Blue/Yellow scene as its primary voice while retaining Chinese-only facts and Famicom-specific terminology.,,,,
MAIN:0x03D4EF,MAIN,1683,D0811,In-game dialogue,0x03D4EF,0x03CEE6,0x03CEE6,dialogue_19_19,,1766,0x03D5E1,是嘛!那下次再来啊!,ascii,Come again!,I see. Come again!,translated_directly_from_chinese_ai_review,pointer_table,high,dialogue_inventory_overlay,ai_source_reviewed,11,yes,"Uses complete, natural English while respecting dialogue pagination and ROM bank limits; no displayed word is truncated.",Compact direct rendering from Chinese; keeps the declined-entry branch's acknowledgment and invitation to return another time. Full-text review: Uses a natural Safari refusal farewell.,,,,
MAIN:0x03D4FB,MAIN,1684,D0812,In-game dialogue,0x03D4FB,0x03CEE8,0x03CEE8,dialogue_19_19,,1767,0x03D5F5,那么请进收您500元!祝您好运!!,ascii,That'll be $500!,That'll be $500. Good luck!,adapted_from_official_english_gen1_with_chinese_fidelity_ai_review,pointer_table,high,dialogue_inventory_overlay,ai_source_reviewed,16,no,,Uses the official English Gen I scene voice where it agrees with the Chinese; Chinese-only facts and bootleg-specific terminology are retained.,,,,
MAIN:0x03D50C,MAIN,1685,D0813,In-game dialogue,0x03D50C,0x03CEEA,0x03CEEA,dialogue_19_19,,1768,0x03D613,"男孩:这里是最深处平时都没有人会来,我就送件礼物给你吧!",ascii,Congratulations!Youfound the Secret House!,You reached the deepest area! You win a prize!,adapted_from_official_english_gen1_with_chinese_fidelity_ai_review,pointer_table,high,dialogue_inventory_overlay,ai_source_reviewed,44,yes,"Uses official Gen I field-dialogue style: the visible sprite and encounter identify the sole speaker, so no redundant class label consumes text-bank space.",Uses the matching official English Red/Blue/Yellow scene as its primary voice while retaining Chinese-only facts and Famicom-specific terminology.,,,,
MAIN:0x03D539,MAIN,1686,D0814,In-game dialogue,0x03D539,0x03CEEC,0x03CEEC,dialogue_19_19,,1769,0x03D64A,得到特技03冲浪术,ascii,Got HM03!,Got HM03: SURF!,translated_directly_from_chinese_ai_review,pointer_table,high,dialogue_inventory_overlay,ai_source_reviewed,9,no,,Preserves acquisition of the explicitly named Surf technique and uses the matching official English machine label HM03.,,,,
MAIN:0x03D543,MAIN,1687,D0815,In-game dialogue,0x03D543,0x03CEEE,0x03CEEE,dialogue_19_19,HM03,1770,0x03D65C,"男孩:特技03是冲浪术,你可以坐在宠物精灵身上通过水面!而且这个技能机器是用后也不会消失的!能拿到这么好的奖品你还真是幸运!",ascii,HM03 is Surf! Pok@-mon can carry you across water using Surf!,HM03 is Surf! Ride Pokémon across water. This HM is reusable. Lucky you!,adapted_from_official_english_gen1_with_chinese_fidelity_ai_review,pointer_table,high,dialogue_inventory_overlay,ai_source_reviewed,62,yes,"Uses official Gen I field-dialogue style: the visible sprite and encounter identify the sole speaker, so no redundant class label consumes text-bank space.",Uses the matching official English Red/Blue/Yellow scene as its primary voice while retaining Chinese-only facts and Famicom-specific terminology.,,,,
MAIN:0x03D582,MAIN,1688,D0816,In-game dialogue,0x03D582,0x03CEF0,0x03CEF0,dialogue_19_19,,1771,0x03D6D3,得到金牙,ascii,Gold Teeth!,Got Gold Teeth!,translated_directly_from_chinese_ai_review,pointer_table,high,dialogue_inventory_overlay,ai_source_reviewed,11,yes,Removed redundant English connective wording and tightened syntax for ROM space; faithfully renders receipt of the Gold Teeth with the established official English item name.,Compact direct rendering from Chinese; faithfully renders receipt of the Gold Teeth with the established official English item name.,,,,
MAIN:0x03D58E,MAIN,1689,D0817,In-game dialogue,0x03D58E,0x03CEF2,0x03CEF2,dialogue_19_19,,1772,0x03D6DD,园长:哎呀我的金牙不知道到哪里去了...不会掉到狩猎区去了吧...,ascii,Hif fuff hefifoo! Heff hee fwee!,My Gold Teeth are gone... Did I drop them in the Safari Zone?,translated_directly_from_chinese_ai_review,pointer_table,high,dialogue_inventory_overlay,ai_source_reviewed,33,yes,"Uses official Gen I field-dialogue style: the visible sprite and encounter identify the sole speaker, so no redundant class label consumes text-bank space.","Full-text review: Restores the possessive subject, verb, and article. Omits the contextual one-speaker label 'WARDEN', as in official Gen I field dialogue; the sprite and encounter retain the speaker identity.",,,,
MAIN:0x03D5B0,MAIN,1690,D0818,In-game dialogue,0x03D5B0,0x03CEF4,0x03CEF4,dialogue_19_19,,1773,0x03D71A,"园长:那个是我的金牙!!抱歉真是谢谢你的帮助!不要对任何人说哦,我的假牙丢了连办公室都不敢去露脸呢!为了谢谢你给你个好东西!",ascii,(Ash gave the teethto the Warden). Thanks kid! No one could understand a word I said. Here take this!,"My Gold Teeth! Thank you, and sorry for the trouble! Don't tell anyone, but I lost my dentures and was too embarrassed to show my face at the office. Take this reward!",translated_directly_from_chinese_ai_review,pointer_table,high,dialogue_inventory_overlay,ai_source_reviewed,105,yes,"Uses official Gen I field-dialogue style: the visible sprite and encounter identify the sole speaker, so no redundant class label consumes text-bank space.","Full-text review: Uses complete natural clauses while preserving the secret and reward. Omits the contextual one-speaker label 'WARDEN', as in official Gen I field dialogue; the sprite and encounter retain the speaker identity.",,,,
MAIN:0x03D61A,MAIN,1691,D0819,In-game dialogue,0x03D61A,0x03CEF6,0x03CEF6,dialogue_19_19,,1774,0x03D791,得到秘传04怪力术,ascii,Got HM04!,Got HM04: STRENGTH!,translated_directly_from_chinese_ai_review,pointer_table,high,dialogue_inventory_overlay,ai_source_reviewed,9,no,,Preserves acquisition of the explicitly named Strength technique and uses the matching official English machine label HM04.,,,,
MAIN:0x03D624,MAIN,1692,D0820,In-game dialogue,0x03D624,0x03CEF8,0x03CEF8,dialogue_19_19,HM04,1775,0x03D7A3,"园长:秘传04是怪力术,能推开挡路的大石头!!",ascii,Strength lets Pok@-mon move boulders!,HM04 is Strength! It moves boulders blocking the way!,adapted_from_official_english_gen1_with_chinese_fidelity_ai_review,pointer_table,high,dialogue_inventory_overlay,ai_source_reviewed,37,yes,"Uses official Gen I field-dialogue style: the visible sprite and encounter identify the sole speaker, so no redundant class label consumes text-bank space.",Uses the matching official English Red/Blue/Yellow scene as its primary voice while retaining Chinese-only facts and Famicom-specific terminology.,,,,
MAIN:0x03D64A,MAIN,1693,D0821,In-game dialogue,0x03D64A,0x03CFD4,0x03CFD4,dialogue_19_19,,1885,0x03E6A3,游泳女:不要愁眉苦脸的,ascii,I love swimming!,Don't frown.,translated_directly_from_chinese_ai_review,pointer_table,high,dialogue_inventory_overlay,ai_source_reviewed,16,yes,"Uses official Gen I field-dialogue style: the visible sprite and encounter identify the sole speaker, so no redundant class label consumes text-bank space.",Compact direct rendering from Chinese; preserves the female swimmer's advice not to wear a worried or unhappy expression. Full-text review: Normalizes nonstandard speaker abbreviation 'SWIMMER GIRL:' to 'SWIMMER:'.,,,,
MAIN:0x03D65B,MAIN,1694,D0822,In-game dialogue,0x03D65B,0x03CFD6,0x03CFD6,dialogue_19_19,,1886,0x03E6BA,游泳女:和我约会吧,ascii,Belly flop!,Go out with me!,translated_directly_from_chinese_ai_review,pointer_table,high,dialogue_inventory_overlay,ai_source_reviewed,11,yes,"Uses official Gen I field-dialogue style: the visible sprite and encounter identify the sole speaker, so no redundant class label consumes text-bank space.","Full-text review: Uses the natural English dating invitation and the official common Gen I Swimmer class. Omits the contextual one-speaker label 'SWIMMER', as in official Gen I field dialogue; the sprite and encounter retain the speaker identity.",,,,
MAIN:0x03D667,MAIN,1695,D0823,In-game dialogue,0x03D667,0x03CFAC,0x03CFAC,dialogue_19_19,,1865,0x03E4C9,游泳男:没见过的面孔,ascii,What's beyond the horizon?,I haven't seen you around.,translated_directly_from_chinese_ai_review,pointer_table,high,dialogue_inventory_overlay,ai_source_reviewed,27,yes,"Uses official Gen I field-dialogue style: the visible sprite and encounter identify the sole speaker, so no redundant class label consumes text-bank space.","Full-text review: Replaces a noun fragment with a natural recognition line. Omits the contextual one-speaker label 'SWIMMER', as in official Gen I field dialogue; the sprite and encounter retain the speaker identity.",,,,
MAIN:0x03D683,MAIN,1696,D0824,In-game dialogue,0x03D683,0x03CFAE,0x03CFAE,dialogue_19_19,,1866,0x03E4DE,游泳男:你是我见过最强的训练师,ascii,I see islands!,You're the strongest Trainer I've seen!,translated_directly_from_chinese_ai_review,pointer_table,high,dialogue_inventory_overlay,ai_source_reviewed,14,yes,"Uses official Gen I field-dialogue style: the visible sprite and encounter identify the sole speaker, so no redundant class label consumes text-bank space.","Full-text review: Restores the subject and copula. Omits the contextual one-speaker label 'SWIMMER', as in official Gen I field dialogue; the sprite and encounter retain the speaker identity.",,,,
MAIN:0x03D692,MAIN,1697,D0825,In-game dialogue,0x03D692,0x03CFD8,0x03CFD8,dialogue_19_19,,1887,0x03E6CD,游泳女:再看我揍你!,ascii,Swimming's great!,Stare again and I'll hit you!,translated_directly_from_chinese_ai_review,pointer_table,high,dialogue_inventory_overlay,ai_source_reviewed,17,yes,"Uses official Gen I field-dialogue style: the visible sprite and encounter identify the sole speaker, so no redundant class label consumes text-bank space.","Full-text review: Replaces a semicolon compression with the source conditional and uses the official common Gen I Swimmer class. Omits the contextual one-speaker label 'SWIMMER', as in official Gen I field dialogue; the sprite and encounter retain the speaker identity.",,,,
MAIN:0x03D6A4,MAIN,1698,D0826,In-game dialogue,0x03D6A4,0x03CFDA,0x03CFDA,dialogue_19_19,,1888,0x03E6E1,游泳女:我不敢了!,ascii,Sunburns aren't!,I won't do it again!,translated_directly_from_chinese_ai_review,pointer_table,high,dialogue_inventory_overlay,ai_source_reviewed,16,yes,"Uses official Gen I field-dialogue style: the visible sprite and encounter identify the sole speaker, so no redundant class label consumes text-bank space.","Full-text review: Restores the omitted subject and object and uses the official common Gen I Swimmer class. Omits the contextual one-speaker label 'SWIMMER', as in official Gen I field dialogue; the sprite and encounter retain the speaker identity.",,,,
MAIN:0x03D6B5,MAIN,1699,D0827,In-game dialogue,0x03D6B5,0x03CFB4,0x03CFB4,dialogue_19_19,,1869,0x03E52F,游泳男:哈哈哈...,ascii,"I swam here,but I'mtired.",Ha ha ha...,translated_directly_from_chinese_ai_review,pointer_table,high,dialogue_inventory_overlay,ai_source_reviewed,25,yes,"Uses official Gen I field-dialogue style: the visible sprite and encounter identify the sole speaker, so no redundant class label consumes text-bank space.",Compact direct rendering from Chinese; directly retains the male swimmer's three-part laugh. Full-text review: Normalizes nonstandard speaker abbreviation 'SWIM BOY:' to 'SWIMMER:'.,,,,
MAIN:0x03D6CF,MAIN,1700,D0828,In-game dialogue,0x03D6CF,0x03CFB6,0x03CFB6,dialogue_19_19,,1870,0x03E541,游泳男:没什么,ascii,I'm exhausted...,It's nothing.,translated_directly_from_chinese_ai_review,pointer_table,high,dialogue_inventory_overlay,ai_source_reviewed,16,yes,"Uses official Gen I field-dialogue style: the visible sprite and encounter identify the sole speaker, so no redundant class label consumes text-bank space.","Full-text review: Restores the omitted subject and copula. Omits the contextual one-speaker label 'SWIMMER', as in official Gen I field dialogue; the sprite and encounter retain the speaker identity.",,,,
MAIN:0x03D6E0,MAIN,1701,D0829,In-game dialogue,0x03D6E0,0x03CFB0,0x03CFB0,dialogue_19_19,,1867,0x03E4FD,游泳男:说什么也不能让你过去,ascii,These waters are treacherous!,You won't pass!,translated_directly_from_chinese_ai_review,pointer_table,high,dialogue_inventory_overlay,ai_source_reviewed,31,yes,"Uses official Gen I field-dialogue style: the visible sprite and encounter identify the sole speaker, so no redundant class label consumes text-bank space.",Compact direct rendering from Chinese; preserves the male swimmer's absolute refusal to allow the player through. Full-text review: Normalizes nonstandard speaker abbreviation 'SWIM BOY:' to 'SWIMMER:'.,,,,
MAIN:0x03D700,MAIN,1702,D0830,In-game dialogue,0x03D700,0x03CFB2,0x03CFB2,dialogue_19_19,,1868,0x03E51A,游泳男:和你开玩笑的,ascii,I got a cramp!,I was kidding!,translated_directly_from_chinese_ai_review,pointer_table,high,dialogue_inventory_overlay,ai_source_reviewed,14,yes,"Uses official Gen I field-dialogue style: the visible sprite and encounter identify the sole speaker, so no redundant class label consumes text-bank space.","Full-text review: Turns a gerund fragment into a sentence. Omits the contextual one-speaker label 'SWIMMER', as in official Gen I field dialogue; the sprite and encounter retain the speaker identity.",,,,
MAIN:0x03D70F,MAIN,1703,D0831,In-game dialogue,0x03D70F,0x03CFB8,0x03CFB8,dialogue_19_19,,1871,0x03E550,游泳男:你惹火了我!,ascii,I look at the sea to forget.,You angered me!,translated_directly_from_chinese_ai_review,pointer_table,high,dialogue_inventory_overlay,ai_source_reviewed,29,yes,"Uses official Gen I field-dialogue style: the visible sprite and encounter identify the sole speaker, so no redundant class label consumes text-bank space.",Compact direct rendering from Chinese; directly preserves the male swimmer's statement that the player angered him. Full-text review: Normalizes nonstandard speaker abbreviation 'SWIM BOY:' to 'SWIMMER:'.,,,,
MAIN:0x03D72D,MAIN,1704,D0832,In-game dialogue,0x03D72D,0x03CFBA,0x03CFBA,dialogue_19_19,,1872,0x03E564,游泳男:我的火灭了...,ascii,Ooh!,My fire has gone out...,translated_directly_from_chinese_ai_review,pointer_table,high,dialogue_inventory_overlay,ai_source_reviewed,4,yes,"Uses official Gen I field-dialogue style: the visible sprite and encounter identify the sole speaker, so no redundant class label consumes text-bank space.","Full-text review: Uses the natural idiom for the extinguished flame. Omits the contextual one-speaker label 'SWIMMER', as in official Gen I field dialogue; the sprite and encounter retain the speaker identity.",,,,
MAIN:0x03D732,MAIN,1705,D0833,In-game dialogue,0x03D732,0x03CFDC,0x03CFDC,dialogue_19_19,,1889,0x03E6F3,游泳女,ascii,"Oh,I love your ride",...,translated_directly_from_chinese_ai_review,pointer_table,high,dialogue_inventory_overlay,ai_source_reviewed,19,yes,"Uses official Gen I field-dialogue style: the visible sprite and encounter identify the sole speaker, so no redundant class label consumes text-bank space.","Compact direct rendering from Chinese; the reviewed Chinese source contains only the female swimmer label, so an ellipsis is used without inventing the old bicycle claim. Full-text review: Normalizes nonstandard speaker abbreviation 'SWIMMER GIRL:' to 'SWIMMER:'.",,,,
MAIN:0x03D746,MAIN,1706,D0834,In-game dialogue,0x03D746,0x03CFDE,0x03CFDE,dialogue_19_19,,1890,0x03E6FB,游泳女,ascii,Must be fun to rideyour Pok@mon!,...,translated_directly_from_chinese_ai_review,pointer_table,high,dialogue_inventory_overlay,ai_source_reviewed,32,yes,"Uses official Gen I field-dialogue style: the visible sprite and encounter identify the sole speaker, so no redundant class label consumes text-bank space.",Compact direct rendering from Chinese; the reviewed Chinese source again contains only the female swimmer label; the unrelated old sentence is not reintroduced. Full-text review: Normalizes nonstandard speaker abbreviation 'SWIMMER GIRL:' to 'SWIMMER:'.,,,,
MAIN:0x03D767,MAIN,1707,D0835,In-game dialogue,0x03D767,0x03CFCC,0x03CFCC,dialogue_19_19,,1881,0x03E634,游泳男:不要和我开玩笑,ascii,I have to warm up before swimming!,Don't mock me.,translated_directly_from_chinese_ai_review,pointer_table,high,dialogue_inventory_overlay,ai_source_reviewed,35,yes,"Uses official Gen I field-dialogue style: the visible sprite and encounter identify the sole speaker, so no redundant class label consumes text-bank space.",Compact direct rendering from Chinese; directly conveys the swimmer's demand that the player stop mocking him. Full-text review: Normalizes nonstandard speaker abbreviation 'M.SWIM:' to 'SWIMMER:'.,,,,
MAIN:0x03D78B,MAIN,1708,D0836,In-game dialogue,0x03D78B,0x03CFCE,0x03CFCE,dialogue_19_19,,1882,0x03E64B,游泳男:对不起...,ascii,All warmed up!,Sorry...,translated_directly_from_chinese_ai_review,pointer_table,high,dialogue_inventory_overlay,ai_source_reviewed,14,yes,"Uses official Gen I field-dialogue style: the visible sprite and encounter identify the sole speaker, so no redundant class label consumes text-bank space.",Compact direct rendering from Chinese; preserves the swimmer's brief apology and trailing hesitation. Full-text review: Normalizes nonstandard speaker abbreviation 'M.SWIM:' to 'SWIMMER:'.,,,,
MAIN:0x03D79A,MAIN,1709,D0837,In-game dialogue,0x03D79A,0x03CFD0,0x03CFD0,dialogue_19_19,,1883,0x03E65D,游泳男:水系精灵也有防御力高的哦,ascii,The water's shallowhere.,Some Water-types have high Defense.,translated_directly_from_chinese_ai_review,pointer_table,high,dialogue_inventory_overlay,ai_source_reviewed,24,yes,"Uses official Gen I field-dialogue style: the visible sprite and encounter identify the sole speaker, so no redundant class label consumes text-bank space.",Compact direct rendering from Chinese; restores the gameplay observation that some Water-type Pokémon have high Defense. Full-text review: Normalizes nonstandard speaker abbreviation 'M.SWIM:' to 'SWIMMER:'.,,,,
MAIN:0x03D7B3,MAIN,1710,D0838,In-game dialogue,0x03D7B3,0x03CFD2,0x03CFD2,dialogue_19_19,,1884,0x03E67E,"游泳男:不错,高防御你都有办法对付...",ascii,Spash!,Not bad! Even high Defense can't stop you...,translated_directly_from_chinese_ai_review,pointer_table,high,dialogue_inventory_overlay,ai_source_reviewed,6,yes,"Uses official Gen I field-dialogue style: the visible sprite and encounter identify the sole speaker, so no redundant class label consumes text-bank space.","Full-text review: Restores the contrast and explicit subject. Omits the contextual one-speaker label 'SWIMMER', as in official Gen I field dialogue; the sprite and encounter retain the speaker identity.",,,,
MAIN:0x03D7BA,MAIN,1711,D0839,In-game dialogue,0x03D7BA,0x03CFEE,0x03CFEE,dialogue_19_19,,1898,0x03E7AA,游泳男:我怎么都要让你知道...,ascii,I love floating.,"I'll make you understand, no matter what...",translated_directly_from_chinese_ai_review,pointer_table,high,dialogue_inventory_overlay,ai_source_reviewed,16,yes,"Uses official Gen I field-dialogue style: the visible sprite and encounter identify the sole speaker, so no redundant class label consumes text-bank space.","Full-text review: Completes the source determination clause. Omits the contextual one-speaker label 'SWIMMER', as in official Gen I field dialogue; the sprite and encounter retain the speaker identity.",,,,
MAIN:0x03D7CB,MAIN,1712,D0840,In-game dialogue,0x03D7CB,0x03CF60,0x03CF60,dialogue_19_19,PRESIDENT,1827,0x03DF0F,"社长:少年!谢谢你救了我,在我最需要帮助的时候救了我!这恩情我不会忘的...对了!这礼物可不能忘了!就给你这个好吗?",ascii,I have to thank youin some way! Maybe this will do!,"Thank you, young man! You saved me when I needed help most. I won't forget it. Take this gift!",translated_directly_from_chinese_ai_review,pointer_table,high,dialogue_inventory_overlay,ai_source_reviewed,53,yes,"Uses official Gen I field-dialogue style: the visible sprite and encounter identify the sole speaker, so no redundant class label consumes text-bank space.","Full-text review: Expands the unclear speaker abbreviation and keeps the source gratitude. Omits the contextual one-speaker label 'PRESIDENT', as in official Gen I field dialogue; the sprite and encounter retain the speaker identity.",,,,
MAIN:0x03D801,MAIN,1713,D0841,In-game dialogue,0x03D801,0x03CF64,0x03CF64,dialogue_19_19,,1829,0x03DF87,空手道:还不想说道歉吗?,ascii,I hear you're good!Show me!,You still won't apologize?,translated_directly_from_chinese_ai_review,pointer_table,high,dialogue_inventory_overlay,ai_source_reviewed,27,yes,"Uses official Gen I field-dialogue style: the visible sprite and encounter identify the sole speaker, so no redundant class label consumes text-bank space.","Full-text review: Restores the complete question and uses the official Gen I trainer class. Omits the contextual one-speaker label 'BLACK BELT', as in official Gen I field dialogue; the sprite and encounter retain the speaker identity.",,,,
MAIN:0x03D81D,MAIN,1714,D0842,In-game dialogue,0x03D81D,0x03CF66,0x03CF66,dialogue_19_19,,1830,0x03DF9F,空手道:这里是全国格斗家所聚集的道馆啊!,ascii,I give up,This dojo draws fighters nationwide!,official_english_gen1_reviewed_chinese_specific_retained_ai_review,pointer_table,high,dialogue_inventory_overlay,ai_source_reviewed,9,yes,"Uses official Gen I field-dialogue style: the visible sprite and encounter identify the sole speaker, so no redundant class label consumes text-bank space.",Reviewed against the matching English Red/Blue/Yellow scene; the Chinese/Famicom wording is retained because the official line omits or contradicts a material source detail. Full-text review: Normalizes nonstandard speaker abbreviation 'KARATEKA:' to 'BLACK BELT:'.,,,,
MAIN:0x03D827,MAIN,1715,D0843,In-game dialogue,0x03D827,0x03CEFC,0x03CEFC,dialogue_19_19,TEAM ROCKET,1777,0x03D826,火箭队:小鬼滚一边去!!,graphical_codes,<B5A2><B5A3><B5A4>:<B0B6><B7B2><B9E7><B1D1><B4D5><B0C7>!!,"Move, brat!",translated_directly_from_chinese_ai_review,pointer_table,high,dialogue_inventory_overlay,ai_source_reviewed,21,yes,"Uses official Gen I field-dialogue style: the visible sprite and encounter identify the sole speaker, so no redundant class label consumes text-bank space.",Compact direct rendering from Chinese; directly restores Team Rocket's order for the child to get out of the way.,,,,
MAIN:0x03D83E,MAIN,1716,D0844,In-game dialogue,0x03D83E,0x03CF62,0x03CF62,dialogue_19_19,,1828,0x03DF7B,得到大师球,ascii,Recieved MasterballThat will catch anyPok@mon without fail! Use it wisely,Got Master Ball!,official_english_gen1_reviewed_chinese_specific_retained_ai_review,pointer_table,high,dialogue_inventory_overlay,ai_source_reviewed,76,yes,Removed redundant English connective wording and tightened syntax for ROM space; uses the official item name for the clearly identified Master Ball acquisition.,Reviewed against the matching English Red/Blue/Yellow scene; the Chinese/Famicom wording is retained because the official line omits or contradicts a material source detail.,,,,
MAIN:0x03D88B,MAIN,1717,D0845,In-game dialogue,0x03D88B,0x03CF70,0x03CF70,dialogue_19_19,,1835,0x03E05B,跆拳道:你想踢馆啊?,ascii,Our Master's a pro!,Challenge our dojo?,translated_directly_from_chinese_ai_review,pointer_table,high,dialogue_inventory_overlay,ai_source_reviewed,19,yes,"Uses official Gen I field-dialogue style: the visible sprite and encounter identify the sole speaker, so no redundant class label consumes text-bank space.",Compact direct rendering from Chinese; renders the martial-arts idiom as a direct challenge to the dojo.,,,,
MAIN:0x03D89F,MAIN,1718,D0846,In-game dialogue,0x03D89F,0x03CF72,0x03CF72,dialogue_19_19,,1836,0x03E06F,空手道:格斗家害怕的是超能力,ascii,Judge! 1 point!,Fighters fear psychic power.,official_english_gen1_reviewed_chinese_specific_retained_ai_review,pointer_table,high,dialogue_inventory_overlay,ai_source_reviewed,15,yes,"Uses official Gen I field-dialogue style: the visible sprite and encounter identify the sole speaker, so no redundant class label consumes text-bank space.",Reviewed against the matching English Red/Blue/Yellow scene; the Chinese/Famicom wording is retained because the official line omits or contradicts a material source detail. Full-text review: Normalizes nonstandard speaker abbreviation 'KARATEKA:' to 'BLACK BELT:'.,,,,
MAIN:0x03D8AF,MAIN,1719,D0847,In-game dialogue,0x03D8AF,0x03CF68,0x03CF68,dialogue_19_19,,1831,0x03DFC7,"跆拳道:听说你很强,那我就不客气了!!",ascii,Nothing scares me!,"I heard you're strong, so I won't hold back!",translated_directly_from_chinese_ai_review,pointer_table,high,dialogue_inventory_overlay,ai_source_reviewed,18,yes,"Uses official Gen I field-dialogue style: the visible sprite and encounter identify the sole speaker, so no redundant class label consumes text-bank space.","Full-text review: Restores the omitted subject and causal link. Omits the contextual one-speaker label 'TAEKWONDO', as in official Gen I field dialogue; the sprite and encounter retain the speaker identity.",,,,
MAIN:0x03D8C2,MAIN,1720,D0848,In-game dialogue,0x03D8C2,0x03CF6A,0x03CF6A,dialogue_19_19,,1832,0x03DFEB,"空手道:大当家是格斗家之神,想挑战你要有相当的觉悟啊!",ascii,Only psychic power scares us!,Our master is a god of combat! Be ready before you face him!,translated_directly_from_chinese_ai_review,pointer_table,high,dialogue_inventory_overlay,ai_source_reviewed,29,yes,"Uses official Gen I field-dialogue style: the visible sprite and encounter identify the sole speaker, so no redundant class label consumes text-bank space.","Full-text review: Restores the missing copula and natural warning while using the official Gen I class; the separately labelled dojo Master remains MASTER. Omits the contextual one-speaker label 'BLACK BELT', as in official Gen I field dialogue; the sprite and encounter retain the speaker identity.",,,,
MAIN:0x03D8E0,MAIN,1721,D0849,In-game dialogue,0x03D8E0,0x03CF6C,0x03CF6C,dialogue_19_19,,1833,0x03E020,空手道:硬的东西一点都不可怕!,ascii,Hoargh!,Nothing hard scares me!,official_english_gen1_reviewed_chinese_specific_retained_ai_review,pointer_table,high,dialogue_inventory_overlay,ai_source_reviewed,7,yes,"Uses official Gen I field-dialogue style: the visible sprite and encounter identify the sole speaker, so no redundant class label consumes text-bank space.","Full-text review: Uses a complete natural rendering of the source boast and official Gen I class. Omits the contextual one-speaker label 'BLACK BELT', as in official Gen I field dialogue; the sprite and encounter retain the speaker identity.",,,,
MAIN:0x03D8E8,MAIN,1722,D0850,In-game dialogue,0x03D8E8,0x03CF6E,0x03CF6E,dialogue_19_19,,1834,0x03E03E,空手道:格斗家害怕的是超能力,ascii,"Ow,Stubbed fingers!",Fighters fear psychic power.,official_english_gen1_reviewed_chinese_specific_retained_ai_review,pointer_table,high,dialogue_inventory_overlay,ai_source_reviewed,19,yes,"Uses official Gen I field-dialogue style: the visible sprite and encounter identify the sole speaker, so no redundant class label consumes text-bank space.",Reviewed against the matching English Red/Blue/Yellow scene; the Chinese/Famicom wording is retained because the official line omits or contradicts a material source detail. Full-text review: Normalizes nonstandard speaker abbreviation 'KARATEKA:' to 'BLACK BELT:'.,,,,
MAIN:0x03D8FC,MAIN,1723,D0851,In-game dialogue,0x03D8FC,0x03CF74,0x03CF74,dialogue_19_19,,1837,0x03E08C,"二当家:我是这个道馆的二当家,你想踢馆!那不能饶恕你!!看招",ascii,Take your shoes off,I'm the dojo's second-in-command! How dare you challenge us! I won't forgive you. Take this!,translated_directly_from_chinese_ai_review,pointer_table,high,dialogue_inventory_overlay,ai_source_reviewed,19,yes,"Uses official Gen I field-dialogue style: the visible sprite and encounter identify the sole speaker, so no redundant class label consumes text-bank space.","Full-text review: Corrects the source role and uses complete natural challenge clauses. Omits the contextual one-speaker label 'DEPUTY', as in official Gen I field dialogue; the sprite and encounter retain the speaker identity.",,,,
MAIN:0x03D910,MAIN,1724,D0852,In-game dialogue,0x03D910,0x03CF76,0x03CF76,dialogue_19_19,,1838,0x03E0C5,二当家:看大当家怎么对付你!!,ascii,You wait 'til you see our master!,Wait until our Master deals with you!,adapted_from_official_english_gen1_with_chinese_fidelity_ai_review,pointer_table,high,dialogue_inventory_overlay,ai_source_reviewed,34,yes,"Uses official Gen I field-dialogue style: the visible sprite and encounter identify the sole speaker, so no redundant class label consumes text-bank space.","Full-text review: Removes an unsupported self-deprecating addition. Omits the contextual one-speaker label 'DEPUTY', as in official Gen I field dialogue; the sprite and encounter retain the speaker identity.",,,,
MAIN:0x03D933,MAIN,1725,D0853,In-game dialogue,0x03D933,0x03CF78,0x03CF78,dialogue_19_19,GRAND MASTER,1839,0x03E0E2,"大当家:我是这个道馆的大当家,你会后悔的!",ascii,I am the Karate Master! Expect no mercy!,I'm this dojo's Master. You'll regret challenging me!,adapted_from_official_english_gen1_with_chinese_fidelity_ai_review,pointer_table,high,dialogue_inventory_overlay,ai_source_reviewed,44,yes,"Uses official Gen I field-dialogue style: the visible sprite and encounter identify the sole speaker, so no redundant class label consumes text-bank space.","Full-text review: Restores the source role and threat without adding mercy. Omits the contextual one-speaker label 'MASTER', as in official Gen I field dialogue; the sprite and encounter retain the speaker identity.",,,,
MAIN:0x03D960,MAIN,1726,D0854,In-game dialogue,0x03D960,0x03CF7A,0x03CF7A,dialogue_19_19,,1840,0x03E10B,"大当家:我输了...你千万别摘我的招牌,不如我送给你我最珍贵的怪兽吧...你是喜欢空手道还是跆拳道??",ascii,"Indeed I have lost!As your trophy, I will give you a prized Fighting Pok@mon! Whichever one you like!",I lost... Spare my sign! Take my prized Pokémon. Karate or taekwondo?,translated_directly_from_chinese_ai_review,pointer_table,high,dialogue_inventory_overlay,ai_source_reviewed,108,yes,"Uses official Gen I field-dialogue style: the visible sprite and encounter identify the sole speaker, so no redundant class label consumes text-bank space.",Compact direct rendering from Chinese; restores the plea to spare the dojo sign and the explicit karate-or-taekwondo prize choice.,,,,
MAIN:0x03D9CD,MAIN,1727,D0855,In-game dialogue,0x03D9CD,0x03CF7C,0x03CF7C,dialogue_19_19,,1841,0x03E169,得到艾比郎,ascii,Got Hitmonchan!,Got Hitmonchan!,official_english_gen1_reviewed_chinese_specific_retained_ai_review,pointer_table,high,dialogue_inventory_overlay,ai_source_reviewed,15,no,,Reviewed against the matching English Red/Blue/Yellow scene; the Chinese/Famicom wording is retained because the official line omits or contradicts a material source detail.,,,,
MAIN:0x03D9DD,MAIN,1728,D0856,In-game dialogue,0x03D9DD,,0x03D082,dialogue_19_19,,1972,0x03F238,得到沙瓦郎,ascii,Got Hitmonlee!,Got Hitmonlee!,official_english_gen1_reviewed_chinese_specific_retained_ai_review,containing_offset,medium,reviewed_source_adjudication,ai_source_reviewed,14,no,,Reviewed against the matching English Red/Blue/Yellow scene; the Chinese/Famicom wording is retained because the official line omits or contradicts a material source detail.,,,,
MAIN:0x03D9EC,MAIN,1729,D0857,In-game dialogue,0x03D9EC,0x03CF7E,0x03CF7E,dialogue_19_19,,1842,0x03E175,裁判:未来的冠军!娜梅的精灵是使用超能力的...格斗系的攻击是没用的!,ascii,Yo Champ! Sabrina'sPok@mon are Psychictypes.Fighting Pok@mon have no chance!,Future Champ! Sabrina uses psychic power. Fighting Pokémon are weak to it!,adapted_from_official_english_gen1_with_chinese_fidelity_ai_review,pointer_table,high,dialogue_inventory_overlay,ai_source_reviewed,76,yes,"Uses official Gen I field-dialogue style: the visible sprite and encounter identify the sole speaker, so no redundant class label consumes text-bank space.",Uses the matching official English Red/Blue/Yellow scene as its primary voice while retaining Chinese-only facts and Famicom-specific terminology.,,,,
MAIN:0x03DA39,MAIN,1730,D0858,In-game dialogue,0x03DA39,0x03CF80,0x03CF80,dialogue_19_19,,1843,0x03E1B7,超能力:娜梅年纪轻轻就掌管这个金黄道馆实力不容小看!,ascii,Sabrina's young butvery strong!,Young Sabrina leads Saffron Gym. Don't underrate her!,official_english_gen1_reviewed_chinese_specific_retained_ai_review,pointer_table,high,dialogue_inventory_overlay,ai_source_reviewed,31,yes,"Uses official Gen I field-dialogue style: the visible sprite and encounter identify the sole speaker, so no redundant class label consumes text-bank space.",Reviewed against the matching English Red/Blue/Yellow scene; the Chinese/Famicom wording is retained because the official line omits or contradicts a material source detail. Full-text review: Normalizes nonstandard speaker abbreviation 'PSY:' to 'PSYCHIC:'.,,,,
MAIN:0x03DA59,MAIN,1731,D0859,In-game dialogue,0x03DA59,0x03CF82,0x03CF82,dialogue_19_19,,1844,0x03E1EB,"超能力:告诉你吧,曾经金黄市有两个道馆,隔壁的道馆在比赛中输了...",ascii,I lost my concentr-ation!,Saffron once had two Gyms. The dojo next door was defeated...,translated_directly_from_chinese_ai_review,pointer_table,high,dialogue_inventory_overlay,ai_source_reviewed,25,yes,"Uses official Gen I field-dialogue style: the visible sprite and encounter identify the sole speaker, so no redundant class label consumes text-bank space.","Full-text review: Restores the complete history and full speaker class. Omits the contextual one-speaker label 'PSYCHIC', as in official Gen I field dialogue; the sprite and encounter retain the speaker identity.",,,,
MAIN:0x03DA73,MAIN,1732,D0860,In-game dialogue,0x03DA73,0x03CF84,0x03CF84,dialogue_19_19,,1845,0x03E22B,精神师:你知道吗?精灵只靠力量是不会赢的!,ascii,Power alone isn't enough!,You know that power alone isn't enough!,adapted_from_official_english_gen1_with_chinese_fidelity_ai_review,pointer_table,high,dialogue_inventory_overlay,ai_source_reviewed,26,yes,"Uses official Gen I field-dialogue style: the visible sprite and encounter identify the sole speaker, so no redundant class label consumes text-bank space.",Uses the matching official English Red/Blue/Yellow scene as its primary voice while retaining Chinese-only facts and Famicom-specific terminology.,,,,
MAIN:0x03DA8E,MAIN,1733,D0861,In-game dialogue,0x03DA8E,0x03CF86,0x03CF86,dialogue_19_19,,1846,0x03E254,超能力:我怎么会输呢?,ascii,Sabrina wiped out the Karate Master next door!,How did I lose?,translated_directly_from_chinese_ai_review,pointer_table,high,dialogue_inventory_overlay,ai_source_reviewed,48,yes,"Uses official Gen I field-dialogue style: the visible sprite and encounter identify the sole speaker, so no redundant class label consumes text-bank space.",Compact direct rendering from Chinese; directly restores the Psychic's disbelief at losing. Full-text review: Normalizes nonstandard speaker abbreviation 'PSY:' to 'PSYCHIC:'.,,,,
MAIN:0x03DABF,MAIN,1734,D0862,In-game dialogue,0x03DABF,0x03CF88,0x03CF88,dialogue_19_19,,1847,0x03E26A,精神师:使用看不到的力量就是使用不超能力!,ascii,Does our unseen power scare you?,Psychic power is an unseen force!,translated_directly_from_chinese_ai_review,pointer_table,high,dialogue_inventory_overlay,ai_source_reviewed,35,yes,"Uses official Gen I field-dialogue style: the visible sprite and encounter identify the sole speaker, so no redundant class label consumes text-bank space.","Full-text review: Restores the missing article and full speaker class. Omits the contextual one-speaker label 'PSYCHIC', as in official Gen I field dialogue; the sprite and encounter retain the speaker identity.",,,,
MAIN:0x03DAE3,MAIN,1735,D0863,In-game dialogue,0x03DAE3,0x03CF8A,0x03CF8A,dialogue_19_19,,1848,0x03E294,超能力:有这样的事?,ascii,I never foresaw this!,How can this be?,translated_directly_from_chinese_ai_review,pointer_table,high,dialogue_inventory_overlay,ai_source_reviewed,24,yes,"Uses official Gen I field-dialogue style: the visible sprite and encounter identify the sole speaker, so no redundant class label consumes text-bank space.",Compact direct rendering from Chinese; directly conveys the speaker's surprise that such an outcome occurred. Full-text review: Normalizes nonstandard speaker abbreviation 'PSY:' to 'PSYCHIC:'.,,,,
MAIN:0x03DAFC,MAIN,1736,D0864,In-game dialogue,0x03DAFC,0x03CF8C,0x03CF8C,dialogue_19_19,,1849,0x03E2A8,超能力:娜梅比我还年轻啊...,ascii,"Sabrina is younger,but I respect her.",Sabrina is younger than me...,translated_directly_from_chinese_ai_review,pointer_table,high,dialogue_inventory_overlay,ai_source_reviewed,37,yes,"Uses official Gen I field-dialogue style: the visible sprite and encounter identify the sole speaker, so no redundant class label consumes text-bank space.",Compact direct rendering from Chinese; restores the comparison between the speaker's age and Sabrina's younger age. Full-text review: Normalizes nonstandard speaker abbreviation 'PSY:' to 'PSYCHIC:'.,,,,
MAIN:0x03DB22,MAIN,1737,D0865,In-game dialogue,0x03DB22,0x03CF8E,0x03CF8E,dialogue_19_19,,1850,0x03E2C4,超能力:想赢娜梅的话必须要有强大的念力!,ascii,The one of strongerwill wins!,You'll need mighty psychic power to beat Sabrina!,translated_directly_from_chinese_ai_review,pointer_table,high,dialogue_inventory_overlay,ai_source_reviewed,29,yes,"Uses official Gen I field-dialogue style: the visible sprite and encounter identify the sole speaker, so no redundant class label consumes text-bank space.","Full-text review: Restores the source requirement as a grammatical sentence. Omits the contextual one-speaker label 'PSYCHIC', as in official Gen I field dialogue; the sprite and encounter retain the speaker identity.",,,,
MAIN:0x03DB40,MAIN,1738,D0866,In-game dialogue,0x03DB40,0x03CF90,0x03CF90,dialogue_19_19,,1851,0x03E2EC,超能力:精灵性格会像主人你知道吗?,ascii,We're famous for our psychics!,Pokémon take after their Trainers. Did you know?,translated_directly_from_chinese_ai_review,pointer_table,high,dialogue_inventory_overlay,ai_source_reviewed,32,yes,"Uses official Gen I field-dialogue style: the visible sprite and encounter identify the sole speaker, so no redundant class label consumes text-bank space.","Full-text review: Uses a natural idiom for shared character. Omits the contextual one-speaker label 'PSYCHIC', as in official Gen I field dialogue; the sprite and encounter retain the speaker identity.",,,,
MAIN:0x03DB61,MAIN,1739,D0867,In-game dialogue,0x03DB61,0x03CF92,0x03CF92,dialogue_19_19,,1852,0x03E30E,超能力:嗯...看来你明白啊,ascii,I foresaw this loss,Hmm... I see you understand.,translated_directly_from_chinese_ai_review,pointer_table,high,dialogue_inventory_overlay,ai_source_reviewed,19,yes,"Uses official Gen I field-dialogue style: the visible sprite and encounter identify the sole speaker, so no redundant class label consumes text-bank space.","Full-text review: Restores the source realization as a complete clause. Omits the contextual one-speaker label 'PSYCHIC', as in official Gen I field dialogue; the sprite and encounter retain the speaker identity.",,,,
MAIN:0x03DB75,MAIN,1740,D0868,In-game dialogue,0x03DB75,0x03CF98,0x03CF98,dialogue_19_19,,1855,0x03E35D,超能力:你想见娜梅吧,ascii,I can read your mind!,You want to see Sabrina?,adapted_from_official_english_gen1_with_chinese_fidelity_ai_review,pointer_table,high,dialogue_inventory_overlay,ai_source_reviewed,24,yes,"Uses official Gen I field-dialogue style: the visible sprite and encounter identify the sole speaker, so no redundant class label consumes text-bank space.",Uses the matching official English Red/Blue/Yellow scene as its primary voice while retaining Chinese-only facts and Famicom-specific terminology.,,,,
MAIN:0x03DB8E,MAIN,1741,D0869,In-game dialogue,0x03DB8E,0x03CF9A,0x03CF9A,dialogue_19_19,,1856,0x03E372,超能力:我不会阻止你的,ascii,You want Sabrina's Gym badge!I see it!,I won't stop you.,translated_directly_from_chinese_ai_review,pointer_table,high,dialogue_inventory_overlay,ai_source_reviewed,38,yes,"Uses official Gen I field-dialogue style: the visible sprite and encounter identify the sole speaker, so no redundant class label consumes text-bank space.",Compact direct rendering from Chinese; faithfully conveys that the Psychic will no longer block the player. Full-text review: Normalizes nonstandard speaker abbreviation 'PSY:' to 'PSYCHIC:'.,,,,
MAIN:0x03DBB5,MAIN,1742,D0870,In-game dialogue,0x03DBB5,0x03CF94,0x03CF94,dialogue_19_19,,1853,0x03E328,"精神师:哦,你不想学超能力吗?",ascii,Our Pok@mon shall fight!,Oh? You don't want to learn psychic powers?,translated_directly_from_chinese_ai_review,pointer_table,high,dialogue_inventory_overlay,ai_source_reviewed,25,yes,"Uses official Gen I field-dialogue style: the visible sprite and encounter identify the sole speaker, so no redundant class label consumes text-bank space.","Full-text review: Restores the complete source question and learning verb. Omits the contextual one-speaker label 'PSYCHIC', as in official Gen I field dialogue; the sprite and encounter retain the speaker identity.",,,,
MAIN:0x03DBCF,MAIN,1743,D0871,In-game dialogue,0x03DBCF,0x03CF96,0x03CF96,dialogue_19_19,,1854,0x03E345,超能力:不想学就算了...,ascii,I lost after all!,"If you don't want to learn, never mind...",translated_directly_from_chinese_ai_review,pointer_table,high,dialogue_inventory_overlay,ai_source_reviewed,17,yes,"Uses official Gen I field-dialogue style: the visible sprite and encounter identify the sole speaker, so no redundant class label consumes text-bank space.","Full-text review: Restores the source's learning choice rather than changing it to training. Omits the contextual one-speaker label 'PSYCHIC', as in official Gen I field dialogue; the sprite and encounter retain the speaker identity.",,,,
MAIN:0x03DBE1,MAIN,1744,D0872,In-game dialogue,0x03DBE1,0x03CF9C,0x03CF9C,dialogue_19_19,SABRINA,1857,0x03E389,"娜梅:我有预感你会来,我是超能力少女,我不喜欢战斗,不过我可以让你看看我的厉害!",ascii,"I had a vision of your arrival! I dislike fighting, but I will show youmy powers!","SABRINA: I foresaw you! I'm psychic. I dislike fighting, but I'll show my power!",adapted_from_official_english_gen1_with_chinese_fidelity_ai_review,pointer_table,high,dialogue_inventory_overlay,ai_source_reviewed,86,no,,Uses the matching official English Red/Blue/Yellow scene as its primary voice while retaining Chinese-only facts and Famicom-specific terminology.,,,,
MAIN:0x03DC38,MAIN,1745,D0873,In-game dialogue,0x03DC38,0x03CF9E,0x03CF9E,dialogue_19_19,SABRINA,1858,0x03E3D6,娜梅:好吧金色徽章就给你吧!还有技能机器40也拿去吧.技能机器40是精神波动!强大的念力使对方受到巨大的伤害,ascii,A loss is a loss. You have earned theMarshbadge. Please take this TM too.,SABRINA: Marsh Badge and TM40 are yours. Psywave's psychic force deals huge damage.,translated_directly_from_chinese_ai_review,pointer_table,high,dialogue_inventory_overlay,ai_source_reviewed,74,yes,Removed redundant English connective wording and tightened syntax for ROM space; uses the matching official badge and move names while preserving the source's TM40 number and damage claim.,Compact direct rendering from Chinese; uses the matching official badge and move names while preserving the source's TM40 number and damage claim.,,,,
MAIN:0x03DC83,MAIN,1746,D0874,In-game dialogue,0x03DC83,0x03CFA0,0x03CFA0,dialogue_19_19,,1859,0x03E43C,得到金色徽章,ascii,Got TM 40!,Got Marsh Badge!,official_english_gen1_reviewed_chinese_specific_retained_ai_review,pointer_table,high,dialogue_inventory_overlay,ai_source_reviewed,10,yes,"Removed redundant English connective wording and tightened syntax for ROM space; identifies the Chinese Golden Badge by its contextually matching official English name, Marsh Badge.",Reviewed against the matching English Red/Blue/Yellow scene; the Chinese/Famicom wording is retained because the official line omits or contradicts a material source detail.,,,,
MAIN:0x03DC8E,MAIN,1747,D0875,In-game dialogue,0x03DC8E,0x03CFA2,0x03CFA2,dialogue_19_19,,1860,0x03E44A,得到技能机器40,ascii,That TM teaches Psybeam.,Got TM40!,official_english_gen1_reviewed_chinese_specific_retained_ai_review,pointer_table,high,dialogue_inventory_overlay,ai_source_reviewed,27,no,,Reviewed against the matching English Red/Blue/Yellow scene; the Chinese/Famicom wording is retained because the official line omits or contradicts a material source detail.,,,,
MAIN:0x03DCAA,MAIN,1748,D0876,In-game dialogue,0x03DCAA,,0x03D084,dialogue_19_19,SABRINA,1973,0x03F244,娜梅:你还有什么事嘛!讨厌!,ascii,All people have Psychic power. Theyjust don't know it.,SABRINA: What else do you want? How annoying!,translated_directly_from_reviewed_chinese_source_ai_review,containing_offset,medium,reviewed_source_adjudication,ai_source_reviewed,57,no,,Restores Sabrina's irritated question from the adjudicated dialogue and discards the unrelated old explanation of psychic power.,,,,
MAIN:0x03DCE4,MAIN,1749,D0877,In-game dialogue,0x03DCE4,0x03CFF0,0x03CFF0,dialogue_19_19,,1899,0x03E7C8,游泳男:我想你已经知道了!,ascii,Yowch!,Now you understand!,translated_directly_from_chinese_ai_review,pointer_table,high,dialogue_inventory_overlay,ai_source_reviewed,6,yes,"Uses official Gen I field-dialogue style: the visible sprite and encounter identify the sole speaker, so no redundant class label consumes text-bank space.","Full-text review: Uses natural English word order. Omits the contextual one-speaker label 'SWIMMER', as in official Gen I field dialogue; the sprite and encounter retain the speaker identity.",,,,
MAIN:0x03DCEB,MAIN,1750,D0878,In-game dialogue,0x03DCEB,0x03CFF2,0x03CFF2,dialogue_19_19,,1900,0x03E7E2,滑雪男:什么我耳朵不好!,ascii,I tried diving for Pok@mon.,What? My hearing isn't good!,translated_directly_from_chinese_ai_review,pointer_table,high,dialogue_inventory_overlay,ai_source_reviewed,27,yes,"Uses official Gen I field-dialogue style: the visible sprite and encounter identify the sole speaker, so no redundant class label consumes text-bank space.","Full-text review: Uses the concise official class label and a complete hearing complaint. Omits the contextual one-speaker label 'SKIER', as in official Gen I field dialogue; the sprite and encounter retain the speaker identity.",,,,
MAIN:0x03DD07,MAIN,1751,D0879,In-game dialogue,0x03DD07,0x03CFF4,0x03CFF4,dialogue_19_19,,1901,0x03E7FA,滑雪男:现在听到了,ascii,You have to fish for Pok@mon!,Now I hear you.,translated_directly_from_chinese_ai_review,pointer_table,high,dialogue_inventory_overlay,ai_source_reviewed,31,yes,"Uses official Gen I field-dialogue style: the visible sprite and encounter identify the sole speaker, so no redundant class label consumes text-bank space.","Full-text review: Uses the concise official class label. Omits the contextual one-speaker label 'SKIER', as in official Gen I field dialogue; the sprite and encounter retain the speaker identity.",,,,
MAIN:0x03DD27,MAIN,1752,D0880,In-game dialogue,0x03DD27,0x03CFE2,0x03CFE2,dialogue_19_19,,1892,0x03E712,滑雪女:你到过双子岛吗?,ascii,Seafoam's a quiet getaway.,Have you been to the Seafoam Islands?,translated_directly_from_chinese_ai_review,pointer_table,high,dialogue_inventory_overlay,ai_source_reviewed,27,yes,"Uses official Gen I field-dialogue style: the visible sprite and encounter identify the sole speaker, so no redundant class label consumes text-bank space.","Full-text review: Uses the concise official class label and complete question. Omits the contextual one-speaker label 'SKIER', as in official Gen I field dialogue; the sprite and encounter retain the speaker identity.",,,,
MAIN:0x03DD43,MAIN,1753,D0881,In-game dialogue,0x03DD43,0x03CFE4,0x03CFE4,dialogue_19_19,,1893,0x03E72A,滑雪女:传说里面有传说中的精灵...,ascii,Quit it!,They say a Legendary Pokémon lives there...,translated_directly_from_chinese_ai_review,pointer_table,high,dialogue_inventory_overlay,ai_source_reviewed,8,yes,"Uses official Gen I field-dialogue style: the visible sprite and encounter identify the sole speaker, so no redundant class label consumes text-bank space.","Full-text review: Uses the concise official class label and complete hearsay clause. Omits the contextual one-speaker label 'SKIER', as in official Gen I field dialogue; the sprite and encounter retain the speaker identity.",,,,
MAIN:0x03DD4C,MAIN,1754,D0882,In-game dialogue,0x03DD4C,0x03CFE6,0x03CFE6,dialogue_19_19,,1894,0x03E74C,成熟姐姐:又是你?,ascii,Wait! Be careful!,You again?,translated_directly_from_chinese_ai_review,pointer_table,high,dialogue_inventory_overlay,ai_source_reviewed,17,yes,"Uses official Gen I field-dialogue style: the visible sprite and encounter identify the sole speaker, so no redundant class label consumes text-bank space.",Directly restores the woman's recognition of the player rather than the unrelated old warning.,,,,
MAIN:0x03DD5E,MAIN,1755,D0883,In-game dialogue,0x03DD5E,0x03CFE8,0x03CFE8,dialogue_19_19,,1895,0x03E75E,"成熟姐姐:如何,不想和我约会吗",ascii,Watch out for Tentacool!,"So, no date with me?",translated_directly_from_chinese_ai_review,pointer_table,high,dialogue_inventory_overlay,ai_source_reviewed,24,yes,"Uses official Gen I field-dialogue style: the visible sprite and encounter identify the sole speaker, so no redundant class label consumes text-bank space.",Compact direct rendering from Chinese; restores the woman's teasing invitation to go on a date.,,,,
MAIN:0x03DD77,MAIN,1756,D0884,In-game dialogue,0x03DD77,0x03CFE0,0x03CFE0,dialogue_19_19,ARTICUNO,1891,0x03E703,急冻鸟:......,ascii,Articuno: Gyaoo!,ARTICUNO: ...,translated_directly_from_chinese_ai_review,pointer_table,high,dialogue_inventory_overlay,ai_source_reviewed,16,no,,Preserves the silent ellipsis in the reviewed Chinese source instead of inventing the old cry.,,,,
MAIN:0x03DD88,MAIN,1757,D0885,In-game dialogue,0x03DD88,0x03CFEA,0x03CFEA,dialogue_19_19,,1896,0x03E77C,游泳女:好可爱的样子,ascii,Can't you swim?,So cute!,translated_directly_from_chinese_ai_review,pointer_table,high,dialogue_inventory_overlay,ai_source_reviewed,15,yes,"Uses official Gen I field-dialogue style: the visible sprite and encounter identify the sole speaker, so no redundant class label consumes text-bank space.",Compact direct rendering from Chinese; restores the female swimmer's remark about the player's cute appearance. Full-text review: Normalizes nonstandard speaker abbreviation 'SWIMMER GIRL:' to 'SWIMMER:'.,,,,
MAIN:0x03DD98,MAIN,1758,D0886,In-game dialogue,0x03DD98,0x03CFEC,0x03CFEC,dialogue_19_19,,1897,0x03E791,游泳女:是吗?太可惜了...,ascii,Torpedoed!,Really? That's too bad...,translated_directly_from_chinese_ai_review,pointer_table,high,dialogue_inventory_overlay,ai_source_reviewed,10,yes,"Uses official Gen I field-dialogue style: the visible sprite and encounter identify the sole speaker, so no redundant class label consumes text-bank space.","Full-text review: Restores the complete reaction and uses the official common Gen I Swimmer class. Omits the contextual one-speaker label 'SWIMMER', as in official Gen I field dialogue; the sprite and encounter retain the speaker identity.",,,,
MAIN:0x03DDA3,MAIN,1759,D0887,In-game dialogue,0x03DDA3,0x03CFC8,0x03CFC8,dialogue_19_19,,1879,0x03E600,游泳男:我比你长的帅!,ascii,Are you on vacationtoo?,I'm more handsome than you!,translated_directly_from_chinese_ai_review,pointer_table,high,dialogue_inventory_overlay,ai_source_reviewed,23,yes,"Uses official Gen I field-dialogue style: the visible sprite and encounter identify the sole speaker, so no redundant class label consumes text-bank space.",Compact direct rendering from Chinese; directly restores the male swimmer's boast about being more handsome. Full-text review: Normalizes nonstandard speaker abbreviation 'M.SWIM:' to 'SWIMMER:'.,,,,
MAIN:0x03DDBB,MAIN,1760,D0888,In-game dialogue,0x03DDBB,0x03CFCA,0x03CFCA,dialogue_19_19,,1880,0x03E616,游泳男:原来你长的比我还帅啊!,ascii,No mercy at all!,You're more handsome than me!,translated_directly_from_chinese_ai_review,pointer_table,high,dialogue_inventory_overlay,ai_source_reviewed,16,yes,"Uses official Gen I field-dialogue style: the visible sprite and encounter identify the sole speaker, so no redundant class label consumes text-bank space.",Compact direct rendering from Chinese; restores the swimmer's admission that the player is actually more handsome than he is. Full-text review: Normalizes nonstandard speaker abbreviation 'M.SWIM:' to 'SWIMMER:'.,,,,
MAIN:0x03DDCC,MAIN,1761,D0889,In-game dialogue,0x03DDCC,0x03CFA8,0x03CFA8,dialogue_19_19,,1863,0x03E48C,游泳男:大海是所有生命的源泉,ascii,Check out my buff physique!,The sea is the source of all life.,translated_directly_from_chinese_ai_review,pointer_table,high,dialogue_inventory_overlay,ai_source_reviewed,28,yes,"Uses official Gen I field-dialogue style: the visible sprite and encounter identify the sole speaker, so no redundant class label consumes text-bank space.","Full-text review: Restores the article and clear class label. Omits the contextual one-speaker label 'SWIMMER', as in official Gen I field dialogue; the sprite and encounter retain the speaker identity.",,,,
MAIN:0x03DDE9,MAIN,1762,D0890,In-game dialogue,0x03DDE9,0x03CFAA,0x03CFAA,dialogue_19_19,,1864,0x03E4A9,游泳男:我明白了!你说的都是对的,ascii,I should buff my Pok@mon up too!,I get it! You're right.,translated_directly_from_chinese_ai_review,pointer_table,high,dialogue_inventory_overlay,ai_source_reviewed,34,yes,"Uses official Gen I field-dialogue style: the visible sprite and encounter identify the sole speaker, so no redundant class label consumes text-bank space.",Compact direct rendering from Chinese; restores the swimmer's realization and admission that the player was right. Full-text review: Normalizes nonstandard speaker abbreviation 'M.SWIM:' to 'SWIMMER:'.,,,,
MAIN:0x03DE0C,MAIN,1763,D0891,In-game dialogue,0x03DE0C,0x03CFC4,0x03CFC4,dialogue_19_19,,1877,0x03E5D0,游泳女:你要去哪里?,ascii,I rode my Pok@mon here!,Where are you going?,translated_directly_from_chinese_ai_review,pointer_table,high,dialogue_inventory_overlay,ai_source_reviewed,24,yes,"Uses official Gen I field-dialogue style: the visible sprite and encounter identify the sole speaker, so no redundant class label consumes text-bank space.","Full-text review: Restores the complete question and uses the official common Gen I Swimmer class. Omits the contextual one-speaker label 'SWIMMER', as in official Gen I field dialogue; the sprite and encounter retain the speaker identity.",,,,
MAIN:0x03DE25,MAIN,1764,D0892,In-game dialogue,0x03DE25,0x03CFC6,0x03CFC6,dialogue_19_19,,1878,0x03E5E4,游泳女:你去哪里我管不着...,ascii,Oh no!,Go wherever you want. It's none of my concern...,translated_directly_from_chinese_ai_review,pointer_table,high,dialogue_inventory_overlay,ai_source_reviewed,6,yes,"Uses official Gen I field-dialogue style: the visible sprite and encounter identify the sole speaker, so no redundant class label consumes text-bank space.","Full-text review: Replaces two clipped clauses with natural English and uses the official common Gen I Swimmer class. Omits the contextual one-speaker label 'SWIMMER', as in official Gen I field dialogue; the sprite and encounter retain the speaker identity.",,,,
MAIN:0x03DE2C,MAIN,1765,D0893,In-game dialogue,0x03DE2C,0x03CFBC,0x03CFBC,dialogue_19_19,,1873,0x03E57A,游泳女:不要盯着人家看!,ascii,My boyfriend gave me pearls!,Don't stare!,translated_directly_from_chinese_ai_review,pointer_table,high,dialogue_inventory_overlay,ai_source_reviewed,29,yes,"Uses official Gen I field-dialogue style: the visible sprite and encounter identify the sole speaker, so no redundant class label consumes text-bank space.",Compact direct rendering from Chinese; restores the swimmer's demand that the player stop staring at her. Full-text review: Normalizes nonstandard speaker abbreviation 'SWIMMER GIRL:' to 'SWIMMER:'.,,,,
MAIN:0x03DE4A,MAIN,1766,D0894,In-game dialogue,0x03DE4A,0x03CFBE,0x03CFBE,dialogue_19_19,,1874,0x03E592,游泳女:请随便看,ascii,They grew inside a Cloyster!,Look all you like.,translated_directly_from_chinese_ai_review,pointer_table,high,dialogue_inventory_overlay,ai_source_reviewed,28,yes,"Uses official Gen I field-dialogue style: the visible sprite and encounter identify the sole speaker, so no redundant class label consumes text-bank space.",Compact direct rendering from Chinese; preserves the swimmer's reversal and invitation to look freely. Full-text review: Normalizes nonstandard speaker abbreviation 'SWIMMER GIRL:' to 'SWIMMER:'.,,,,
MAIN:0x03DE67,MAIN,1767,D0895,In-game dialogue,0x03DE67,0x03CFC0,0x03CFC0,dialogue_19_19,,1875,0x03E5A3,游泳女:你想干什么?,ascii,I'm swimming to Cinnabar Island!,What do you want?,translated_directly_from_chinese_ai_review,pointer_table,high,dialogue_inventory_overlay,ai_source_reviewed,35,yes,"Uses official Gen I field-dialogue style: the visible sprite and encounter identify the sole speaker, so no redundant class label consumes text-bank space.",Compact direct rendering from Chinese; directly restores the swimmer's question about what the player wants. Full-text review: Normalizes nonstandard speaker abbreviation 'SWIMMER GIRL:' to 'SWIMMER:'.,,,,
MAIN:0x03DE8B,MAIN,1768,D0896,In-game dialogue,0x03DE8B,0x03CFC2,0x03CFC2,dialogue_19_19,,1876,0x03E5B7,游泳女:想干什么都可以啦,ascii,I'm so disappointed,"Fine, anything goes.",translated_directly_from_chinese_ai_review,pointer_table,high,dialogue_inventory_overlay,ai_source_reviewed,19,yes,"Uses official Gen I field-dialogue style: the visible sprite and encounter identify the sole speaker, so no redundant class label consumes text-bank space.",Compact direct rendering from Chinese; naturally conveys the swimmer's eventual permission to do whatever the player wants. Full-text review: Normalizes nonstandard speaker abbreviation 'SWIMMER GIRL:' to 'SWIMMER:'.,,,,
MAIN:0x03DE9F,MAIN,1769,D0897,In-game dialogue,0x03DE9F,0x03CFA4,0x03CFA4,dialogue_19_19,,1861,0x03E45A,游泳男:和我一起玩吧!,ascii,Cinnabar has a lab for Pok@mon.,Play with me!,translated_directly_from_chinese_ai_review,pointer_table,high,dialogue_inventory_overlay,ai_source_reviewed,31,yes,"Uses official Gen I field-dialogue style: the visible sprite and encounter identify the sole speaker, so no redundant class label consumes text-bank space.",Compact direct rendering from Chinese; restores the male swimmer's invitation to play together. Full-text review: Normalizes nonstandard speaker abbreviation 'M.SWIM:' to 'SWIMMER:'.,,,,
MAIN:0x03DEBF,MAIN,1770,D0898,In-game dialogue,0x03DEBF,0x03CFA6,0x03CFA6,dialogue_19_19,,1862,0x03E470,"游泳男:对不起,我知道你很忙",ascii,Cinnabar is a volc-anic island!,Sorry. I know you're busy.,translated_directly_from_chinese_ai_review,pointer_table,high,dialogue_inventory_overlay,ai_source_reviewed,31,yes,"Uses official Gen I field-dialogue style: the visible sprite and encounter identify the sole speaker, so no redundant class label consumes text-bank space.","Full-text review: Restores the source's knowledge clause. Omits the contextual one-speaker label 'SWIMMER', as in official Gen I field dialogue; the sprite and encounter retain the speaker identity.",,,,
MAIN:0x03DEDF,MAIN,1771,D0899,In-game dialogue,0x03DEDF,0x03CFFE,0x03CFFE,dialogue_19_19,,1906,0x03E8A0,博士:我一直都在研究珍贵的化石你有不错的化石吗?,ascii,"Hi,I study Pok@mon!You have a fossil for me?",Hiya! I study rare Pokémon fossils. Have one?,adapted_from_official_english_gen1_with_chinese_fidelity_ai_review,pointer_table,high,dialogue_inventory_overlay,ai_source_reviewed,45,yes,"Uses official Gen I field-dialogue style: the visible sprite and encounter identify the sole speaker, so no redundant class label consumes text-bank space.",Uses the matching official English Red/Blue/Yellow scene as its primary voice while retaining Chinese-only facts and Famicom-specific terminology.,,,,
MAIN:0x03DF0D,MAIN,1772,,Raw text,0x03DF0D,,0x03CF60,raw,,1827,0x03DF0F,"社长:少年!谢谢你救了我,在我最需要帮助的时候救了我!这恩情我不会忘的...对了!这礼物可不能忘了!就给你这个好吗?",graphical_codes,"000<BAAB><B2EB>:<B3E9><B3EA>!<B0D8><B0D8><B0C5><B6F1><B0F8><B1C2>,<B0B8><B1C2><B3F2><B3C7><B0C3><B7D7><B9CD><B0BC><B0F0><B7CD><B6F1><B0F8><B1C2>!<B0EE><BAB5><B7AB><B1C2><B0CE><B1F9><B2E5><B0BC>...<B0E7><B0F8>!<B0EE><B6CE><B0C1><B0DE><B0CE><B0EC><B2E5><B0F8>!<B2AB><B0C4><B0C5><B0EE><B0BA><B1B4><B0D7>?",PRESIDENT: Thanks for saving me! I'll never forget it. Oh! I must give you a gift! How about this?,translated_directly_from_reviewed_chinese_source_ai_review,containing_offset,medium,reviewed_source_adjudication,ai_source_reviewed,109,yes,"Uses official Gen I field-dialogue style: the visible sprite and encounter identify the sole speaker, so no redundant class label consumes text-bank space.",Non-live overlap cell: reference 0x03CF60 resolves to MAIN:0x03D7CB at final target 0x03B1E6; this MAIN row is not a displayed ROM surface.,,,,
MAIN:0x03DF7B,MAIN,1773,,Ordinary text,0x03DF7B,,0x03CF62,,,1828,0x03DF7B,得到大师球,graphical_codes,<0A><B2C1><B0DB><B1BE><B2DF><B0BD>,Got M.Ball!,translated_directly_from_reviewed_chinese_source_ai_review,exact_offset,medium,reviewed_source_adjudication,ai_source_reviewed,11,yes,Fixed 11-byte cell; M.Ball preserves both the acquisition and the specific Master Ball item.,Restores the Master Ball acquisition message; M.Ball is the fixed-cell abbreviation of the official item name.,,,,
MAIN:0x03DF87,MAIN,1774,D0900,In-game dialogue,0x03DF87,0x03D000,0x03D000,dialogue_19_19,,1907,0x03E8D0,博士:啊?这个是古代菊石兽的化石!!如果使用我的再生机器一定可以让他复活!!把化石交给我吧,ascii,Oh! That's a Helix Fossil! It is a fossil of Omanyte!,A Helix Fossil from an ancient Omanyte! My machine can revive it. Hand it over!,translated_directly_from_chinese_ai_review,pointer_table,high,dialogue_inventory_overlay,ai_source_reviewed,56,yes,"Uses official Gen I field-dialogue style: the visible sprite and encounter identify the sole speaker, so no redundant class label consumes text-bank space.","Full-text review: Uses a consistent speaker label and grammatical fossil identification. Omits the contextual one-speaker label 'DOCTOR', as in official Gen I field dialogue; the sprite and encounter retain the speaker identity.",,,,
MAIN:0x03DFC0,MAIN,1775,D0901,In-game dialogue,0x03DFC0,0x03D002,0x03D002,dialogue_19_19,,1908,0x03E926,再生机器再生出菊石兽,ascii,My Resurrection machine will give Omanyte new life!,The machine revived Omanyte!,translated_directly_from_chinese_ai_review,pointer_table,high,dialogue_inventory_overlay,ai_source_reviewed,55,yes,"Uses complete, natural English while respecting dialogue pagination and ROM bank limits; no displayed word is truncated.",Compact direct rendering from Chinese; directly reports that the machine has restored Omanyte to life. Full-text review: Restores the missing article.,,,,
MAIN:0x03DFF8,MAIN,1776,D0902,In-game dialogue,0x03DFF8,0x03D004,0x03D004,dialogue_19_19,,1909,0x03E93C,得到菊石兽,ascii,Got Omanyte!,Got Omanyte!,official_english_gen1_reviewed_chinese_specific_retained_ai_review,pointer_table,high,dialogue_inventory_overlay,ai_source_reviewed,12,no,,Reviewed against the matching English Red/Blue/Yellow scene; the Chinese/Famicom wording is retained because the official line omits or contradicts a material source detail.,,,,
MAIN:0x03E005,MAIN,1777,D0903,In-game dialogue,0x03E005,0x03D006,0x03D006,dialogue_19_19,,1910,0x03E948,博士:啊?这个是古代化石盔的化石!!如果使用我的再生机器一定可以让他复活!!把化石交给我吧,ascii,Oh! That's a Dome Fossil! It is a fossil of Kabuto!,A Dome Fossil from an ancient Kabuto! My machine can revive it. Hand it over!,translated_directly_from_chinese_ai_review,pointer_table,high,dialogue_inventory_overlay,ai_source_reviewed,56,yes,"Uses official Gen I field-dialogue style: the visible sprite and encounter identify the sole speaker, so no redundant class label consumes text-bank space.","Full-text review: Uses a consistent speaker label and grammatical fossil identification. Omits the contextual one-speaker label 'DOCTOR', as in official Gen I field dialogue; the sprite and encounter retain the speaker identity.",,,,
MAIN:0x03E03E,MAIN,1778,D0904,In-game dialogue,0x03E03E,0x03D008,0x03D008,dialogue_19_19,,1911,0x03E99E,再生机器再生出化石盔,ascii,My Resurrection machine will give Kabuto new life!,The machine revived Kabuto!,official_english_gen1_reviewed_chinese_specific_retained_ai_review,pointer_table,high,dialogue_inventory_overlay,ai_source_reviewed,55,yes,"Uses complete, natural English while respecting dialogue pagination and ROM bank limits; no displayed word is truncated.",Reviewed against the matching English Red/Blue/Yellow scene; the Chinese/Famicom wording is retained because the official line omits or contradicts a material source detail. Full-text review: Restores the missing article.,,,,
MAIN:0x03E076,MAIN,1779,D0905,In-game dialogue,0x03E076,0x03D00A,0x03D00A,dialogue_19_19,,1912,0x03E9B4,得到化石盔,ascii,Got Kabuto!,Got Kabuto!,official_english_gen1_reviewed_chinese_specific_retained_ai_review,pointer_table,high,dialogue_inventory_overlay,ai_source_reviewed,11,no,,Reviewed against the matching English Red/Blue/Yellow scene; the Chinese/Famicom wording is retained because the official line omits or contradicts a material source detail.,,,,
MAIN:0x03E082,MAIN,1780,D0906,In-game dialogue,0x03E082,0x03D00C,0x03D00C,dialogue_19_19,,1913,0x03E9C0,小偷:这种地方没想到还有人,ascii,Who're you!?,"Someone here, of all places?",translated_directly_from_chinese_ai_review,pointer_table,high,dialogue_inventory_overlay,ai_source_reviewed,12,yes,"Uses official Gen I field-dialogue style: the visible sprite and encounter identify the sole speaker, so no redundant class label consumes text-bank space.",Compact direct rendering from Chinese; restores the burglar's surprise at encountering someone in such a place.,,,,
MAIN:0x03E08F,MAIN,1781,D0907,In-game dialogue,0x03E08F,0x03D00E,0x03D00E,dialogue_19_19,,1914,0x03E9DB,小偷:我知道错了...,ascii,I don't know about a key!,I was wrong...,translated_directly_from_chinese_ai_review,pointer_table,high,dialogue_inventory_overlay,ai_source_reviewed,25,yes,"Uses official Gen I field-dialogue style: the visible sprite and encounter identify the sole speaker, so no redundant class label consumes text-bank space.",Compact direct rendering from Chinese; preserves the burglar's admission of wrongdoing instead of the unrelated old denial.,,,,
MAIN:0x03E0A9,MAIN,1782,D0908,In-game dialogue,0x03E0A9,0x03D014,0x03D014,dialogue_19_19,,1917,0x03EA15,研究员:这个研究所被火山给毁了,ascii,My Mentor used to live here.,The volcano destroyed this lab.,translated_directly_from_chinese_ai_review,pointer_table,high,dialogue_inventory_overlay,ai_source_reviewed,29,yes,"Uses official Gen I field-dialogue style: the visible sprite and encounter identify the sole speaker, so no redundant class label consumes text-bank space.","Full-text review: Restores the missing article and uses the natural destruction verb. Omits the contextual one-speaker label 'SCIENTIST', as in official Gen I field dialogue; the sprite and encounter retain the speaker identity.",,,,
MAIN:0x03E0C7,MAIN,1783,D0909,In-game dialogue,0x03E0C7,0x03D016,0x03D016,dialogue_19_19,,1918,0x03EA34,研究员:这里面应该有珍稀的精灵...,ascii,He discovered a NewPok@mon and named it Mew.,There should still be rare Pokémon inside...,translated_directly_from_chinese_ai_review,pointer_table,high,dialogue_inventory_overlay,ai_source_reviewed,45,yes,"Uses official Gen I field-dialogue style: the visible sprite and encounter identify the sole speaker, so no redundant class label consumes text-bank space.","Full-text review: Restores the existential construction. Omits the contextual one-speaker label 'SCIENTIST', as in official Gen I field dialogue; the sprite and encounter retain the speaker identity.",,,,
MAIN:0x03E0F5,MAIN,1784,D0910,In-game dialogue,0x03E0F5,0x03D010,0x03D010,dialogue_19_19,,1915,0x03E9EF,研究员:你来干什么,ascii,We used Mew's DNA to create a clone!,Why are you here?,translated_directly_from_chinese_ai_review,pointer_table,high,dialogue_inventory_overlay,ai_source_reviewed,37,yes,"Uses official Gen I field-dialogue style: the visible sprite and encounter identify the sole speaker, so no redundant class label consumes text-bank space.",Compact direct rendering from Chinese; directly restores the scientist's question about why the player came there. Full-text review: Normalizes nonstandard speaker abbreviation 'SCI:' to 'SCIENTIST:'.,,,,
MAIN:0x03E11B,MAIN,1785,D0911,In-game dialogue,0x03E11B,0x03D012,0x03D012,dialogue_19_19,,1916,0x03EA02,研究员:请随便参观,ascii,"We named the new Pok@mon, Mewtwo.",Feel free to look around.,translated_directly_from_chinese_ai_review,pointer_table,high,dialogue_inventory_overlay,ai_source_reviewed,35,yes,"Uses official Gen I field-dialogue style: the visible sprite and encounter identify the sole speaker, so no redundant class label consumes text-bank space.","Full-text review: Uses the idiomatic invitation. Omits the contextual one-speaker label 'SCIENTIST', as in official Gen I field dialogue; the sprite and encounter retain the speaker identity.",,,,
MAIN:0x03E13F,MAIN,1786,D0912,In-game dialogue,0x03E13F,0x03D01E,0x03D01E,dialogue_19_19,,1922,0x03EA9A,研究员:真不小心...,ascii,Mewtwo is far too powerful.We failed to curb its vicioustendencies...,How careless of me...,translated_directly_from_chinese_ai_review,pointer_table,high,dialogue_inventory_overlay,ai_source_reviewed,70,yes,"Uses official Gen I field-dialogue style: the visible sprite and encounter identify the sole speaker, so no redundant class label consumes text-bank space.","Full-text review: Restores the speaker in the reaction. Omits the contextual one-speaker label 'SCIENTIST', as in official Gen I field dialogue; the sprite and encounter retain the speaker identity.",,,,
MAIN:0x03E186,MAIN,1787,D0913,In-game dialogue,0x03E186,0x03D018,0x03D018,dialogue_19_19,,1919,0x03EA56,小偷:糟了!被发现了,ascii,This place is huge!,Oh no! You found me!,translated_directly_from_chinese_ai_review,pointer_table,high,dialogue_inventory_overlay,ai_source_reviewed,19,yes,"Uses official Gen I field-dialogue style: the visible sprite and encounter identify the sole speaker, so no redundant class label consumes text-bank space.","Full-text review: Restores the subject and source discovery. Omits the contextual one-speaker label 'THIEF', as in official Gen I field dialogue; the sprite and encounter retain the speaker identity.",,,,
MAIN:0x03E19A,MAIN,1788,D0914,In-game dialogue,0x03E19A,0x03D01A,0x03D01A,dialogue_19_19,,1920,0x03EA6A,小偷:放过我吧,ascii,I wonder where my partner went.,Spare me!,translated_directly_from_chinese_ai_review,pointer_table,high,dialogue_inventory_overlay,ai_source_reviewed,32,yes,"Uses official Gen I field-dialogue style: the visible sprite and encounter identify the sole speaker, so no redundant class label consumes text-bank space.",Compact direct rendering from Chinese; directly restores the burglar's plea to be spared.,,,,
MAIN:0x03E1BB,MAIN,1789,D0915,In-game dialogue,0x03E1BB,0x03D020,0x03D020,dialogue_19_19,,1923,0x03EAAE,裁判:未来的冠军!热情的阿桂是炎系的行家,ascii,Yo Champ! Blaine isa fire Pok@mon pro!Douse his spirits with water!,Future Champ! Hot-headed Blaine is a Fire Pokémon pro!,adapted_from_official_english_gen1_with_chinese_fidelity_ai_review,pointer_table,high,dialogue_inventory_overlay,ai_source_reviewed,68,yes,"Uses official Gen I field-dialogue style: the visible sprite and encounter identify the sole speaker, so no redundant class label consumes text-bank space.",Uses the matching official English Red/Blue/Yellow scene as its primary voice while retaining Chinese-only facts and Famicom-specific terminology.,,,,
MAIN:0x03E200,MAIN,1790,D0916,In-game dialogue,0x03E200,0x03D02E,0x03D02E,dialogue_19_19,,1930,0x03EB71,研究员:反正就是喜欢炎系的精灵!,ascii,I'll tell you how to get to Blaine ifyou beat me!,I just love Fire-types!,translated_directly_from_chinese_ai_review,pointer_table,high,dialogue_inventory_overlay,ai_source_reviewed,50,yes,"Uses official Gen I field-dialogue style: the visible sprite and encounter identify the sole speaker, so no redundant class label consumes text-bank space.",Compact direct rendering from Chinese; restores the scientist's straightforward enthusiasm for Fire-type Pokémon. Full-text review: Normalizes nonstandard speaker abbreviation 'SCI:' to 'SCIENTIST:'.,,,,
MAIN:0x03E233,MAIN,1791,D0917,In-game dialogue,0x03E233,0x03D030,0x03D030,dialogue_19_19,,1931,0x03EB91,研究员:烧起来了...,ascii,These computers operate the doors.,I'm burning up...,translated_directly_from_chinese_ai_review,pointer_table,high,dialogue_inventory_overlay,ai_source_reviewed,37,yes,"Uses official Gen I field-dialogue style: the visible sprite and encounter identify the sole speaker, so no redundant class label consumes text-bank space.","Full-text review: Restores the omitted subject and auxiliary. Omits the contextual one-speaker label 'SCIENTIST', as in official Gen I field dialogue; the sprite and encounter retain the speaker identity.",,,,
MAIN:0x03E259,MAIN,1792,D0918,In-game dialogue,0x03E259,0x03D02A,0x03D02A,dialogue_19_19,,1928,0x03EB3E,研究员:火系是最强的!!,ascii,"I'll win, I have studied hard!",Fire is the strongest!,translated_directly_from_chinese_ai_review,pointer_table,high,dialogue_inventory_overlay,ai_source_reviewed,32,yes,"Uses official Gen I field-dialogue style: the visible sprite and encounter identify the sole speaker, so no redundant class label consumes text-bank space.","Full-text review: Restores the missing article and full class label. Omits the contextual one-speaker label 'SCIENTIST', as in official Gen I field dialogue; the sprite and encounter retain the speaker identity.",,,,
MAIN:0x03E27A,MAIN,1793,D0919,In-game dialogue,0x03E27A,0x03D02C,0x03D02C,dialogue_19_19,,1929,0x03EB55,研究员:还需要多做点研究...,ascii,Waah! My Studies!,I need to do more research...,translated_directly_from_chinese_ai_review,pointer_table,high,dialogue_inventory_overlay,ai_source_reviewed,17,yes,"Uses official Gen I field-dialogue style: the visible sprite and encounter identify the sole speaker, so no redundant class label consumes text-bank space.","Full-text review: Restores the omitted subject and verb. Omits the contextual one-speaker label 'SCIENTIST', as in official Gen I field dialogue; the sprite and encounter retain the speaker identity.",,,,
MAIN:0x03E28C,MAIN,1794,D0920,In-game dialogue,0x03E28C,0x03D026,0x03D026,dialogue_19_19,,1926,0x03EB0F,研究员:能过我这关吗?,ascii,I just like using fire Pok@mon!,Can you pass me?,translated_directly_from_chinese_ai_review,pointer_table,high,dialogue_inventory_overlay,ai_source_reviewed,32,yes,"Uses official Gen I field-dialogue style: the visible sprite and encounter identify the sole speaker, so no redundant class label consumes text-bank space.",Compact direct rendering from Chinese; naturally renders the scientist's challenge about whether the player can pass his test. Full-text review: Normalizes nonstandard speaker abbreviation 'SCI:' to 'SCIENTIST:'.,,,,
MAIN:0x03E2AD,MAIN,1795,D0921,In-game dialogue,0x03E2AD,0x03D028,0x03D028,dialogue_19_19,,1927,0x03EB25,研究员:哈哈你可以过去了,ascii,Too hot to handle!,Ha ha! You may pass.,translated_directly_from_chinese_ai_review,pointer_table,high,dialogue_inventory_overlay,ai_source_reviewed,18,yes,"Uses official Gen I field-dialogue style: the visible sprite and encounter identify the sole speaker, so no redundant class label consumes text-bank space.",Compact direct rendering from Chinese; preserves the scientist's amused permission for the player to continue. Full-text review: Normalizes nonstandard speaker abbreviation 'SCI:' to 'SCIENTIST:'.,,,,
MAIN:0x03E2C0,MAIN,1796,D0922,In-game dialogue,0x03E2C0,0x03D032,0x03D032,dialogue_19_19,,1932,0x03EBA5,研究员:你知道精灵喜欢什么吗?,ascii,Fire's weak againstwater!,Do you know what Pokémon like?,translated_directly_from_chinese_ai_review,pointer_table,high,dialogue_inventory_overlay,ai_source_reviewed,25,yes,"Uses official Gen I field-dialogue style: the visible sprite and encounter identify the sole speaker, so no redundant class label consumes text-bank space.","Full-text review: Restores the complete question. Omits the contextual one-speaker label 'SCIENTIST', as in official Gen I field dialogue; the sprite and encounter retain the speaker identity.",,,,
MAIN:0x03E2DA,MAIN,1797,D0923,In-game dialogue,0x03E2DA,0x03D034,0x03D034,dialogue_19_19,,1933,0x03EBC3,研究员:怎么会...,ascii,Fire melts ice!,How could this be...,translated_directly_from_chinese_ai_review,pointer_table,high,dialogue_inventory_overlay,ai_source_reviewed,15,yes,"Uses official Gen I field-dialogue style: the visible sprite and encounter identify the sole speaker, so no redundant class label consumes text-bank space.",Compact direct rendering from Chinese; preserves the scientist's stunned disbelief after the outcome. Full-text review: Normalizes nonstandard speaker abbreviation 'SCI:' to 'SCIENTIST:'.,,,,
MAIN:0x03E2EA,MAIN,1798,D0924,In-game dialogue,0x03E2EA,0x03D036,0x03D036,dialogue_19_19,,1934,0x03EBD5,小偷:去过许多道馆这个道馆最适合偷了,ascii,I know why Blaine'sa trainer!,"I've been to many Gyms, but this one is the easiest to rob!",translated_directly_from_chinese_ai_review,pointer_table,high,dialogue_inventory_overlay,ai_source_reviewed,29,yes,"Uses official Gen I field-dialogue style: the visible sprite and encounter identify the sole speaker, so no redundant class label consumes text-bank space.","Full-text review: Restores the subject and grammatical comparison. Omits the contextual one-speaker label 'THIEF', as in official Gen I field dialogue; the sprite and encounter retain the speaker identity.",,,,
MAIN:0x03E308,MAIN,1799,D0925,In-game dialogue,0x03E308,0x03D038,0x03D038,dialogue_19_19,,1935,0x03EBFA,小偷:好热,ascii,A fiery bird helpedBlaine off a mount-ain when he was lost!,It's so hot!,translated_directly_from_chinese_ai_review,pointer_table,high,dialogue_inventory_overlay,ai_source_reviewed,62,yes,"Uses official Gen I field-dialogue style: the visible sprite and encounter identify the sole speaker, so no redundant class label consumes text-bank space.",Compact direct rendering from Chinese; directly restores the burglar's brief complaint about the heat.,,,,
MAIN:0x03E347,MAIN,1800,D0926,In-game dialogue,0x03E347,0x03D022,0x03D022,dialogue_19_19,,1924,0x03EAD6,"小偷:以前我是小偷,如今金盆洗手了",ascii,This is my favoritegym of all!,I'm a reformed thief.,translated_directly_from_chinese_ai_review,pointer_table,high,dialogue_inventory_overlay,ai_source_reviewed,30,yes,"Uses official Gen I field-dialogue style: the visible sprite and encounter identify the sole speaker, so no redundant class label consumes text-bank space.","Full-text review: Turns two noun fragments into an idiomatic sentence. Omits the contextual one-speaker label 'THIEF', as in official Gen I field dialogue; the sprite and encounter retain the speaker identity.",,,,
MAIN:0x03E366,MAIN,1801,D0927,In-game dialogue,0x03E366,0x03D024,0x03D024,dialogue_19_19,,1925,0x03EAF8,小偷:哈哈你可以过去了,ascii,Yowza! Too hot!,Ha ha! You may pass.,translated_directly_from_chinese_ai_review,pointer_table,high,dialogue_inventory_overlay,ai_source_reviewed,15,yes,"Uses official Gen I field-dialogue style: the visible sprite and encounter identify the sole speaker, so no redundant class label consumes text-bank space.",Compact direct rendering from Chinese; restores the burglar's amused permission for the player to continue.,,,,
MAIN:0x03E376,MAIN,1802,D0928,In-game dialogue,0x03E376,0x03D03E,0x03D03E,dialogue_19_19,BLAINE,1938,0x03EC46,阿桂:我是热情的男子汉!!这个火焰之岛红莲岛道馆的馆主就是我!!看看我的火焰精灵的厉害!,ascii,I am Cinnabar Gym Leader Blaine! My Pok@mon will incin-erate all those whochallenge me!,BLAINE: I'm a fiery man and the Leader of Cinnabar Island's Gym! Behold my Fire Pokémon!,translated_directly_from_chinese_ai_review,pointer_table,high,dialogue_inventory_overlay,ai_source_reviewed,89,yes,"Uses complete, natural English while respecting dialogue pagination and ROM bank limits; no displayed word is truncated.",Compact direct rendering from Chinese; uses the matching official names while preserving Blaine's fiery self-introduction and challenge to face his Pokémon. Full-text review: Uses the grammatical official location and restores the article before Blaine's role.,,,,
MAIN:0x03E3D0,MAIN,1803,D0929,In-game dialogue,0x03E3D0,0x03D040,0x03D040,dialogue_19_19,BLAINE,1939,0x03EC9A,阿桂:哈哈你更适合拥有红色徽章!我输的心服口服...红色徽章能提高你所有精灵的攻击力,ascii,I've burnt out! Youearned the Volcano Badge! Congratulations!,BLAINE: Ha ha! You earned the Volcano Badge. I admit defeat. It boosts every Pokémon's Attack!,translated_directly_from_chinese_ai_review,pointer_table,high,dialogue_inventory_overlay,ai_source_reviewed,73,yes,"Uses complete, natural English while respecting dialogue pagination and ROM bank limits; no displayed word is truncated.","Keeps Blaine's laughter, judgment that the player deserves the Volcano Badge, explicit wholehearted concession of defeat, and the badge's Attack boost for all Pokémon. Full-text review: Restores the Badge article and uses natural defeat and effect clauses.",,,,
MAIN:0x03E41A,MAIN,1804,D0930,In-game dialogue,0x03E41A,0x03D052,0x03D052,dialogue_19_19,,1948,0x03EDC6,游泳男:我的鲤鱼王队伍天下无双!,ascii,I'm in a triathlon meet!,No team can beat my Magikarp!,translated_directly_from_chinese_ai_review,pointer_table,high,dialogue_inventory_overlay,ai_source_reviewed,24,yes,"Uses official Gen I field-dialogue style: the visible sprite and encounter identify the sole speaker, so no redundant class label consumes text-bank space.","Full-text review: Recasts the stilted peerless claim in natural English. Omits the contextual one-speaker label 'SWIMMER', as in official Gen I field dialogue; the sprite and encounter retain the speaker identity.",,,,
MAIN:0x03E433,MAIN,1805,D0931,In-game dialogue,0x03E433,0x03D054,0x03D054,dialogue_19_19,,1949,0x03EDE6,游泳男:真糟糕...大败了,ascii,Man I'm beat!,What a disaster... I lost badly.,translated_directly_from_chinese_ai_review,pointer_table,high,dialogue_inventory_overlay,ai_source_reviewed,13,yes,"Uses official Gen I field-dialogue style: the visible sprite and encounter identify the sole speaker, so no redundant class label consumes text-bank space.","Full-text review: Turns the noun fragment into a natural defeat line. Omits the contextual one-speaker label 'SWIMMER', as in official Gen I field dialogue; the sprite and encounter retain the speaker identity.",,,,
MAIN:0x03E441,MAIN,1806,D0932,In-game dialogue,0x03E441,0x03D04A,0x03D04A,dialogue_19_19,,1944,0x03ED67,游泳男:再过去就是真新镇了...,ascii,The sea cleanses the body and soul!,Pallet Town is just ahead...,translated_directly_from_chinese_ai_review,pointer_table,high,dialogue_inventory_overlay,ai_source_reviewed,37,yes,"Uses official Gen I field-dialogue style: the visible sprite and encounter identify the sole speaker, so no redundant class label consumes text-bank space.",Compact direct rendering from Chinese; uses the official Pallet Town name and preserves the direction that it lies just beyond this point. Full-text review: Normalizes nonstandard speaker abbreviation 'M.SWIM:' to 'SWIMMER:'.,,,,
MAIN:0x03E467,MAIN,1807,D0933,In-game dialogue,0x03E467,0x03D04C,0x03D04C,dialogue_19_19,,1945,0x03ED85,游泳男:你的家就在真新镇啊,ascii,I like mountains as well.,Pallet Town is your home.,translated_directly_from_chinese_ai_review,pointer_table,high,dialogue_inventory_overlay,ai_source_reviewed,27,yes,"Uses official Gen I field-dialogue style: the visible sprite and encounter identify the sole speaker, so no redundant class label consumes text-bank space.",Keeps the swimmer's statement that the player's home is Pallet Town instead of turning it into a question. Full-text review: Normalizes nonstandard speaker abbreviation 'M.SWIM:' to 'SWIMMER:'.,,,,
MAIN:0x03E483,MAIN,1808,D0934,In-game dialogue,0x03E483,0x03D042,0x03D042,dialogue_19_19,,1940,0x03ECEB,游泳男:我看见你的样子就不爽,ascii,I caught all my Pok@mon at sea!,Just seeing you annoys me!,translated_directly_from_chinese_ai_review,pointer_table,high,dialogue_inventory_overlay,ai_source_reviewed,34,yes,"Uses official Gen I field-dialogue style: the visible sprite and encounter identify the sole speaker, so no redundant class label consumes text-bank space.","Full-text review: Uses natural emphasis for the source irritation. Omits the contextual one-speaker label 'SWIMMER', as in official Gen I field dialogue; the sprite and encounter retain the speaker identity.",,,,
MAIN:0x03E4A6,MAIN,1809,D0935,In-game dialogue,0x03E4A6,0x03D044,0x03D044,dialogue_19_19,,1941,0x03ED08,游泳男:别以为你打败我就会改口!!,ascii,Where'd you catch your Pok@Mon?,Defeat won't change my tune!,translated_directly_from_chinese_ai_review,pointer_table,high,dialogue_inventory_overlay,ai_source_reviewed,32,yes,"Uses official Gen I field-dialogue style: the visible sprite and encounter identify the sole speaker, so no redundant class label consumes text-bank space.",Compact Chinese-led wording; keeps the swimmer's insistence that defeat will not make him retract or alter his opinion. Full-text review: Normalizes nonstandard speaker abbreviation 'M.SWIM:' to 'SWIMMER:'.,,,,
MAIN:0x03E4C7,MAIN,1810,D0936,In-game dialogue,0x03E4C7,0x03D046,0x03D046,dialogue_19_19,,1942,0x03ED29,"游泳男:不自量力的家伙,看我打的你满地找牙!!",ascii,Ahh! Feel the sun and the wind!,Know your limits! I'll knock your teeth out!,translated_directly_from_chinese_ai_review,pointer_table,high,dialogue_inventory_overlay,ai_source_reviewed,32,yes,"Uses official Gen I field-dialogue style: the visible sprite and encounter identify the sole speaker, so no redundant class label consumes text-bank space.",Compact Chinese-led wording; preserves the insult about not knowing one's limits and the explicit threat to knock out the player's teeth. Full-text review: Normalizes nonstandard speaker abbreviation 'M.SWIM:' to 'SWIMMER:'.,,,,
MAIN:0x03E4E8,MAIN,1811,D0937,In-game dialogue,0x03E4E8,0x03D048,0x03D048,dialogue_19_19,,1943,0x03ED55,游泳男:我错了...,ascii,I'm sunburnt to a crisp!,I was wrong...,translated_directly_from_chinese_ai_review,pointer_table,high,dialogue_inventory_overlay,ai_source_reviewed,25,yes,"Uses official Gen I field-dialogue style: the visible sprite and encounter identify the sole speaker, so no redundant class label consumes text-bank space.",Compact Chinese-led wording; directly retains the male swimmer's admission that he was mistaken. Full-text review: Normalizes nonstandard speaker abbreviation 'M.SWIM:' to 'SWIMMER:'.,,,,
MAIN:0x03E502,MAIN,1812,D0938,In-game dialogue,0x03E502,0x03D04E,0x03D04E,dialogue_19_19,,1946,0x03EDA0,"游泳女:你好,比试一?",ascii,Swimming's great exercise!,Hi! Want to battle?,translated_directly_from_chinese_ai_review,pointer_table,high,dialogue_inventory_overlay,ai_source_reviewed,28,yes,"Uses official Gen I field-dialogue style: the visible sprite and encounter identify the sole speaker, so no redundant class label consumes text-bank space.","Full-text review: Uses a natural invitation and the official common Gen I Swimmer class. Omits the contextual one-speaker label 'SWIMMER', as in official Gen I field dialogue; the sprite and encounter retain the speaker identity.",,,,
MAIN:0x03E51F,MAIN,1813,D0939,In-game dialogue,0x03E51F,0x03D050,0x03D050,dialogue_19_19,,1947,0x03EDB5,游泳女:真不甘心,ascii,It sure wears me out though.,How frustrating...,translated_directly_from_chinese_ai_review,pointer_table,high,dialogue_inventory_overlay,ai_source_reviewed,30,yes,"Uses official Gen I field-dialogue style: the visible sprite and encounter identify the sole speaker, so no redundant class label consumes text-bank space.",Compact Chinese-led wording; naturally renders the female swimmer's unwillingness to accept the outcome and resulting frustration. Full-text review: Normalizes nonstandard speaker abbreviation 'SWIMMER GIRL:' to 'SWIMMER:'.,,,,
MAIN:0x03E53E,MAIN,1814,D0940,In-game dialogue,0x03E53E,0x03D058,0x03D058,dialogue_19_19,,1951,0x03EE33,空手道:我不会让你再前进的!,ascii,Rrrroar!I'm workingmyself into a rage!,You won't advance!,translated_directly_from_chinese_ai_review,pointer_table,high,dialogue_inventory_overlay,ai_source_reviewed,38,yes,"Uses official Gen I field-dialogue style: the visible sprite and encounter identify the sole speaker, so no redundant class label consumes text-bank space.",Compact Chinese-led wording; directly preserves the Karateka's threat to stop the player's advance. Full-text review: Normalizes nonstandard speaker abbreviation 'KARATEKA:' to 'BLACK BELT:'.,,,,
MAIN:0x03E565,MAIN,1815,D0941,In-game dialogue,0x03E565,0x03D05A,0x03D05A,dialogue_19_19,,1952,0x03EE4F,空手道:目标是精灵联盟啊!有志气的小孩!训兽师:不要怕,ascii,Grr! I'm still not worthy!,"BLACK BELT: The Pokémon League? You're ambitious, kid! TAMER: Don't be afraid.",translated_directly_from_chinese_ai_review,pointer_table,high,dialogue_inventory_overlay,ai_source_reviewed,26,yes,"Uses complete, natural English while respecting dialogue pagination and ROM bank limits; no displayed word is truncated.","Compact Chinese-led wording; preserves both speakers, the League goal, praise for the child's ambition, and the Tamer's reassurance. Full-text review: Gives both speakers complete natural clauses and uses the official Gen I class.",,,,
MAIN:0x03E580,MAIN,1816,D0942,In-game dialogue,0x03E580,0x03D060,0x03D060,dialogue_19_19,TAMER,1955,0x03EED6,训兽师:没有体力是不能赢老大的!空手道:我的愤怒已到最高点!,ascii,Karate is the ultimate form of martial arts!,TAMER: You can't beat the Boss without stamina! BLACK BELT: My rage has peaked!,translated_directly_from_chinese_ai_review,pointer_table,high,dialogue_inventory_overlay,ai_source_reviewed,51,yes,"Uses complete, natural English while respecting dialogue pagination and ROM bank limits; no displayed word is truncated.","Corrected against the Chinese source: the Tamer states a condition—without stamina, the Boss cannot be beaten—rather than asking a question; the Karateka's maximum rage remains. Full-text review: Uses complete natural clauses for both speakers and the official Gen I Blackbelt class.",,,,
MAIN:0x03E5B4,MAIN,1817,D0943,In-game dialogue,0x03E5B4,0x03D062,0x03D062,dialogue_19_19,BLACKBELT,1956,0x03EF10,空手道:练习还不够啊...训兽师:我与精灵之间的沟通是最在行的!,ascii,If my Pok@mon were as good at karate as I...,BLACK BELT: I need more training... TAMER: I understand Pokémon best!,translated_directly_from_chinese_ai_review,pointer_table,high,dialogue_inventory_overlay,ai_source_reviewed,45,yes,"Uses complete, natural English while respecting dialogue pagination and ROM bank limits; no displayed word is truncated.",Compact Chinese-led wording; preserves the Karateka's insufficient practice and the Tamer's claimed expertise in communicating with Pokémon. Full-text review: Restores subjects and a natural specialty claim while using the official Gen I class.,,,,
MAIN:0x03E5E2,MAIN,1818,D0944,In-game dialogue,0x03E5E2,0x03D05C,0x03D05C,dialogue_19_19,TAMER,1953,0x03EE83,训兽师:请...空手道:来吧!!,ascii,Pok@mon and I make wonderful music together!,TAMER: Please... BLACK BELT: Come on!,translated_directly_from_chinese_ai_review,pointer_table,high,dialogue_inventory_overlay,ai_source_reviewed,47,yes,"Uses complete, natural English while respecting dialogue pagination and ROM bank limits; no displayed word is truncated.",Compact Chinese-led wording; faithfully retains the two speakers and their brief contrasting appeals without importing the unrelated 2015 line. Full-text review: Expands the embedded speaker label to the official Gen I class while preserving the interrupted plea.,,,,
MAIN:0x03E612,MAIN,1819,D0945,In-game dialogue,0x03E612,0x03D05E,0x03D05E,dialogue_19_19,BLACKBELT,1954,0x03EE9E,空手道:如果我能像老大那么强就好了!训兽师:差不多该走了!,ascii,Do you know the identity of our GymLeader?,BLACK BELT: I wish I were as strong as the Boss! TAMER: Time to go!,translated_directly_from_chinese_ai_review,pointer_table,high,dialogue_inventory_overlay,ai_source_reviewed,45,yes,"Uses complete, natural English while respecting dialogue pagination and ROM bank limits; no displayed word is truncated.",Compact Chinese-led wording; keeps the Karateka's wish to match the Boss's strength and the Tamer's statement that it is time to leave. Full-text review: Uses the grammatical English subjunctive and official Gen I class.,,,,
MAIN:0x03E640,MAIN,1820,D0946,In-game dialogue,0x03E640,0x03D068,0x03D068,dialogue_19_19,TAMER,1959,0x03EFC0,"训兽师:如果你能胜我们老大的话就能朝精灵联盟前进!老大:哈哈,又见面了...",ascii,Heh! You must be running out of steam by now!,TAMER: Beat Boss to reach Pokémon League! GIOVANNI: Ha ha! You again...,translated_directly_from_chinese_ai_review,pointer_table,high,dialogue_inventory_overlay,ai_source_reviewed,51,yes,Removed redundant English wording and tightened syntax to reduce ROM pagination; preserves the Boss victory condition for advancing to the League and identifies the returning Boss as the contextually matching Giovanni.,Compact Chinese-led wording; preserves the Boss victory condition for advancing to the League and identifies the returning Boss as the contextually matching Giovanni.,,,,
MAIN:0x03E674,MAIN,1821,D0947,In-game dialogue,0x03E674,0x03D06A,0x03D06A,dialogue_19_19,ASH,1960,0x03F007,小智:火箭队的老大??难道你是这个道馆的主人?,ascii,You need power to keep up with our Gym Leader!,ASH: Team Rocket's Boss? You own this Gym?,translated_directly_from_chinese_ai_review,pointer_table,high,dialogue_inventory_overlay,ai_source_reviewed,49,yes,Removed redundant English wording and tightened syntax to reduce ROM pagination; keeps Ash as speaker and his shocked questions linking Team Rocket's Boss with ownership of the Gym.,Compact Chinese-led wording; keeps Ash as speaker and his shocked questions linking Team Rocket's Boss with ownership of the Gym.,,,,
MAIN:0x03E6A6,MAIN,1822,D0948,In-game dialogue,0x03E6A6,0x03D070,0x03D070,dialogue_19_19,ROCKET,1963,0x03F145,火箭队:等等!你居然害我们失业了我们不会饶恕你的!!,ascii,Your Pok@mon will cower at my power!,Wait! You cost our jobs! Unforgivable!,translated_directly_from_chinese_ai_review,pointer_table,high,dialogue_inventory_overlay,ai_source_reviewed,37,yes,"Uses official Gen I field-dialogue style: the visible sprite and encounter identify the sole speaker, so no redundant class label consumes text-bank space.","Compact Chinese-led wording; preserves the Rocket speakers, their unemployment caused by the player, and refusal to forgive it.",,,,
MAIN:0x03E6CC,MAIN,1823,D0949,In-game dialogue,0x03E6CC,0x03D072,0x03D072,dialogue_19_19,ASH,1964,0x03F177,小智:你们是?,ascii,Wait! I was just careless.,ASH: Who are you?,translated_directly_from_chinese_ai_review,pointer_table,high,dialogue_inventory_overlay,ai_source_reviewed,28,no,,Directly preserves Ash's question about the group's identity.,,,,
MAIN:0x03E6E9,MAIN,1824,D0950,In-game dialogue,0x03E6E9,0x03D064,0x03D064,dialogue_19_19,,1957,0x03EF4C,训兽师:该死!你知道我是谁吗?空手道:真正强的训练家连赢的方法都很漂亮!,ascii,"Viridian Gym was closed for a long time, but now our Leader is back!",TAMER: Darn! Do you know who I am? BLACK BELT: Strong Trainers win in style!,translated_directly_from_chinese_ai_review,pointer_table,high,dialogue_inventory_overlay,ai_source_reviewed,72,yes,"Uses complete, natural English while respecting dialogue pagination and ROM bank limits; no displayed word is truncated.","Compact Chinese-led wording; retains both speakers, the Tamer's angry identity challenge, and the Karateka's belief that a real Trainer wins beautifully. Full-text review: Restores the complete natural question and official full class label.",,,,
MAIN:0x03E732,MAIN,1825,D0951,In-game dialogue,0x03E732,0x03D066,0x03D066,dialogue_19_19,,1958,0x03EF91,"空手道:我输了,老大会生气的...训兽师:我是天才!",ascii,You can go onto thePok@mon League onlyby defeating our Gym Leader!,BLACK BELT: I lost; the Boss will be angry... TAMER: I'm a genius!,translated_directly_from_chinese_ai_review,pointer_table,high,dialogue_inventory_overlay,ai_source_reviewed,68,yes,"Uses complete, natural English while respecting dialogue pagination and ROM bank limits; no displayed word is truncated.",Compact Chinese-led wording; preserves the Karateka's defeat and fear of the Boss's anger alongside the Tamer's separate boast of genius. Full-text review: Replaces two clipped fragments with complete clauses and uses the official Gen I class.,,,,
MAIN:0x03E777,MAIN,1826,D0952,In-game dialogue,0x03E777,0x03D01C,0x03D01C,dialogue_19_19,,1921,0x03EA79,研究员:这里不是你这种小孩能来的,graphical_codes,<B1CF><B1D0><B2D4>:<B0EE><B0BF><B0CE><B0C2><B0C5><B0EE><B6AD><B0B6><B1DE><B0EC><B0FC><B0BC>,No kids allowed here.,translated_directly_from_chinese_ai_review,pointer_table,high,dialogue_inventory_overlay,ai_source_reviewed,31,yes,"Uses official Gen I field-dialogue style: the visible sprite and encounter identify the sole speaker, so no redundant class label consumes text-bank space.",Compact Chinese-led wording; directly keeps the researcher's age-based claim that the player is not allowed here. Full-text review: Normalizes nonstandard speaker abbreviation 'SCI:' to 'SCIENTIST:'.,,,,
MAIN:0x03E797,MAIN,1827,D0953,In-game dialogue,0x03E797,0x03CFF6,0x03CFF6,dialogue_19_19,,1902,0x03E80D,成熟姐姐:在这不远就是红莲镇了,graphical_codes,00000000000000000000000000000000000000000000000000000000000000000000000000000000000000000000000000000000000000000000000<B2EA><B9CE><B3B8><B3B8>:<B0B8><B0EE><B0CE><B5CD><B2AB><B0C2><B5CE><B5CF><B2D6><B0F8>,Cinnabar Island's near.,translated_directly_from_chinese_ai_review,pointer_table,high,dialogue_inventory_overlay,ai_source_reviewed,148,yes,"Uses official Gen I field-dialogue style: the visible sprite and encounter identify the sole speaker, so no redundant class label consumes text-bank space.",Compact Chinese-led wording; uses the matching official Cinnabar Island name and preserves its nearby location.,,,,
MAIN:0x03E82C,MAIN,1828,D0954,In-game dialogue,0x03E82C,0x03CFF8,0x03CFF8,dialogue_19_19,,1903,0x03E82C,成熟姐姐:红莲镇经常会有火山爆发的情况,graphical_codes,<0A><B2EA><B9CE><B3B8><B3B8>:<B5CE><B5CF><B2D6><B2A5><B3CA><B1F9><B0AE><B5A2><B6DC><BAD9><B2F4><B0BC><B7AB><BADA>,Cinnabar's volcano erupts often.,translated_directly_from_chinese_ai_review,pointer_table,high,dialogue_inventory_overlay,ai_source_reviewed,38,yes,"Uses official Gen I field-dialogue style: the visible sprite and encounter identify the sole speaker, so no redundant class label consumes text-bank space.","Full-text review: Corrects the impossible claim that the island itself erupts. Omits the contextual one-speaker label 'BEAUTY', as in official Gen I field dialogue; the sprite and encounter retain the speaker identity.",,,,
MAIN:0x03E853,MAIN,1829,D0955,In-game dialogue,0x03E853,0x03CFFA,0x03CFFA,dialogue_19_19,,1904,0x03E853,研究员:在这每天都有对精灵的研究,graphical_codes,<0A><B1CF><B1D0><B2D4>:<B0B8><B0EE><BADB><B1AD><B1C0><B0AE><B0E7><B0A1><B0A2><B0BC><B1CF><B1D0>,We study Pokémon here every day.,translated_directly_from_chinese_ai_review,pointer_table,high,dialogue_inventory_overlay,ai_source_reviewed,32,yes,"Uses official Gen I field-dialogue style: the visible sprite and encounter identify the sole speaker, so no redundant class label consumes text-bank space.","Full-text review: Restores the subject and natural adverb placement. Omits the contextual one-speaker label 'SCIENTIST', as in official Gen I field dialogue; the sprite and encounter retain the speaker identity.",,,,
MAIN:0x03E874,MAIN,1830,D0956,In-game dialogue,0x03E874,0x03CFFC,0x03CFFC,dialogue_19_19,,1905,0x03E874,小孩:我在观月山发现的化石好象是珍贵的化石!,graphical_codes,<0A><B0B6><B1DE>:<B1C2><B0B8><B6DB><B6CF><B6DC><B2F4><B2F5><B0BC><B5AB><B1B2><B1B4><B8B4><B0C2><B5C5><B6B2><B0BC><B5AB><B1B2>!,My Mt. Moon fossil seems valuable!,translated_directly_from_chinese_ai_review,pointer_table,high,dialogue_inventory_overlay,ai_source_reviewed,43,yes,"Uses official Gen I field-dialogue style: the visible sprite and encounter identify the sole speaker, so no redundant class label consumes text-bank space.",Compact Chinese-led wording; keeps the fossil's discovery on Mt. Moon and the child's belief that it is precious.,,,,
MAIN:0x03E8A0,MAIN,1831,D0957,In-game dialogue,0x03E8A0,0x03D06C,0x03D06C,dialogue_19_19,GIOVANNI,1961,0x03F033,"老大:哈哈,这里是我藏身的地方!既然被你发现那就没办法了.我可不会手下留情的!再让你尝尝最强的训练师我沙奇的厉害!!",ascii,"This is my hideout!I planned to resur-rect Team Rocket here! But, you havecaught me again! Sobe it! I'm not holding back! You shall face Giovannithe greatest trainer!","GIOVANNI: Ha! You've discovered my hideout. Now that you've found me, I won't hold back! Face the power of Giovanni, the strongest Trainer!",translated_directly_from_chinese_ai_review,pointer_table,high,dialogue_inventory_overlay,ai_source_reviewed,179,yes,"Uses complete, natural English while respecting dialogue pagination and ROM bank limits; no displayed word is truncated.","Compact Chinese-led wording; uses Giovanni's matching official identity and preserves his hideout, discovery, refusal of mercy, rematch, and claim to be the strongest Trainer. Full-text review: Restores Giovanni's explicit source name in complete natural challenge clauses.",,,,
MAIN:0x03E954,MAIN,1832,D0958,In-game dialogue,0x03E954,0x03D06E,0x03D06E,dialogue_19_19,GIOVANNI,1962,0x03F0A2,"老大:虽然不想承认但我还是输了,按照约定这个黑色徽章就交给你了,你一定能成为一位厉害的训练家.我想从今起重新开始我的精灵修行之旅!想暂时解散火箭队!有缘的话我们再见吧!",ascii,"Ha! That was truly an intense fight! You've earned the Earth Badge! It is proof of your mastery as a Pok@mon trainer! With it, you can enter the Pok@mon League! Having lostI cannot face my underlings! Team Rocket is finished forever! I will dedicate my life tothe study of Pok@mon! Let us meet again someday!Farewell!","GIOVANNI: I lost, though I hate admitting it. Take the promised Earth Badge. You'll be a great Trainer. My Pokémon journey starts anew; I'll disband Team Rocket for now. If fate allows, we'll meet again!",translated_directly_from_chinese_ai_review,pointer_table,high,dialogue_inventory_overlay,ai_source_reviewed,351,yes,"Uses complete, natural English while respecting dialogue pagination and ROM bank limits; no displayed word is truncated.","Corrected against the Chinese source: explicitly restores Giovanni's reluctant admission that he lost and that he plans, rather than definitively declares, Team Rocket's temporary dissolution; all reward and farewell facts remain. Full-text review: Repairs articles and the unidiomatic final fate clause.",,,,
MAIN:0x03EAB4,MAIN,1833,D0959,In-game dialogue,0x03EAB4,0x03D076,0x03D076,dialogue_19_19,JAMES,1966,0x03F1A0,小次郎:那我就大发慈悲的告诉你们!,ascii,"Jessie:Hold it runtWe can't allow TeamRocket to lose likethis! James: You've been quite a thorn in our side, but Team Rocket will never be defeated! Meowth: Meowth! We'll show you who's boss!",JAMES: And make it double!,adapted_from_english_anime_motto_with_chinese_fidelity_ai_review,pointer_table,high,dialogue_inventory_overlay,ai_source_reviewed,220,no,,Uses the recognizable English-dub motto cadence while retaining the Chinese segment's meaning and bootleg-specific details.,,,,
MAIN:0x03EB91,MAIN,1834,D0960,In-game dialogue,0x03EB91,0x03D03A,0x03D03A,dialogue_19_19,,1936,0x03EC05,研究员:火系还是有弱点啊...,graphical_codes,000000000000000000000000000000000000000000000000000000000000000000000000000000000000000000000000000000000000000000000<B1CF><B1D0><B2D4>:<B5A2><B0AF><B2BD><B0C2><B0AE><B7E6><B7D9><B2AC>...,Even Fire has weaknesses...,translated_directly_from_chinese_ai_review,pointer_table,high,dialogue_inventory_overlay,ai_source_reviewed,143,yes,"Uses official Gen I field-dialogue style: the visible sprite and encounter identify the sole speaker, so no redundant class label consumes text-bank space.",Compact Chinese-led wording; directly preserves the researcher's realization that the Fire type is not without weaknesses. Full-text review: Normalizes nonstandard speaker abbreviation 'SCI:' to 'SCIENTIST:'.,,,,
MAIN:0x03EC21,MAIN,1835,D0961,In-game dialogue,0x03EC21,0x03D03C,0x03D03C,dialogue_19_19,,1937,0x03EC21,研究员:火对水确实没办法但比冰系要强,graphical_codes,<0A><B1CF><B1D0><B2D4>:<B5A2><B0E7><B5F7><B9DB><B5DE><B2B6><B2B7><B2B8><B3A8><B2B2><BAE8><B0AF><B0C3><B2C9>,Fire loses to Water but beats Ice.,translated_directly_from_chinese_ai_review,pointer_table,high,dialogue_inventory_overlay,ai_source_reviewed,36,yes,"Uses official Gen I field-dialogue style: the visible sprite and encounter identify the sole speaker, so no redundant class label consumes text-bank space.","Full-text review: Turns a comma splice into a grammatical contrast. Omits the contextual one-speaker label 'SCIENTIST', as in official Gen I field dialogue; the sprite and encounter retain the speaker identity.",,,,
MAIN:0x03EC46,MAIN,1836,D0962,In-game dialogue,0x03EC46,0x03D078,0x03D078,dialogue_19_19,JESSIE,1967,0x03F1C2,武藏:为了防止世界被破坏,ascii,James: I can't believe it! Team Rocket defeated by this brat! Jessie: You may have won this time!But we'll be back! Meowth: Meowth! Youhaven't heard the last of us!,JESSIE: To protect the world from devastation!,adapted_from_english_anime_motto_with_chinese_fidelity_ai_review,pointer_table,high,dialogue_inventory_overlay,ai_source_reviewed,182,no,,Uses the recognizable English-dub motto cadence while retaining the Chinese segment's meaning and bootleg-specific details.,,,,
MAIN:0x03ECFD,MAIN,1837,D0963,In-game dialogue,0x03ECFD,0x03D056,0x03D056,dialogue_19_19,,1950,0x03EDFE,裁判:未来的冠军!这个常青道馆的首领是谁我也不知道...,graphical_codes,000000000000000000000000000000000000000000000000000000000000000000000000000000000000000000000000000000000000000000000000000000000000000000000000000000000000000000000000000000000000000000000000000000000000000000000000000000000000000000000000000000000000000000<B3FC><B3FD>:<B3E5><B0FC><B0BC><B4A1><B4A2>!<B0EE><B0BA><B3CA><B3CB><B1A4><B3CC><B0BC><B9EF><B4B3><B0C2><B5F1><B1C2><B0F6><B0CE><B2D7><B1A4>...,Future Champ! Even I don't know Viridian Gym's Leader...,translated_directly_from_chinese_ai_review,pointer_table,high,dialogue_inventory_overlay,ai_source_reviewed,309,yes,"Uses official Gen I field-dialogue style: the visible sprite and encounter identify the sole speaker, so no redundant class label consumes text-bank space.","Full-text review: Uses the established full guide label. Omits the contextual one-speaker label 'GUIDE', as in official Gen I field dialogue; the sprite and encounter retain the speaker identity.",,,,
MAIN:0x03F033,MAIN,1838,D0964,In-game dialogue,0x03F033,0x03D074,0x03D086,dialogue_19_19,,1974,0x03F25F,你真是个难缠的人......,ascii,Take care of 'em,You really are a tough one...,translated_directly_from_reviewed_chinese_source_ai_review,pointer_table,high,reviewed_source_adjudication,ai_source_reviewed,583,no,,Restores the adjudicated acknowledgment that the player is a difficult opponent; the old care-taking instruction belonged elsewhere.,,,,
MAIN:0x03F27B,MAIN,1839,D0965,In-game dialogue,0x03F27B,,,dialogue_19_19,MOM,1218,0x0384F7,"妈妈:是嘛男孩子都是志在四方嘛!...嗯,电视上都是这么说的!对了,隔壁的大木博士在找你呢",ascii,"Mother: Right, All boys leave home someday, It said soon TV. PROF.OAK, next dooris looking for you.",Right. All boys leave home someday. It said so on TV. Professor Oak next door is looking for you.,adapted_from_official_english_gen1_with_chinese_fidelity_ai_review,unaligned,low,reviewed_source_adjudication,ai_source_reviewed,114,yes,"Uses official Gen I field-dialogue style: the visible sprite and encounter identify the sole speaker, so no redundant class label consumes text-bank space.",Uses the matching official English Red/Blue/Yellow scene as its primary voice while retaining Chinese-only facts and Famicom-specific terminology.,,,,
MAIN:0x03F2EE,MAIN,1840,D0966,In-game dialogue,0x03F2EE,,,dialogue_19_19,PROF. OAK,1222,0x03860E,"大木:喔?小茂你已经来啦?我不是叫你稍后再来嘛...既然来啦就再等一下吧!喔...小智在那有个圆圆的球吧,那里有宠物精灵是要给你的!拿去吧!",ascii,"Hmm? Gary? Why are you here already? Isaid for you to come by later...Ah,whatever! Just waitthere.Look,Ash! Do you see that ball on the table? It's called a Pok@ball. It holds a Pok@mon inside.You may haveit! Go on,take it!","OAK: Hmm? Gary? Why are you here already? I told you to come later... Ah, whatever! Wait there. Look, Ash! See that round ball? It holds a Pokémon for you. Go on, take it!",adapted_from_official_english_gen1_with_chinese_fidelity_ai_review,unaligned,low,reviewed_source_adjudication,ai_source_reviewed,227,no,,Uses the matching official English Red/Blue/Yellow scene as its primary voice while retaining Chinese-only facts and Famicom-specific terminology.,,,,
MAIN:0x03F3D2,MAIN,1841,D0967,In-game dialogue,0x03F3D2,0x03802D,0x03802D,dialogue_19_19,,1203,0x038107,欢迎!到精灵中心可以恢复精灵的体力.,ascii,Welcome to our Pok@mon Center! We heal your Pok@mon back to perfect health!,Welcome! We heal Pokémon to perfect health!,adapted_from_official_english_gen1_with_chinese_fidelity_ai_review,pointer_table,high,dialogue_inventory_overlay,ai_source_reviewed,83,no,,Uses the matching official English Red/Blue/Yellow scene as its primary voice while retaining Chinese-only facts and Famicom-specific terminology.,,,,
MAIN:0x03F426,MAIN,1842,D0968,In-game dialogue,0x03F426,0x03827D,0x03827D,dialogue_19_19,PROF. OAK,1243,0x0389ED,"大木:小茂啊,正好我有事要麻烦你们,桌上的东西是我做的宠物精灵图鉴,可自动将发现的精灵资料记录起来并增加页数,是一本方便的资料图鉴啊!小智小茂!这就交给你们保管了!",ascii,"Oak:Oh right! I have a request of you two.Here's my new invention, the Pok@dex.It records data on Pok@mon you've seen or caught.Take them with you! To make acomplete guide on all Pok@mon in the world...That was mydream! But, I'm tooold! I can't do it!So,I want you two to fulfill my dreamfor me! Get moving,you two! This is a great undertaking in Pok@mon history!","OAK: Gary, I have a favor to ask of you both. I made the Pokédexes on the table. They automatically record data on discovered Pokémon and add pages, making them handy guides. Ash, Gary, they're yours!",translated_directly_from_chinese_ai_review,pointer_table,high,dialogue_inventory_overlay,ai_source_reviewed,380,yes,"Uses complete, natural English while respecting dialogue pagination and ROM bank limits; no displayed word is truncated.","Compact Chinese-led wording; preserves Oak, Gary and Ash, the request, table devices, Oak's authorship, automatic discovery records and added pages, their reference purpose, and transfer into the boys' care. Full-text review: Restores the request and explanation as complete natural clauses.",,,,
MAIN:0x03F5A3,MAIN,1843,D0969,In-game dialogue,0x03F5A3,0x03826F,0x03826F,dialogue_19_19,,1236,0x038890,女孩:老爷爷怎在这睡着了?真没办法!只好等到睡醒了,ascii,Old Man:Ouch! Girl:I'm sorry my grandfather injuredhis back and can't move.,Grandpa fell asleep here? We'll have to wait until he wakes up.,translated_directly_from_chinese_ai_review,pointer_table,high,dialogue_inventory_overlay,ai_source_reviewed,81,yes,"Uses official Gen I field-dialogue style: the visible sprite and encounter identify the sole speaker, so no redundant class label consumes text-bank space.","Full-text review: Restores the subject and complete waiting clause. Omits the contextual one-speaker label 'GIRL', as in official Gen I field dialogue; the sprite and encounter retain the speaker identity.",,,,
MAIN:0x03F5F5,MAIN,1844,D0970,In-game dialogue,0x03F5F5,0x03829F,0x03829F,dialogue_19_19,,1260,0x038E29,捉虫少年:让你见识一下,ascii,You have Pok@mon! Come on! Let's battle'em!,Watch me!,translated_directly_from_chinese_ai_review,pointer_table,high,dialogue_inventory_overlay,ai_source_reviewed,48,yes,"Uses official Gen I field-dialogue style: the visible sprite and encounter identify the sole speaker, so no redundant class label consumes text-bank space.",Compact Chinese-led wording; directly preserves the Bug Catcher's challenge to demonstrate his ability.,,,,
RESTORED:0x033137,RESTORED,,D0971,Restored dialogue,0x033137,0x033137,0x033137,dialogue_19_19,JESSIE,928,0x0331FE,武藏:我们是穿过银河系的即将解散的火箭队!,absent_or_wrong_pointer,ABSENT — dialogue supprimé de la ROM anglaise,"JESSIE: We're Team Rocket, crossing the galaxy and about to disband!",translated_directly_from_chinese_ai_review,restored_pointer_inventory,direct source,restored_source_inventory,ai_source_reviewed,,no,,"Restores Jessie, the galaxy-crossing Team Rocket identity, and this variant's explicit imminent dissolution.",restored_payload,,,
RESTORED:0x033139,RESTORED,,D0972,Restored dialogue,0x033139,0x033139,0x033139,dialogue_19_19,JAMES,929,0x033228,"小次郎:黑洞,没有明天的黑色在等着我们!",absent_or_wrong_pointer,ABSENT — dialogue supprimé de la ROM anglaise,JAMES: A black hole! A dark future with no tomorrow awaits us!,translated_directly_from_chinese_ai_review,restored_pointer_inventory,direct source,restored_source_inventory,ai_source_reviewed,,no,,"Preserves James's black-hole image and the variant's dark, futureless tomorrow rather than replacing it with the usual white-hole line. Full-text review: Keeps the NJ046 black-hole wordplay in natural English.",restored_payload,,,
RESTORED:0x03313B,RESTORED,,D0973,Restored dialogue,0x03313B,0x03313B,0x03313B,dialogue_19_19,MEOWTH,930,0x03324F,喵喵:就是这样!!,absent_or_wrong_pointer,ABSENT — dialogue supprimé de la ROM anglaise,MEOWTH: That's right!,translated_directly_from_chinese_ai_review,restored_pointer_inventory,direct source,restored_source_inventory,ai_source_reviewed,,no,,Uses Meowth's official English name and directly retains his emphatic agreement. Full-text review: Normalizes duplicated exclamation punctuation.,restored_payload,,,
RESTORED:0x03313D,RESTORED,,D0974,Restored dialogue,0x03313D,0x03313D,0x03313D,dialogue_19_19,JAMES,931,0x033260,小次郎:怎么没次都这样...,absent_or_wrong_pointer,ABSENT — dialogue supprimé de la ROM anglaise,JAMES: Why is it always like this...,translated_directly_from_chinese_ai_review,restored_pointer_inventory,direct source,restored_source_inventory,ai_source_reviewed,,no,,Directly preserves James's complaint that the same outcome happens every time.,restored_payload,,,
RESTORED:0x03313F,RESTORED,,D0975,Restored dialogue,0x03313F,0x03313F,0x03313F,dialogue_19_19,JESSIE,932,0x03327A,武藏:好讨厌的感觉哟...,absent_or_wrong_pointer,ABSENT — dialogue supprimé de la ROM anglaise,JESSIE: What an awful feeling...,translated_directly_from_chinese_ai_review,restored_pointer_inventory,direct source,restored_source_inventory,ai_source_reviewed,,no,,Faithfully restores Jessie's statement that the feeling is hateful or awful without adding an anime catchphrase continuation.,restored_payload,,,
RESTORED:0x033141,RESTORED,,D0976,Restored dialogue,0x033141,0x033141,0x033141,dialogue_19_19,MEOWTH,933,0x033292,喵喵:喵...,absent_or_wrong_pointer,ABSENT — dialogue supprimé de la ROM anglaise,MEOWTH: Meow...,translated_directly_from_chinese_ai_review,restored_pointer_inventory,direct source,restored_source_inventory,ai_source_reviewed,,no,,Uses Meowth's official English identity and preserves the short feline utterance.,restored_payload,,,
RESTORED:0x033193,RESTORED,,D0977,Restored dialogue,0x033193,0x033193,0x033193,dialogue_19_19,ASH,974,0x033D93,小智:超梦?,absent_or_wrong_pointer,ABSENT — dialogue supprimé de la ROM anglaise,ASH: Mewtwo?,translated_directly_from_chinese_ai_review,restored_pointer_inventory,direct source,restored_source_inventory,ai_source_reviewed,,no,,Preserves Ash and his surprised recognition of Mewtwo by its matching official English name.,restored_payload,,,
RESTORED:0x033195,RESTORED,,D0978,Restored dialogue,0x033195,0x033195,0x033195,dialogue_19_19,LORELEI,975,0x033D9F,"加纳:是火箭队干的好事,他们用梦幻的遗传基因克隆出来的精灵...幸好你及时发现了才没有造成大的轰动!我也该返回联盟了那么随时欢迎你到联盟挑战!",absent_or_wrong_pointer,ABSENT — dialogue supprimé de la ROM anglaise,"LORELEI: Team Rocket did this. They cloned this Pokémon from Mew's DNA... Luckily, you found it in time, before it caused a huge commotion! I should return to the League now. You're welcome to challenge us anytime!",translated_directly_from_chinese_ai_review,restored_pointer_inventory,direct source,restored_source_inventory,ai_source_reviewed,,no,,"Uses Lorelei's matching English identity and preserves Team Rocket's deed, cloning from Mew's genes, Ash's timely discovery, the avoided commotion, her League return, and open challenge.",restored_payload,,,
RESTORED:0x033197,RESTORED,,D0979,Restored dialogue,0x033197,0x033197,0x033197,dialogue_19_19,ASH,976,0x033E28,小智:一定会的!,absent_or_wrong_pointer,ABSENT — dialogue supprimé de la ROM anglaise,ASH: Count on it!,translated_directly_from_chinese_ai_review,restored_pointer_inventory,direct source,restored_source_inventory,ai_source_reviewed,,no,,Directly preserves Ash's emphatic promise to accept the future League challenge. Full-text review: Uses a natural affirmative promise.,restored_payload,,,
RESTORED:0x033199,RESTORED,,D0980,Restored dialogue,0x033199,0x033199,0x033199,dialogue_19_19,LORELEI,977,0x033E38,"加纳:啊,对了!我有件礼物要送给你!朋友给我的梦幻旅行船票...但我因为还有联盟的事情没时间去作为答谢就送给你了.",absent_or_wrong_pointer,ABSENT — dialogue supprimé de la ROM anglaise,"LORELEI: Oh, right! I have a gift for you! A friend gave me this Mystic Ticket for a Mew voyage, but League business leaves me no time to go. Take it as my thanks.",translated_directly_from_chinese_ai_review,restored_pointer_inventory,direct source,restored_source_inventory,ai_source_reviewed,,no,,"Preserves Lorelei's gift, the friend who supplied the Mew voyage ticket under its established Mystic Ticket name, her League duties and lack of time, and the reward as thanks.",restored_payload,,,
RESTORED:0x0331B3,RESTORED,,D0981,Restored dialogue,0x0331B3,0x0331B3,0x0331B3,dialogue_19_19,JESSIE,990,0x0342A6,武藏:既然你诚心诚意的问了,absent_or_wrong_pointer,ABSENT — dialogue supprimé de la ROM anglaise,JESSIE: Prepare for trouble!,adapted_from_english_anime_motto_with_chinese_fidelity_ai_review,restored_pointer_inventory,direct source,restored_source_inventory,ai_source_reviewed,,no,,Uses the recognizable English-dub motto cadence while retaining the Chinese segment's meaning and bootleg-specific details.,restored_payload,,,
RESTORED:0x0331B5,RESTORED,,D0982,Restored dialogue,0x0331B5,0x0331B5,0x0331B5,dialogue_19_19,JAMES,991,0x0342C1,小次郎:那我就大发慈悲的告诉你们!,absent_or_wrong_pointer,ABSENT — dialogue supprimé de la ROM anglaise,JAMES: And make it double!,adapted_from_english_anime_motto_with_chinese_fidelity_ai_review,restored_pointer_inventory,direct source,restored_source_inventory,ai_source_reviewed,,no,,Uses the recognizable English-dub motto cadence while retaining the Chinese segment's meaning and bootleg-specific details.,restored_payload,,,
RESTORED:0x0331B7,RESTORED,,D0983,Restored dialogue,0x0331B7,0x0331B7,0x0331B7,dialogue_19_19,JESSIE,992,0x0342E3,武藏:为了防止世界被破坏,absent_or_wrong_pointer,ABSENT — dialogue supprimé de la ROM anglaise,JESSIE: To protect the world from devastation!,adapted_from_english_anime_motto_with_chinese_fidelity_ai_review,restored_pointer_inventory,direct source,restored_source_inventory,ai_source_reviewed,,no,,Uses the recognizable English-dub motto cadence while retaining the Chinese segment's meaning and bootleg-specific details.,restored_payload,,,
RESTORED:0x0331B9,RESTORED,,D0984,Restored dialogue,0x0331B9,0x0331B9,0x0331B9,dialogue_19_19,JAMES,993,0x0342FC,小次郎:为了维护世界的和平.,absent_or_wrong_pointer,ABSENT — dialogue supprimé de la ROM anglaise,JAMES: To unite all peoples in peace!,adapted_from_english_anime_motto_with_chinese_fidelity_ai_review,restored_pointer_inventory,direct source,restored_source_inventory,ai_source_reviewed,,no,,Uses the recognizable English-dub motto cadence while retaining the Chinese segment's meaning and bootleg-specific details.,restored_payload,,,
RESTORED:0x0331BB,RESTORED,,D0985,Restored dialogue,0x0331BB,0x0331BB,0x0331BB,dialogue_19_19,JESSIE,994,0x034318,武藏:坚持爱与真实的罪恶,absent_or_wrong_pointer,ABSENT — dialogue supprimé de la ROM anglaise,JESSIE: To denounce the evils of truth and love!,adapted_from_english_anime_motto_with_chinese_fidelity_ai_review,restored_pointer_inventory,direct source,restored_source_inventory,ai_source_reviewed,,no,,Uses the recognizable English-dub motto cadence while retaining the Chinese segment's meaning and bootleg-specific details.,restored_payload,,,
RESTORED:0x0331BD,RESTORED,,D0986,Restored dialogue,0x0331BD,0x0331BD,0x0331BD,dialogue_19_19,JAMES,995,0x034331,小次郎:最有魅力的反派人物!,absent_or_wrong_pointer,ABSENT — dialogue supprimé de la ROM anglaise,JAMES: Charming villains reaching for the stars!,adapted_from_english_anime_motto_with_chinese_fidelity_ai_review,restored_pointer_inventory,direct source,restored_source_inventory,ai_source_reviewed,,no,,Uses the recognizable English-dub motto cadence while retaining the Chinese segment's meaning and bootleg-specific details.,restored_payload,,,
RESTORED:0x0331BF,RESTORED,,D0987,Restored dialogue,0x0331BF,0x0331BF,0x0331BF,dialogue_19_19,JESSIE,996,0x03434D,武藏:武藏!,absent_or_wrong_pointer,ABSENT — dialogue supprimé de la ROM anglaise,JESSIE: Jessie!,translated_directly_from_chinese_ai_review,restored_pointer_inventory,direct source,restored_source_inventory,ai_source_reviewed,,no,,Preserves Jessie as both speaker and the name she announces.,restored_payload,,,
RESTORED:0x0331C1,RESTORED,,D0988,Restored dialogue,0x0331C1,0x0331C1,0x0331C1,dialogue_19_19,JAMES,997,0x034359,小次郎:小次郎!,absent_or_wrong_pointer,ABSENT — dialogue supprimé de la ROM anglaise,JAMES: James!,translated_directly_from_chinese_ai_review,restored_pointer_inventory,direct source,restored_source_inventory,ai_source_reviewed,,no,,Preserves James as both speaker and the name he announces.,restored_payload,,,
RESTORED:0x0331C3,RESTORED,,D0989,Restored dialogue,0x0331C3,0x0331C3,0x0331C3,dialogue_19_19,JESSIE,998,0x034369,武藏:我们是穿过银河系的南晶队!,absent_or_wrong_pointer,ABSENT — dialogue supprimé de la ROM anglaise,JESSIE: Team Nanjing blasts across the galaxy!,adapted_from_english_anime_motto_with_chinese_fidelity_ai_review,restored_pointer_inventory,direct source,restored_source_inventory,ai_source_reviewed,,no,,Uses the recognizable English-dub motto cadence while retaining the Chinese segment's meaning and bootleg-specific details.,restored_payload,,,
RESTORED:0x0331C5,RESTORED,,D0990,Restored dialogue,0x0331C5,0x0331C5,0x0331C5,dialogue_19_19,JAMES,999,0x034389,"小次郎:白洞,白色的明天在等着我们!",absent_or_wrong_pointer,ABSENT — dialogue supprimé de la ROM anglaise,JAMES: A white hole and bright tomorrow await!,adapted_from_english_anime_motto_with_chinese_fidelity_ai_review,restored_pointer_inventory,direct source,restored_source_inventory,ai_source_reviewed,,no,,Uses the recognizable English-dub motto cadence while retaining the Chinese segment's meaning and bootleg-specific details.,restored_payload,,,
RESTORED:0x0331C7,RESTORED,,D0991,Restored dialogue,0x0331C7,0x0331C7,0x0331C7,dialogue_19_19,MEOWTH,1000,0x0343AC,喵喵:说的对!喵...,absent_or_wrong_pointer,ABSENT — dialogue supprimé de la ROM anglaise,MEOWTH: Meowth! That's right!,adapted_from_english_anime_motto_with_chinese_fidelity_ai_review,restored_pointer_inventory,direct source,restored_source_inventory,ai_source_reviewed,,no,,Uses the recognizable English-dub motto cadence while retaining the Chinese segment's meaning and bootleg-specific details.,restored_payload,,,
RESTORED:0x0331C9,RESTORED,,D0992,Restored dialogue,0x0331C9,0x0331C9,0x0331C9,dialogue_19_19,JAMES,1001,0x0343BF,"小次郎:我们现在跟了新的老大,已经不是从前的我们了!!",absent_or_wrong_pointer,ABSENT — dialogue supprimé de la ROM anglaise,JAMES: We follow a new Boss now. We're not who we used to be!,translated_directly_from_chinese_ai_review,restored_pointer_inventory,direct source,restored_source_inventory,ai_source_reviewed,,no,,Preserves James's claim that the team serves a new Boss and has changed from its former self. Full-text review: Normalizes duplicated exclamation punctuation.,restored_payload,,,
RESTORED:0x0331D1,RESTORED,,D0993,Restored dialogue,0x0331D1,0x0331D1,0x0331D1,dialogue_19_19,JAMES,1005,0x03446B,"小次郎:尽管你的实力非常强,但是碰上我们新老大卡美优的精灵只有落败的份!哈哈哈",absent_or_wrong_pointer,ABSENT — dialogue supprimé de la ROM anglaise,"JAMES: You may be very strong, but against our new Boss Kameiyu's Pokémon, you're bound to lose! Ha ha ha!",translated_directly_from_chinese_ai_review,restored_pointer_inventory,direct source,restored_source_inventory,ai_source_reviewed,,no,,"Preserves James, the player's great strength, new Boss Kameiyu by name, his Pokémon's claimed superiority, certain defeat, and laugh.",restored_payload,,,
RESTORED:0x038313,RESTORED,,D0994,Restored dialogue,0x038313,0x038313,0x038313,dialogue_19_19,JAMES,1318,0x03982F,小次郎:那我就大发慈悲的告诉你们!,absent_or_wrong_pointer,ABSENT — dialogue supprimé de la ROM anglaise,JAMES: And make it double!,adapted_from_english_anime_motto_with_chinese_fidelity_ai_review,restored_pointer_inventory,direct source,restored_source_inventory,ai_source_reviewed,,no,,Uses the recognizable English-dub motto cadence while retaining the Chinese segment's meaning and bootleg-specific details.,restored_payload,,,
RESTORED:0x038315,RESTORED,,D0995,Restored dialogue,0x038315,0x038315,0x038315,dialogue_19_19,JESSIE,1319,0x039851,武藏:为了防止世界被破坏,absent_or_wrong_pointer,ABSENT — dialogue supprimé de la ROM anglaise,JESSIE: To protect the world from devastation!,adapted_from_english_anime_motto_with_chinese_fidelity_ai_review,restored_pointer_inventory,direct source,restored_source_inventory,ai_source_reviewed,,no,,Uses the recognizable English-dub motto cadence while retaining the Chinese segment's meaning and bootleg-specific details.,restored_payload,,,
RESTORED:0x038317,RESTORED,,D0996,Restored dialogue,0x038317,0x038317,0x038317,dialogue_19_19,JAMES,1320,0x03986A,小次郎:为了维护世界的和平.,absent_or_wrong_pointer,ABSENT — dialogue supprimé de la ROM anglaise,JAMES: To unite all peoples in peace!,adapted_from_english_anime_motto_with_chinese_fidelity_ai_review,restored_pointer_inventory,direct source,restored_source_inventory,ai_source_reviewed,,no,,Uses the recognizable English-dub motto cadence while retaining the Chinese segment's meaning and bootleg-specific details.,restored_payload,,,
RESTORED:0x038319,RESTORED,,D0997,Restored dialogue,0x038319,0x038319,0x038319,dialogue_19_19,JESSIE,1321,0x039886,武藏:坚持爱与真实的罪恶,absent_or_wrong_pointer,ABSENT — dialogue supprimé de la ROM anglaise,JESSIE: To denounce the evils of truth and love!,adapted_from_english_anime_motto_with_chinese_fidelity_ai_review,restored_pointer_inventory,direct source,restored_source_inventory,ai_source_reviewed,,no,,Uses the recognizable English-dub motto cadence while retaining the Chinese segment's meaning and bootleg-specific details.,restored_payload,,,
RESTORED:0x03831B,RESTORED,,D0998,Restored dialogue,0x03831B,0x03831B,0x03831B,dialogue_19_19,JAMES,1322,0x03989F,小次郎:最有魅力的反派人物!,absent_or_wrong_pointer,ABSENT — dialogue supprimé de la ROM anglaise,JAMES: Charming villains reaching for the stars!,adapted_from_english_anime_motto_with_chinese_fidelity_ai_review,restored_pointer_inventory,direct source,restored_source_inventory,ai_source_reviewed,,no,,Uses the recognizable English-dub motto cadence while retaining the Chinese segment's meaning and bootleg-specific details.,restored_payload,,,
RESTORED:0x03831D,RESTORED,,D0999,Restored dialogue,0x03831D,0x03831D,0x03831D,dialogue_19_19,JESSIE,1323,0x0398BB,武藏:武藏!,absent_or_wrong_pointer,ABSENT — dialogue supprimé de la ROM anglaise,JESSIE: Jessie!,translated_directly_from_chinese_ai_review,restored_pointer_inventory,direct source,restored_source_inventory,ai_source_reviewed,,no,,Preserves Jessie's repeated name announcement exactly.,restored_payload,,,
RESTORED:0x03831F,RESTORED,,D1000,Restored dialogue,0x03831F,0x03831F,0x03831F,dialogue_19_19,JAMES,1324,0x0398C7,小次郎:小次郎!,absent_or_wrong_pointer,ABSENT — dialogue supprimé de la ROM anglaise,JAMES: James!,translated_directly_from_chinese_ai_review,restored_pointer_inventory,direct source,restored_source_inventory,ai_source_reviewed,,no,,Preserves James's repeated name announcement exactly.,restored_payload,,,
RESTORED:0x038321,RESTORED,,D1001,Restored dialogue,0x038321,0x038321,0x038321,dialogue_19_19,JESSIE,1325,0x0398D7,武藏:我们是穿过银河系的火箭队!,absent_or_wrong_pointer,ABSENT — dialogue supprimé de la ROM anglaise,JESSIE: Team Rocket blasts across the galaxy!,adapted_from_english_anime_motto_with_chinese_fidelity_ai_review,restored_pointer_inventory,direct source,restored_source_inventory,ai_source_reviewed,,no,,Uses the recognizable English-dub motto cadence while retaining the Chinese segment's meaning and bootleg-specific details.,restored_payload,,,
RESTORED:0x038323,RESTORED,,D1002,Restored dialogue,0x038323,0x038323,0x038323,dialogue_19_19,JAMES,1326,0x0398F7,"小次郎:白洞,白色的明天在等着我们!",absent_or_wrong_pointer,ABSENT — dialogue supprimé de la ROM anglaise,JAMES: A white hole and bright tomorrow await!,adapted_from_english_anime_motto_with_chinese_fidelity_ai_review,restored_pointer_inventory,direct source,restored_source_inventory,ai_source_reviewed,,no,,Uses the recognizable English-dub motto cadence while retaining the Chinese segment's meaning and bootleg-specific details.,restored_payload,,,
RESTORED:0x038325,RESTORED,,D1003,Restored dialogue,0x038325,0x038325,0x038325,dialogue_19_19,MEOWTH,1327,0x03991A,喵喵:说的对!喵...,absent_or_wrong_pointer,ABSENT — dialogue supprimé de la ROM anglaise,MEOWTH: Meowth! That's right!,adapted_from_english_anime_motto_with_chinese_fidelity_ai_review,restored_pointer_inventory,direct source,restored_source_inventory,ai_source_reviewed,,no,,Uses the recognizable English-dub motto cadence while retaining the Chinese segment's meaning and bootleg-specific details.,restored_payload,,,
RESTORED:0x038347,RESTORED,,D1004,Restored dialogue,0x038347,0x038347,0x038347,dialogue_19_19,LASS,1344,0x039D3B,迷你裙:我承认你了,absent_or_wrong_pointer,POINTEUR ERRONÉ — texte affiché : NON TRADUIT — texte chinois conservé dans la ROM anglaise,You have my respect.,translated_directly_from_chinese_ai_review,restored_pointer_inventory,direct source,restored_source_inventory,ai_source_reviewed,,yes,"Uses official Gen I field-dialogue style: the visible sprite and encounter identify the sole speaker, so no redundant class label consumes text-bank space.",Compact Chinese-led wording; uses the matching Lass class and restores her recognition that the player has proven worthy.,restored_payload,,,
RESTORED:0x03834B,RESTORED,,D1005,Restored dialogue,0x03834B,0x03834B,0x03834B,dialogue_19_19,YOUNGSTER,1346,0x039D74,谈判小子:有两下子,absent_or_wrong_pointer,POINTEUR ERRONÉ — texte affiché : Got Charmander!,Not bad!,translated_directly_from_chinese_ai_review,restored_pointer_inventory,direct source,restored_source_inventory,ai_source_reviewed,,yes,"Uses official Gen I field-dialogue style: the visible sprite and encounter identify the sole speaker, so no redundant class label consumes text-bank space.",Compact Chinese-led wording; uses the matching Youngster class and restores his acknowledgment of the player's ability instead of the bad-pointer Charmander message.,restored_payload,,,
RESTORED:0x03834F,RESTORED,,D1006,Restored dialogue,0x03834F,0x03834F,0x03834F,dialogue_19_19,LASS,1348,0x039DB8,迷你裙:我今后就关注你吧,absent_or_wrong_pointer,POINTEUR ERRONÉ — texte affiché : I saw trainers fromall over!,I'll watch you from now on.,translated_directly_from_chinese_ai_review,restored_pointer_inventory,direct source,restored_source_inventory,ai_source_reviewed,,yes,"Uses official Gen I field-dialogue style: the visible sprite and encounter identify the sole speaker, so no redundant class label consumes text-bank space.",Compact Chinese-led wording; preserves the Lass's promise to watch or follow the player's progress from this point forward.,restored_payload,,,
RESTORED:0x038353,RESTORED,,D1007,Restored dialogue,0x038353,0x038353,0x038353,dialogue_19_19,BUG CATCHER,1350,0x039DF5,侦察员:你是第一个打败我们的,absent_or_wrong_pointer,POINTEUR ERRONÉ — texte affiché : I'm off to see Bill,You're the first to beat all of us!,translated_directly_from_chinese_ai_review,restored_pointer_inventory,direct source,restored_source_inventory,ai_source_reviewed,,yes,"Uses official Gen I field-dialogue style: the visible sprite and encounter identify the sole speaker, so no redundant class label consumes text-bank space.","Full-text review: Restores the omitted subject and auxiliary. Omits the contextual one-speaker label 'SCOUT', as in official Gen I field dialogue; the sprite and encounter retain the speaker identity.",restored_payload,,,
RESTORED:0x03AF94,RESTORED,,D1008,Restored dialogue,0x03AF94,0x03AF94,0x03AF94,dialogue_19_19,ASH,1624,0x03C395,小智:你们是?,absent_or_wrong_pointer,ABSENT — dialogue supprimé de la ROM anglaise,ASH: Who are you?,translated_directly_from_chinese_ai_review,restored_pointer_inventory,direct source,restored_source_inventory,ai_source_reviewed,,no,,Directly restores Ash's question about the group's identity.,restored_payload,,,
RESTORED:0x03AF96,RESTORED,,D1009,Restored dialogue,0x03AF96,0x03AF96,0x03AF96,dialogue_19_19,JESSIE,1625,0x03C3A3,武藏:既然你诚心诚意的问了,absent_or_wrong_pointer,ABSENT — dialogue supprimé de la ROM anglaise,JESSIE: Prepare for trouble!,adapted_from_english_anime_motto_with_chinese_fidelity_ai_review,restored_pointer_inventory,direct source,restored_source_inventory,ai_source_reviewed,,no,,Uses the recognizable English-dub motto cadence while retaining the Chinese segment's meaning and bootleg-specific details.,restored_payload,,,
RESTORED:0x03AF98,RESTORED,,D1010,Restored dialogue,0x03AF98,0x03AF98,0x03AF98,dialogue_19_19,JAMES,1626,0x03C3BE,小次郎:那我就大发慈悲的告诉你们!,absent_or_wrong_pointer,ABSENT — dialogue supprimé de la ROM anglaise,JAMES: And make it double!,adapted_from_english_anime_motto_with_chinese_fidelity_ai_review,restored_pointer_inventory,direct source,restored_source_inventory,ai_source_reviewed,,no,,Uses the recognizable English-dub motto cadence while retaining the Chinese segment's meaning and bootleg-specific details.,restored_payload,,,
RESTORED:0x03AF9A,RESTORED,,D1011,Restored dialogue,0x03AF9A,0x03AF9A,0x03AF9A,dialogue_19_19,JESSIE,1627,0x03C3E0,武藏:为了防止世界被破坏,absent_or_wrong_pointer,ABSENT — dialogue supprimé de la ROM anglaise,JESSIE: To protect the world from devastation!,adapted_from_english_anime_motto_with_chinese_fidelity_ai_review,restored_pointer_inventory,direct source,restored_source_inventory,ai_source_reviewed,,no,,Uses the recognizable English-dub motto cadence while retaining the Chinese segment's meaning and bootleg-specific details.,restored_payload,,,
RESTORED:0x03AF9C,RESTORED,,D1012,Restored dialogue,0x03AF9C,0x03AF9C,0x03AF9C,dialogue_19_19,JAMES,1628,0x03C3F9,小次郎:为了维护世界的和平.,absent_or_wrong_pointer,ABSENT — dialogue supprimé de la ROM anglaise,JAMES: To unite all peoples in peace!,adapted_from_english_anime_motto_with_chinese_fidelity_ai_review,restored_pointer_inventory,direct source,restored_source_inventory,ai_source_reviewed,,no,,Uses the recognizable English-dub motto cadence while retaining the Chinese segment's meaning and bootleg-specific details.,restored_payload,,,
RESTORED:0x03AF9E,RESTORED,,D1013,Restored dialogue,0x03AF9E,0x03AF9E,0x03AF9E,dialogue_19_19,JESSIE,1629,0x03C415,武藏:坚持爱与真实的罪恶,absent_or_wrong_pointer,ABSENT — dialogue supprimé de la ROM anglaise,JESSIE: To denounce the evils of truth and love!,adapted_from_english_anime_motto_with_chinese_fidelity_ai_review,restored_pointer_inventory,direct source,restored_source_inventory,ai_source_reviewed,,no,,Uses the recognizable English-dub motto cadence while retaining the Chinese segment's meaning and bootleg-specific details.,restored_payload,,,
RESTORED:0x03AFA0,RESTORED,,D1014,Restored dialogue,0x03AFA0,0x03AFA0,0x03AFA0,dialogue_19_19,JAMES,1630,0x03C42E,小次郎:最有魅力的反派人物!,absent_or_wrong_pointer,ABSENT — dialogue supprimé de la ROM anglaise,JAMES: Charming villains reaching for the stars!,adapted_from_english_anime_motto_with_chinese_fidelity_ai_review,restored_pointer_inventory,direct source,restored_source_inventory,ai_source_reviewed,,no,,Uses the recognizable English-dub motto cadence while retaining the Chinese segment's meaning and bootleg-specific details.,restored_payload,,,
RESTORED:0x03AFA2,RESTORED,,D1015,Restored dialogue,0x03AFA2,0x03AFA2,0x03AFA2,dialogue_19_19,JESSIE,1631,0x03C44A,武藏:武藏!,absent_or_wrong_pointer,ABSENT — dialogue supprimé de la ROM anglaise,JESSIE: Jessie!,translated_directly_from_chinese_ai_review,restored_pointer_inventory,direct source,restored_source_inventory,ai_source_reviewed,,no,,Preserves Jessie and the name she announces.,restored_payload,,,
RESTORED:0x03AFA4,RESTORED,,D1016,Restored dialogue,0x03AFA4,0x03AFA4,0x03AFA4,dialogue_19_19,JAMES,1632,0x03C456,小次郎:小次郎!,absent_or_wrong_pointer,ABSENT — dialogue supprimé de la ROM anglaise,JAMES: James!,translated_directly_from_chinese_ai_review,restored_pointer_inventory,direct source,restored_source_inventory,ai_source_reviewed,,no,,Preserves James and the name he announces.,restored_payload,,,
RESTORED:0x03AFA6,RESTORED,,D1017,Restored dialogue,0x03AFA6,0x03AFA6,0x03AFA6,dialogue_19_19,JESSIE,1633,0x03C466,武藏:我们是穿过银河系的火箭队!,absent_or_wrong_pointer,ABSENT — dialogue supprimé de la ROM anglaise,JESSIE: Team Rocket blasts across the galaxy!,adapted_from_english_anime_motto_with_chinese_fidelity_ai_review,restored_pointer_inventory,direct source,restored_source_inventory,ai_source_reviewed,,no,,Uses the recognizable English-dub motto cadence while retaining the Chinese segment's meaning and bootleg-specific details.,restored_payload,,,
RESTORED:0x03AFA8,RESTORED,,D1018,Restored dialogue,0x03AFA8,0x03AFA8,0x03AFA8,dialogue_19_19,JAMES,1634,0x03C486,"小次郎:白洞,白色的明天在等着我们!",absent_or_wrong_pointer,ABSENT — dialogue supprimé de la ROM anglaise,JAMES: A white hole and bright tomorrow await!,adapted_from_english_anime_motto_with_chinese_fidelity_ai_review,restored_pointer_inventory,direct source,restored_source_inventory,ai_source_reviewed,,no,,Uses the recognizable English-dub motto cadence while retaining the Chinese segment's meaning and bootleg-specific details.,restored_payload,,,
RESTORED:0x03AFAA,RESTORED,,D1019,Restored dialogue,0x03AFAA,0x03AFAA,0x03AFAA,dialogue_19_19,MEOWTH,1635,0x03C4A9,喵喵:说的对!喵...,absent_or_wrong_pointer,ABSENT — dialogue supprimé de la ROM anglaise,MEOWTH: Meowth! That's right!,adapted_from_english_anime_motto_with_chinese_fidelity_ai_review,restored_pointer_inventory,direct source,restored_source_inventory,ai_source_reviewed,,no,,Uses the recognizable English-dub motto cadence while retaining the Chinese segment's meaning and bootleg-specific details.,restored_payload,,,
RESTORED:0x03AFAC,RESTORED,,D1020,Restored dialogue,0x03AFAC,0x03AFAC,0x03AFAC,dialogue_19_19,JAMES,1636,0x03C4BC,小次郎:现在就让我们算清旧帐吧!!,absent_or_wrong_pointer,ABSENT — dialogue supprimé de la ROM anglaise,JAMES: Let's settle our old score now!,translated_directly_from_chinese_ai_review,restored_pointer_inventory,direct source,restored_source_inventory,ai_source_reviewed,,yes,Uses a short inclusive challenge while retaining the old score and immediate timing without the invented new grievance.,Corrected against the Chinese source: James calls for settling an old score now; the source does not add any new score.,restored_payload,,,
RESTORED:0x03AFB0,RESTORED,,D1021,Restored dialogue,0x03AFB0,0x03AFB0,0x03AFB0,dialogue_19_19,TEAM ROCKET,1638,0x03C4F0,武藏:好讨厌的感觉哟...,absent_or_wrong_pointer,ABSENT — dialogue supprimé de la ROM anglaise,JESSIE: What an awful feeling...,official_english_gen1_reviewed_chinese_specific_retained_ai_review,restored_pointer_inventory,direct source,restored_source_inventory,ai_source_reviewed,,yes,"Uses complete, natural English while respecting dialogue pagination and ROM bank limits; no displayed word is truncated.",Reviewed against the matching English Red/Blue/Yellow scene; the Chinese/Famicom wording is retained because the official line omits or contradicts a material source detail. Full-text review: Restores the omitted determiner and complete exclamation.,restored_payload,,,
RESTORED:0x03AFB2,RESTORED,,D1022,Restored dialogue,0x03AFB2,0x03AFB2,0x03AFB2,dialogue_19_19,MEOWTH,1639,0x03C508,喵喵:喵...,absent_or_wrong_pointer,ABSENT — dialogue supprimé de la ROM anglaise,MEOWTH: Meow...,translated_directly_from_chinese_ai_review,restored_pointer_inventory,direct source,restored_source_inventory,ai_source_reviewed,,no,,Preserves Meowth's brief feline utterance with his official English name.,restored_payload,,,
RESTORED:0x03AFEA,RESTORED,,D1023,Restored dialogue,0x03AFEA,0x03AFEA,0x03AFEA,dialogue_19_19,ASH,1667,0x03C852,小智:你们是?,absent_or_wrong_pointer,ABSENT — dialogue supprimé de la ROM anglaise,ASH: Who are you?,translated_directly_from_chinese_ai_review,restored_pointer_inventory,direct source,restored_source_inventory,ai_source_reviewed,,no,,Directly restores Ash's repeated question about the group's identity.,restored_payload,,,
RESTORED:0x03AFEC,RESTORED,,D1024,Restored dialogue,0x03AFEC,0x03AFEC,0x03AFEC,dialogue_19_19,JESSIE,1668,0x03C860,武藏:既然你诚心诚意的问了,absent_or_wrong_pointer,ABSENT — dialogue supprimé de la ROM anglaise,JESSIE: Prepare for trouble!,adapted_from_english_anime_motto_with_chinese_fidelity_ai_review,restored_pointer_inventory,direct source,restored_source_inventory,ai_source_reviewed,,no,,Uses the recognizable English-dub motto cadence while retaining the Chinese segment's meaning and bootleg-specific details.,restored_payload,,,
RESTORED:0x03AFEE,RESTORED,,D1025,Restored dialogue,0x03AFEE,0x03AFEE,0x03AFEE,dialogue_19_19,JAMES,1669,0x03C87B,小次郎:那我就大发慈悲的告诉你们!,absent_or_wrong_pointer,ABSENT — dialogue supprimé de la ROM anglaise,JAMES: And make it double!,adapted_from_english_anime_motto_with_chinese_fidelity_ai_review,restored_pointer_inventory,direct source,restored_source_inventory,ai_source_reviewed,,no,,Uses the recognizable English-dub motto cadence while retaining the Chinese segment's meaning and bootleg-specific details.,restored_payload,,,
RESTORED:0x03AFF0,RESTORED,,D1026,Restored dialogue,0x03AFF0,0x03AFF0,0x03AFF0,dialogue_19_19,JESSIE,1670,0x03C89D,武藏:为了防止世界被破坏,absent_or_wrong_pointer,ABSENT — dialogue supprimé de la ROM anglaise,JESSIE: To protect the world from devastation!,adapted_from_english_anime_motto_with_chinese_fidelity_ai_review,restored_pointer_inventory,direct source,restored_source_inventory,ai_source_reviewed,,no,,Uses the recognizable English-dub motto cadence while retaining the Chinese segment's meaning and bootleg-specific details.,restored_payload,,,
RESTORED:0x03AFF2,RESTORED,,D1027,Restored dialogue,0x03AFF2,0x03AFF2,0x03AFF2,dialogue_19_19,JAMES,1671,0x03C8B6,小次郎:为了维护世界的和平.,absent_or_wrong_pointer,ABSENT — dialogue supprimé de la ROM anglaise,JAMES: To unite all peoples in peace!,adapted_from_english_anime_motto_with_chinese_fidelity_ai_review,restored_pointer_inventory,direct source,restored_source_inventory,ai_source_reviewed,,no,,Uses the recognizable English-dub motto cadence while retaining the Chinese segment's meaning and bootleg-specific details.,restored_payload,,,
RESTORED:0x03AFF4,RESTORED,,D1028,Restored dialogue,0x03AFF4,0x03AFF4,0x03AFF4,dialogue_19_19,JESSIE,1672,0x03C8D2,武藏:坚持爱与真实的罪恶,absent_or_wrong_pointer,ABSENT — dialogue supprimé de la ROM anglaise,JESSIE: To denounce the evils of truth and love!,adapted_from_english_anime_motto_with_chinese_fidelity_ai_review,restored_pointer_inventory,direct source,restored_source_inventory,ai_source_reviewed,,no,,Uses the recognizable English-dub motto cadence while retaining the Chinese segment's meaning and bootleg-specific details.,restored_payload,,,
RESTORED:0x03AFF6,RESTORED,,D1029,Restored dialogue,0x03AFF6,0x03AFF6,0x03AFF6,dialogue_19_19,JAMES,1673,0x03C8EB,小次郎:最有魅力的反派人物!,absent_or_wrong_pointer,ABSENT — dialogue supprimé de la ROM anglaise,JAMES: Charming villains reaching for the stars!,adapted_from_english_anime_motto_with_chinese_fidelity_ai_review,restored_pointer_inventory,direct source,restored_source_inventory,ai_source_reviewed,,no,,Uses the recognizable English-dub motto cadence while retaining the Chinese segment's meaning and bootleg-specific details.,restored_payload,,,
RESTORED:0x03AFF8,RESTORED,,D1030,Restored dialogue,0x03AFF8,0x03AFF8,0x03AFF8,dialogue_19_19,JESSIE,1674,0x03C907,武藏:武藏!,absent_or_wrong_pointer,ABSENT — dialogue supprimé de la ROM anglaise,JESSIE: Jessie!,translated_directly_from_chinese_ai_review,restored_pointer_inventory,direct source,restored_source_inventory,ai_source_reviewed,,no,,Preserves Jessie's repeated self-introduction by name.,restored_payload,,,
RESTORED:0x03AFFA,RESTORED,,D1031,Restored dialogue,0x03AFFA,0x03AFFA,0x03AFFA,dialogue_19_19,JAMES,1675,0x03C913,小次郎:小次郎!,absent_or_wrong_pointer,ABSENT — dialogue supprimé de la ROM anglaise,JAMES: James!,translated_directly_from_chinese_ai_review,restored_pointer_inventory,direct source,restored_source_inventory,ai_source_reviewed,,no,,Preserves James's repeated self-introduction by name.,restored_payload,,,
RESTORED:0x03AFFC,RESTORED,,D1032,Restored dialogue,0x03AFFC,0x03AFFC,0x03AFFC,dialogue_19_19,JESSIE,1676,0x03C923,武藏:我们是穿过银河系的火箭队!,absent_or_wrong_pointer,ABSENT — dialogue supprimé de la ROM anglaise,JESSIE: Team Rocket blasts across the galaxy!,adapted_from_english_anime_motto_with_chinese_fidelity_ai_review,restored_pointer_inventory,direct source,restored_source_inventory,ai_source_reviewed,,no,,Uses the recognizable English-dub motto cadence while retaining the Chinese segment's meaning and bootleg-specific details.,restored_payload,,,
RESTORED:0x03AFFE,RESTORED,,D1033,Restored dialogue,0x03AFFE,0x03AFFE,0x03AFFE,dialogue_19_19,JAMES,1677,0x03C943,"小次郎:白洞,白色的明天在等着我们!",absent_or_wrong_pointer,ABSENT — dialogue supprimé de la ROM anglaise,JAMES: A white hole and bright tomorrow await!,adapted_from_english_anime_motto_with_chinese_fidelity_ai_review,restored_pointer_inventory,direct source,restored_source_inventory,ai_source_reviewed,,no,,Uses the recognizable English-dub motto cadence while retaining the Chinese segment's meaning and bootleg-specific details.,restored_payload,,,
RESTORED:0x03B000,RESTORED,,D1034,Restored dialogue,0x03B000,0x03B000,0x03B000,dialogue_19_19,MEOWTH,1678,0x03C966,喵喵:说的对!喵...,absent_or_wrong_pointer,ABSENT — dialogue supprimé de la ROM anglaise,MEOWTH: Meowth! That's right!,adapted_from_english_anime_motto_with_chinese_fidelity_ai_review,restored_pointer_inventory,direct source,restored_source_inventory,ai_source_reviewed,,no,,Uses the recognizable English-dub motto cadence while retaining the Chinese segment's meaning and bootleg-specific details.,restored_payload,,,
RESTORED:0x03B004,RESTORED,,D1035,Restored dialogue,0x03B004,0x03B004,0x03B004,dialogue_19_19,TEAM ROCKET,1680,0x03C98C,武藏:好讨厌的感觉哟...,absent_or_wrong_pointer,ABSENT — dialogue supprimé de la ROM anglaise,JESSIE: What an awful feeling...,official_english_gen1_reviewed_chinese_specific_retained_ai_review,restored_pointer_inventory,direct source,restored_source_inventory,ai_source_reviewed,,yes,"Uses complete, natural English while respecting dialogue pagination and ROM bank limits; no displayed word is truncated.",Reviewed against the matching English Red/Blue/Yellow scene; the Chinese/Famicom wording is retained because the official line omits or contradicts a material source detail. Full-text review: Restores the omitted determiner and complete exclamation.,restored_payload,,,
RESTORED:0x03B006,RESTORED,,D1036,Restored dialogue,0x03B006,0x03B006,0x03B006,dialogue_19_19,MEOWTH,1681,0x03C9A4,喵喵:喵...,absent_or_wrong_pointer,ABSENT — dialogue supprimé de la ROM anglaise,MEOWTH: Meow...,translated_directly_from_chinese_ai_review,restored_pointer_inventory,direct source,restored_source_inventory,ai_source_reviewed,,no,,Preserves Meowth's closing meow with his official English identity.,restored_payload,,,
RESTORED:0x03CF3E,RESTORED,,D1037,Restored dialogue,0x03CF3E,0x03CF3E,0x03CF3E,dialogue_19_19,JESSIE,1810,0x03DCB2,武藏:既然你诚心诚意的问了,absent_or_wrong_pointer,ABSENT — dialogue supprimé de la ROM anglaise,JESSIE: Prepare for trouble!,adapted_from_english_anime_motto_with_chinese_fidelity_ai_review,restored_pointer_inventory,direct source,restored_source_inventory,ai_source_reviewed,,no,,Uses the recognizable English-dub motto cadence while retaining the Chinese segment's meaning and bootleg-specific details.,restored_payload,,,
RESTORED:0x03CF40,RESTORED,,D1038,Restored dialogue,0x03CF40,0x03CF40,0x03CF40,dialogue_19_19,JAMES,1811,0x03DCCD,小次郎:那我就大发慈悲的告诉你们!,absent_or_wrong_pointer,ABSENT — dialogue supprimé de la ROM anglaise,JAMES: And make it double!,adapted_from_english_anime_motto_with_chinese_fidelity_ai_review,restored_pointer_inventory,direct source,restored_source_inventory,ai_source_reviewed,,no,,Uses the recognizable English-dub motto cadence while retaining the Chinese segment's meaning and bootleg-specific details.,restored_payload,,,
RESTORED:0x03CF42,RESTORED,,D1039,Restored dialogue,0x03CF42,0x03CF42,0x03CF42,dialogue_19_19,JESSIE,1812,0x03DCEF,武藏:为了防止世界被破坏,absent_or_wrong_pointer,ABSENT — dialogue supprimé de la ROM anglaise,JESSIE: To protect the world from devastation!,adapted_from_english_anime_motto_with_chinese_fidelity_ai_review,restored_pointer_inventory,direct source,restored_source_inventory,ai_source_reviewed,,no,,Uses the recognizable English-dub motto cadence while retaining the Chinese segment's meaning and bootleg-specific details.,restored_payload,,,
RESTORED:0x03CF44,RESTORED,,D1040,Restored dialogue,0x03CF44,0x03CF44,0x03CF44,dialogue_19_19,JAMES,1813,0x03DD08,小次郎:为了维护世界的和平.,absent_or_wrong_pointer,ABSENT — dialogue supprimé de la ROM anglaise,JAMES: To unite all peoples in peace!,adapted_from_english_anime_motto_with_chinese_fidelity_ai_review,restored_pointer_inventory,direct source,restored_source_inventory,ai_source_reviewed,,no,,Uses the recognizable English-dub motto cadence while retaining the Chinese segment's meaning and bootleg-specific details.,restored_payload,,,
RESTORED:0x03CF46,RESTORED,,D1041,Restored dialogue,0x03CF46,0x03CF46,0x03CF46,dialogue_19_19,JESSIE,1814,0x03DD24,武藏:坚持爱与真实的罪恶,absent_or_wrong_pointer,ABSENT — dialogue supprimé de la ROM anglaise,JESSIE: To denounce the evils of truth and love!,adapted_from_english_anime_motto_with_chinese_fidelity_ai_review,restored_pointer_inventory,direct source,restored_source_inventory,ai_source_reviewed,,no,,Uses the recognizable English-dub motto cadence while retaining the Chinese segment's meaning and bootleg-specific details.,restored_payload,,,
RESTORED:0x03CF48,RESTORED,,D1042,Restored dialogue,0x03CF48,0x03CF48,0x03CF48,dialogue_19_19,JAMES,1815,0x03DD3D,小次郎:最有魅力的反派人物!,absent_or_wrong_pointer,ABSENT — dialogue supprimé de la ROM anglaise,JAMES: Charming villains reaching for the stars!,adapted_from_english_anime_motto_with_chinese_fidelity_ai_review,restored_pointer_inventory,direct source,restored_source_inventory,ai_source_reviewed,,no,,Uses the recognizable English-dub motto cadence while retaining the Chinese segment's meaning and bootleg-specific details.,restored_payload,,,
RESTORED:0x03CF4A,RESTORED,,D1043,Restored dialogue,0x03CF4A,0x03CF4A,0x03CF4A,dialogue_19_19,JESSIE,1816,0x03DD59,武藏:武藏!,absent_or_wrong_pointer,ABSENT — dialogue supprimé de la ROM anglaise,JESSIE: Jessie!,translated_directly_from_chinese_ai_review,restored_pointer_inventory,direct source,restored_source_inventory,ai_source_reviewed,,no,,"Maps Musashi to her official English identity, Jessie, while preserving the self-introduction.",restored_payload,,,
RESTORED:0x03CF4C,RESTORED,,D1044,Restored dialogue,0x03CF4C,0x03CF4C,0x03CF4C,dialogue_19_19,JAMES,1817,0x03DD65,小次郎:小次郎!,absent_or_wrong_pointer,ABSENT — dialogue supprimé de la ROM anglaise,JAMES: James!,translated_directly_from_chinese_ai_review,restored_pointer_inventory,direct source,restored_source_inventory,ai_source_reviewed,,no,,"Maps Kojiro to his official English identity, James, while preserving the self-introduction.",restored_payload,,,
RESTORED:0x03CF4E,RESTORED,,D1045,Restored dialogue,0x03CF4E,0x03CF4E,0x03CF4E,dialogue_19_19,JESSIE,1818,0x03DD75,武藏:我们是穿过银河系的火箭队!,absent_or_wrong_pointer,ABSENT — dialogue supprimé de la ROM anglaise,JESSIE: Team Rocket blasts across the galaxy!,adapted_from_english_anime_motto_with_chinese_fidelity_ai_review,restored_pointer_inventory,direct source,restored_source_inventory,ai_source_reviewed,,no,,Uses the recognizable English-dub motto cadence while retaining the Chinese segment's meaning and bootleg-specific details.,restored_payload,,,
RESTORED:0x03CF50,RESTORED,,D1046,Restored dialogue,0x03CF50,0x03CF50,0x03CF50,dialogue_19_19,JAMES,1819,0x03DD95,"小次郎:白洞,白色的明天在等着我们!",absent_or_wrong_pointer,ABSENT — dialogue supprimé de la ROM anglaise,JAMES: A white hole and bright tomorrow await!,adapted_from_english_anime_motto_with_chinese_fidelity_ai_review,restored_pointer_inventory,direct source,restored_source_inventory,ai_source_reviewed,,no,,Uses the recognizable English-dub motto cadence while retaining the Chinese segment's meaning and bootleg-specific details.,restored_payload,,,
RESTORED:0x03CF52,RESTORED,,D1047,Restored dialogue,0x03CF52,0x03CF52,0x03CF52,dialogue_19_19,MEOWTH,1820,0x03DDB8,喵喵:说的对!喵...,absent_or_wrong_pointer,ABSENT — dialogue supprimé de la ROM anglaise,MEOWTH: Meowth! That's right!,adapted_from_english_anime_motto_with_chinese_fidelity_ai_review,restored_pointer_inventory,direct source,restored_source_inventory,ai_source_reviewed,,no,,Uses the recognizable English-dub motto cadence while retaining the Chinese segment's meaning and bootleg-specific details.,restored_payload,,,
RESTORED:0x03CF54,RESTORED,,D1048,Restored dialogue,0x03CF54,0x03CF54,0x03CF54,dialogue_19_19,TEAM ROCKET,1821,0x03DDCB,小次郎:果然和平常一样...,absent_or_wrong_pointer,ABSENT — dialogue supprimé de la ROM anglaise,"JAMES: Sure enough, it's the same as always...",official_english_gen1_reviewed_chinese_specific_retained_ai_review,restored_pointer_inventory,direct source,restored_source_inventory,ai_source_reviewed,,no,,Reviewed against the matching English Red/Blue/Yellow scene; the Chinese/Famicom wording is retained because the official line omits or contradicts a material source detail.,restored_payload,,,
RESTORED:0x03CF56,RESTORED,,D1049,Restored dialogue,0x03CF56,0x03CF56,0x03CF56,dialogue_19_19,TEAM ROCKET,1822,0x03DDE5,武藏:好讨厌的感觉哟...,absent_or_wrong_pointer,ABSENT — dialogue supprimé de la ROM anglaise,JESSIE: What an awful feeling...,official_english_gen1_reviewed_chinese_specific_retained_ai_review,restored_pointer_inventory,direct source,restored_source_inventory,ai_source_reviewed,,no,,Reviewed against the matching English Red/Blue/Yellow scene; the Chinese/Famicom wording is retained because the official line omits or contradicts a material source detail.,restored_payload,,,
RESTORED:0x03CF58,RESTORED,,D1050,Restored dialogue,0x03CF58,0x03CF58,0x03CF58,dialogue_19_19,MEOWTH,1823,0x03DDFD,喵喵:喵...,absent_or_wrong_pointer,ABSENT — dialogue supprimé de la ROM anglaise,MEOWTH: Meow...,official_english_gen1_reviewed_chinese_specific_retained_ai_review,restored_pointer_inventory,direct source,restored_source_inventory,ai_source_reviewed,,no,,Reviewed against the matching English Red/Blue/Yellow scene; the Chinese/Famicom wording is retained because the official line omits or contradicts a material source detail.,restored_payload,,,
RESTORED:0x03D07A,RESTORED,,D1051,Restored dialogue,0x03D07A,0x03D07A,0x03D07A,dialogue_19_19,JAMES,1968,0x03F1DB,小次郎:为了维护世界的和平.,absent_or_wrong_pointer,ABSENT — dialogue supprimé de la ROM anglaise,JAMES: To unite all peoples in peace!,adapted_from_english_anime_motto_with_chinese_fidelity_ai_review,restored_pointer_inventory,direct source,restored_source_inventory,ai_source_reviewed,,no,,Uses the recognizable English-dub motto cadence while retaining the Chinese segment's meaning and bootleg-specific details.,restored_payload,,,
RESTORED:0x03D07C,RESTORED,,D1052,Restored dialogue,0x03D07C,0x03D07C,0x03D07C,dialogue_19_19,JESSIE,1969,0x03F1F7,武藏:坚持爱与真实的罪恶,absent_or_wrong_pointer,ABSENT — dialogue supprimé de la ROM anglaise,JESSIE: To denounce the evils of truth and love!,adapted_from_english_anime_motto_with_chinese_fidelity_ai_review,restored_pointer_inventory,direct source,restored_source_inventory,ai_source_reviewed,,no,,Uses the recognizable English-dub motto cadence while retaining the Chinese segment's meaning and bootleg-specific details.,restored_payload,,,
RESTORED:0x03D07E,RESTORED,,D1053,Restored dialogue,0x03D07E,0x03D07E,0x03D07E,dialogue_19_19,JAMES,1970,0x03F210,小次郎:最有魅力的反派人物!,absent_or_wrong_pointer,ABSENT — dialogue supprimé de la ROM anglaise,JAMES: Charming villains reaching for the stars!,adapted_from_english_anime_motto_with_chinese_fidelity_ai_review,restored_pointer_inventory,direct source,restored_source_inventory,ai_source_reviewed,,no,,Uses the recognizable English-dub motto cadence while retaining the Chinese segment's meaning and bootleg-specific details.,restored_payload,,,
RESTORED:0x03D080,RESTORED,,D1054,Restored dialogue,0x03D080,0x03D080,0x03D080,dialogue_19_19,JESSIE,1971,0x03F22C,武藏:武藏!,absent_or_wrong_pointer,ABSENT — dialogue supprimé de la ROM anglaise,JESSIE: Jessie!,translated_directly_from_chinese_ai_review,restored_pointer_inventory,direct source,restored_source_inventory,ai_source_reviewed,,no,,Preserves the repeated Jessie self-introduction at its distinct restored pointer.,restored_payload,,,
RESTORED:0x0348F1,RESTORED,,D1055,Restored dialogue,0x0348F1,0x0348F1,0x0348F1,dialogue_19_19,,1029,0x03499D,得到解麻药,absent_or_wrong_pointer,TEXTE MUTUALISÉ — texte affiché : A S.Heal!,Got a Parlyz Heal!,translated_directly_from_chinese_ai_review,restored_pointer_inventory,direct source,restored_source_inventory,ai_source_reviewed,,no,,Restores the distinct paralysis-healing item message with its official Gen I English name instead of the wrongly shared Awakening text.,restored_payload,,,
