record_index,start_hex,end_hex_exclusive,pair,payload_bytes,glyph_codes,unresolved_codes,chinese_text,pointer_targets,pointer_references
1,0x0301C4,0x0301D5,6,17,8,,"
南晶公司版权所有",0x0301C5,0x03002B
2,0x0301D6,0x0301E0,6,10,4,,"
啊!野生的",0x0301D7,0x03002D
3,0x0301E1,0x0301E9,6,8,3,,"
出来了!",0x0301E2,0x03002F
4,0x0301EA,0x0301F0,6,6,2,,"
冲啊!",0x0301EB,0x030031
5,0x0301F1,0x0301F8,6,7,3,,"
野生的",0x0301F2,0x030033
6,0x0301F9,0x030201,6,8,3,,"
不行了!",0x0301FA,0x030035
7,0x030202,0x030210,6,14,6,,"
经验值得到了!",0x030203,0x030037
8,0x030211,0x03021F,6,14,6,,"
情况不妙快逃!",0x030212,0x030039
9,0x030220,0x03022B,6,11,5,,"
小智使用了",0x030221,0x03003B
10,0x03022C,0x03022F,6,3,1,,"
将",0x03022D,0x03003D
11,0x030230,0x030237,6,7,3,,"
抓到了",0x030231,0x03003F
12,0x030238,0x030240,6,8,3,,"
不行啊!",0x030239,0x030041
13,0x030241,0x030254,6,19,9,,"
从精灵球中跑出来了",0x030242,0x030043
14,0x030255,0x030263,6,14,6,,"
比试胜负来了!",0x030256,0x030045
15,0x030264,0x03026B,6,7,3,,"
使用了",0x030265,0x030047
16,0x03026C,0x030283,6,23,10,,"
不行!胜负的关键不能逃!",0x03026D,0x030049
17,0x030284,0x03028B,6,7,3,,"
打败了",0x030285,0x03004B
18,0x03028C,0x030299,6,13,6,,"
小智作为奖金",0x03028D,0x03004D
19,0x03029A,0x03029D,6,3,1,,"
元",0x03029B,0x03004F
20,0x03029E,0x0302B1,6,19,8,,"
不行!这是偷盗行为!",0x03029F,0x030051
21,0x0302B2,0x0302BD,6,11,5,,"
请准备应战",0x0302B3,0x030053
22,0x0302BE,0x0302C3,6,5,2,,"
使用",0x0302BF,0x030055
23,0x0302C4,0x0302CE,6,10,4,,"
效果一般!",0x0302C5,0x030057
24,0x0302CF,0x0302D9,6,10,4,,"
效果拔群!",0x0302D0,0x030059
25,0x0302DA,0x0302E4,6,10,4,,"
效果不好!",0x0302DB,0x03005B
26,0x0302E5,0x0302EF,6,10,4,,"
没有效果!",0x0302E6,0x03005D
27,0x0302F0,0x0302F7,6,7,3,,"
中毒了",0x0302F1,0x03005F
28,0x0302F8,0x0302FF,6,7,3,,"
睡着了",0x0302F9,0x030061
29,0x030300,0x030307,6,7,3,,"
麻痹了",0x030301,0x030063
30,0x030308,0x030311,6,9,4,,"
被烧伤了",0x030309,0x030065
31,0x030312,0x030319,6,7,3,,"
混乱了",0x030313,0x030067
32,0x03031A,0x030321,6,7,3,,"
冰冻了",0x03031B,0x030069
33,0x030322,0x03032B,6,9,4,,"
中剧毒了",0x030323,0x03006B
34,0x03032C,0x030333,6,7,3,,"
害怕了",0x03032D,0x03006D
35,0x030334,0x030341,6,13,6,,"
中毒了有损伤",0x030335,0x03006F
36,0x030342,0x030349,6,7,3,,"
睡着了",0x030343,0x030071
37,0x03034A,0x030357,6,13,6,,"
麻痹了不能动",0x03034B,0x030073
38,0x030358,0x030365,6,13,6,,"
烧伤了有损伤",0x030359,0x030075
39,0x030366,0x030375,6,15,7,,"
混乱了攻击自己",0x030367,0x030077
40,0x030376,0x030383,6,13,6,,"
冰冻了不能动",0x030377,0x030079
41,0x030384,0x030391,6,13,6,,"
中剧毒了损伤",0x030385,0x03007B
42,0x030392,0x03039F,6,13,6,,"
害怕不能行动",0x030393,0x03007D
43,0x0303A0,0x0303A7,6,7,3,,"
上升了",0x0303A1,0x03007F
44,0x0303A8,0x0303B3,6,11,5,,"
迅速上升了",0x0303A9,0x030081
45,0x0303B4,0x0303C1,6,13,6,,"
不能再上升了",0x0303B5,0x030083
46,0x0303C2,0x0303C9,6,7,3,,"
下降了",0x0303C3,0x030085
47,0x0303CA,0x0303D5,6,11,5,,"
迅速下降了",0x0303CB,0x030087
48,0x0303D6,0x0303E3,6,13,6,,"
不能再下降了",0x0303D7,0x030089
49,0x0303E4,0x0303E9,6,5,2,,"
谢谢",0x0303E5,0x03008B
50,0x0303EA,0x0303EF,6,5,2,,"
谢谢",0x0303EB,0x03008D
51,0x0303F0,0x0303F5,6,5,2,,"
谢谢",0x0303F1,0x03008F
52,0x0303F6,0x0303FB,6,5,2,,"
谢谢",0x0303F7,0x030091
53,0x0303FC,0x030401,6,5,2,,"
谢谢",0x0303FD,0x030093
54,0x030402,0x030409,6,7,2,,"
什么!?",0x030403,0x030095
55,0x03040A,0x030415,6,11,3,,"
的样子...!",0x03040B,0x030097
56,0x030416,0x03041C,6,6,2,,"
恭喜!",0x030417,0x030099
57,0x03041D,0x030424,6,7,3,,"
进化成",0x03041E,0x03009B
58,0x030428,0x03042F,6,7,3,,"
学会了",,
59,0x030430,0x030437,6,7,3,,"
想学会",,
60,0x03043E,0x030443,6,5,2,,"
但是",0x03043F,0x0300A5
61,0x030444,0x030456,6,18,8,,"
四个技能已经满了!",0x030445,0x0300A7
62,0x030457,0x03045E,6,7,3,,"
要学会",0x030458,0x0300A9
63,0x03045F,0x030471,6,18,8,,"
忘记其它的技能吗?",0x030460,0x0300AB
64,0x030472,0x030477,6,5,2,,"
是否",0x030473,0x0300AD
65,0x030478,0x030486,6,14,6,,"
忘记哪个技能?",0x030479,0x0300AF
66,0x030487,0x03048A,6,3,1,,"
将",0x030488,0x0300B1
67,0x03048B,0x03049B,6,16,7,,"
用法完全忘记了!",0x03048C,0x0300B3
68,0x03049C,0x0304A7,6,11,5,,"
而且学会了",0x03049D,0x0300B5
69,0x0304A8,0x0304B1,6,9,4,,"
放弃学习",0x0304A9,0x0300B7
70,0x0304B2,0x0304B6,6,4,1,,"
吗?",0x0304B3,0x0300B9
71,0x0304B7,0x0304C0,6,9,4,,"
没有学习",0x0304B8,0x0300BB
72,0x0304C1,0x0304CE,6,13,6,,"
聚集了太阳光",0x0304C2,0x0300BD
73,0x0304CF,0x0304DA,6,11,5,,"
太阳光射出",0x0304D0,0x0300BF
74,0x0304DB,0x0304E6,6,11,5,,"
钻到了地下",0x0304DC,0x0300C1
75,0x0304E7,0x0304F0,6,9,4,,"
迅速攻击",0x0304E8,0x0300C3
76,0x0304F1,0x0304FA,6,9,4,,"
蓄集力量",0x0304F2,0x0300C5
77,0x0304FB,0x030504,6,9,4,,"
全力一击",0x0304FC,0x0300C7
78,0x030505,0x03050E,6,9,4,,"
蓄集力量",0x030506,0x0300C9
79,0x03050F,0x030518,6,9,4,,"
全力一击",0x030510,0x0300CB
80,0x030519,0x030522,6,9,4,,"
蓄集打消",0x03051A,0x0300CD
81,0x030523,0x03052C,6,9,4,,"
飞上高空",0x030524,0x0300CF
82,0x03052D,0x030536,6,9,4,,"
舍命一击",0x03052E,0x0300D1
83,0x030537,0x030540,6,9,4,,"
蓄集神力",0x030538,0x0300D3
84,0x030541,0x03054A,6,9,4,,"
神力射出",0x030542,0x0300D5
85,0x03054B,0x030554,6,9,4,,"
预知未来",0x03054C,0x0300D7
86,0x030555,0x030566,6,17,8,,"
受到预知未来攻击",0x030556,0x0300D9
87,0x030567,0x03056E,6,7,3,,"
吃掉了",0x030568,0x0300DB
88,0x03056F,0x030574,6,5,2,,"
的梦",0x030570,0x0300DD
89,0x030575,0x03057C,6,7,3,,"
发怒了",0x030576,0x0300DF
90,0x03057D,0x030586,6,9,4,,"
受到诅咒",0x03057E,0x0300E1
91,0x030587,0x03058C,6,5,2,,"
战斗",0x030588,0x0300E3
92,0x03058D,0x030592,6,5,2,,"
背包",0x03058E,0x0300E5
93,0x030593,0x030598,6,5,2,,"
精灵",0x030594,0x0300E7
94,0x030599,0x03059E,6,5,2,,"
逃跑",0x03059A,0x0300E9
95,0x03059F,0x0305A2,6,3,1,,"
火",0x0305A0,0x0300EB
96,0x0305A3,0x0305A6,6,3,1,,"
水",0x0305A4,0x0300ED
97,0x0305A7,0x0305AA,6,3,1,,"
电",0x0305A8,0x0300EF
98,0x0305AB,0x0305AE,6,3,1,,"
草",0x0305AC,0x0300F1
99,0x0305AF,0x0305B2,6,3,1,,"
冰",0x0305B0,0x0300F3
100,0x0305B3,0x0305B6,6,3,1,,"
超",0x0305B4,0x0300F5
101,0x0305B7,0x0305BA,6,3,1,,"
龙",0x0305B8,0x0300F7
102,0x0305BB,0x0305BE,6,3,1,,"
恶",0x0305BC,0x0300F9
103,0x0305BF,0x0305C2,6,3,1,,"
普",0x0305C0,0x0300FB
104,0x0305C3,0x0305C6,6,3,1,,"
格",0x0305C4,0x0300FD
105,0x0305C7,0x0305CA,6,3,1,,"
飞",0x0305C8,0x0300FF
106,0x0305CB,0x0305CE,6,3,1,,"
虫",0x0305CC,0x030101
107,0x0305CF,0x0305D2,6,3,1,,"
毒",0x0305D0,0x030103
108,0x0305D3,0x0305D6,6,3,1,,"
地",0x0305D4,0x030105
109,0x0305D7,0x0305DA,6,3,1,,"
岩",0x0305D8,0x030107
110,0x0305DB,0x0305DE,6,3,1,,"
钢",0x0305DC,0x030109
111,0x0305DF,0x0305E2,6,3,1,,"
鬼",0x0305E0,0x03010B
112,0x0305E3,0x0305E6,6,3,1,,"
无",0x0305E4,0x03010D
113,0x0305E7,0x0305EC,6,5,2,,"
战斗",0x0305E8,0x03010F
114,0x0305ED,0x0305F2,6,5,2,,"
换位",0x0305EE,0x030111
115,0x0305F3,0x0305F8,6,5,2,,"
状态",0x0305F4,0x030113
116,0x0305F9,0x030600,6,7,2,,"
普  通",0x0305FA,0x030115
117,0x030601,0x030608,6,7,3,,"
精灵球",0x030602,0x030117
118,0x030609,0x030610,6,7,3,,"
秘传技",0x03060A,0x030119
119,0x030611,0x030618,6,7,2,,"
贵  重",0x030612,0x03011B
120,0x030619,0x03061F,6,6,2,,"
威力:",0x03061A,0x03011D
121,0x030620,0x030626,6,6,2,,"
命中:",0x030621,0x03011F
122,0x030627,0x03062D,6,6,2,,"
类型:",0x030628,0x030121
123,0x03062E,0x030633,6,5,2,,"
野生",0x03062F,0x030123
124,0x030634,0x030639,6,5,2,,"
对手",0x030635,0x030125
125,0x03063A,0x030644,6,10,4,,"
命中要害!",0x03063B,0x030127
126,0x030645,0x030657,6,18,8,,"
使用下一个怪兽吗?",0x030646,0x030129
127,0x030658,0x03065F,6,7,2,,"
是  否",0x030659,0x03012B
128,0x030660,0x03066B,6,11,5,,"
对手要使用",0x030661,0x03012D
129,0x03066C,0x03067E,6,18,8,,"
小智要改变怪兽吗?",0x03066D,0x03012F
130,0x03067F,0x03068C,6,13,6,,"
等级提升到了",0x030680,0x030131
131,0x03068D,0x030697,6,10,4,,"
进化中止!",0x03068E,0x030133
132,0x030698,0x03069D,6,5,2,,"
已经",0x030699,0x030135
133,0x03069E,0x0306A5,6,7,3,,"
攻击力",0x03069F,0x030137
134,0x0306A6,0x0306AD,6,7,3,,"
防御力",0x0306A7,0x030139
135,0x0306AE,0x0306B3,6,5,2,,"
特攻",0x0306AF,0x03013B
136,0x0306B4,0x0306B9,6,5,2,,"
特防",0x0306B5,0x03013D
137,0x0306BA,0x0306BF,6,5,2,,"
速度",0x0306BB,0x03013F
138,0x0306C0,0x0306C7,6,7,3,,"
命中率",0x0306C1,0x030141
139,0x0306C8,0x0306D5,6,13,6,,"
血值有所恢复",0x0306C9,0x030143
140,0x0306D6,0x0306E0,6,10,4,,"
不能行动!",0x0306D7,0x030145
141,0x0306E1,0x0306EB,6,10,4,,"
一击必杀!",0x0306E2,0x030147
142,0x0306EC,0x0306F4,6,8,3,,"
逃跑了!",0x0306ED,0x030149
143,0x0306F5,0x0306FD,6,8,3,,"
不能逃!",0x0306F6,0x03014B
144,0x0306FE,0x030709,6,11,5,,"
中毒解除了",0x0306FF,0x03014D
145,0x03070A,0x030713,6,9,4,,"
醒过来了",0x03070B,0x03014F
146,0x030714,0x03071F,6,11,5,,"
麻痹解除了",0x030715,0x030151
147,0x030720,0x03072B,6,11,5,,"
烧伤解除了",0x030721,0x030153
148,0x03072C,0x030737,6,11,5,,"
混乱解除了",0x03072D,0x030155
149,0x030738,0x030743,6,11,5,,"
冰冻解除了",0x030739,0x030157
150,0x030744,0x03074F,6,11,5,,"
剧毒解除了",0x030745,0x030159
151,0x030750,0x03075B,6,11,5,,"
害怕解除了",0x030751,0x03015B
152,0x03075C,0x030763,6,7,3,,"
得到了",0x03075D,0x03015D
153,0x030764,0x03076B,6,7,3,,"
支付了",0x030765,0x03015F
154,0x03076C,0x03076F,6,3,1,,"
和",0x03076D,0x030161
155,0x030770,0x03077B,6,11,5,,"
比试失败了",0x030771,0x030163
156,0x03077C,0x030781,6,5,2,,"
需要",0x03077D,0x030165
157,0x030782,0x03078B,6,9,4,,"
蓝色徽章",0x030783,0x030167
158,0x03078C,0x030795,6,9,4,,"
橙色徽章",0x03078D,0x030169
159,0x030796,0x03079F,6,9,4,,"
粉红徽章",0x030797,0x03016B
160,0x0307A0,0x0307A9,6,9,4,,"
彩虹徽章",0x0307A1,0x03016D
161,0x0307AA,0x0307B3,6,9,4,,"
灰色徽章",0x0307AB,0x03016F
162,0x0307B9,0x0307C3,6,10,4,,"
不能中毒!",0x0307BA,0x030173
163,0x0307C4,0x0307CE,6,10,4,,"
不能烧伤!",0x0307C5,0x030175
164,0x0307CF,0x0307D9,6,10,4,,"
不能冰冻!",0x0307D0,0x030177
165,0x0307DA,0x0307DF,6,5,2,,"
存放",0x0307DB,0x030179
166,0x0307E0,0x0307E7,6,7,3,,"
箱子一",0x0307E1,0x03017B
167,0x0307E8,0x0307EF,6,7,3,,"
箱子二",0x0307E9,0x03017D
168,0x0307F0,0x0307F7,6,7,3,,"
箱子三",0x0307F1,0x03017F
169,0x0307F8,0x0307FF,6,7,3,,"
箱子四",0x0307F9,0x030181
170,0x030800,0x030807,6,7,3,,"
箱子五",0x030801,0x030183
171,0x030808,0x03080F,6,7,3,,"
箱子六",0x030809,0x030185
172,0x030810,0x030817,6,7,3,,"
箱子七",0x030811,0x030187
173,0x030818,0x03081F,6,7,3,,"
箱子八",0x030819,0x030189
174,0x030820,0x03082A,6,10,4,,"
携带已满!",0x030821,0x03018B
175,0x03082B,0x03087E,6,83,39,,"
你好!欢迎你光临宠物精灵的世界!大家都叫我大木博士,在这世界住着被称为宠物精灵的生物!",0x03082C,0x03018D
176,0x03087F,0x0308B9,6,58,27,,"
这生物被视为宠物,或使用于对战等等.而我是研究这宠物精灵的!",0x030880,0x03018F
177,0x0308BA,0x0308E0,6,38,17,,"
小智,一个将属于你的故事,梦想即将开始!",0x0308BB,0x030191
178,0x0308E1,0x0308E4,6,3,1,,"
买",0x0308E2,0x030193
179,0x0308E5,0x0308E8,6,3,1,,"
卖",0x0308E6,0x030195
180,0x0308E9,0x0308F2,6,9,4,,"
欢迎光临",0x0308EA,0x030197
181,0x0308F3,0x0308FB,6,8,3,,"
买几个?",0x0308F4,0x030199
182,0x0308FC,0x030904,6,8,3,,"
卖几个?",0x0308FD,0x03019B
183,0x030905,0x03090E,6,9,4,,"
交易成功",0x030906,0x03019D
184,0x03090F,0x030918,6,9,4,,"
无法交易",0x030910,0x03019F
185,0x030919,0x030920,6,7,3,,"
钱不够",0x03091A,0x0301A1
186,0x030921,0x03092D,6,12,5,,"
未得到图鉴!",0x030922,0x0301A3
187,0x03092E,0x030937,6,9,4,,"
没有精灵",0x03092F,0x0301A5
188,0x030938,0x030943,6,11,5,,"
也有所损伤",0x030939,0x0301A7
189,0x030944,0x030949,6,5,2,,"
攻击",0x030945,0x0301A9
190,0x03094A,0x030953,6,9,4,,"
受到诅咒",0x03094B,0x0301AB
191,0x030954,0x030959,6,5,2,,"
撞击",0x030955,0x0301AD
192,0x03095A,0x030965,6,11,5,,"
使用了伤药",0x03095B,0x0301AF
193,0x030966,0x030971,6,11,5,,"
血值恢复了",0x030967,0x0301B1
194,0x030ABA,0x030AC3,6,9,4,,"
妙蛙种子",0x030ABB,0x030977
195,0x030AC4,0x030ACB,6,7,3,,"
妙蛙草",0x030AC5,0x030979
196,0x030ACC,0x030AD3,6,7,3,,"
妙蛙花",0x030ACD,0x03097B
197,0x030AD4,0x030ADB,6,7,3,,"
小火龙",0x030AD5,0x03097D
198,0x030ADC,0x030AE3,6,7,3,,"
火恐龙",0x030ADD,0x03097F
199,0x030AE4,0x030AEB,6,7,3,,"
喷火龙",0x030AE5,0x030981
200,0x030AEC,0x030AF3,6,7,3,,"
杰尼龟",0x030AED,0x030983
201,0x030AF4,0x030AFB,6,7,3,,"
卡米龟",0x030AF5,0x030985
202,0x030AFC,0x030B03,6,7,3,,"
水箭龟",0x030AFD,0x030987
203,0x030B04,0x030B0B,6,7,3,,"
绿毛虫",0x030B05,0x030989
204,0x030B0C,0x030B13,6,7,3,,"
铁甲蛹",0x030B0D,0x03098B
205,0x030B14,0x030B1B,6,7,3,,"
巴大蝴",0x030B15,0x03098D
206,0x030B1C,0x030B23,6,7,3,,"
独角虫",0x030B1D,0x03098F
207,0x030B24,0x030B2B,6,7,3,,"
铁壳昆",0x030B25,0x030991
208,0x030B2C,0x030B33,6,7,3,,"
大针蜂",0x030B2D,0x030993
209,0x030B34,0x030B39,6,5,2,,"
波波",0x030B35,0x030995
210,0x030B3A,0x030B41,6,7,3,,"
比比鸟",0x030B3B,0x030997
211,0x030B42,0x030B47,6,5,2,,"
比雕",0x030B43,0x030999
212,0x030B48,0x030B4F,6,7,3,,"
小拉达",0x030B49,0x03099B
213,0x030B50,0x030B55,6,5,2,,"
拉达",0x030B51,0x03099D
214,0x030B56,0x030B5B,6,5,2,,"
烈雀",0x030B57,0x03099F
215,0x030B5C,0x030B63,6,7,3,,"
大嘴雀",0x030B5D,0x0309A1
216,0x030B64,0x030B6B,6,7,3,,"
阿柏蛇",0x030B65,0x0309A3
217,0x030B6C,0x030B73,6,7,3,,"
阿柏怪",0x030B6D,0x0309A5
218,0x030B74,0x030B7B,6,7,3,,"
皮卡丘",0x030B75,0x0309A7
219,0x030B7C,0x030B81,6,5,2,,"
雷丘",0x030B7D,0x0309A9
220,0x030B82,0x030B89,6,7,3,,"
穿山鼠",0x030B83,0x0309AB
221,0x030B8A,0x030B91,6,7,3,,"
穿山王",0x030B8B,0x0309AD
222,0x030B92,0x030B99,6,7,3,,"
尼多兰",0x030B93,0x0309AF
223,0x030B9A,0x030BA1,6,7,3,,"
尼多娜",0x030B9B,0x0309B1
224,0x030BA2,0x030BA9,6,7,3,,"
尼多后",0x030BA3,0x0309B3
225,0x030BAA,0x030BB1,6,7,3,,"
尼多朗",0x030BAB,0x0309B5
226,0x030BB2,0x030BBB,6,9,4,,"
尼多力诺",0x030BB3,0x0309B7
227,0x030BBC,0x030BC3,6,7,3,,"
尼多王",0x030BBD,0x0309B9
228,0x030BC4,0x030BC9,6,5,2,,"
皮皮",0x030BC5,0x0309BB
229,0x030BCA,0x030BD1,6,7,3,,"
皮可西",0x030BCB,0x0309BD
230,0x030BD2,0x030BD7,6,5,2,,"
六尾",0x030BD3,0x0309BF
231,0x030BD8,0x030BDD,6,5,2,,"
九尾",0x030BD9,0x0309C1
232,0x030BDE,0x030BE3,6,5,2,,"
胖丁",0x030BDF,0x0309C3
233,0x030BE4,0x030BEB,6,7,3,,"
胖可西",0x030BE5,0x0309C5
234,0x030BEC,0x030BF3,6,7,3,,"
超音蝠",0x030BED,0x0309C7
235,0x030BF4,0x030BFB,6,7,3,,"
大嘴蝠",0x030BF5,0x0309C9
236,0x030BFC,0x030C03,6,7,3,,"
走路草",0x030BFD,0x0309CB
237,0x030C04,0x030C0B,6,7,3,,"
臭臭花",0x030C05,0x0309CD
238,0x030C0C,0x030C13,6,7,3,,"
霸王花",0x030C0D,0x0309CF
239,0x030C14,0x030C1B,6,7,3,,"
派拉斯",0x030C15,0x0309D1
240,0x030C1C,0x030C25,6,9,4,,"
派拉斯特",0x030C1D,0x0309D3
241,0x030C26,0x030C2B,6,5,2,,"
毛球",0x030C27,0x0309D5
242,0x030C2C,0x030C33,6,7,3,,"
末入蛾",0x030C2D,0x0309D7
243,0x030C34,0x030C39,6,5,2,,"
地鼠",0x030C35,0x0309D9
244,0x030C3A,0x030C41,6,7,3,,"
三地鼠",0x030C3B,0x0309DB
245,0x030C42,0x030C47,6,5,2,,"
喵喵",0x030C43,0x0309DD
246,0x030C48,0x030C4F,6,7,3,,"
猫老大",0x030C49,0x0309DF
247,0x030C50,0x030C57,6,7,3,,"
可达鸭",0x030C51,0x0309E1
248,0x030C58,0x030C5F,6,7,3,,"
哥达鸭",0x030C59,0x0309E3
249,0x030C60,0x030C65,6,5,2,,"
猴怪",0x030C61,0x0309E5
250,0x030C66,0x030C6D,6,7,3,,"
火暴猴",0x030C67,0x0309E7
251,0x030C6E,0x030C75,6,7,3,,"
卡蒂狗",0x030C6F,0x0309E9
252,0x030C76,0x030C7D,6,7,3,,"
风速犬",0x030C77,0x0309EB
253,0x030C7E,0x030C87,6,9,4,,"
蚊香蝌蚪",0x030C7F,0x0309ED
254,0x030C88,0x030C8F,6,7,3,,"
蚊香蛙",0x030C89,0x0309EF
255,0x030C90,0x030C97,6,7,3,,"
快泳蛙",0x030C91,0x0309F1
256,0x030C98,0x030C9D,6,5,2,,"
凯西",0x030C99,0x0309F3
257,0x030C9E,0x030CA5,6,7,3,,"
勇吉拉",0x030C9F,0x0309F5
258,0x030CA6,0x030CAB,6,5,2,,"
胡地",0x030CA7,0x0309F7
259,0x030CAC,0x030CB1,6,5,2,,"
腕力",0x030CAD,0x0309F9
260,0x030CB2,0x030CB7,6,5,2,,"
豪力",0x030CB3,0x0309FB
261,0x030CB8,0x030CBD,6,5,2,,"
怪力",0x030CB9,0x0309FD
262,0x030CBE,0x030CC5,6,7,3,,"
喇叭芽",0x030CBF,0x0309FF
263,0x030CC6,0x030CCD,6,7,3,,"
口袋花",0x030CC7,0x030A01
264,0x030CCE,0x030CD5,6,7,3,,"
大食花",0x030CCF,0x030A03
265,0x030CD6,0x030CDF,6,9,4,,"
玛瑙水母",0x030CD7,0x030A05
266,0x030CE0,0x030CE9,6,9,4,,"
毒刺水母",0x030CE1,0x030A07
267,0x030CEA,0x030CF1,6,7,3,,"
小拳石",0x030CEB,0x030A09
268,0x030CF2,0x030CF9,6,7,3,,"
隆隆石",0x030CF3,0x030A0B
269,0x030CFA,0x030D01,6,7,3,,"
隆隆岩",0x030CFB,0x030A0D
270,0x030D02,0x030D09,6,7,3,,"
小火马",0x030D03,0x030A0F
271,0x030D0A,0x030D11,6,7,3,,"
烈焰马",0x030D0B,0x030A11
272,0x030D12,0x030D19,6,7,3,,"
呆呆兽",0x030D13,0x030A13
273,0x030D1A,0x030D21,6,7,3,,"
呆河马",0x030D1B,0x030A15
274,0x030D22,0x030D29,6,7,3,,"
小磁怪",0x030D23,0x030A17
275,0x030D2A,0x030D33,6,9,4,,"
三一磁怪",0x030D2B,0x030A19
276,0x030D34,0x030D3B,6,7,3,,"
大葱鸭",0x030D35,0x030A1B
277,0x030D3C,0x030D41,6,5,2,,"
多多",0x030D3D,0x030A1D
278,0x030D42,0x030D49,6,7,3,,"
多多利",0x030D43,0x030A1F
279,0x030D4A,0x030D51,6,7,3,,"
小海狮",0x030D4B,0x030A21
280,0x030D52,0x030D59,6,7,3,,"
白海狮",0x030D53,0x030A23
281,0x030D5A,0x030D5F,6,5,2,,"
臭泥",0x030D5B,0x030A25
282,0x030D60,0x030D67,6,7,3,,"
臭臭泥",0x030D61,0x030A27
283,0x030D68,0x030D6F,6,7,3,,"
大舌贝",0x030D69,0x030A29
284,0x030D70,0x030D77,6,7,3,,"
铁甲贝",0x030D71,0x030A2B
285,0x030D78,0x030D7D,6,5,2,,"
鬼斯",0x030D79,0x030A2D
286,0x030D7E,0x030D85,6,7,3,,"
鬼斯通",0x030D7F,0x030A2F
287,0x030D86,0x030D8B,6,5,2,,"
耿鬼",0x030D87,0x030A31
288,0x030D8C,0x030D93,6,7,3,,"
大岩蛇",0x030D8D,0x030A33
289,0x030D94,0x030D9B,6,7,3,,"
素利普",0x030D95,0x030A35
290,0x030D9C,0x030DA3,6,7,3,,"
素利拍",0x030D9D,0x030A37
291,0x030DA4,0x030DAB,6,7,3,,"
大钳蟹",0x030DA5,0x030A39
292,0x030DAC,0x030DB3,6,7,3,,"
巨钳蟹",0x030DAD,0x030A3B
293,0x030DB4,0x030DBB,6,7,3,,"
雷电球",0x030DB5,0x030A3D
294,0x030DBC,0x030DC3,6,7,3,,"
顽皮弹",0x030DBD,0x030A3F
295,0x030DC4,0x030DC9,6,5,2,,"
蛋蛋",0x030DC5,0x030A41
296,0x030DCA,0x030DD1,6,7,3,,"
椰蛋树",0x030DCB,0x030A43
297,0x030DD2,0x030DDB,6,9,4,,"
可拉可拉",0x030DD3,0x030A45
298,0x030DDC,0x030DE5,6,9,4,,"
嘎拉嘎拉",0x030DDD,0x030A47
299,0x030DE6,0x030DED,6,7,3,,"
沙瓦郎",0x030DE7,0x030A49
300,0x030DEE,0x030DF5,6,7,3,,"
艾比郎",0x030DEF,0x030A4B
301,0x030DF6,0x030DFD,6,7,3,,"
大舌头",0x030DF7,0x030A4D
302,0x030DFE,0x030E05,6,7,3,,"
瓦斯弹",0x030DFF,0x030A4F
303,0x030E06,0x030E0F,6,9,4,,"
双弹瓦斯",0x030E07,0x030A51
304,0x030E10,0x030E19,6,9,4,,"
铁甲犀牛",0x030E11,0x030A53
305,0x030E1A,0x030E23,6,9,4,,"
铁甲暴龙",0x030E1B,0x030A55
306,0x030E24,0x030E2B,6,7,3,,"
吉利蛋",0x030E25,0x030A57
307,0x030E2C,0x030E33,6,7,3,,"
蔓藤怪",0x030E2D,0x030A59
308,0x030E34,0x030E39,6,5,2,,"
袋龙",0x030E35,0x030A5B
309,0x030E3A,0x030E41,6,7,3,,"
墨海马",0x030E3B,0x030A5D
310,0x030E42,0x030E49,6,7,3,,"
海刺龙",0x030E43,0x030A5F
311,0x030E4A,0x030E51,6,7,3,,"
角金鱼",0x030E4B,0x030A61
312,0x030E52,0x030E59,6,7,3,,"
金鱼王",0x030E53,0x030A63
313,0x030E5A,0x030E61,6,7,3,,"
海星星",0x030E5B,0x030A65
314,0x030E62,0x030E6B,6,9,4,,"
宝石海星",0x030E63,0x030A67
315,0x030E6C,0x030E75,6,9,4,,"
吸盘魔偶",0x030E6D,0x030A69
316,0x030E76,0x030E7F,6,9,4,,"
飞天螳螂",0x030E77,0x030A6B
317,0x030E80,0x030E87,6,7,3,,"
迷唇姐",0x030E81,0x030A6D
318,0x030E88,0x030E8F,6,7,3,,"
电击兽",0x030E89,0x030A6F
319,0x030E90,0x030E99,6,9,4,,"
鸭嘴火龙",0x030E91,0x030A71
320,0x030E9A,0x030E9F,6,5,2,,"
大甲",0x030E9B,0x030A73
321,0x030EA0,0x030EA7,6,7,3,,"
肯泰罗",0x030EA1,0x030A75
322,0x030EA8,0x030EAF,6,7,3,,"
鲤鱼王",0x030EA9,0x030A77
323,0x030EB0,0x030EB7,6,7,3,,"
暴鲤龙",0x030EB1,0x030A79
324,0x030EB8,0x030EBD,6,5,2,,"
乘龙",0x030EB9,0x030A7B
325,0x030EBE,0x030EC5,6,7,3,,"
百变怪",0x030EBF,0x030A7D
326,0x030EC6,0x030ECB,6,5,2,,"
伊布",0x030EC7,0x030A7F
327,0x030ECC,0x030ED3,6,7,3,,"
水精灵",0x030ECD,0x030A81
328,0x030ED4,0x030EDB,6,7,3,,"
雷精灵",0x030ED5,0x030A83
329,0x030EDC,0x030EE3,6,7,3,,"
火精灵",0x030EDD,0x030A85
330,0x030EE4,0x030EEB,6,7,3,,"
三地龙",0x030EE5,0x030A87
331,0x030EEC,0x030EF3,6,7,3,,"
菊石兽",0x030EED,0x030A89
332,0x030EF4,0x030EFD,6,9,4,,"
多刺菊石",0x030EF5,0x030A8B
333,0x030EFE,0x030F05,6,7,3,,"
化石盔",0x030EFF,0x030A8D
334,0x030F06,0x030F0D,6,7,3,,"
镰刀盔",0x030F07,0x030A8F
335,0x030F0E,0x030F17,6,9,4,,"
化石翼龙",0x030F0F,0x030A91
336,0x030F18,0x030F1F,6,7,3,,"
卡比兽",0x030F19,0x030A93
337,0x030F20,0x030F27,6,7,3,,"
急冻鸟",0x030F21,0x030A95
338,0x030F28,0x030F2F,6,7,3,,"
闪电鸟",0x030F29,0x030A97
339,0x030F30,0x030F37,6,7,3,,"
火焰鸟",0x030F31,0x030A99
340,0x030F38,0x030F3F,6,7,3,,"
迷你龙",0x030F39,0x030A9B
341,0x030F40,0x030F47,6,7,3,,"
哈克龙",0x030F41,0x030A9D
342,0x030F48,0x030F4D,6,5,2,,"
快龙",0x030F49,0x030A9F
343,0x030F4E,0x030F53,6,5,2,,"
超梦",0x030F4F,0x030AA1
344,0x030F54,0x030F59,6,5,2,,"
梦幻",0x030F55,0x030AA3
345,0x030F5A,0x030F5F,6,5,2,,"
雷皇",0x030F5B,0x030AA5
346,0x030F60,0x030F65,6,5,2,,"
炎帝",0x030F61,0x030AA7
347,0x030F66,0x030F6B,6,5,2,,"
水君",0x030F67,0x030AA9
348,0x030F6C,0x030F73,6,7,3,,"
路基亚",0x030F6D,0x030AAB
349,0x030F74,0x030F7D,6,9,4,,"
七彩凤凰",0x030F75,0x030AAD
350,0x030F7E,0x030F85,6,7,3,,"
海皇牙",0x030F7F,0x030AAF
351,0x030F86,0x030F8D,6,7,3,,"
古拉顿",0x030F87,0x030AB1
352,0x030F8E,0x030F95,6,7,3,,"
天空龙",0x030F8F,0x030AB3
353,0x031100,0x031107,6,7,3,,"
火炎车",0x031101,0x030F9B
354,0x031108,0x03110F,6,7,3,,"
炎之拳",0x031109,0x030F9D
355,0x031110,0x031119,6,9,4,,"
火炎放射",0x031111,0x030F9F
356,0x03111A,0x031123,6,9,4,,"
神圣火焰",0x03111B,0x030FA1
357,0x031124,0x03112D,6,9,4,,"
大文字烧",0x031125,0x030FA3
358,0x03112E,0x031133,6,5,2,,"
喷火",0x03112F,0x030FA5
359,0x031134,0x031139,6,5,2,,"
鬼火",0x031135,0x030FA7
360,0x03113A,0x03113F,6,5,2,,"
泡泡",0x03113B,0x030FA9
361,0x031140,0x031145,6,5,2,,"
水枪",0x031141,0x030FAB
362,0x031146,0x03114F,6,9,4,,"
水之波动",0x031147,0x030FAD
363,0x031150,0x031159,6,9,4,,"
泡泡光线",0x031151,0x030FAF
364,0x03115A,0x031161,6,7,3,,"
墨汁炮",0x03115B,0x030FB1
365,0x031162,0x031169,6,7,3,,"
大钳槌",0x031163,0x030FB3
366,0x03116A,0x03116F,6,5,2,,"
冲浪",0x03116B,0x030FB5
367,0x031170,0x031179,6,9,4,,"
高压水泵",0x031171,0x030FB7
368,0x03117A,0x03117F,6,5,2,,"
喷水",0x03117B,0x030FB9
369,0x031180,0x031187,6,7,3,,"
贝壳夹",0x031181,0x030FBB
370,0x031188,0x031191,6,9,4,,"
躲进贝壳",0x031189,0x030FBD
371,0x031192,0x031197,6,5,2,,"
电气",0x031193,0x030FBF
372,0x031198,0x03119F,6,7,3,,"
电击波",0x031199,0x030FC1
373,0x0311A0,0x0311A7,6,7,3,,"
电火花",0x0311A1,0x030FC3
374,0x0311A8,0x0311AF,6,7,3,,"
闪电拳",0x0311A9,0x030FC5
375,0x0311B0,0x0311B9,6,9,4,,"
十万伏特",0x0311B1,0x030FC7
376,0x0311BA,0x0311C1,6,7,3,,"
电磁炮",0x0311BB,0x030FC9
377,0x0311C2,0x0311CB,6,9,4,,"
高压电击",0x0311C3,0x030FCB
378,0x0311CC,0x0311D1,6,5,2,,"
雷电",0x0311CD,0x030FCD
379,0x0311D2,0x0311D9,6,7,3,,"
电磁波",0x0311D3,0x030FCF
380,0x0311DA,0x0311DF,6,5,2,,"
吸取",0x0311DB,0x030FD1
381,0x0311E0,0x0311E9,6,9,4,,"
百力吸取",0x0311E1,0x030FD3
382,0x0311EA,0x0311F3,6,9,4,,"
亿力吸取",0x0311EB,0x030FD5
383,0x0311F4,0x0311FB,6,7,3,,"
蔓藤鞭",0x0311F5,0x030FD7
384,0x0311FC,0x031205,6,9,4,,"
飞叶快刀",0x0311FD,0x030FD9
385,0x031206,0x03120D,6,7,3,,"
魔叶斩",0x031207,0x030FDB
386,0x03120E,0x031215,6,7,3,,"
刃叶斩",0x03120F,0x030FDD
387,0x031216,0x03121F,6,9,4,,"
太阳光线",0x031217,0x030FDF
388,0x031220,0x031229,6,9,4,,"
硬化植物",0x031221,0x030FE1
389,0x03122A,0x03122F,6,5,2,,"
草笛",0x03122B,0x030FE3
390,0x031230,0x031237,6,7,3,,"
催眠粉",0x031231,0x030FE5
391,0x031238,0x031241,6,9,4,,"
蘑菇孢子",0x031239,0x030FE7
392,0x031242,0x031249,6,7,3,,"
麻痹粉",0x031243,0x030FE9
393,0x03124A,0x03124F,6,5,2,,"
细雪",0x03124B,0x030FEB
394,0x031250,0x031259,6,9,4,,"
冰结之风",0x031251,0x030FED
395,0x03125A,0x031263,6,9,4,,"
极光光线",0x03125B,0x030FEF
396,0x031264,0x03126B,6,7,3,,"
冷冻拳",0x031265,0x030FF1
397,0x03126C,0x031275,6,9,4,,"
冷冻光线",0x03126D,0x030FF3
398,0x031276,0x03127B,6,5,2,,"
吹雪",0x031277,0x030FF5
399,0x03127C,0x031285,6,9,4,,"
绝对零度",0x03127D,0x030FF7
400,0x031286,0x03128B,6,5,2,,"
扔泥",0x031287,0x030FF9
401,0x03128C,0x031295,6,9,4,,"
泥浆喷射",0x03128D,0x030FFB
402,0x031296,0x03129B,6,5,2,,"
挖洞",0x031297,0x030FFD
403,0x03129C,0x0312A3,6,7,3,,"
骨头击",0x03129D,0x030FFF
404,0x0312A4,0x0312A9,6,5,2,,"
地震",0x0312A5,0x031001
405,0x0312AA,0x0312B3,6,9,4,,"
骨头旋镖",0x0312AB,0x031003
406,0x0312B4,0x0312B9,6,5,2,,"
地裂",0x0312B5,0x031005
407,0x0312BA,0x0312BF,6,5,2,,"
扔沙",0x0312BB,0x031007
408,0x0312C0,0x0312C5,6,5,2,,"
落石",0x0312C1,0x031009
409,0x0312C6,0x0312CF,6,9,4,,"
岩石封杀",0x0312C7,0x03100B
410,0x0312D0,0x0312D9,6,9,4,,"
原始力量",0x0312D1,0x03100D
411,0x0312DA,0x0312DF,6,5,2,,"
岩崩",0x0312DB,0x03100F
412,0x0312E0,0x0312E5,6,5,2,,"
吸血",0x0312E1,0x031011
413,0x0312E6,0x0312EB,6,5,2,,"
双针",0x0312E7,0x031013
414,0x0312EC,0x0312F5,6,9,4,,"
银色之风",0x0312ED,0x031015
415,0x0312F6,0x0312FF,6,9,4,,"
信号光线",0x0312F7,0x031017
416,0x031300,0x031309,6,9,4,,"
威力角突",0x031301,0x031019
417,0x03130A,0x03130F,6,5,2,,"
萤火",0x03130B,0x03101B
418,0x031310,0x031315,6,5,2,,"
吐丝",0x031311,0x03101D
419,0x031316,0x03131B,6,5,2,,"
毒针",0x031317,0x03101F
420,0x03131C,0x031321,6,5,2,,"
烟雾",0x03131D,0x031021
421,0x031322,0x031329,6,7,3,,"
溶解液",0x031323,0x031023
422,0x03132A,0x031331,6,7,3,,"
毒尾巴",0x03132B,0x031025
423,0x031332,0x03133B,6,9,4,,"
剧毒之牙",0x031333,0x031027
424,0x03133C,0x031343,6,7,3,,"
泥攻击",0x03133D,0x031029
425,0x031344,0x03134B,6,7,3,,"
泥爆弹",0x031345,0x03102B
426,0x03134C,0x031351,6,5,2,,"
毒烟",0x03134D,0x03102D
427,0x031352,0x031357,6,5,2,,"
毒粉",0x031353,0x03102F
428,0x031358,0x03135D,6,5,2,,"
剧毒",0x031359,0x031031
429,0x03135E,0x031363,6,5,2,,"
岩碎",0x03135F,0x031033
430,0x031364,0x03136B,6,7,3,,"
音速拳",0x031365,0x031035
431,0x03136C,0x031373,6,7,3,,"
空手切",0x03136D,0x031037
432,0x031374,0x031379,6,5,2,,"
低踢",0x031375,0x031039
433,0x03137A,0x031381,6,7,3,,"
二段踢",0x03137B,0x03103B
434,0x031382,0x031389,6,7,3,,"
回旋踢",0x031383,0x03103D
435,0x03138A,0x031391,6,7,3,,"
当身投",0x03138B,0x03103F
436,0x031392,0x031397,6,5,2,,"
飞踢",0x031393,0x031041
437,0x031398,0x03139D,6,5,2,,"
瓦割",0x031399,0x031043
438,0x03139E,0x0313A5,6,7,3,,"
天升拳",0x03139F,0x031045
439,0x0313A6,0x0313AD,6,7,3,,"
十字切",0x0313A7,0x031047
440,0x0313AE,0x0313B5,6,7,3,,"
爆裂拳",0x0313AF,0x031049
441,0x0313B6,0x0313BB,6,5,2,,"
蛮力",0x0313B7,0x03104B
442,0x0313BC,0x0313C3,6,7,3,,"
气合拳",0x0313BD,0x03104D
443,0x0313C4,0x0313C7,6,3,1,,"
啄",0x0313C5,0x03104F
444,0x0313C8,0x0313CD,6,5,2,,"
旋风",0x0313C9,0x031051
445,0x0313CE,0x0313D5,6,7,3,,"
真空斩",0x0313CF,0x031053
446,0x0313D6,0x0313DF,6,9,4,,"
翅膀拍击",0x0313D7,0x031055
447,0x0313E0,0x0313E5,6,5,2,,"
燕返",0x0313E1,0x031057
448,0x0313E6,0x0313ED,6,7,3,,"
飞天术",0x0313E7,0x031059
449,0x0313EE,0x0313F5,6,7,3,,"
钻孔啄",0x0313EF,0x03105B
450,0x0313F6,0x0313FB,6,5,2,,"
飞跃",0x0313F7,0x03105D
451,0x0313FC,0x031405,6,9,4,,"
空中爆破",0x0313FD,0x03105F
452,0x031406,0x03140B,6,5,2,,"
神鸟",0x031407,0x031061
453,0x03140C,0x031411,6,5,2,,"
念力",0x03140D,0x031063
454,0x031412,0x03141B,6,9,4,,"
精神光线",0x031413,0x031065
455,0x03141C,0x031423,6,7,3,,"
迷雾球",0x03141D,0x031067
456,0x031424,0x03142B,6,7,3,,"
神通力",0x031425,0x031069
457,0x03142C,0x031435,6,9,4,,"
预知未来",0x03142D,0x03106B
458,0x031436,0x03143F,6,9,4,,"
精神波动",0x031437,0x03106D
459,0x031440,0x031445,6,5,2,,"
食梦",0x031441,0x03106F
460,0x031446,0x03144F,6,9,4,,"
精神增压",0x031447,0x031071
461,0x031450,0x031457,6,7,3,,"
催眠术",0x031451,0x031073
462,0x031458,0x03145D,6,5,2,,"
睡眠",0x031459,0x031075
463,0x03145E,0x031467,6,9,4,,"
瞬间移动",0x03145F,0x031077
464,0x031468,0x03146D,6,5,2,,"
瞑想",0x031469,0x031079
465,0x03146E,0x031477,6,9,4,,"
高速移动",0x03146F,0x03107B
466,0x031478,0x03147F,6,7,3,,"
舌头舔",0x031479,0x03107D
467,0x031480,0x031485,6,5,2,,"
惊吓",0x031481,0x03107F
468,0x031486,0x03148D,6,7,3,,"
暗影拳",0x031487,0x031081
469,0x03148E,0x031495,6,7,3,,"
影子球",0x03148F,0x031083
470,0x031496,0x03149B,6,5,2,,"
恶梦",0x031497,0x031085
471,0x03149C,0x0314A3,6,7,3,,"
怪异光",0x03149D,0x031087
472,0x0314A4,0x0314A9,6,5,2,,"
龙卷",0x0314A5,0x031089
473,0x0314AA,0x0314B1,6,7,3,,"
龙之怒",0x0314AB,0x03108B
474,0x0314B2,0x0314BB,6,9,4,,"
龙之息吹",0x0314B3,0x03108D
475,0x0314BC,0x0314C3,6,7,3,,"
龙之爪",0x0314BD,0x03108F
476,0x0314C4,0x0314C9,6,5,2,,"
激鳞",0x0314C5,0x031091
477,0x0314CA,0x0314D1,6,7,3,,"
龙之舞",0x0314CB,0x031093
478,0x0314D2,0x0314D7,6,5,2,,"
打落",0x0314D3,0x031095
479,0x0314D8,0x0314DD,6,5,2,,"
追击",0x0314D9,0x031097
480,0x0314DE,0x0314E3,6,5,2,,"
齿突",0x0314DF,0x031099
481,0x0314E4,0x0314E9,6,5,2,,"
咬碎",0x0314E5,0x03109B
482,0x0314EA,0x0314F1,6,7,3,,"
钢之爪",0x0314EB,0x03109D
483,0x0314F2,0x0314F9,6,7,3,,"
钢之翼",0x0314F3,0x03109F
484,0x0314FA,0x031501,6,7,3,,"
钢之尾",0x0314FB,0x0310A1
485,0x031502,0x031509,6,7,3,,"
慧星拳",0x031503,0x0310A3
486,0x03150A,0x03150F,6,5,2,,"
铁壁",0x03150B,0x0310A5
487,0x031510,0x031515,6,5,2,,"
跳跃",0x031511,0x0310A7
488,0x031516,0x03151D,6,7,3,,"
音速波",0x031517,0x0310A9
489,0x03151E,0x031523,6,5,2,,"
撞击",0x03151F,0x0310AB
490,0x031524,0x03152B,6,7,3,,"
刀背打",0x031525,0x0310AD
491,0x03152C,0x03152F,6,3,1,,"
抓",0x03152D,0x0310AF
492,0x031530,0x031539,6,9,4,,"
电光石火",0x031531,0x0310B1
493,0x03153A,0x031541,6,7,3,,"
招财猫",0x03153B,0x0310B3
494,0x031542,0x031547,6,5,2,,"
鼾声",0x031543,0x0310B5
495,0x031548,0x03154F,6,7,3,,"
居合斩",0x031549,0x0310B7
496,0x031550,0x031555,6,5,2,,"
流星",0x031551,0x0310B9
497,0x031556,0x03155B,6,5,2,,"
角突",0x031557,0x0310BB
498,0x03155C,0x031565,6,9,4,,"
崩击之爪",0x03155D,0x0310BD
499,0x031566,0x03156F,6,9,4,,"
秘密力量",0x031567,0x0310BF
500,0x031570,0x031579,6,9,4,,"
必杀门牙",0x031571,0x0310C1
501,0x03157A,0x031583,6,9,4,,"
三角攻击",0x03157B,0x0310C3
502,0x031584,0x03158D,6,9,4,,"
舍身一击",0x031585,0x0310C5
503,0x03158E,0x031597,6,9,4,,"
破坏光线",0x03158F,0x0310C7
504,0x031598,0x03159D,6,5,2,,"
自爆",0x031599,0x0310C9
505,0x03159E,0x0315A5,6,7,3,,"
大爆炸",0x03159F,0x0310CB
506,0x0315A6,0x0315AD,6,7,3,,"
尖角钻",0x0315A7,0x0310CD
507,0x0315AE,0x0315B7,6,9,4,,"
剪刀断头",0x0315AF,0x0310CF
508,0x0315B8,0x0315BD,6,5,2,,"
歌唱",0x0315B9,0x0310D1
509,0x0315BE,0x0315C7,6,9,4,,"
恶魔之吻",0x0315BF,0x0310D3
510,0x0315C8,0x0315CF,6,7,3,,"
超音波",0x0315C9,0x0310D5
511,0x0315D0,0x0315D5,6,5,2,,"
剑舞",0x0315D1,0x0310D7
512,0x0315D6,0x0315DB,6,5,2,,"
叫声",0x0315D7,0x0310D9
513,0x0315DC,0x0315E1,6,5,2,,"
撒娇",0x0315DD,0x0310DB
514,0x0315E2,0x0315E7,6,5,2,,"
变圆",0x0315E3,0x0310DD
515,0x0315E8,0x0315ED,6,5,2,,"
变硬",0x0315E9,0x0310DF
516,0x0315EE,0x0315F5,6,7,3,,"
摇尾巴",0x0315EF,0x0310E1
517,0x0315F6,0x0315FB,6,5,2,,"
挠痒",0x0315F7,0x0310E3
518,0x0315FC,0x031601,6,5,2,,"
烟幕",0x0315FD,0x0310E5
519,0x031602,0x031607,6,5,2,,"
闪光",0x031603,0x0310E7
520,0x031608,0x03160F,6,7,3,,"
影分身",0x031609,0x0310E9
521,0x031610,0x031619,6,9,4,,"
自我再生",0x031611,0x0310EB
522,0x03161A,0x03161F,6,5,2,,"
鼓掌",0x03161B,0x0310ED
523,0x031620,0x031625,6,5,2,,"
吼叫",0x031621,0x0310EF
524,0x031626,0x03162B,6,5,2,,"
吹飞",0x031627,0x0310F1
525,0x03162C,0x031631,6,5,2,,"
变身",0x03162D,0x0310F3
526,0x031632,0x031637,6,5,2,,"
诅咒",0x031633,0x0310F5
527,0x031638,0x03163F,6,7,3,,"
怪力术",0x031639,0x0310F7
528,0x0316EC,0x0316F3,6,7,3,,"
精灵球",0x0316ED,0x03164B
529,0x0316F4,0x0316FB,6,7,3,,"
超级球",0x0316F5,0x03164D
530,0x0316FC,0x031703,6,7,3,,"
超力球",0x0316FD,0x03164F
531,0x031704,0x03170B,6,7,3,,"
大师球",0x031705,0x031651
532,0x03170C,0x031711,6,5,2,,"
伤药",0x03170D,0x031653
533,0x031712,0x031719,6,7,3,,"
好伤药",0x031713,0x031655
534,0x03171A,0x031723,6,9,4,,"
超级伤药",0x03171B,0x031657
535,0x031724,0x03172D,6,9,4,,"
最大伤药",0x031725,0x031659
536,0x03172E,0x031735,6,7,3,,"
解毒药",0x03172F,0x03165B
537,0x031736,0x03173D,6,7,3,,"
解麻药",0x031737,0x03165D
538,0x03173E,0x031745,6,7,3,,"
睡醒药",0x03173F,0x03165F
539,0x031746,0x03174D,6,7,3,,"
冰冻药",0x031747,0x031661
540,0x03174E,0x031755,6,7,3,,"
烧伤药",0x03174F,0x031663
541,0x031756,0x03175F,6,9,4,,"
万能恢复",0x031757,0x031665
542,0x031760,0x031767,6,7,3,,"
精神药",0x031761,0x031667
543,0x031768,0x03176F,6,7,2,,"
PP提升",0x031769,0x031669
544,0x031770,0x031777,6,7,2,,"
PP最大",0x031771,0x03166B
545,0x031778,0x031781,6,9,4,,"
神奇糖果",0x031779,0x03166D
546,0x031782,0x031789,6,7,3,,"
火之石",0x031783,0x03166F
547,0x03178A,0x031791,6,7,3,,"
水之石",0x03178B,0x031671
548,0x031792,0x031799,6,7,3,,"
雷之石",0x031793,0x031673
549,0x03179A,0x0317A1,6,7,3,,"
叶之石",0x03179B,0x031675
550,0x0317A2,0x0317A9,6,7,3,,"
月之石",0x0317A3,0x031677
551,0x0317AA,0x0317AF,6,5,2,,"
包裹",0x0317AB,0x031679
552,0x0317B0,0x0317B9,6,9,4,,"
精灵图鉴",0x0317B1,0x03167B
553,0x0317BA,0x0317BF,6,5,2,,"
地图",0x0317BB,0x03167D
554,0x0317C0,0x0317C9,6,9,4,,"
菊石化石",0x0317C1,0x03167F
555,0x0317CA,0x0317D3,6,9,4,,"
盔甲化石",0x0317CB,0x031681
556,0x0317D4,0x0317D9,6,5,2,,"
船票",0x0317D5,0x031683
557,0x0317DA,0x0317E1,6,7,3,,"
矿泉水",0x0317DB,0x031685
558,0x0317E2,0x0317EB,6,9,4,,"
精灵眼镜",0x0317E3,0x031687
559,0x0317EC,0x0317F3,6,7,3,,"
精灵笛",0x0317ED,0x031689
560,0x0317F4,0x0317F9,6,5,2,,"
金牙",0x0317F5,0x03168B
561,0x0317FA,0x031803,6,9,4,,"
梦幻船票",0x0317FB,0x03168D
562,0x031804,0x03180B,6,7,3,,"
居合斩",0x031805,0x03168F
563,0x03180C,0x031813,6,7,3,,"
飞天术",0x03180D,0x031691
564,0x031814,0x03181B,6,7,3,,"
冲浪术",0x031815,0x031693
565,0x03181C,0x031823,6,7,3,,"
怪力术",0x03181D,0x031695
566,0x031824,0x03182B,6,7,3,,"
闪光术",0x031825,0x031697
567,0x03182C,0x031833,6,7,2,,"
秘传01",0x03182D,0x031699
568,0x031834,0x03183B,6,7,2,,"
秘传02",0x031835,0x03169B
569,0x03183C,0x031843,6,7,2,,"
秘传03",0x03183D,0x03169D
570,0x031844,0x03184B,6,7,2,,"
秘传04",0x031845,0x03169F
571,0x03184C,0x031853,6,7,2,,"
秘传05",0x03184D,0x0316A1
572,0x031854,0x03185B,6,7,2,,"
秘传06",0x031855,0x0316A3
573,0x03185C,0x031863,6,7,2,,"
秘传07",0x03185D,0x0316A5
574,0x031864,0x03186B,6,7,2,,"
秘传08",0x031865,0x0316A7
575,0x03186C,0x031873,6,7,2,,"
秘传09",0x03186D,0x0316A9
576,0x031874,0x03187B,6,7,2,,"
秘传10",0x031875,0x0316AB
577,0x03187C,0x031883,6,7,2,,"
秘传11",0x03187D,0x0316AD
578,0x031884,0x03188B,6,7,2,,"
秘传12",0x031885,0x0316AF
579,0x03188C,0x031893,6,7,2,,"
秘传13",0x03188D,0x0316B1
580,0x031894,0x03189B,6,7,2,,"
秘传14",0x031895,0x0316B3
581,0x03189C,0x0318A3,6,7,2,,"
秘传15",0x03189D,0x0316B5
582,0x0318A4,0x0318AB,6,7,2,,"
秘传16",0x0318A5,0x0316B7
583,0x0318AC,0x0318B3,6,7,2,,"
秘传17",0x0318AD,0x0316B9
584,0x0318B4,0x0318BB,6,7,2,,"
秘传18",0x0318B5,0x0316BB
585,0x0318BC,0x0318C3,6,7,2,,"
秘传19",0x0318BD,0x0316BD
586,0x0318C4,0x0318CB,6,7,2,,"
秘传20",0x0318C5,0x0316BF
587,0x0318CC,0x0318D3,6,7,2,,"
秘传21",0x0318CD,0x0316C1
588,0x0318D4,0x0318DB,6,7,2,,"
秘传22",0x0318D5,0x0316C3
589,0x0318DC,0x0318E3,6,7,2,,"
秘传23",0x0318DD,0x0316C5
590,0x0318E4,0x0318EB,6,7,2,,"
秘传24",0x0318E5,0x0316C7
591,0x0318EC,0x0318F3,6,7,2,,"
秘传25",0x0318ED,0x0316C9
592,0x0318F4,0x0318FB,6,7,2,,"
秘传26",0x0318F5,0x0316CB
593,0x0318FC,0x031903,6,7,2,,"
秘传27",0x0318FD,0x0316CD
594,0x031904,0x03190B,6,7,2,,"
秘传28",0x031905,0x0316CF
595,0x03190C,0x031913,6,7,2,,"
秘传29",0x03190D,0x0316D1
596,0x031914,0x03191B,6,7,2,,"
秘传30",0x031915,0x0316D3
597,0x03191C,0x031923,6,7,2,,"
秘传31",0x03191D,0x0316D5
598,0x031924,0x03192B,6,7,2,,"
秘传32",0x031925,0x0316D7
599,0x03192C,0x031933,6,7,2,,"
秘传33",0x03192D,0x0316D9
600,0x031934,0x03193B,6,7,2,,"
秘传34",0x031935,0x0316DB
601,0x03193C,0x031943,6,7,2,,"
秘传35",0x03193D,0x0316DD
602,0x031944,0x03194B,6,7,2,,"
秘传36",0x031945,0x0316DF
603,0x03194C,0x031953,6,7,2,,"
秘传37",0x03194D,0x0316E1
604,0x031954,0x03195B,6,7,2,,"
秘传38",0x031955,0x0316E3
605,0x03195C,0x031963,6,7,2,,"
秘传39",0x03195D,0x0316E5
606,0x031964,0x03196B,6,7,2,,"
秘传40",0x031965,0x0316E7
607,0x031A18,0x031A29,6,17,8,,"
可以捕捉精灵的球",0x031A19,0x031971
608,0x031A2A,0x031A3F,6,21,10,,"
比精灵球效果要好的球",0x031A2B,0x031973
609,0x031A40,0x031A55,6,21,10,,"
比超级球效果要好的球",0x031A41,0x031975
610,0x031A56,0x031A69,6,19,9,,"
一定能捉住精灵的球",0x031A57,0x031977
611,0x031A6A,0x031A77,6,13,5,,"
体力恢复20点",0x031A6B,0x031979
612,0x031A78,0x031A85,6,13,5,,"
体力恢复50点",0x031A79,0x03197B
613,0x031A86,0x031A94,6,14,5,,"
体力恢复200点",0x031A87,0x03197D
614,0x031A95,0x031AA2,6,13,6,,"
体力完全恢复",0x031A96,0x03197F
615,0x031AA3,0x031AB0,6,13,6,,"
解除中毒状态",0x031AA4,0x031981
616,0x031AB1,0x031ABE,6,13,6,,"
解除麻痹状态",0x031AB2,0x031983
617,0x031ABF,0x031ACC,6,13,6,,"
解除沉睡状态",0x031AC0,0x031985
618,0x031ACD,0x031ADA,6,13,6,,"
解除冰冻状态",0x031ACE,0x031987
619,0x031ADB,0x031AE8,6,13,6,,"
解除烧伤状态",0x031ADC,0x031989
620,0x031AE9,0x031AFA,6,17,8,,"
恢复所有异常状态",0x031AEA,0x03198B
621,0x031AFB,0x031B12,6,23,11,,"
从临死状态恢复体力一半",0x031AFC,0x03198D
622,0x031B13,0x031B2A,6,23,9,,"
精灵的一项PP值恢复10点",0x031B14,0x03198F
623,0x031B2B,0x031B40,6,21,9,,"
精灵的一项PP值全恢复",0x031B2C,0x031991
624,0x031B41,0x031B52,6,17,8,,"
提升精灵等级一级",0x031B42,0x031993
625,0x031B53,0x031B64,6,17,8,,"
让特定的精灵进化",0x031B54,0x031995
626,0x031B65,0x031B76,6,17,8,,"
让特定的精灵进化",0x031B66,0x031997
627,0x031B77,0x031B88,6,17,8,,"
让特定的精灵进化",0x031B78,0x031999
628,0x031B89,0x031B9A,6,17,8,,"
让特定的精灵进化",0x031B8A,0x03199B
629,0x031B9B,0x031BAC,6,17,8,,"
让特定的精灵进化",0x031B9C,0x03199D
630,0x031BAD,0x031BBC,6,15,7,,"
大木博士的包裹",0x031BAE,0x03199F
631,0x031BBD,0x031BD0,6,19,9,,"
可以查看精灵的资料",0x031BBE,0x0319A1
632,0x031BD1,0x031BE2,6,17,8,,"
小茂姐姐给的地图",0x031BD2,0x0319A3
633,0x031BE3,0x031BF2,6,15,7,,"
古代精灵的化石",0x031BE4,0x0319A5
634,0x031BF3,0x031C02,6,15,7,,"
古代精灵的化石",0x031BF4,0x0319A7
635,0x031C03,0x031C18,6,21,10,,"
马沙给的铁达尼号船票",0x031C04,0x0319A9
636,0x031C19,0x031C2E,6,21,10,,"
彩虹商店幸运顾客纪念",0x031C1A,0x0319AB
637,0x031C2F,0x031C48,6,25,12,,"
能看见一切灵异现象的眼镜",0x031C30,0x0319AD
638,0x031C49,0x031C62,6,25,12,,"
就算是熟睡的精灵也会跳起",0x031C4A,0x0319AF
639,0x031C63,0x031C74,6,17,8,,"
浅红市园长的假牙",0x031C64,0x0319B1
640,0x031C75,0x031C88,6,19,9,,"
梦幻神奇之旅的船票",0x031C76,0x0319B3
641,0x031C89,0x031C90,6,7,3,,"
居合斩",0x031C8A,0x0319B5
642,0x031C91,0x031C98,6,7,3,,"
飞天术",0x031C92,0x0319B7
643,0x031C99,0x031CA0,6,7,3,,"
冲浪术",0x031C9A,0x0319B9
644,0x031CA1,0x031CA8,6,7,3,,"
怪力术",0x031CA2,0x0319BB
645,0x031CA9,0x031CB0,6,7,3,,"
闪光术",0x031CAA,0x0319BD
646,0x031CB1,0x031CB8,6,7,2,,"
秘传01",0x031CB2,0x0319BF
647,0x031CB9,0x031CC0,6,7,2,,"
秘传02",0x031CBA,0x0319C1
648,0x031CC1,0x031CC8,6,7,2,,"
秘传03",0x031CC2,0x0319C3
649,0x031CC9,0x031CD0,6,7,2,,"
秘传04",0x031CCA,0x0319C5
650,0x031CD1,0x031CD8,6,7,2,,"
秘传05",0x031CD2,0x0319C7
651,0x031CD9,0x031CE0,6,7,2,,"
秘传06",0x031CDA,0x0319C9
652,0x031CE1,0x031CE8,6,7,2,,"
秘传07",0x031CE2,0x0319CB
653,0x031CE9,0x031CF0,6,7,2,,"
秘传08",0x031CEA,0x0319CD
654,0x031CF1,0x031CF8,6,7,2,,"
秘传09",0x031CF2,0x0319CF
655,0x031CF9,0x031D00,6,7,2,,"
秘传10",0x031CFA,0x0319D1
656,0x031D01,0x031D08,6,7,2,,"
秘传11",0x031D02,0x0319D3
657,0x031D09,0x031D10,6,7,2,,"
秘传12",0x031D0A,0x0319D5
658,0x031D11,0x031D18,6,7,2,,"
秘传13",0x031D12,0x0319D7
659,0x031D19,0x031D20,6,7,2,,"
秘传14",0x031D1A,0x0319D9
660,0x031D21,0x031D28,6,7,2,,"
秘传15",0x031D22,0x0319DB
661,0x031D29,0x031D30,6,7,2,,"
秘传16",0x031D2A,0x0319DD
662,0x031D31,0x031D38,6,7,2,,"
秘传17",0x031D32,0x0319DF
663,0x031D39,0x031D40,6,7,2,,"
秘传18",0x031D3A,0x0319E1
664,0x031D41,0x031D48,6,7,2,,"
秘传19",0x031D42,0x0319E3
665,0x031D49,0x031D50,6,7,2,,"
秘传20",0x031D4A,0x0319E5
666,0x031D51,0x031D58,6,7,2,,"
秘传21",0x031D52,0x0319E7
667,0x031D59,0x031D60,6,7,2,,"
秘传22",0x031D5A,0x0319E9
668,0x031D61,0x031D68,6,7,2,,"
秘传23",0x031D62,0x0319EB
669,0x031D69,0x031D70,6,7,2,,"
秘传24",0x031D6A,0x0319ED
670,0x031D71,0x031D78,6,7,2,,"
秘传25",0x031D72,0x0319EF
671,0x031D79,0x031D80,6,7,2,,"
秘传26",0x031D7A,0x0319F1
672,0x031D81,0x031D88,6,7,2,,"
秘传27",0x031D82,0x0319F3
673,0x031D89,0x031D90,6,7,2,,"
秘传28",0x031D8A,0x0319F5
674,0x031D91,0x031D98,6,7,2,,"
秘传29",0x031D92,0x0319F7
675,0x031D99,0x031DA0,6,7,2,,"
秘传30",0x031D9A,0x0319F9
676,0x031DA1,0x031DA8,6,7,2,,"
秘传31",0x031DA2,0x0319FB
677,0x031DA9,0x031DB0,6,7,2,,"
秘传32",0x031DAA,0x0319FD
678,0x031DB1,0x031DB8,6,7,2,,"
秘传33",0x031DB2,0x0319FF
679,0x031DB9,0x031DC0,6,7,2,,"
秘传34",0x031DBA,0x031A01
680,0x031DC1,0x031DC8,6,7,2,,"
秘传35",0x031DC2,0x031A03
681,0x031DC9,0x031DD0,6,7,2,,"
秘传36",0x031DCA,0x031A05
682,0x031DD1,0x031DD8,6,7,2,,"
秘传37",0x031DD2,0x031A07
683,0x031DD9,0x031DE0,6,7,2,,"
秘传38",0x031DDA,0x031A09
684,0x031DE1,0x031DE8,6,7,2,,"
秘传39",0x031DE2,0x031A0B
685,0x031DE9,0x031DF0,6,7,2,,"
秘传40",0x031DEA,0x031A0D
686,0x031E6F,0x031E74,6,5,2,,"
小刚",0x031E70,0x031DF6
687,0x031E75,0x031E7A,6,5,2,,"
小霞",0x031E76,0x031DF8
688,0x031E7B,0x031E82,6,7,3,,"
马其斯",0x031E7C,0x031DFA
689,0x031E83,0x031E8A,6,7,3,,"
佳丽亚",0x031E84,0x031DFC
690,0x031E8B,0x031E8E,6,3,1,,"
乔",0x031E8C,0x031DFE
691,0x031E8F,0x031E94,6,5,2,,"
娜梅",0x031E90,0x031E00
692,0x031E95,0x031E9A,6,5,2,,"
阿桂",0x031E96,0x031E02
693,0x031E9B,0x031EA0,6,5,2,,"
老大",0x031E9C,0x031E04
694,0x031EA1,0x031EA6,6,5,2,,"
加纳",0x031EA2,0x031E06
695,0x031EA7,0x031EAC,6,5,2,,"
西巴",0x031EA8,0x031E08
696,0x031EAD,0x031EB2,6,5,2,,"
菊子",0x031EAE,0x031E0A
697,0x031EB3,0x031EBA,6,7,3,,"
瓦它诺",0x031EB4,0x031E0C
698,0x031EBB,0x031EC6,6,11,5,,"
武藏小次郎",0x031EBC,0x031E0E
699,0x031EC7,0x031ECE,6,7,3,,"
卡美优",0x031EC8,0x031E10
700,0x031ECF,0x031ED6,6,7,3,,"
大当家",0x031ED0,0x031E12
701,0x031ED7,0x031EDE,6,7,3,,"
二当家",0x031ED8,0x031E14
702,0x031EDF,0x031EE8,6,9,4,,"
捉虫少年",0x031EE0,0x031E16
703,0x031EE9,0x031EF0,6,7,3,,"
侦察员",0x031EEA,0x031E18
704,0x031EF1,0x031EF8,6,7,3,,"
迷你裙",0x031EF2,0x031E1A
705,0x031EF9,0x031F02,6,9,4,,"
谈判小子",0x031EFA,0x031E1C
706,0x031F03,0x031F0A,6,7,3,,"
火箭队",0x031F04,0x031E1E
707,0x031F0B,0x031F12,6,7,3,,"
火箭队",0x031F0C,0x031E20
708,0x031F13,0x031F1A,6,7,3,,"
研究员",0x031F14,0x031E22
709,0x031F1B,0x031F20,6,5,2,,"
大叔",0x031F1C,0x031E24
710,0x031F21,0x031F28,6,7,3,,"
游泳男",0x031F22,0x031E26
711,0x031F29,0x031F30,6,7,3,,"
游泳女",0x031F2A,0x031E28
712,0x031F31,0x031F36,6,5,2,,"
绅士",0x031F32,0x031E2A
713,0x031F37,0x031F3E,6,7,3,,"
大胖子",0x031F38,0x031E2C
714,0x031F3F,0x031F44,6,5,2,,"
水手",0x031F40,0x031E2E
715,0x031F45,0x031F4A,6,5,2,,"
士兵",0x031F46,0x031E30
716,0x031F4B,0x031F52,6,7,3,,"
老爷爷",0x031F4C,0x031E32
717,0x031F53,0x031F58,6,5,2,,"
女孩",0x031F54,0x031E34
718,0x031F59,0x031F5E,6,5,2,,"
职员",0x031F5A,0x031E36
719,0x031F5F,0x031F64,6,5,2,,"
少年",0x031F60,0x031E38
720,0x031F65,0x031F6A,6,5,2,,"
女生",0x031F66,0x031E3A
721,0x031F6B,0x031F72,6,7,3,,"
大姐姐",0x031F6C,0x031E3C
722,0x031F73,0x031F78,6,5,2,,"
修女",0x031F74,0x031E3E
723,0x031F79,0x031F80,6,7,3,,"
钓鱼者",0x031F7A,0x031E40
724,0x031F81,0x031F88,6,7,3,,"
电气团",0x031F82,0x031E42
725,0x031F89,0x031F90,6,7,3,,"
捉鸟人",0x031F8A,0x031E44
726,0x031F91,0x031F98,6,7,3,,"
暴走族",0x031F92,0x031E46
727,0x031F99,0x031F9E,6,5,2,,"
忍者",0x031F9A,0x031E48
728,0x031F9F,0x031FA6,6,7,3,,"
空手道",0x031FA0,0x031E4A
729,0x031FA7,0x031FAE,6,7,3,,"
跆拳道",0x031FA8,0x031E4C
730,0x031FAF,0x031FB6,6,7,3,,"
超能力",0x031FB0,0x031E4E
731,0x031FB7,0x031FBE,6,7,3,,"
精神师",0x031FB8,0x031E50
732,0x031FBF,0x031FC4,6,5,2,,"
小偷",0x031FC0,0x031E52
733,0x031FC5,0x031FCC,6,7,3,,"
训兽师",0x031FC6,0x031E54
734,0x031FCD,0x031FD2,6,5,2,,"
男孩",0x031FCE,0x031E56
735,0x031FD3,0x031FDA,6,7,3,,"
魔术师",0x031FD4,0x031E58
736,0x031FDB,0x031FE2,6,7,3,,"
大姐头",0x031FDC,0x031E5A
737,0x031FE3,0x031FEA,6,7,3,,"
双胞胎",0x031FE4,0x031E5C
738,0x031FEB,0x031FF0,6,5,2,,"
叔叔",0x031FEC,0x031E5E
739,0x031FF1,0x031FFA,6,9,4,,"
成熟姐姐",0x031FF2,0x031E60
740,0x031FFB,0x032000,6,5,2,,"
神婆",0x031FFC,0x031E62
741,0x032001,0x032008,6,7,3,,"
大婶婶",0x032002,0x031E64
742,0x032009,0x032010,6,7,3,,"
滑雪女",0x03200A,0x031E66
743,0x032011,0x032018,6,7,3,,"
滑雪男",0x032012,0x031E68
744,0x032160,0x03217B,6,27,13,,"
在阳光的照耀下种子慢慢生长",0x032161,0x03201E
745,0x03217C,0x03218F,6,19,9,,"
背部能开出美丽的花",0x03217D,0x032020
746,0x032190,0x0321A3,6,19,9,,"
花的香气让人心情好",0x032191,0x032022
747,0x0321A4,0x0321B9,6,21,10,,"
用尾巴的火焰表达心情",0x0321A5,0x032024
748,0x0321BA,0x0321D9,6,31,15,,"
转动尾巴点燃火焰让周围温度上升",0x0321BB,0x032026
749,0x0321DA,0x0321F5,6,27,13,,"
吐出的高温火焰可以烧化岩石",0x0321DB,0x032028
750,0x0321F6,0x032217,6,33,16,,"
身体有坚硬的外壳可发出强烈的泡沫",0x0321F7,0x03202A
751,0x032218,0x032237,6,31,15,,"
隐藏在水中等待食物游泳速度很快",0x032219,0x03202C
752,0x032238,0x032259,6,33,16,,"
背上喷射口像火箭一样喷射厉害水流",0x032239,0x03202E
753,0x03225A,0x03226B,6,17,8,,"
足虽短但很有力量",0x03225B,0x032030
754,0x03226C,0x032289,6,29,14,,"
外壳变硬前受到攻击会流出液体",0x03226D,0x032032
755,0x03228A,0x03229D,6,19,9,,"
能放出毒粉顺利飞行",0x03228B,0x032034
756,0x03229E,0x0322B9,6,27,13,,"
喜欢吃树叶头上长着坚利的针",0x03229F,0x032036
757,0x0322BA,0x0322D9,6,31,15,,"
自己几乎不移动危险时会变硬保护",0x0322BB,0x032038
758,0x0322DA,0x0322F3,6,25,12,,"
告诉飞行用大的毒针刺敌人",0x0322DB,0x03203A
759,0x0322F4,0x032307,6,19,9,,"
多分布在森林和草地",0x0322F5,0x03203C
760,0x032308,0x032329,6,33,16,,"
拥有属于自己的地盘攻击入侵的敌人",0x032309,0x03203E
761,0x03232A,0x032345,6,27,13,,"
寻找食物的时候贴在水面滑行",0x03232B,0x032040
762,0x032346,0x032357,6,17,8,,"
身体小但移动灵敏",0x032347,0x032042
763,0x032358,0x03236F,6,23,11,,"
移动较慢长着厉害的门牙",0x032359,0x032044
764,0x032370,0x032387,6,23,11,,"
以虫子为食喜欢整理羽毛",0x032371,0x032046
765,0x032388,0x0323A3,6,27,13,,"
有很大的翅膀可以在天空飞行",0x032389,0x032048
766,0x0323A4,0x0323BB,6,23,11,,"
能吞下波波或大嘴雀的蛋",0x0323A5,0x03204A
767,0x0323BC,0x0323D9,6,29,14,,"
样子可怕不用战斗就能吓跑敌人",0x0323BD,0x03204C
768,0x0323DA,0x0323F3,6,25,12,,"
很多聚在一起可以引发闪电",0x0323DB,0x03204E
769,0x0323F4,0x03240D,6,25,12,,"
有很长的尾巴可以保护身体",0x0323F5,0x032050
770,0x03240E,0x032429,6,27,13,,"
喜欢挖洞隐藏吃食物时才出来",0x03240F,0x032052
771,0x03242A,0x03243F,6,21,10,,"
身体团起来时像个刺球",0x03242B,0x032054
772,0x032440,0x032457,6,23,11,,"
身体虽小但有毒牙要小心",0x032441,0x032056
773,0x032458,0x032467,6,15,7,,"
喜欢对战的精灵",0x032459,0x032058
774,0x032468,0x03247F,6,23,11,,"
有坚硬的鳞可以保护身体",0x032469,0x03205A
775,0x032480,0x0324A1,6,33,16,,"
遇到危险身体的刺可以放出强烈的毒",0x032481,0x03205C
776,0x0324A2,0x0324B5,6,19,9,,"
遇到危险时发出攻击",0x0324A3,0x03205E
777,0x0324B6,0x0324CB,6,21,10,,"
能挥动大尾巴攻击敌人",0x0324B7,0x032060
778,0x0324CC,0x0324E1,6,21,10,,"
长的可爱惹很多的喜爱",0x0324CD,0x032062
779,0x0324E2,0x0324F7,6,21,10,,"
胆子小一遇到危险就跑",0x0324E3,0x032064
780,0x0324F8,0x032519,6,33,16,,"
出生只有一条尾巴长大后尾巴会增加",0x0324F9,0x032066
781,0x03251A,0x03252F,6,21,10,,"
尾巴长到九条变的聪明",0x03251B,0x032068
782,0x032530,0x032545,6,21,10,,"
能发出催人入眠的歌声",0x032531,0x03206A
783,0x032546,0x03255F,6,25,12,,"
被激怒身体会吸取意气变大",0x032547,0x03206C
784,0x032560,0x032575,6,21,10,,"
能发出超声波寻找目标",0x032561,0x03206E
785,0x032576,0x032585,6,15,7,,"
专门靠吸血为生",0x032577,0x032070
786,0x032586,0x03259F,6,25,12,,"
身体常常贴在地面慢慢移动",0x032587,0x032072
787,0x0325A0,0x0325B3,6,19,9,,"
能分泌液体吸引食物",0x0325A1,0x032074
788,0x0325B4,0x0325C7,6,19,9,,"
带有很多花粉头很重",0x0325B5,0x032076
789,0x0325C8,0x0325D7,6,15,7,,"
喜欢住在洞穴中",0x0325C9,0x032078
790,0x0325D8,0x0325EF,6,23,11,,"
身体比虫大爱潮湿的地方",0x0325D9,0x03207A
791,0x0325F0,0x032607,6,23,11,,"
在大树下生活爱吃小虫子",0x0325F1,0x03207C
792,0x032608,0x03261D,6,21,10,,"
扇动翅膀放出有毒的粉",0x032609,0x03207E
793,0x03261E,0x032631,6,19,9,,"
在底下一公里处生活",0x03261F,0x032080
794,0x032632,0x032645,6,19,9,,"
挖洞的本领非常强大",0x032633,0x032082
795,0x032646,0x032659,6,19,9,,"
喜欢钱币形状的东西",0x032647,0x032084
796,0x03265A,0x03266F,6,21,10,,"
属于很多人喜欢的生物",0x03265B,0x032086
797,0x032670,0x03267D,6,13,6,,"
有很强的意念",0x032671,0x032088
798,0x03267E,0x03268D,6,15,7,,"
喜欢在水里游泳",0x03267F,0x03208A
799,0x03268E,0x0326A5,6,23,11,,"
平时温和发怒时非常可怕",0x03268F,0x03208C
800,0x0326A6,0x0326B9,6,19,9,,"
生气时追着对手不放",0x0326A7,0x03208E
801,0x0326BA,0x0326D7,6,29,14,,"
保护自己的领地不让任何人靠近",0x0326BB,0x032090
802,0x0326D8,0x0326EB,6,19,9,,"
奔跑速度和风一样快",0x0326D9,0x032092
803,0x0326EC,0x0326FD,6,17,8,,"
在水里生活的精灵",0x0326ED,0x032094
804,0x0326FE,0x03270F,6,17,8,,"
地上水中都能生活",0x0326FF,0x032096
805,0x032710,0x032721,6,17,8,,"
擅长游泳速度惊人",0x032711,0x032098
806,0x032722,0x032737,6,21,10,,"
发现敌人后会乘机逃跑",0x032723,0x03209A
807,0x032738,0x03274F,6,23,11,,"
身体发出射线让敌人头疼",0x032739,0x03209C
808,0x032750,0x03276B,6,27,13,,"
有比超级计算机还灵敏的技能",0x032751,0x03209E
809,0x03276C,0x032779,6,13,6,,"
喜欢锻炼身体",0x03276D,0x0320A0
810,0x03277A,0x032789,6,15,7,,"
力量强大的生物",0x03277B,0x0320A2
811,0x03278A,0x0327A3,6,25,12,,"
有厉害的胳膊可以攻击敌人",0x03278B,0x0320A4
812,0x0327A4,0x0327AF,6,11,5,,"
爱吃小虫子",0x0327A5,0x0320A6
813,0x0327B0,0x0327C7,6,23,11,,"
能喷出毒粉阻止敌人移动",0x0327B1,0x0320A8
814,0x0327C8,0x0327DB,6,19,9,,"
被它攻击后很难生还",0x0327C9,0x0320AA
815,0x0327DC,0x0327E7,6,11,5,,"
在海上漂浮",0x0327DD,0x0320AC
816,0x0327E8,0x032805,6,29,14,,"
触手在刺中食物的时候可以变长",0x0327E9,0x0320AE
817,0x032806,0x032819,6,19,9,,"
多生长在草原和山区",0x032807,0x0320B0
818,0x03281A,0x03282D,6,19,9,,"
常常在山坡地带活动",0x03281B,0x0320B2
819,0x03282E,0x032841,6,19,9,,"
身体像岩石一样坚硬",0x03282F,0x0320B4
820,0x032842,0x032861,6,31,15,,"
蹄比金刚石还坚硬能踩坏任何东西",0x032843,0x0320B6
821,0x032862,0x032873,6,17,8,,"
以惊人的速度飞奔",0x032863,0x0320B8
822,0x032874,0x032885,6,17,8,,"
移动缓慢呆头呆脑",0x032875,0x0320BA
823,0x032886,0x03289D,6,23,11,,"
爱吃其它生物吃剩的食物",0x032887,0x0320BC
824,0x03289E,0x0328AB,6,13,6,,"
能发射电磁波",0x03289F,0x0320BE
825,0x0328AC,0x0328BD,6,17,8,,"
聚集发电厂的能量",0x0328AD,0x0320C0
826,0x0328BE,0x0328D3,6,21,10,,"
嘴上的大葱攻击很厉害",0x0328BF,0x0320C2
827,0x0328D4,0x0328EB,6,23,11,,"
飞行本领差但跑的速度快",0x0328D5,0x0320C4
828,0x0328EC,0x03290B,6,31,15,,"
三个头睡觉时其中一个头是清醒的",0x0328ED,0x0320C6
829,0x03290C,0x032919,6,13,6,,"
头很硬耐攻击",0x03290D,0x0320C8
830,0x03291A,0x032933,6,25,12,,"
身体里具有热的能量很耐冷",0x03291B,0x0320CA
831,0x032934,0x032945,6,17,8,,"
生活在很脏的地方",0x032935,0x0320CC
832,0x032946,0x032959,6,19,9,,"
全身是污泥身体有毒",0x032947,0x0320CE
833,0x03295A,0x032973,6,25,12,,"
坚硬的外壳可抵挡任何攻击",0x03295B,0x0320D0
834,0x032974,0x032991,6,29,14,,"
受到攻击时身体表面的刺会张开",0x032975,0x0320D2
835,0x032992,0x0329A7,6,21,10,,"
可以放出毒气让人昏迷",0x032993,0x0320D4
836,0x0329A8,0x0329B9,6,17,8,,"
很神奇的瓦斯生物",0x0329A9,0x0320D6
837,0x0329BA,0x0329CD,6,19,9,,"
多在月夜时出来活动",0x0329BB,0x0320D8
838,0x0329CE,0x0329E5,6,23,11,,"
身体很结实像金刚石一样",0x0329CF,0x0320DA
839,0x0329E6,0x0329F7,6,17,8,,"
据说能让人做恶梦",0x0329E7,0x0320DC
840,0x0329F8,0x032A13,6,27,13,,"
遇到敌人的时候可以使人沉睡",0x0329F9,0x0320DE
841,0x032A14,0x032A27,6,19,9,,"
钳子是最有力的武器",0x032A15,0x0320E0
842,0x032A28,0x032A3F,6,23,11,,"
巨大的钳子有无穷的力量",0x032A29,0x0320E2
843,0x032A40,0x032A57,6,23,11,,"
多出现在发电厂小心自爆",0x032A41,0x0320E4
844,0x032A58,0x032A71,6,25,12,,"
能聚集很大的能量引发风暴",0x032A59,0x0320E6
845,0x032A72,0x032A87,6,21,10,,"
遇到食物时会聚集同伴",0x032A73,0x0320E8
846,0x032A88,0x032A99,6,17,8,,"
喜欢帖在地面移动",0x032A89,0x0320EA
847,0x032A9A,0x032AB7,6,29,14,,"
很难看到失去母亲的它的真面目",0x032A9B,0x0320EC
848,0x032AB8,0x032ACB,6,19,9,,"
能扔骨头棒打击敌人",0x032AB9,0x0320EE
849,0x032ACC,0x032AE1,6,21,10,,"
飞踢的时候脚可以变长",0x032ACD,0x0320F0
850,0x032AE2,0x032AFB,6,25,12,,"
可以以超人的速度挥动拳头",0x032AE3,0x0320F2
851,0x032AFC,0x032B11,6,21,10,,"
被它的舌头舔到会麻痹",0x032AFD,0x0320F4
852,0x032B12,0x032B2F,6,29,14,,"
能吸取各种毒气经常引发大爆炸",0x032B13,0x0320F6
853,0x032B30,0x032B41,6,17,8,,"
能长时间放出毒气",0x032B31,0x0320F8
854,0x032B42,0x032B5B,6,25,12,,"
骨头很坚硬训练员要小心它",0x032B43,0x0320FA
855,0x032B5C,0x032B73,6,23,11,,"
全身具有坚硬的皮肤保护",0x032B5D,0x0320FC
856,0x032B74,0x032B91,6,29,14,,"
出生地非常少抓住它的人很幸运",0x032B75,0x0320FE
857,0x032B92,0x032BB3,6,33,16,,"
全身长着像海草一样的东西移动很轻",0x032B93,0x032100
858,0x032BB4,0x032BD3,6,31,15,,"
小时候藏在母亲的育儿袋中不出来",0x032BB5,0x032102
859,0x032BD4,0x032BE9,6,21,10,,"
受攻击时可以发射墨汁",0x032BD5,0x032104
860,0x032BEA,0x032C01,6,23,11,,"
移动灵活在海中自由游泳",0x032BEB,0x032106
861,0x032C02,0x032C0F,6,13,6,,"
号称水中女王",0x032C03,0x032108
862,0x032C10,0x032C2B,6,27,13,,"
秋天为了产卵常出现在河流中",0x032C11,0x03210A
863,0x032C2C,0x032C4D,6,33,16,,"
身体的一部分断掉后可以再生长出来",0x032C2D,0x03210C
864,0x032C4E,0x032C65,6,23,11,,"
身体有发出七色光的宝石",0x032C4F,0x03210E
865,0x032C66,0x032C83,6,29,14,,"
遇到攻击会用大脚反复踢打敌人",0x032C67,0x032110
866,0x032C84,0x032C9D,6,25,12,,"
反应灵敏移动灵活爪子锋利",0x032C85,0x032112
867,0x032C9E,0x032CBB,6,29,14,,"
靠晃动身体来移动具有天使之吻",0x032C9F,0x032114
868,0x032CBC,0x032CDD,6,33,16,,"
据说在发电厂消失时引发城市大停电",0x032CBD,0x032116
869,0x032CDE,0x032CEF,6,17,8,,"
喜欢藏在火焰之中",0x032CDF,0x032118
870,0x032CF0,0x032CFF,6,15,7,,"
头上的角很厉害",0x032CF1,0x03211A
871,0x032D00,0x032D19,6,25,12,,"
遇到食物一边攻击一边吞食",0x032D01,0x03211C
872,0x032D1A,0x032D35,6,27,13,,"
看上去很弱但传说过去很厉害",0x032D1B,0x03211E
873,0x032D36,0x032D4D,6,23,11,,"
强大且残暴据说很少出现",0x032D37,0x032120
874,0x032D4E,0x032D5F,6,17,8,,"
背上可以带人游水",0x032D4F,0x032122
875,0x032D60,0x032D79,6,25,12,,"
可以模仿敌人有变身的能力",0x032D61,0x032124
876,0x032D7A,0x032D8D,6,19,9,,"
有很神奇的遗传因子",0x032D7B,0x032126
877,0x032D8E,0x032DA9,6,27,13,,"
生活在水边有像鱼一样的尾巴",0x032D8F,0x032128
878,0x032DAA,0x032DBB,6,17,8,,"
能引发很大的电能",0x032DAB,0x03212A
879,0x032DBC,0x032DD9,6,29,14,,"
身体能聚集火焰体温高达九百度",0x032DBD,0x03212C
880,0x032DDA,0x032DED,6,19,9,,"
生体是用程序制造的",0x032DDB,0x03212E
881,0x032DEE,0x032E0F,6,33,16,,"
灭绝的怪兽后来从化石复活又有了它",0x032DEF,0x032130
882,0x032E10,0x032E25,6,21,10,,"
有尖利的牙喜欢吃贝壳",0x032E11,0x032132
883,0x032E26,0x032E3F,6,25,12,,"
灭绝的怪兽后来从化石复活",0x032E27,0x032134
884,0x032E40,0x032E57,6,23,11,,"
游泳速度很快爪子像镰刀",0x032E41,0x032136
885,0x032E58,0x032E67,6,15,7,,"
很暴的古代精灵",0x032E59,0x032138
886,0x032E68,0x032E7D,6,21,10,,"
吃了睡睡了吃所以很胖",0x032E69,0x03213A
887,0x032E7E,0x032E95,6,23,11,,"
传说中的鸟可以冻僵一切",0x032E7F,0x03213C
888,0x032E96,0x032EB3,6,29,14,,"
传说中的鸟可以引发巨大的闪电",0x032E97,0x03213E
889,0x032EB4,0x032ECB,6,23,11,,"
传说中的鸟可以焚烧一切",0x032EB5,0x032140
890,0x032ECC,0x032EE5,6,25,12,,"
被称为幻影精灵生活在水底",0x032ECD,0x032142
891,0x032EE6,0x032F01,6,27,13,,"
是一种新的生命可以改变天气",0x032EE7,0x032144
892,0x032F02,0x032F1D,6,27,13,,"
很少有人见过智力比人还厉害",0x032F03,0x032146
893,0x032F1E,0x032F3D,6,31,15,,"
科学家经过遗传因子研究出的生物",0x032F1F,0x032148
894,0x032F3E,0x032F57,6,25,12,,"
神奇的精灵几乎没人见过它",0x032F3F,0x03214A
895,0x032F58,0x032F6D,6,21,10,,"
三大法皇之一雷电霸王",0x032F59,0x03214C
896,0x032F6E,0x032F83,6,21,10,,"
三大法皇之一炎之霸王",0x032F6F,0x03214E
897,0x032F84,0x032F99,6,21,10,,"
三大法皇之一水之霸王",0x032F85,0x032150
898,0x032F9A,0x032FAF,6,21,10,,"
生活在海底的神兽精灵",0x032F9B,0x032152
899,0x032FB0,0x032FCF,6,31,15,,"
身体有七彩颜色它的传说源远流长",0x032FB1,0x032154
900,0x032FD0,0x032FEB,6,27,13,,"
宝石大陆的谜之生物海底之王",0x032FD1,0x032156
901,0x032FEC,0x033007,6,27,13,,"
宝石大陆的谜之生物大地之王",0x032FED,0x032158
902,0x033008,0x033023,6,27,13,,"
宝石大陆的谜之生物天空之王",0x033009,0x03215A
903,0x033060,0x033067,6,7,3,,"
居合斩",0x033061,0x033029
904,0x033068,0x03306F,6,7,3,,"
飞天术",0x033069,0x03302B
905,0x033070,0x033077,6,7,3,,"
冲浪术",0x033071,0x03302D
906,0x033078,0x03307F,6,7,3,,"
怪力术",0x033079,0x03302F
907,0x033080,0x033087,6,7,3,,"
闪光术",0x033081,0x033031
908,0x033088,0x03308F,6,7,2,,"
绝传01",0x033089,0x033033
909,0x033090,0x033097,6,7,2,,"
绝传02",0x033091,0x033035
910,0x033098,0x03309F,6,7,2,,"
绝传03",0x033099,0x033037
911,0x0330A0,0x0330A7,6,7,2,,"
绝传04",0x0330A1,0x033039
912,0x0330A8,0x0330AF,6,7,2,,"
绝传05",0x0330A9,0x03303B
913,0x0330B0,0x0330B7,6,7,3,,"
真新镇",0x0330B1,0x03303D
914,0x0330B8,0x0330BF,6,7,3,,"
常青市",0x0330B9,0x03303F
915,0x0330C0,0x0330C9,6,9,4,,"
地鼠山洞",0x0330C1,0x033041
916,0x0330CA,0x0330D1,6,7,3,,"
尼比市",0x0330CB,0x033043
917,0x0330D2,0x0330DB,6,9,4,,"
月见山洞",0x0330D3,0x033045
918,0x0330DC,0x0330E3,6,7,3,,"
华蓝市",0x0330DD,0x033047
919,0x0330E4,0x0330ED,6,9,4,,"
石山矿野",0x0330E5,0x033049
920,0x0330EE,0x0330F5,6,7,3,,"
紫苑镇",0x0330EF,0x03304B
921,0x0330F6,0x0330FD,6,7,3,,"
金黄市",0x0330F7,0x03304D
922,0x0330FE,0x033105,6,7,3,,"
彩虹市",0x0330FF,0x03304F
923,0x033106,0x03310D,6,7,3,,"
枯叶市",0x033107,0x033051
924,0x03310E,0x033115,6,7,3,,"
浅红市",0x03310F,0x033053
925,0x033116,0x03311D,6,7,3,,"
红莲镇",0x033117,0x033055
926,0x03311E,0x033127,6,9,4,,"
冠军之路",0x03311F,0x033057
927,0x033128,0x033131,6,9,4,,"
石英高原",0x033129,0x033059
928,0x0331FE,0x033227,6,41,19,,"
武藏:我们是穿过银河系的即将解散的火箭队!",0x0331FF,0x033137
929,0x033228,0x03324E,6,38,17,,"
小次郎:黑洞,没有明天的黑色在等着我们!",0x033229,0x033139
930,0x03324F,0x03325F,6,16,6,,"
喵喵:就是这样!!",0x033250,0x03313B
931,0x033260,0x033279,6,25,10,,"
小次郎:怎么没次都这样...",0x033261,0x03313D
932,0x03327A,0x033291,6,23,9,,"
武藏:好讨厌的感觉哟...",0x03327B,0x03313F
933,0x033292,0x03329D,6,11,3,,"
喵喵:喵...",0x033293,0x033141
934,0x03329E,0x03331A,6,124,58,,"
小茂:怎么了?小智在这里遇见你还真是偶然啊!你也去宠物精灵联盟啊?徽章也都收集齐了,干的不错嘛!不过在去联盟之前先和我比试一场吧!",0x03329F,0x033143
935,0x03331B,0x033394,6,121,54,,"
小茂:我只是一时太大意了,可恶!不过你这样的水平想称霸精灵联盟...你还是多练习一下比较好!我多管闲事了啊,那我先走了!再会了...",0x03331C,0x033145
936,0x033395,0x0333BC,6,39,17,,"
守卫:啊!你拿的的确是联盟徽章!请通过吧!",0x033396,0x033147
937,0x0333BD,0x0333D3,6,22,10,,"
女孩:能来到这里不简单",0x0333BE,0x033149
938,0x0333D4,0x0333E6,6,18,8,,"
女孩:之后就看你的",0x0333D5,0x03314B
939,0x0333E7,0x033405,6,30,14,,"
男孩:看来你也是来挑战联盟的了",0x0333E8,0x03314D
940,0x033406,0x03341E,6,24,11,,"
男孩:你有机会夺取冠军啊",0x033407,0x03314F
941,0x03341F,0x03343E,6,31,14,,"
空手道:你辛苦了,不过也到此为止",0x033420,0x033151
942,0x03343F,0x033454,6,21,8,,"
空手道:我竟然输了...",0x033440,0x033153
943,0x033455,0x033470,6,27,12,,"
魔术师:你知道什么是魔术吗?",0x033456,0x033155
944,0x033471,0x033484,6,19,7,,"
魔术师:不可思议...",0x033472,0x033157
945,0x033485,0x033493,6,14,6,,"
训兽师:觉悟吧",0x033486,0x033159
946,0x033494,0x0334A9,6,21,9,,"
训兽师:我已经觉悟了!",0x033495,0x03315B
947,0x0334AA,0x0334C1,6,23,10,,"
魔术师:为什么要来这里?",0x0334AB,0x03315D
948,0x0334C2,0x0334DB,6,25,11,,"
魔术师:你的目标的确伟大!",0x0334C3,0x03315F
949,0x0334DC,0x0334F3,6,23,10,,"
女孩:告诉你我要结婚了!",0x0334DD,0x033161
950,0x0334F4,0x033516,6,34,15,,"
女孩:我不想嫁人了,你做我老公好吗?",0x0334F5,0x033163
951,0x033517,0x03352F,6,24,11,,"
男孩:我不会让你再前进的",0x033518,0x033165
952,0x033530,0x03353E,6,14,6,,"
男孩:是天意啊",0x033531,0x033167
953,0x03353F,0x03355C,6,29,13,,"
女孩:为什么我的精灵都不强呢?",0x033540,0x033169
954,0x03355D,0x03357A,6,29,12,,"
女孩:是因为我没有用爱心吧...",0x03355E,0x03316B
955,0x03357B,0x0335EA,6,111,53,,"
裁判:未来的冠军,来到这里真不容易不过挑战四大天王的决胜规则就是将四人一一打败如果输了就从第一人从新打起!加油了!",0x03357C,0x03316D
956,0x0335EB,0x033617,6,44,20,,"
女孩:现在就开始四大天王的对战!朝最强努力吧!",0x0335EC,0x03316F
957,0x033618,0x033683,6,107,50,,"
加纳:欢迎来到宠物精灵联盟!我是冰系四天王加纳!还没碰过害怕的东西,让我生气了就让你的精灵动弹不得!哈哈觉悟吧!",0x033619,0x033171
958,0x033684,0x0336BD,6,57,25,,"
加纳:你到底是什么人物?...好吧,我输了就朝下一个房间前进吧",0x033685,0x033173
959,0x0336BE,0x03373D,6,127,60,,"
西巴:我是地系四天王西巴!不管是精灵或人只要战斗磨练都能变的很强,就靠这中磨练与我的精灵工生存!你是小智吧,来尝尝我们的超级力量吧!",0x0336BF,0x033175
960,0x03373E,0x03377F,6,65,28,,"
西巴:到底是怎么回事?我竟然输了...既然输了,我无话可说,你就前进吧!",0x03373F,0x033177
961,0x033780,0x033827,6,167,79,,"
菊子:我是鬼系四天王菊子,听说真新镇的大木博士相当疼你!大木博士以前是相当强的男人!现在看不出来了,光只是做宠物精灵图鉴是不够的!精灵是要用来战斗的!让我来教你真正的战斗吧!",0x033781,0x033179
962,0x033828,0x033872,6,74,34,,"
菊子:真了不起啊,是你胜了,大木博士真有眼光,我心服口服你就朝下一个房间去吧!",0x033829,0x03317B
963,0x033873,0x033910,6,157,74,,"
瓦它诺:你是小智?我是龙系四天王菊子瓦它诺,你应该知道龙是神圣传说中的生物,很难抓但培育的好将是天下第一!一般的攻击对龙系是没用的!开始吧,我会让你夹着尾巴逃跑的!",0x033874,0x03317D
964,0x033911,0x0339C1,6,176,82,,"
瓦它诺:虽然难过但你的技术一流!我想说小智从今开始你是宠物精灵联盟的冠军!但你必须再与一人战斗不可!那位训练家就是...小茂!他比你早战胜我们四天王,所以你们要决出真正的冠军,去吧小智!",0x033912,0x03317F
965,0x0339C2,0x033A4B,6,137,64,,"
小茂:小智啊?你也来了?既然做为对手的你这么弱也没什么好竞争的!我在收集图鉴的同时也找到一些完美的精灵!告诉你吧,我就是世界最强的精灵训练师!!",0x0339C3,0x033181
966,0x033A4C,0x033AE8,6,156,69,,"
小茂:怎么回事?真的结束了吗?尽了全力却还是输了!好不容易爬到这个地步...为什么我会输...我的培育方法不可能出错的...没办法,你是宠物联盟的新冠军...我真不太想承认",0x033A4D,0x033183
967,0x033AE9,0x033BDC,6,243,114,,"
大木博士:堂堂正正的赢了!恭喜你小智,从你刚开始得到比卡丘开始到现在你真的变强了,应该说你长大了!小茂...真是可惜!听说你战胜四天王而飞奔到这里,但看到你到最后输了!你知道为什么会输吗?因为你忘了给予精灵们信任和感情!所以你再怎么努力也不可能站在高峰的!",0x033AEA,0x033185
968,0x033BDD,0x033C3A,6,93,43,,"
大木博士:小智,你能制霸宠物精灵联盟!不是你一个人的力量!是你与精灵之间巧妙的感情!小智你跟我来!",0x033BDE,0x033187
969,0x033C3B,0x033CB0,6,117,55,,"
大木博士:小智,你经过激烈的战斗!而如今成为联盟冠军!在此记录下小智的名字与精灵的名字吧!和我一起回家吧,你妈妈一定很想你",0x033C3C,0x033189
970,0x033CB1,0x033CF9,6,72,33,,"
妈妈:听说华蓝市附近有个山洞发生异常,连精灵联盟的四天王加纳都去调查了...",0x033CB2,0x03318B
971,0x033CFA,0x033D59,6,95,43,,"
裁判:真是抱歉,四天王的加纳因为不在所以现在联盟暂停训练家挑战...加纳好像去华蓝市调查异变去了...",0x033CFB,0x03318D
972,0x033D5A,0x033D66,6,12,2,,"
超梦:......",0x033D5B,0x03318F
973,0x033D67,0x033D92,6,43,20,,"
加纳:原来发生异变的原因就是这只超梦引起的.",0x033D68,0x033191
974,0x033D93,0x033D9E,6,11,4,,"
小智:超梦?",0x033D94,0x033193
975,0x033D9F,0x033E27,6,136,64,,"
加纳:是火箭队干的好事,他们用梦幻的遗传基因克隆出来的精灵...幸好你及时发现了才没有造成大的轰动!我也该返回联盟了那么随时欢迎你到联盟挑战!",0x033DA0,0x033195
976,0x033E28,0x033E37,6,15,6,,"
小智:一定会的!",0x033E29,0x033197
977,0x033E38,0x033EA3,6,107,49,,"
加纳:啊,对了!我有件礼物要送给你!朋友给我的梦幻旅行船票...但我因为还有联盟的事情没时间去作为答谢就送给你了.",0x033E39,0x033199
978,0x033EA4,0x033EDB,6,55,24,,"
船员:那个是梦幻船票??那么请进!!欢迎再次来乘做铁达尼号!",0x033EA5,0x03319B
979,0x033EDC,0x033EE8,6,12,2,,"
凤凰:......",0x033EDD,0x03319D
980,0x033EE9,0x033EF7,6,14,3,,"
路基亚:......",0x033EEA,0x03319F
981,0x033EF8,0x033F58,6,96,45,,"
船员:怎么样,是场神奇的旅行吧.现在精灵联盟因为四天王的加纳又回来了,所以又开始接受新的冠军挑战了!",0x033EF9,0x0331A1
982,0x033F59,0x033FC4,6,107,50,,"
加纳:欢迎来到宠物精灵联盟!我是冰系四天王加纳!还没碰过害怕的东西,让我生气了就让你的精灵动弹不得!哈哈觉悟吧!",0x033F5A,0x0331A3
983,0x033FC5,0x033FFE,6,57,25,,"
加纳:你到底是什么人物?...好吧,我输了就朝下一个房间前进吧",0x033FC6,0x0331A5
984,0x033FFF,0x03407E,6,127,60,,"
西巴:我是地系四天王西巴!不管是精灵或人只要战斗磨练都能变的很强,就靠这中磨练与我的精灵工生存!你是小智吧,来尝尝我们的超级力量吧!",0x034000,0x0331A7
985,0x03407F,0x0340C0,6,65,28,,"
西巴:到底是怎么回事?我竟然输了...既然输了,我无话可说,你就前进吧!",0x034080,0x0331A9
986,0x0340C1,0x034168,6,167,79,,"
菊子:我是鬼系四天王菊子,听说真新镇的大木博士相当疼你!大木博士以前是相当强的男人!现在看不出来了,光只是做宠物精灵图鉴是不够的!精灵是要用来战斗的!让我来教你真正的战斗吧!",0x0340C2,0x0331AB
987,0x034169,0x034206,6,157,74,,"
瓦它诺:你是小智?我是龙系四天王菊子瓦它诺,你应该知道龙是神圣传说中的生物,很难抓但培育的好将是天下第一!一般的攻击对龙系是没用的!开始吧,我会让你夹着尾巴逃跑的!",0x03416A,0x0331AD
988,0x034207,0x03427D,6,118,56,,"
瓦它诺:虽然难过但你的技术一流!不过要想成为真正的冠军就应该进入冠军的房间打败里面的训练师!!他比你早一步打败我们四天王!",0x034208,0x0331AF
989,0x03427E,0x0342A5,6,39,16,,"
小智:你们就是新的冠军?啊?难道你们是...",0x03427F,0x0331B1
990,0x0342A6,0x0342C0,6,26,12,,"
武藏:既然你诚心诚意的问了",0x0342A7,0x0331B3
991,0x0342C1,0x0342E2,6,33,15,,"
小次郎:那我就大发慈悲的告诉你们!",0x0342C2,0x0331B5
992,0x0342E3,0x0342FB,6,24,11,,"
武藏:为了防止世界被破坏",0x0342E4,0x0331B7
993,0x0342FC,0x034317,6,27,12,,"
小次郎:为了维护世界的和平.",0x0342FD,0x0331B9
994,0x034318,0x034330,6,24,11,,"
武藏:坚持爱与真实的罪恶",0x034319,0x0331BB
995,0x034331,0x03434C,6,27,12,,"
小次郎:最有魅力的反派人物!",0x034332,0x0331BD
996,0x03434D,0x034358,6,11,4,,"
武藏:武藏!",0x03434E,0x0331BF
997,0x034359,0x034368,6,15,6,,"
小次郎:小次郎!",0x03435A,0x0331C1
998,0x034369,0x034388,6,31,14,,"
武藏:我们是穿过银河系的南晶队!",0x03436A,0x0331C3
999,0x034389,0x0343AB,6,34,15,,"
小次郎:白洞,白色的明天在等着我们!",0x03438A,0x0331C5
1000,0x0343AC,0x0343BE,6,18,6,,"
喵喵:说的对!喵...",0x0343AD,0x0331C7
1001,0x0343BF,0x0343F2,6,51,23,,"
小次郎:我们现在跟了新的老大,已经不是从前的我们了!!",0x0343C0,0x0331C9
1002,0x0343F3,0x034420,6,45,20,,"
小次郎:居然又输了,有本事去挑战我们的新老大!!",0x0343F4,0x0331CB
1003,0x034421,0x034456,6,53,23,,"
武藏:对!!他就在彩虹市的南晶科技开发部!!名字叫卡美优!",0x034422,0x0331CD
1004,0x034457,0x03446A,6,19,7,,"
喵喵:喵...就是这样",0x034458,0x0331CF
1005,0x03446B,0x0344B7,6,76,36,,"
小次郎:尽管你的实力非常强,但是碰上我们新老大卡美优的精灵只有落败的份!哈哈哈",0x03446C,0x0331D1
1006,0x0344B8,0x03456D,6,181,85,,"
大木博士:你又堂堂正正的赢了!恭喜你小智,从你刚开始得到比卡丘开始到现在你真的变强了,应该说你长大了!小智,你能制霸宠物精灵联盟!不是你一个人的力量!是你与精灵之间巧妙的感情!小智你跟我来!",0x0344B9,0x0331D3
1007,0x03456E,0x0345E3,6,117,55,,"
大木博士:小智,你经过激烈的战斗!而如今成为联盟冠军!在此记录下小智的名字与精灵的名字吧!和我一起回家吧,你妈妈一定很想你",0x03456F,0x0331D5
1008,0x0345E4,0x034655,6,113,53,,"
妈妈:我听说你要去彩虹市的南晶科技开发部挑战名叫卡美优的训练师!听说他的精灵至今还没有被人打败过,你千万要小心啊...",0x0345E5,0x0331D7
1009,0x034656,0x0346A0,6,74,33,,"
卡美优:小智,我知道你一定会来的!这一战应该没有任何遗憾吧!!来吧,准备好了吗?",0x034657,0x0331D9
1010,0x0346A1,0x03476E,6,205,96,,"
卡美优:不错,你的实力在这个石英地区已经无人能敌了,但别忘了人外有人天外有天啊,在这个世界上还存在别的大陆...有机会的话一定要去宝石大陆看看,那里有这里所没有的精灵!!!那么你的精灵图鉴如果收集齐了的话再来找我吧!",0x0346A2,0x0331DB
1011,0x03476F,0x0347DA,6,107,50,,"
卡美优:有机会的话一定要去宝石大陆看看,那里有这里所没有的精灵!!!那么你的精灵图鉴如果收集齐了的话再来找我吧!",0x034770,0x0331DD
1012,0x0347DB,0x03483C,6,97,45,,"
卡美优:你已经成功了收集石英地区所有的精灵,真了不起!好吧这只梦幻就送给你吧!恭喜你完成了精灵图鉴!!",0x0347DC,0x0331DF
1013,0x03483D,0x034846,6,9,4,,"
得到梦幻",0x03483E,0x0331E1
1014,0x034847,0x034860,6,25,11,,"
妈妈:你完成精灵图鉴了吗?",0x034848,0x0331E3
1015,0x034861,0x034874,6,19,8,,"
裁判:你真是好样的!",0x034862,0x0331E5
1016,0x034875,0x034882,6,13,6,,"
得到梦幻船票",0x034876,0x0331E7
1017,0x034883,0x03489F,6,28,12,,"
卡美优:我认输!这样总行了吧!",0x034884,0x0331E9
1018,0x0348A0,0x0348B5,6,21,9,,"
蓓蓓:你真的是很棒耶!",0x0348A1,0x0331EB
1019,0x0348B6,0x0348D9,6,35,14,,"
小李:再骚扰的话,本大爷要报警了...!",0x0348B7,0x0331ED
1020,0x03492E,0x034939,6,11,5,,"
得到精灵球",0x03492F,0x0348DF
1021,0x03493A,0x034945,6,11,5,,"
得到超级球",0x03493B,0x0348E1
1022,0x034946,0x034951,6,11,5,,"
得到超力球",0x034947,0x0348E3
1023,0x034952,0x03495D,6,11,5,,"
得到大师球",0x034953,0x0348E5
1024,0x03495E,0x034967,6,9,4,,"
得到伤药",0x03495F,0x0348E7
1025,0x034968,0x034973,6,11,5,,"
得到好伤药",0x034969,0x0348E9
1026,0x034974,0x034981,6,13,6,,"
得到超级伤药",0x034975,0x0348EB
1027,0x034982,0x03498F,6,13,6,,"
得到最大伤药",0x034983,0x0348ED
1028,0x034990,0x03499B,6,11,5,,"
得到解毒药",0x034991,0x0348EF
1029,0x03499C,0x0349A7,6,11,5,,"
得到解麻药",0x03499D,0x0348F1
1030,0x0349A8,0x0349B3,6,11,5,,"
得到睡醒药",0x0349A9,0x0348F3
1031,0x0349B4,0x0349BF,6,11,5,,"
得到冰冻药",0x0349B5,0x0348F5
1032,0x0349C0,0x0349CB,6,11,5,,"
得到烧伤药",0x0349C1,0x0348F7
1033,0x0349CC,0x0349D9,6,13,6,,"
得到万能恢复",0x0349CD,0x0348F9
1034,0x0349DA,0x0349E5,6,11,5,,"
得到精神药",0x0349DB,0x0348FB
1035,0x0349E6,0x0349F1,6,11,4,,"
得到PP提升",0x0349E7,0x0348FD
1036,0x0349F2,0x0349FD,6,11,4,,"
得到PP最大",0x0349F3,0x0348FF
1037,0x0349FE,0x034A0B,6,13,6,,"
得到神奇糖果",0x0349FF,0x034901
1038,0x034A0C,0x034A17,6,11,5,,"
得到火之石",0x034A0D,0x034903
1039,0x034A18,0x034A23,6,11,5,,"
得到水之石",0x034A19,0x034905
1040,0x034A24,0x034A2F,6,11,5,,"
得到雷之石",0x034A25,0x034907
1041,0x034A30,0x034A3B,6,11,5,,"
得到叶之石",0x034A31,0x034909
1042,0x034A3C,0x034A47,6,11,5,,"
得到月之石",0x034A3D,0x03490B
1043,0x034A48,0x034A51,6,9,4,,"
得到包裹",0x034A49,0x03490D
1044,0x034A52,0x034A5F,6,13,6,,"
得到精灵图鉴",0x034A53,0x03490F
1045,0x034A60,0x034A69,6,9,4,,"
得到地图",0x034A61,0x034911
1046,0x034A6A,0x034A77,6,13,6,,"
得到菊石化石",0x034A6B,0x034913
1047,0x034A78,0x034A85,6,13,6,,"
得到盔甲化石",0x034A79,0x034915
1048,0x034A86,0x034A8F,6,9,4,,"
得到船票",0x034A87,0x034917
1049,0x034A90,0x034A9B,6,11,5,,"
得到矿泉水",0x034A91,0x034919
1050,0x034A9C,0x034AA9,6,13,6,,"
得到精灵眼镜",0x034A9D,0x03491B
1051,0x034AAA,0x034AB5,6,11,5,,"
得到精灵笛",0x034AAB,0x03491D
1052,0x034AB6,0x034ABF,6,9,4,,"
得到金牙",0x034AB7,0x03491F
1053,0x034AC0,0x034ACD,6,13,6,,"
得到梦幻船票",0x034AC1,0x034921
1054,0x034ACE,0x034AD9,6,11,5,,"
得到居合斩",0x034ACF,0x034923
1055,0x034ADA,0x034AE5,6,11,5,,"
得到飞天术",0x034ADB,0x034925
1056,0x034C09,0x034C2C,6,35,16,,"
欢迎!到精灵中心可以恢复精灵的体力.",0x034C0A,0x034AEB
1057,0x034C2D,0x034C4A,6,29,12,,"
您的精灵都精神了!!欢迎光临!!",0x034C2E,0x034AED
1058,0x034C4B,0x034C74,6,41,18,,"
对不起,因为机能所限这里暂时不能够对战...",0x034C4C,0x034AEF
1059,0x034C75,0x034C95,6,32,14,,"
交换机器也坏了...下次再来看看吧",0x034C76,0x034AF1
1060,0x034C96,0x034CA5,6,15,6,,"
欢迎!买东西吗?",0x034C97,0x034AF3
1061,0x034CA6,0x034CB1,6,11,4,,"
谢谢惠顾!!",0x034CA7,0x034AF5
1062,0x034CB2,0x034CD8,6,38,18,,"
我也在养育精灵!变强的话就不会让人欺负",0x034CB3,0x034AF7
1063,0x034CD9,0x034D05,6,44,21,,"
我相信科学的力量!现在电脑可以通信精灵和道具",0x034CDA,0x034AF9
1064,0x034D06,0x034D14,6,14,6,,"
休息一下如何?",0x034D07,0x034AFB
1065,0x034D15,0x034D38,6,35,15,,"
啊!你和精灵都很精神!小心去吧,保重!",0x034D16,0x034AFD
1066,0x034D39,0x034D54,6,27,13,,"
精灵好好培养的话会很亲近的",0x034D3A,0x034AFF
1067,0x034D55,0x034D75,6,32,15,,"
需要买抓精灵的精灵球时请到商店!",0x034D56,0x034B01
1068,0x034D76,0x034DA0,6,42,19,,"
在空中飞行有点害怕...但一下就能回到真新镇",0x034D77,0x034B03
1069,0x034DA1,0x034DBC,6,27,13,,"
你的精灵球是很方便的东西啊",0x034DA2,0x034B05
1070,0x034DBD,0x034DEC,6,47,22,,"
虫属性的精灵有两种类型,绿毛虫没有毒,独角虫有毒",0x034DBE,0x034B07
1071,0x034DED,0x034E06,6,25,12,,"
我从没见过这家道场的首领",0x034DEE,0x034B09
1072,0x034E07,0x034E1F,6,24,11,,"
啊!日记的内容我都记住了",0x034E08,0x034B0B
1073,0x034E20,0x034E31,6,17,8,,"
我也很喜欢精灵啊",0x034E21,0x034B0D
1074,0x034E32,0x034E54,6,34,16,,"
伤药很好,当精灵没有体力时可以使用",0x034E33,0x034B0F
1075,0x034E55,0x034E6C,6,23,11,,"
小拉达很小但前牙很厉害",0x034E56,0x034B11
1076,0x034E6D,0x034E89,6,28,13,,"
常青森林是天然的迷宫,小心啊",0x034E6E,0x034B13
1077,0x034E8A,0x034EB6,6,44,21,,"
道路上经常会有小树吧?用精灵的技能可以砍断的",0x034E8B,0x034B15
1078,0x034EB7,0x034EEE,6,55,27,,"
有的精灵只在森林或者洞穴生活要得到更多的精灵就要多走走",0x034EB8,0x034B17
1079,0x034EEF,0x034F17,6,40,19,,"
说起石山矿野很黑的,精灵用闪光术能看清吧",0x034EF0,0x034B19
1080,0x034F18,0x034F45,6,45,20,,"
啊!这长长的洞穴!是地鼠挖的!听说都到尼比市了!",0x034F19,0x034B1B
1081,0x034F46,0x034F6B,6,37,17,,"
尼比市的捉虫少年和道馆的小刚不一样!!",0x034F47,0x034B1D
1082,0x034F6C,0x034F85,6,25,12,,"
不要让野生的精灵进入花坛",0x034F6D,0x034B1F
1083,0x034F86,0x034F9D,6,23,11,,"
我的精灵是和别人交换的",0x034F87,0x034B21
1084,0x034F9E,0x034FBF,6,33,14,,"
有些精灵不听话...要是有徽章的话!",0x034F9F,0x034B23
1085,0x034FC0,0x034FD7,6,23,9,,"
小孩子需要50元,参观吗?",0x034FC1,0x034B25
1086,0x034FD8,0x034FE9,6,17,6,,"
好的,50元收下了!",0x034FD9,0x034B27
1087,0x034FEA,0x034FF1,6,7,3,,"
再来啊",0x034FEB,0x034B29
1088,0x034FF2,0x035004,6,18,8,,"
太好了,找到了龙骨",0x034FF3,0x034B2B
1089,0x035005,0x035016,6,17,8,,"
这个月要去宇宙中",0x035006,0x034B2D
1090,0x035017,0x035040,6,41,20,,"
当精灵抓到很多带不了时使用电脑通信存放好",0x035018,0x034B2F
1091,0x035041,0x035054,6,19,9,,"
能带着的精灵是六只",0x035042,0x034B31
1092,0x035055,0x03507B,6,38,17,,"
我很害怕...我经常在这里听到奇怪的声音",0x035056,0x034B33
1093,0x03507C,0x0350BB,6,63,29,,"
太不幸了,这家人被偷了!是火箭队干的!即使是警察也拿火箭队没办法!",0x03507D,0x034B35
1094,0x0350BC,0x0350D5,6,25,11,,"
你也有精灵吗!好好磨练吧!",0x0350BD,0x034B37
1095,0x0350D6,0x0350F4,6,30,12,,"
啊...!在完成精灵图鉴吗?太好了",0x0350D7,0x034B39
1096,0x0350F5,0x035106,6,17,8,,"
我也想要辆自行车",0x0350F6,0x034B3B
1097,0x035107,0x035124,6,29,13,,"
你好!骑自行车的心情你知道吗?",0x035108,0x034B3D
1098,0x035125,0x035138,6,19,9,,"
我的自行车很漂亮哦",0x035126,0x034B3F
1099,0x035139,0x035157,6,30,14,,"
火箭队让精灵挖洞一定有什么事!",0x03513A,0x034B41
1100,0x035158,0x035175,6,29,14,,"
找不到被偷的东西就只有放弃了",0x035159,0x034B43
1101,0x035176,0x03518D,6,23,11,,"
家里的爷爷想要交换精灵",0x035177,0x034B45
1102,0x03518E,0x0351AB,6,29,11,,"
哎...最近没有发生什么事情...",0x03518F,0x034B47
1103,0x0351AC,0x0351CA,6,30,13,,"
我老是培育不好我的妙娃种子...",0x0351AD,0x034B49
1104,0x0351CB,0x0351E5,6,26,11,,"
让精灵进化图鉴可以增加...",0x0351CC,0x034B4B
1105,0x0351E6,0x035204,6,30,13,,"
听说紫苑镇出现过幽灵精灵呢...",0x0351E7,0x034B4D
1106,0x035205,0x03523E,6,57,26,,"
这里是精灵的墓地,有名的城镇...精灵死的时候都会带到精灵塔",0x035206,0x034B4F
1107,0x03523F,0x03527C,6,61,27,,"
最近幽灵塔里好象出现幽灵...好像是被火箭队杀害的精灵的幽灵...",0x035240,0x034B51
1108,0x03527D,0x035293,6,22,10,,"
你相信有幽灵的存在吗?",0x03527E,0x034B53
1109,0x035294,0x0352CD,6,57,27,,"
我无法原谅火箭队!他们把逃亡中可拉可拉的妈妈抓了并杀害了!",0x035295,0x034B55
1110,0x0352CE,0x0352E3,6,21,10,,"
精灵塔有很多幽灵居住",0x0352CF,0x034B57
1111,0x0352E4,0x035334,6,80,38,,"
这个紫苑镇最有名的塔也是宠物精灵的墓园...人们将死亡的精灵带到这幽灵塔来祈求冥福",0x0352E5,0x034B59
1112,0x035335,0x035354,6,31,15,,"
吉野老人可以安慰可拉可拉的灵魂",0x035336,0x034B5B
1113,0x035355,0x035362,6,13,5,,"
现在戒严中!!",0x035356,0x034B5D
1114,0x035363,0x03537D,6,26,11,,"
这些火箭队的人太可恶了...",0x035364,0x034B5F
1115,0x03537E,0x035396,6,24,11,,"
你要对抗火箭队?真了不起",0x03537F,0x034B61
1116,0x035397,0x0353B7,6,32,14,,"
我看见了火箭队的老大进了大厦...",0x035398,0x034B63
1117,0x0353B8,0x0353D3,6,27,12,,"
我很崇拜你,我会为你加油的!",0x0353B9,0x034B65
1118,0x0353D4,0x0353EE,6,26,12,,"
我看过你的对战,你很厉害啊",0x0353D5,0x034B67
1119,0x0353EF,0x03542A,6,59,27,,"
你听过南晶开发部的卡美优吗?听说他的精灵都是神兽级别的哦...",0x0353F0,0x034B69
1120,0x03542B,0x03546B,6,64,29,,"
欢迎!通过游戏积累硬币能得到喜欢的奖品,不过你好像没有硬币盒哦...",0x03542C,0x034B6B
1121,0x03546C,0x03548B,6,31,13,,"
我太喜欢游戏了!都忘记时间了...",0x03546D,0x034B6D
1122,0x03548C,0x0354A9,6,29,13,,"
你也想玩吗?不行,你没有硬币盒",0x03548D,0x034B6F
1123,0x0354AA,0x0354E0,6,54,23,,"
您可以用赢得的硬币盒换取精灵哦...不行,你没有硬币盒...",0x0354AB,0x034B71
1124,0x0354E1,0x0354FF,6,30,13,,"
啊...游戏厅的下面好像有地下室",0x0354E2,0x034B73
1125,0x035500,0x035523,6,35,17,,"
我的精灵没有体力时就到商店买药给他",0x035501,0x034B75
1126,0x035524,0x03553F,6,27,10,,"
啊...游戏机很让人着迷啊...",0x035525,0x034B77
1127,0x035540,0x035555,6,21,10,,"
这里真是漂亮的地方啊",0x035541,0x034B79
1128,0x035556,0x035568,6,18,8,,"
铁达尼号出发了吗?",0x035557,0x034B7B
1129,0x035569,0x035589,6,32,15,,"
我想在这里盖大楼,但被精灵袭击了",0x03556A,0x034B7D
1130,0x03558A,0x03559C,6,18,7,,"
我的肚子好饿呀...",0x03558B,0x034B7F
1131,0x03559D,0x0355B0,6,19,9,,"
你的比卡丘很可爱呢",0x03559E,0x034B81
1132,0x0355B1,0x0355CF,6,30,13,,"
会长说起精灵来就没完没了啊...",0x0355B2,0x034B83
1133,0x0355D0,0x0355F7,6,39,17,,"
你知道吗?臭泥是从海里的污泥出生的呢...",0x0355D1,0x034B85
1134,0x0355F8,0x035613,6,27,13,,"
狩猎区内有很多特别的精灵哟",0x0355F9,0x034B87
1135,0x035614,0x035638,6,36,17,,"
奇怪,我的波波不知又飞到什么地方去了",0x035615,0x034B89
1136,0x035639,0x035661,6,40,18,,"
据说狩猎区有人曾经见过传说中的精灵呢...",0x03563A,0x034B8B
1137,0x035662,0x03567D,6,27,13,,"
听说石英高原的四天王很厉害",0x035663,0x034B8D
1138,0x03567E,0x035690,6,18,8,,"
你有经常看电视吗?",0x03567F,0x034B8F
1139,0x035691,0x0356A9,6,24,11,,"
这个世上有多少种精灵呢?",0x035692,0x034B91
1140,0x0356AA,0x0356D0,6,38,17,,"
你想要打败这个训练道馆啊...还是放弃吧",0x0356AB,0x034B93
1141,0x0356D1,0x0356E5,6,20,8,,"
我今天又胜了...哈哈",0x0356D2,0x034B95
1142,0x0356E6,0x0356F7,6,17,8,,"
道场的老头很厉害",0x0356E7,0x034B97
1143,0x0356F8,0x03571E,6,38,18,,"
想不到吧,我们在这个小岛生活了好多年呢",0x0356F9,0x034B99
1144,0x03571F,0x035736,6,23,8,,"
今天好虚啊...太累了...",0x035720,0x034B9B
1145,0x035737,0x03574F,6,24,11,,"
火系精灵碰上水系就惨了!",0x035738,0x034B9D
1146,0x035750,0x03576D,6,29,14,,"
欢迎带着珍贵精灵的客人来这里",0x035751,0x034B9F
1147,0x03576E,0x035783,6,21,10,,"
这里每天进行精灵研究",0x03576F,0x034BA1
1148,0x035784,0x0357AF,6,43,20,,"
我曾经在月见山找到的化石居然在这里复活了!!",0x035785,0x034BA3
1149,0x0357B0,0x0357C7,6,23,11,,"
现在的技术真的很先进呢",0x0357B1,0x034BA5
1150,0x0357C8,0x0357EF,6,39,17,,"
对了,伊布能进化的形态据说不只三种呢...",0x0357C9,0x034BA7
1151,0x0357F0,0x03580C,6,28,11,,"
你好,未来的冠军...祝你好运!",0x0357F1,0x034BA9
1152,0x03580D,0x03582A,6,29,12,,"
四天王都很厉害,你要小心啊...",0x03580E,0x034BAB
1153,0x03582B,0x03584C,6,33,13,,"
龙系的精灵很强...没有什么弱点...",0x03582C,0x034BAD
1154,0x03584D,0x035876,6,41,19,,"
如果胜利的话,就可以进入下一个房间,加油啊",0x03584E,0x034BAF
1155,0x035877,0x035894,6,29,13,,"
小茂姐姐:爷爷有任务交给你啊!",0x035878,0x034BB1
1156,0x035895,0x0358AB,6,22,10,,"
该怎么吧这家伙弄醒呢?",0x035896,0x034BB3
1157,0x0358AC,0x0358BC,6,16,7,,"
触动了一个开关!",0x0358AD,0x034BB5
1158,0x0358BD,0x0358D2,6,21,9,,"
这么好的化石不要嘛?!",0x0358BE,0x034BB7
1159,0x0358D3,0x0358F4,6,33,15,,"
使用怪兽的人不同,结果就有好有坏!",0x0358D4,0x034BB9
1160,0x0358F5,0x035920,6,43,20,,"
世上有很多人用怪兽作恶,那些混蛋就是火箭团!",0x0358F6,0x034BBB
1161,0x035921,0x035941,6,32,14,,"
物价太高了,也没人出来管一管,唉!",0x035922,0x034BBD
1162,0x035942,0x035962,6,32,15,,"
即使相同等级的怪兽强度也不一样.",0x035943,0x034BBF
1163,0x035963,0x03597E,6,27,10,,"
我的怪兽力量都用尽了......",0x035964,0x034BC1
1164,0x03597F,0x0359B9,6,58,25,,"
等级越高怪兽越强,但怪兽根据类型也有不擅长作战的对手......",0x035980,0x034BC3
1165,0x0359BA,0x0359DD,6,35,17,,"
不知什么时候草丛里会突然窜出精灵呢",0x0359BB,0x034BC5
1166,0x0359DE,0x035A01,6,35,17,,"
到大城市里去会认识很多优秀的训练师",0x0359DF,0x034BC7
1167,0x035A02,0x035A26,6,36,17,,"
你去过金黄市吗,听说那里有很高的大楼",0x035A03,0x034BC9
1168,0x035A27,0x035A5E,6,55,26,,"
我也想拥有传说中的精灵,可是到底哪儿才有传说中的精灵呢?",0x035A28,0x034BCB
1169,0x035A5F,0x035A9E,6,63,30,,"
看你的能力一定是训练师新手吧.告诉你要时刻关心自己的精灵状态哦!",0x035A60,0x034BCD
1170,0x035A9F,0x035AC9,6,42,19,,"
有飞行系的精灵就能带我飞向远方的城市了...",0x035AA0,0x034BCF
1171,0x035ACA,0x035AD9,6,15,7,,"
今天是个好天气",0x035ACB,0x034BD1
1172,0x035ADA,0x035AF7,6,29,13,,"
心情不错,偷偷告诉你我恋爱了!",0x035ADB,0x034BD3
1173,0x035AF8,0x035B24,6,44,21,,"
大海很宽阔啊,如果会冲浪术的话就能横渡大海了",0x035AF9,0x034BD5
1174,0x035B25,0x035B57,6,50,24,,"
你听过吗?在枯叶市上的铁达尼号上都是有钱的训练师呢",0x035B26,0x034BD7
1175,0x035B58,0x035B7B,6,35,17,,"
在月见山上的晚上偶尔会有皮皮出现呢",0x035B59,0x034BD9
1176,0x035B7C,0x035BAA,6,46,22,,"
宝石大陆你知道吗?我年轻时就是在宝石大陆修行呢",0x035B7D,0x034BDB
1177,0x035BAB,0x035BCE,6,35,17,,"
在精灵体力低下的时候要赶紧使用伤药",0x035BAC,0x034BDD
1178,0x035BCF,0x035BF1,6,34,16,,"
我不明白怎么照顾精灵,要加紧学习呢",0x035BD0,0x034BDF
1179,0x035BF2,0x035C1A,6,40,19,,"
我的精灵老是不听我的话,如果有徽章就好了",0x035BF3,0x034BE1
1180,0x035C1B,0x035C46,6,43,21,,"
在这个地区最强的训练师是石英高原的四大天王",0x035C1C,0x034BE3
1181,0x035C47,0x035C70,6,41,20,,"
如果我有只像你的精灵这样听话的精灵就好了",0x035C48,0x034BE5
1182,0x035C71,0x035C86,6,21,8,,"
我想喝水...谁给我水?",0x035C72,0x034BE7
1183,0x035C87,0x035C9C,6,21,9,,"
别动!叫你别动你还动?",0x035C88,0x034BE9
1184,0x035C9D,0x035CC0,6,35,17,,"
看你的样子一定是个了不起的训练师吧",0x035C9E,0x034BEB
1185,0x035CC1,0x035CE8,6,39,18,,"
洞里太黑了,能掌握一些闪光的法术就好了!",0x035CC2,0x034BED
1186,0x035CE9,0x035D10,6,39,18,,"
不知道怎么回事,现在的人都不骑自行车了!",0x035CEA,0x034BEF
1187,0x035D11,0x035D26,6,21,9,,"
那家伙怎么消失了呢?!",0x035D12,0x034BF1
1188,0x035D27,0x035D43,6,28,11,,"
感觉到有一种神秘的力量.....",0x035D28,0x034BF3
1189,0x035D44,0x035D51,6,13,6,,"
得到一个密码",0x035D45,0x034BF5
1190,0x035D52,0x035D66,6,20,8,,"
竟然是一把密码锁...",0x035D53,0x034BF7
1191,0x035D67,0x035D79,6,18,7,,"
触动了一个机关...",0x035D68,0x034BF9
1192,0x035D7A,0x035D99,6,31,14,,"
你的徽章还没收集齐,还是请回吧!",0x035D7B,0x034BFB
1193,0x035D9A,0x035DAB,6,17,4,,"
参观    走人    ",0x035D9B,0x034BFD
1194,0x035DAC,0x035DBF,6,19,8,,"
对不起,你的钱不够!",0x035DAD,0x034BFF
1195,0x03805C,0x03806D,7,17,8,,"
南晶公司版权所有",0x03805D,0x03801D
1196,0x03806E,0x03807E,7,16,6,,"
精灵系统启动...",0x03806F,0x03801F
1197,0x03807F,0x038090,7,17,6,,"
精灵系统关闭...!",0x038080,0x038021
1198,0x038091,0x0380CE,7,61,27,,"
喔...小智在那有个圆圆的球吧,那里有宠物精灵是要给你的!拿去吧!",0x038092,0x038023
1199,0x0380CF,0x0380DF,7,16,7,,"
要多和怪兽亲近.",0x0380D0,0x038025
1200,0x0380E0,0x0380EC,7,12,5,,"
不打不相识!",0x0380E1,0x038027
1201,0x0380ED,0x0380FC,7,15,6,,"
欢迎!买东西吗?",0x0380EE,0x038029
1202,0x0380FD,0x038106,7,9,4,,"
谢谢惠顾",0x0380FE,0x03802B
1203,0x038107,0x03812A,7,35,16,,"
欢迎!到精灵中心可以恢复精灵的体力.",0x038108,0x03802D
1204,0x03812B,0x038135,7,10,4,,"
欢迎光临!",0x03812C,0x03802F
1205,0x038136,0x038147,7,17,4,,"
恢复    放弃    ",0x038137,0x038031
1206,0x038148,0x038171,7,41,18,,"
对不起,因为机能所限这里暂时不能够对战...",0x038149,0x038033
1207,0x038172,0x038192,7,32,14,,"
交换机器也坏了...下次再来看看吧",0x038173,0x038035
1208,0x038193,0x0381A4,7,17,3,,"
买      不买    ",0x038194,0x038037
1209,0x0381A5,0x0381AD,7,8,3,,"
钱不够!",0x0381A6,0x038039
1210,0x0381AE,0x0381BF,7,17,2,,"
是      否      ",0x0381AF,0x03803B
1211,0x0381C0,0x0381D1,7,17,6,,"
空手道  跆拳道  ",0x0381C1,0x03803D
1212,0x0381D2,0x0381E3,7,17,8,,"
小智使用了居合斩",0x0381D3,0x03803F
1213,0x0381E4,0x0381F5,7,17,8,,"
小智使用了飞天术",0x0381E5,0x038041
1214,0x0381F6,0x038207,7,17,8,,"
小智使用了冲浪术",0x0381F7,0x038043
1215,0x038208,0x038219,7,17,8,,"
小智使用了怪力术",0x038209,0x038045
1216,0x03821A,0x03822F,7,21,10,,"
这块石头好像能被推动",0x03821B,0x038047
1217,0x038230,0x038245,7,21,10,,"
这棵树苗好像能被斩断",0x038231,0x038049
1218,0x0384F7,0x03854B,7,84,37,,"
 妈妈:是嘛男孩子都是志在四方嘛!...嗯,电视上都是这么说的!对了,隔壁的大木博士在找你呢",,
1219,0x03854C,0x03859C,7,80,35,,"
 小茂:嗨!小智,你要找大木爷爷的话,他不在喔!我也是听他说要给宠物精灵才赶紧来的...",,
1220,0x03859D,0x0385F7,7,90,40,,"
 大木:真是危险!野生精灵会从草丛中跳出来的!你如有宠物精灵是可与他对战...对了!跟我来一下吧!",,
1221,0x0385F8,0x03860D,7,21,8,,"
 小茂:爷爷,你回来了!",,
1222,0x03860E,0x03868F,7,129,57,,"
 大木:喔?小茂你已经来啦?我不是叫你稍后再来嘛...既然来啦就再等一下吧!喔...小智在那有个圆圆的球吧,那里有宠物精灵是要给你的!拿去吧!",,
1223,0x038690,0x0386B0,7,32,11,,"
 小茂:啊!...啊!偏心!爷爷我也要!",,
1224,0x0386B1,0x0386D7,7,38,17,,"
 大木:小茂你急什么!我等一下也会给你的",,
1225,0x0386D8,0x0386F7,7,31,13,,"
 小茂:哼!我一定能拿到比你好的!",,
1226,0x0386F8,0x038711,7,25,10,,"
 小茂:小智,这个可是我的!",,
1227,0x038712,0x03872B,7,25,10,,"
大木:喂!什么!你在做什么!",0x038713,0x03825D
1228,0x03872C,0x03874A,7,30,13,,"
小茂:爷爷!人家就是想要这个嘛!",0x03872D,0x03825F
1229,0x03874B,0x03879D,7,82,36,,"
大木:真是拿你没办法,好吧!那个宠物精灵就给你吧!反正是早晚的是...小智,你来一下好吗?",0x03874C,0x038261
1230,0x03879E,0x0387CD,7,47,22,,"
大木:这里还有一只是刚刚抓的.和人还不是能亲近的",0x03879F,0x038263
1231,0x0387CE,0x0387D9,7,11,5,,"
得到比卡丘",0x0387CF,0x038265
1232,0x0387DA,0x038801,7,39,18,,"
小茂:刚得到精灵就当我的对手练习练习吧!",0x0387DB,0x038267
1233,0x038802,0x038865,7,99,44,,"
小茂:这不是开玩笑吗,你的精灵这么强??好吧,那我就去找别的精灵对战!好让我的精灵更强!小智.爷爷,再见了!",0x038803,0x038269
1234,0x038866,0x03887F,7,25,11,,"
老爷爷:你等等,听听我的话",0x038867,0x03826B
1235,0x038880,0x03888F,7,15,6,,"
老爷爷:你还去?",0x038881,0x03826D
1236,0x038890,0x0388C0,7,48,22,,"
女孩:老爷爷怎在这睡着了?真没办法!只好等到睡醒了",0x038891,0x03826F
1237,0x0388C1,0x038905,7,68,31,,"
店员:你是从真新镇来的吧?你知道大木博士吧.这是他要的东西,请转交给他!",0x0388C2,0x038271
1238,0x038906,0x038955,7,79,36,,"
大木:嗨!小智,怎样啊?与我给你的精灵好像相处的不错哦,你有宠物精灵训练师的才能喔!",0x038907,0x038273
1239,0x038956,0x03896E,7,24,10,,"
大木:啊?有东西要交给我?",0x038957,0x038275
1240,0x03896F,0x038985,7,22,10,,"
小智将包裹交给博士了!",0x038970,0x038277
1241,0x038986,0x0389C9,7,67,31,,"
大木:这不就是我订的特制精灵球吗?谢谢你,对了!忘了告诉你有事要拜托你",0x038987,0x038279
1242,0x0389CA,0x0389EC,7,34,15,,"
小茂:爷爷!我的精灵成长了!快来看啊",0x0389CB,0x03827B
1243,0x0389ED,0x038A8A,7,157,74,,"
大木:小茂啊,正好我有事要麻烦你们,桌上的东西是我做的宠物精灵图鉴,可自动将发现的精灵资料记录起来并增加页数,是一本方便的资料图鉴啊!小智小茂!这就交给你们保管了!",0x0389EE,0x03827D
1244,0x038A8B,0x038A94,7,9,4,,"
得到图鉴",0x038A8C,0x03827F
1245,0x038A95,0x038B14,7,127,60,,"
大木:我的梦想就是制作一本完整的图鉴,但我已经老了不行了!现在希望由你们替我完成梦想!这是能在宠物精灵历史留名的工作,你们该出发了!",0x038A96,0x038281
1246,0x038B15,0x038B95,7,128,59,,"
小茂:爷爷!就交给我一个人就好了,小智真可惜没有你出场的份!对了我要去向姐姐借城镇地图去,我要叫他不要借给你,小智!哈哈,你去也没用的!",0x038B16,0x038283
1247,0x038B96,0x038BC6,7,48,22,,"
小茂姐姐:爷爷有任务交给你啊,真辛苦,这个给你用吧",0x038B97,0x038285
1248,0x038BC7,0x038BD0,7,9,4,,"
得到地图",0x038BC8,0x038287
1249,0x038BD1,0x038C40,7,111,52,,"
老爷爷:上次好像喝醉似的头好痛,什么?我妨碍了你,你在完成精灵图鉴啊?那么抓精灵需要精灵球,只要到附近的商店就能买到",0x038BD2,0x038289
1250,0x038C41,0x038C50,7,15,7,,"
常青道馆上了锁",0x038C42,0x03828B
1251,0x038C51,0x038CC1,7,112,52,,"
小茂:小智!你要去宠物精灵联盟啊?算了吧!反正我看你也没有徽章,把关的人不会让你过去的!还有你的精灵到底有没有变强啊?",0x038C52,0x03828D
1252,0x038CC2,0x038D28,7,102,48,,"
小茂:在宠物精灵联盟里尽是非常强劲的训兽师,不能不想办法通过那里,你也不能尽是停留在这里,想办法往前进吧!",0x038CC3,0x03828F
1253,0x038D29,0x038D79,7,80,37,,"
守卫:这扇门之后都是一些强劲的精灵训练家们,你还未拿到徽章啊...当然无法让你通过啊",0x038D2A,0x038291
1254,0x038D7A,0x038DA4,7,42,19,,"
捉虫少年:你也是训练师吧,让我们来较量一下!",0x038D7B,0x038293
1255,0x038DA5,0x038DBA,7,21,8,,"
捉虫少年:你真厉害...",0x038DA6,0x038295
1256,0x038DBB,0x038DD3,7,24,10,,"
捉虫少年:不要逃避,来吧!",0x038DBC,0x038297
1257,0x038DD4,0x038DE4,7,16,7,,"
捉虫少年:我输了",0x038DD5,0x038299
1258,0x038DE5,0x038E12,7,45,21,,"
捉虫少年:以最强的训练家为目标你能赢的了我吗?",0x038DE6,0x03829B
1259,0x038E13,0x038E28,7,21,9,,"
捉虫少年:你果然很强!",0x038E14,0x03829D
1260,0x038E29,0x038E3F,7,22,10,,"
捉虫少年:让你见识一下",0x038E2A,0x03829F
1261,0x038E40,0x038E53,7,19,7,,"
捉虫少年:不可能...",0x038E41,0x0382A1
1262,0x038E54,0x038E83,7,47,20,,"
男孩:你是精灵训练家吧?小刚正在找寻对手...来吧!",0x038E55,0x0382A3
1263,0x038E84,0x038EAB,7,39,18,,"
男孩:你有战胜的自信的话就去挑战小刚吧!",0x038E85,0x0382A5
1264,0x038EAC,0x038F36,7,138,66,,"
裁判:你要不要朝宠物精灵冠军试试啊?我虽不是训练家但我可给你一些意见,你的比卡丘想赢这道场满难的!小刚所使用的地面系精灵是不受电气攻击的影响!",0x038EAD,0x0382A7
1265,0x038F37,0x038F6D,7,54,24,,"
侦察员:等等!小孩有什么事啊!找小刚挑战?一万光年以后吧!",0x038F38,0x0382A9
1266,0x038F6E,0x038F8A,7,28,13,,"
侦察员:你很厉害但比不上小刚",0x038F6F,0x0382AB
1267,0x038F8B,0x039013,7,136,64,,"
小刚:你来了!我是尼比宠物精灵道馆的领袖小刚!我的坚硬石头也就是我的精灵!我所使用的精灵以石系居多!就算会输也要战斗,这就是训练家的宿命!来吧",0x038F8C,0x0382AD
1268,0x039014,0x039048,7,52,24,,"
小刚:哈哈,真厉害呢我给你宠物精灵联盟公认的灰色徽章!",0x039015,0x0382AF
1269,0x039049,0x039056,7,13,6,,"
得到灰色徽章",0x03904A,0x0382B1
1270,0x039057,0x0390B0,7,89,42,,"
小刚:有了灰色徽章你的精灵都将变强,持有闪光特技的精灵就算不战斗也能使用闪光!还有这个给你!",0x039058,0x0382B3
1271,0x0390B1,0x0390C1,7,16,6,,"
得到技能机器34!",0x0390B2,0x0382B5
1272,0x0390C2,0x039151,7,143,64,,"
小刚:使用技能机器时精灵将马上记住特技,但特技就将丢弃!要让哪个精灵学习最好想清楚.特技35是变硬...被攻击时一直变硬...提升防御力!是一个有趣的特技!",0x0390C3,0x0382B7
1273,0x039152,0x0391D2,7,128,61,,"
小刚:在这世上什么人都有,有人养精灵有人利用精灵战斗,在这有训练宠物精灵养成的修行!如果你以训练家为目标的话你该去华蓝市的道场试试!",0x039153,0x0382B9
1274,0x0391D3,0x039209,7,54,25,,"
裁判:真不愧是强手!就是这样一来朝宠物精灵联盟冠军前进!",0x0391D4,0x0382BB
1275,0x03920A,0x039228,7,30,13,,"
迷你裙:那边的人!你刚在看我吧!",0x03920B,0x0382BD
1276,0x039229,0x039257,7,46,20,,"
迷你裙:算了...不过你再继续看的话我会打人的喔!",0x03922A,0x0382BF
1277,0x039258,0x03927F,7,39,18,,"
捉虫少年:你不是在常青森林遇到的家伙吗?",0x039259,0x0382C1
1278,0x039280,0x0392AD,7,45,21,,"
捉虫少年:在这附近可以抓到和森林不一样的精灵!",0x039281,0x0382C3
1279,0x0392AE,0x0392DC,7,46,21,,"
谈判小子:穿短裤活动方便很好啊!你要不要穿穿看?",0x0392AF,0x0382C5
1280,0x0392DD,0x03931E,7,65,31,,"
谈判小子:你有用电脑通信吗?捕抓到的妖怪超过六个会自动记录到电脑中",0x0392DE,0x0382C7
1281,0x03931F,0x039347,7,40,18,,"
捉虫少年:你是训练家?那就立刻跟我比一下!",0x039320,0x0382C9
1282,0x039348,0x03935F,7,23,9,,"
捉虫少年:还真是搞笑...",0x039349,0x0382CB
1283,0x039360,0x039380,7,32,14,,"
迷你裙:你的视线!真的很令人在意!",0x039361,0x0382CD
1284,0x039381,0x0393A9,7,40,19,,"
迷你裙:如果不想打架的话就不要让视力交会",0x039382,0x0382CF
1285,0x0393AA,0x0393C7,7,29,13,,"
谈判小子:什么嘛!没有穿短裤嘛",0x0393AB,0x0382D1
1286,0x0393C8,0x0393DD,7,21,8,,"
谈判小子:输了输了...",0x0393C9,0x0382D3
1287,0x0393DE,0x039403,7,37,17,,"
捉虫少年:用刚抓到的宠物精灵跟我打吧!",0x0393DF,0x0382D5
1288,0x039404,0x039418,7,20,9,,"
捉虫少年:你很厉害呢",0x039405,0x0382D7
1289,0x039419,0x039437,7,30,13,,"
迷你裙:呀!你刚才有摸我身体吗?",0x03941A,0x0382D9
1290,0x039438,0x03944F,7,23,9,,"
迷你裙:原来是误会啊...",0x039439,0x0382DB
1291,0x039450,0x03948B,7,59,24,,"
大爷:只告诉你一个好消息...!秘密的鲤鱼王只卖500元!你买不买?",0x039451,0x0382DD
1292,0x03948C,0x03949A,7,14,6,,"
是吗?真是可惜",0x03948D,0x0382DF
1293,0x03949B,0x0394A6,7,11,5,,"
得到鲤鱼王",0x03949C,0x0382E1
1294,0x0394A7,0x0394CA,7,35,15,,"
捉虫少年:可疑男人在洞内徘徊你是...",0x0394A8,0x0382E3
1295,0x0394CB,0x0394FC,7,49,22,,"
捉虫少年:被骗了,没错!我看到的家伙他是火箭队的人!",0x0394CC,0x0382E5
1296,0x0394FD,0x039528,7,43,20,,"
迷你裙:干嘛啊?我是在这里等洞里分散的朋友啦",0x0394FE,0x0382E7
1297,0x039529,0x039553,7,42,20,,"
迷你裙:我是听说这个洞里有很棒的化石才来的",0x03952A,0x0382E9
1298,0x039554,0x039584,7,48,22,,"
火箭队:宠物精灵黑手党组织火箭队!是又恐怖又强的!",0x039555,0x0382EB
1299,0x039585,0x03959C,7,23,9,,"
火箭队:你比我更恐怖...",0x039586,0x0382ED
1300,0x03959D,0x0395C0,7,35,15,,"
研究员:哇!什么啊!不要突然跟我说话!",0x03959E,0x0382EF
1301,0x0395C1,0x0395CF,7,14,3,,"
研究员:......",0x0395C2,0x0382F1
1302,0x0395D0,0x0395EA,7,26,12,,"
迷你裙:洞隆里相当的宽阔呢",0x0395D1,0x0382F3
1303,0x0395EB,0x03960D,7,34,16,,"
迷你裙:这么大哪边是出口都搞不清楚",0x0395EC,0x0382F5
1304,0x03960E,0x03963A,7,44,20,,"
火箭队:我们正在做重要的工作!小孩子赶快回家!",0x03960F,0x0382F7
1305,0x03963B,0x03965F,7,36,16,,"
火箭队:蛮厉害的嘛,加入我们火箭队吧!",0x03963C,0x0382F9
1306,0x039660,0x03967D,7,29,13,,"
大叔:原来是小孩子啊!吓我一跳",0x039661,0x0382FB
1307,0x03967E,0x0396A6,7,40,18,,"
大叔:小孩子不可以到这么阴暗的地方闲逛!!",0x03967F,0x0382FD
1308,0x0396A7,0x0396CE,7,39,18,,"
火箭队:随便闯入大人的世界可是很危险的!",0x0396A8,0x0382FF
1309,0x0396CF,0x0396E2,7,19,8,,"
火箭队:真令人生气!",0x0396D0,0x038301
1310,0x0396E3,0x039702,7,31,14,,"
谈判小子:你也是来这里探险的吗?",0x0396E4,0x038303
1311,0x039703,0x039724,7,33,15,,"
谈判小子:到底哪里有珍奇的精灵呢?",0x039704,0x038305
1312,0x039725,0x039752,7,45,20,,"
研究员:等一下!这化石是我发现的,两个都是我的!",0x039726,0x038307
1313,0x039753,0x039796,7,67,31,,"
研究员:好吧,就分你一个好了,我和你各拿一个化石,一个人独吞是不行的哟",0x039754,0x038309
1314,0x039797,0x0397DE,7,71,33,,"
研究员:听说离这里很远的红莲岛上有宠物精灵的研究所能让化石复活的研究...",0x039798,0x03830B
1315,0x0397DF,0x039805,7,38,17,,"
火箭队:等一下!化石是我们火箭队的东西!",0x0397E0,0x03830D
1316,0x039806,0x039813,7,13,5,,"
小智:你们是?",0x039807,0x03830F
1317,0x039814,0x03982E,7,26,12,,"
武藏:既然你诚心诚意的问了",0x039815,0x038311
1318,0x03982F,0x039850,7,33,15,,"
小次郎:那我就大发慈悲的告诉你们!",0x039830,0x038313
1319,0x039851,0x039869,7,24,11,,"
武藏:为了防止世界被破坏",0x039852,0x038315
1320,0x03986A,0x039885,7,27,12,,"
小次郎:为了维护世界的和平.",0x03986B,0x038317
1321,0x039886,0x03989E,7,24,11,,"
武藏:坚持爱与真实的罪恶",0x039887,0x038319
1322,0x03989F,0x0398BA,7,27,12,,"
小次郎:最有魅力的反派人物!",0x0398A0,0x03831B
1323,0x0398BB,0x0398C6,7,11,4,,"
武藏:武藏!",0x0398BC,0x03831D
1324,0x0398C7,0x0398D6,7,15,6,,"
小次郎:小次郎!",0x0398C8,0x03831F
1325,0x0398D7,0x0398F6,7,31,14,,"
武藏:我们是穿过银河系的火箭队!",0x0398D8,0x038321
1326,0x0398F7,0x039919,7,34,15,,"
小次郎:白洞,白色的明天在等着我们!",0x0398F8,0x038323
1327,0x03991A,0x03992C,7,18,6,,"
喵喵:说的对!喵...",0x03991B,0x038325
1328,0x03992D,0x039942,7,21,8,,"
小次郎:没想到会输...",0x03992E,0x038327
1329,0x039943,0x03995A,7,23,9,,"
武藏:好讨厌的感觉哟...",0x039944,0x038329
1330,0x03995B,0x039966,7,11,3,,"
喵喵:喵...",0x03995C,0x03832B
1331,0x039967,0x0399B0,7,73,33,,"
警察:真是可怜!家里糟了小偷,我知道犯人是谁!是火箭队,警察也对他们很头疼呢!",0x039968,0x03832D
1332,0x0399B1,0x039A21,7,112,54,,"
裁判:未来的冠军给你一些建议吧!这里的馆长阿霞是使用水系的精灵!如果用植物系的怪物来吸取水份或用电系来使之麻痹也行",0x0399B2,0x03832F
1333,0x039A22,0x039A36,7,20,9,,"
游泳男:你的对手是我",0x039A23,0x038331
1334,0x039A37,0x039A69,7,50,23,,"
游泳男:阿霞会成为一位很强的训练家!才不会输给你呢!",0x039A38,0x038333
1335,0x039A6A,0x039A94,7,42,19,,"
游泳女:对付你我就够了!用不着阿霞亲自动手!",0x039A6B,0x038335
1336,0x039A95,0x039AA6,7,17,6,,"
游泳女:失败了...",0x039A96,0x038337
1337,0x039AA7,0x039B0E,7,103,49,,"
小霞:你在培养精灵时有什么策略吗?我的策略就是让它成为水系的精灵!让我这个世界第一美少女来成为你的对手吧!",0x039AA8,0x038339
1338,0x039B0F,0x039B95,7,134,61,,"
小霞:是我输了?没办法!蓝色徽章就给你吧!拥有蓝色徽章就算不是在战斗中也能使用居合斩喔!特技11也送给你吧,特技11是泡沫光线让水系的精灵学吧!",0x039B10,0x03833B
1339,0x039B96,0x039BEF,7,89,40,,"
小茂:嗨!小智,你还为那种事困惑啊?我都抓到又强又棒的精灵!什么什么?你抓了什么啊?让我看看嘛!",0x039B97,0x03833D
1340,0x039BF0,0x039CAE,7,190,91,,"
小茂:嗨嗨,我到马沙家他给我看了许多珍贵的宠物精灵耶!托他的福,我的精灵图鉴又增加了好几页呢,总之马沙是一位有名的宠物精灵收集家!电脑通信的精灵保管系统也是他做的,如果你也有使用真应该去向他道谢呢",0x039BF1,0x03833F
1341,0x039CAF,0x039CEB,7,60,28,,"
捉虫少年:如果你能连续打败五人,将可得到丰富的奖品你能胜利吗?",0x039CB0,0x038341
1342,0x039CEC,0x039D10,7,36,16,,"
捉虫少年:不错,但你能全部胜过我们吗?",0x039CED,0x038343
1343,0x039D11,0x039D39,7,40,18,,"
迷你裙:第二人正是我!现在才是真正的战斗!",0x039D12,0x038345
1344,0x039D3A,0x039D4C,7,18,8,,"
迷你裙:我承认你了",0x039D3B,0x038347
1345,0x039D4D,0x039D72,7,37,17,,"
谈判小子:第三人登场!我不会给你太好过",0x039D4E,0x038349
1346,0x039D73,0x039D85,7,18,8,,"
谈判小子:有两下子",0x039D74,0x03834B
1347,0x039D86,0x039DB6,7,48,22,,"
迷你裙:我是第四人,你不就是为了引人注目才来的吗?",0x039D87,0x03834D
1348,0x039DB7,0x039DCF,7,24,11,,"
迷你裙:我今后就关注你吧",0x039DB8,0x03834F
1349,0x039DD0,0x039DF3,7,35,15,,"
侦察员:我就是最后的第五人了!来吧!!",0x039DD1,0x038351
1350,0x039DF4,0x039E10,7,28,13,,"
侦察员:你是第一个打败我们的",0x039DF5,0x038353
1351,0x039E11,0x039E38,7,39,18,,"
火箭队:太精彩了,按照约定这个礼物给你吧",0x039E12,0x038355
1352,0x039E39,0x039E44,7,11,5,,"
得到月之石",0x039E3A,0x038357
1353,0x039E45,0x039E7E,7,57,27,,"
火箭队:加入火箭队吧,我们是专门使用宠物精灵扩充地皮的集团",0x039E46,0x038359
1354,0x039E7F,0x039EB7,7,56,25,,"
火箭队:你还真是强劲!有这样的技术不加入火箭队太可惜了...",0x039E80,0x03835B
1355,0x039EB8,0x039EDA,7,34,16,,"
侦察员:我在草堆里都看到了你的表现",0x039EB9,0x03835D
1356,0x039EDB,0x039EEA,7,15,5,,"
侦察员:你狠...",0x039EDC,0x03835F
1357,0x039EEB,0x039F51,7,102,47,,"
男孩:我不会培育宠物精灵,觉的它怪可怜的正想放生这只小火龙...如果你能好好照顾他的话,我就把它送给你如何?",0x039EEC,0x038361
1358,0x039F52,0x039F69,7,23,9,,"
是吗?那我只好放生了...",0x039F53,0x038363
1359,0x039F6A,0x039F7B,7,17,7,,"
真的?太谢谢你了!",0x039F6B,0x038365
1360,0x039F7C,0x039F87,7,11,5,,"
得到小火龙",0x039F7D,0x038367
1361,0x039F88,0x039FAD,7,37,17,,"
大叔:刚刚从观月山下来的还很有精神啊!",0x039F89,0x038369
1362,0x039FAE,0x039FB9,7,11,4,,"
大叔:厉害!",0x039FAF,0x03836B
1363,0x039FBA,0x039FE5,7,43,20,,"
谈判小子:这片森林是附近的训练家训练的场所!",0x039FBB,0x03836D
1364,0x039FE6,0x039FFA,7,20,9,,"
谈判小子:做的不错嘛",0x039FE7,0x03836F
1365,0x039FFB,0x03A02B,7,48,22,,"
大叔:你要去马沙的小屋吗?那去之前先与我比试一下!",0x039FFC,0x038371
1366,0x03A02C,0x03A039,7,13,5,,"
大叔:算你狠!",0x03A02D,0x038373
1367,0x03A03A,0x03A06E,7,52,24,,"
谈判小子:枯叶港的铁达尼号的舞会,我和爸爸去过!羡慕吧",0x03A03B,0x038375
1368,0x03A06F,0x03A093,7,36,17,,"
铁达尼号上可是有很多厉害的训练师哦!",0x03A070,0x038377
1369,0x03A094,0x03A0A7,7,19,8,,"
迷你裙:我是迷你裙!",0x03A095,0x038379
1370,0x03A0A8,0x03A0BB,7,19,8,,"
迷你裙:喜欢迷你裙!",0x03A0A9,0x03837B
1371,0x03A0BC,0x03A0D1,7,21,9,,"
大叔:想过去,先打败我",0x03A0BD,0x03837D
1372,0x03A0D2,0x03A0E1,7,15,5,,"
大叔:我输了...",0x03A0D3,0x03837F
1373,0x03A0E2,0x03A0F4,7,18,8,,"
侦察员:我是侦察员",0x03A0E3,0x038381
1374,0x03A0F5,0x03A106,7,17,6,,"
侦察员:哈哈哈...",0x03A0F6,0x038383
1375,0x03A107,0x03A126,7,31,14,,"
谈判小子:我有预感,你会与我战斗",0x03A108,0x038385
1376,0x03A127,0x03A140,7,25,10,,"
谈判小子:我有预感会输...",0x03A128,0x038387
1377,0x03A141,0x03A166,7,37,16,,"
迷你裙:朋友们都拥有可爱的精灵...可恨",0x03A142,0x038389
1378,0x03A167,0x03A18B,7,36,15,,"
迷你裙:从观月山来的吗?我想要皮皮...",0x03A168,0x03838B
1379,0x03A18C,0x03A22E,7,162,74,,"
马沙:大家好,我是马沙!大家都叫我精灵迷!你那是什么眼神?不相信的样子...我是实验失败才和精灵粘在一起的你能救我吗?我要进入传送机里,分离程序就拜托你了!对,就是那部电脑!",0x03A18D,0x03838D
1380,0x03A22F,0x03A23A,7,11,5,,"
马沙获救了",0x03A230,0x03838F
1381,0x03A23B,0x03A273,7,56,26,,"
马沙:谢谢你,你是来看我的收集品的是吗?对了这是给你的谢礼",0x03A23C,0x038391
1382,0x03A274,0x03A27D,7,9,4,,"
得到船票",0x03A275,0x038393
1383,0x03A27E,0x03A2E0,7,98,47,,"
马沙:现在枯叶市枯叶港来了一搜铁达尼号听说也来了许多训练家呢,我有一张船票但我不喜欢派对,你去玩玩吧",0x03A27F,0x038395
1384,0x03A2E1,0x03A377,7,150,69,,"
马沙:对了,给你看一下我的收藏品吧.传说现在被发现的精灵种类在这个世界上有150种之多,但实际数量可能要比这还多,我一直在这个海边就是要等传说中的精灵出现...",0x03A2E2,0x038397
1385,0x03A378,0x03A3D4,7,92,40,,"
火箭队:喂!不可以随便进入别人的花园!...我?我只是一个过路人,可不是一个奇怪的人!什么?我很可疑?",0x03A379,0x038399
1386,0x03A3D5,0x03A40E,7,57,22,,"
火箭队:我再也不敢了...饶了我吧!那么...我就闪人了...拜拜!",0x03A3D6,0x03839B
1387,0x03A40F,0x03A443,7,52,23,,"
警卫:我是尽责的警卫,好渴喔!喂喂!现在这里是禁止通行!",0x03A410,0x03839D
1388,0x03A444,0x03A459,7,21,9,,"
捉虫少年:我看你不惯!",0x03A445,0x03839F
1389,0x03A45A,0x03A475,7,27,11,,"
捉虫少年:现在看你顺眼了...",0x03A45B,0x0383A1
1390,0x03A476,0x03A48B,7,21,9,,"
侦察员:想见识一下吗?",0x03A477,0x0383A3
1391,0x03A48C,0x03A4A3,7,23,10,,"
侦察员:反而让我见识了!",0x03A48D,0x0383A5
1392,0x03A4A4,0x03A4B6,7,18,8,,"
女孩:我长的可爱吧",0x03A4A5,0x0383A7
1393,0x03A4B7,0x03A4C6,7,15,6,,"
女孩:我喜欢你!",0x03A4B8,0x0383A9
1394,0x03A4C7,0x03A4EA,7,35,16,,"
捉虫少年:我捉到好精灵了,比试一下吧",0x03A4C8,0x0383AB
1395,0x03A4EB,0x03A504,7,25,10,,"
捉虫少年:还是欠缺训练...",0x03A4EC,0x0383AD
1396,0x03A505,0x03A516,7,17,7,,"
女孩:你在看哪里?",0x03A506,0x0383AF
1397,0x03A517,0x03A525,7,14,6,,"
女孩:是个误会",0x03A518,0x0383B1
1398,0x03A526,0x03A53F,7,25,11,,"
侦察员:现在我的心情不好!",0x03A527,0x0383B3
1399,0x03A540,0x03A555,7,21,8,,"
侦察员:心情更糟了...",0x03A541,0x0383B5
1400,0x03A556,0x03A57A,7,36,17,,"
女警君莎:抓到最近老是恶作剧的杰尼龟",0x03A557,0x0383B7
1401,0x03A57B,0x03A59B,7,32,15,,"
船员:铁达尼号一年才进一次枯叶港",0x03A57C,0x0383B9
1402,0x03A59C,0x03A5C9,7,45,20,,"
船员:欢迎来到铁达尼号!请等一等,客人你的票呢?",0x03A59D,0x0383BB
1403,0x03A5CA,0x03A5E0,7,22,9,,"
船员:谢谢,欢迎你上船!",0x03A5CB,0x0383BD
1404,0x03A5E1,0x03A61B,7,58,26,,"
船员:小鬼,这艘铁达尼号上的客人都是有钱人,你别到这里闲逛!!",0x03A5E2,0x0383BF
1405,0x03A61C,0x03A62E,7,18,8,,"
船员:船已经出发了",0x03A61D,0x0383C1
1406,0x03A62F,0x03A647,7,24,11,,"
绅士:我是从宝石大陆来的",0x03A630,0x0383C3
1407,0x03A648,0x03A668,7,32,15,,"
绅士:有空一定要去宝石大陆看看哦",0x03A649,0x0383C5
1408,0x03A669,0x03A685,7,28,13,,"
迷你裙:这里的男孩都很害羞呢",0x03A66A,0x0383C7
1409,0x03A686,0x03A69F,7,25,11,,"
迷你裙:讨厌你这种小孩子!",0x03A687,0x0383C9
1410,0x03A6A0,0x03A6C0,7,32,15,,"
绅士:来到这个方元地区还真是舒服",0x03A6A1,0x0383CB
1411,0x03A6C1,0x03A6E4,7,35,16,,"
绅士:你听说过还有金银地区的传说吗?",0x03A6C2,0x0383CD
1412,0x03A6E5,0x03A700,7,27,12,,"
大胖子:看我钓上的好货色吧!",0x03A6E6,0x0383CF
1413,0x03A701,0x03A710,7,15,5,,"
大胖子:可恶...",0x03A702,0x0383D1
1414,0x03A711,0x03A723,7,18,8,,"
水手:今天天气好啊",0x03A712,0x0383D3
1415,0x03A724,0x03A736,7,18,8,,"
水手:我玩的很开心",0x03A725,0x0383D5
1416,0x03A737,0x03A74B,7,20,9,,"
水手:天天都努力工作",0x03A738,0x0383D7
1417,0x03A74C,0x03A75D,7,17,7,,"
水手:有没有搞错?",0x03A74D,0x0383D9
1418,0x03A75E,0x03A778,7,26,12,,"
谈判小子:你别小看我的精灵",0x03A75F,0x0383DB
1419,0x03A779,0x03A78F,7,22,10,,"
谈判小子:还欠缺修炼啊",0x03A77A,0x0383DD
1420,0x03A790,0x03A7A8,7,24,11,,"
迷你裙:我喜欢大海的感觉",0x03A791,0x0383DF
1421,0x03A7A9,0x03A7C2,7,25,10,,"
迷你裙:就像喜欢你一样...",0x03A7AA,0x0383E1
1422,0x03A7C3,0x03A7D7,7,20,9,,"
绅士:明年我要去旅游",0x03A7C4,0x0383E3
1423,0x03A7D8,0x03A7F3,7,27,12,,"
绅士:都一把年纪了,走不动了",0x03A7D9,0x0383E5
1424,0x03A7F4,0x03A806,7,18,7,,"
水手:小子,别乱逛!",0x03A7F5,0x0383E7
1425,0x03A807,0x03A820,7,25,11,,"
水手:我错了,请您随便参观",0x03A808,0x0383E9
1426,0x03A821,0x03A830,7,15,6,,"
双胞胎:你好啊!",0x03A822,0x0383EB
1427,0x03A831,0x03A850,7,31,14,,"
水手:我明白了,你是伟大的训练师",0x03A832,0x0383ED
1428,0x03A851,0x03A85E,7,13,5,,"
水手:你是谁?",0x03A852,0x0383EF
1429,0x03A85F,0x03A86F,7,16,6,,"
水手:我又是谁??",0x03A860,0x0383F1
1430,0x03A870,0x03A87F,7,15,6,,"
水手:出海愉快!",0x03A871,0x0383F3
1431,0x03A880,0x03A897,7,23,10,,"
水手:晚饭什么时候开始?",0x03A881,0x0383F5
1432,0x03A898,0x03A8AB,7,19,8,,"
大胖子:我正在减肥!",0x03A899,0x0383F7
1433,0x03A8AC,0x03A8C3,7,23,10,,"
大胖子:不过现在又胖了!",0x03A8AD,0x0383F9
1434,0x03A8C4,0x03A8D1,7,13,5,,"
水手:快走开!",0x03A8C5,0x0383FB
1435,0x03A8D2,0x03A8E7,7,21,9,,"
水手:刚才我有说话吗?",0x03A8D3,0x0383FD
1436,0x03A8E8,0x03A906,7,30,14,,"
绅士:我有个女儿现在和你一样大",0x03A8E9,0x0383FF
1437,0x03A907,0x03A91A,7,19,7,,"
绅士:做我女婿吧...",0x03A908,0x038401
1438,0x03A91B,0x03A98B,7,112,52,,"
小茂:小智真没想到会在这里见到你!你也受到了邀请啊?图鉴又增加了吗?我可是收集到四十多种了!让我看看你有没有进步吧!!",0x03A91C,0x038403
1439,0x03A98C,0x03A9DA,7,78,36,,"
小茂:听说居合斩的名人也在船上,看了一下竟然是会晕船的老头!你也去看看吧,再会了!",0x03A98D,0x038405
1440,0x03A9DB,0x03A9F5,7,26,10,,"
名人:晕船,不行了...好难过",0x03A9DC,0x038407
1441,0x03A9F6,0x03AA07,7,17,7,,"
小智:我帮你拍拍!",0x03A9F7,0x038409
1442,0x03AA08,0x03AA96,7,142,64,,"
名人:嗯,好多了...谢谢你!什么你想看我的居合斩?如果我的身体好点的话就可以表演给你看...对了,这个给你吧!只要教你的精灵那你就随时都可看到居合斩了!",0x03AA09,0x03840B
1443,0x03AA97,0x03AAA8,7,17,7,,"
得到特技01居合斩",0x03AA98,0x03840D
1444,0x03AAA9,0x03AB0B,7,98,45,,"
裁判:为来的冠军!马其斯少佐的外号叫闪电美国!使用电系精灵可称的上美国第一!飞行类和水类是不适用的...",0x03AAAA,0x03840F
1445,0x03AB0C,0x03AB3F,7,51,24,,"
水手:就算你的精灵有多强都不可能是你这种小孩该来的!",0x03AB0D,0x038411
1446,0x03AB40,0x03AB4E,7,14,6,,"
水手:有两下子",0x03AB41,0x038413
1447,0x03AB4F,0x03AB62,7,19,8,,"
士兵:能过我这关吗?",0x03AB50,0x038415
1448,0x03AB63,0x03AB6D,7,10,4,,"
士兵:请进",0x03AB64,0x038417
1449,0x03AB6E,0x03AB92,7,36,16,,"
绅士:马其斯少佐是军人,你也想加入吗?",0x03AB6F,0x038419
1450,0x03AB93,0x03ABA6,7,19,7,,"
绅士:不想加入吗...",0x03AB94,0x03841B
1451,0x03ABA7,0x03AC15,7,110,50,,"
马其斯:哦?宝贝你要挑战啊?哈哈!就凭你那微弱的力量!就想与我挑战?真是有胆量?精灵做的不是这么简单的!让你尝尝苦头!",0x03ABA8,0x03841D
1452,0x03AC16,0x03AC4F,7,57,26,,"
马其斯:我输了,那么这个橙色徽章拿去吧,还有这个是我的心意!",0x03AC17,0x03841F
1453,0x03AC50,0x03AC5B,7,11,4,,"
得到技能24",0x03AC51,0x038421
1454,0x03AC5C,0x03ACAC,7,80,37,,"
女警君莎:那是橙色徽章?你可能是厉害的训练家!!抓到最近老是恶作剧的杰尼龟给你好吗?",0x03AC5D,0x038423
1455,0x03ACAD,0x03ACCA,7,29,12,,"
是吗?谁能领养这只杰尼龟呢...",0x03ACAE,0x038425
1456,0x03ACCB,0x03ACE2,7,23,10,,"
拜托了,要好好照顾它哦!",0x03ACCC,0x038427
1457,0x03ACE3,0x03ACEE,7,11,5,,"
得到杰尼龟",0x03ACE4,0x038429
1458,0x03ACEF,0x03AD22,7,51,24,,"
爷爷:听说这个是地鼠挖的山洞,好像能通到常青市的样子",0x03ACF0,0x03842B
1459,0x03AD23,0x03AD64,7,65,30,,"
男孩:这个秘传技05你应该用的上,让能学闪光的精灵学会后可以照亮山洞",0x03AD24,0x03842D
1460,0x03AD65,0x03AD70,7,11,4,,"
得到特技05",0x03AD66,0x03842F
1461,0x03AD71,0x03AD84,7,19,7,,"
谈判小子:我困了...",0x03AD72,0x038431
1462,0x03AD85,0x03AD9E,7,25,11,,"
谈判小子:干嘛打扰我休息?",0x03AD86,0x038433
1463,0x03AD9F,0x03ADBC,7,29,13,,"
谈判小子:你怎么这么没有礼貌?",0x03ADA0,0x038435
1464,0x03ADBD,0x03ADD8,7,27,12,,"
谈判小子:算了,我不和你计较",0x03ADBE,0x038437
1465,0x03ADD9,0x03ADF2,7,25,11,,"
老爷爷:我的精灵是无敌的!",0x03ADDA,0x038439
1466,0x03ADF3,0x03AE0C,7,25,10,,"
老爷爷:在我家是无敌的...",0x03ADF4,0x03843B
1467,0x03AE0D,0x03AE26,7,25,11,,"
双胞胎:我们脸上有东西吗?",0x03AE0E,0x03843D
1468,0x03AE27,0x03AE3E,7,23,9,,"
双胞胎:说你呢,你还看!!",0x03AE28,0x03843F
1469,0x03AE3F,0x03AE4F,7,16,4,,"
马沙:谢谢......",0x03AE40,0x038441
1470,0x03AE50,0x03AE5C,7,12,2,,"
名人:......",0x03AE51,0x038443
1471,0x03B079,0x03B08A,7,17,7,,"
 老爷爷:被打败了",,
1472,0x03B08B,0x03B0AA,7,31,14,,"
 侦察员:无论如何都别想过我这关",,
1473,0x03B0AB,0x03B0C5,7,26,11,,"
 侦察员:我当没看见,你走吧",,
1474,0x03B0C6,0x03B0DD,7,23,10,,"
 老爷爷:对精灵要有爱心",,
1475,0x03B0DE,0x03B0F1,7,19,8,,"
 老爷爷:少年人不错",,
1476,0x03B0F2,0x03B10C,7,26,11,,"
 谈判小子:你怎么可以这样?",,
1477,0x03B10D,0x03B124,7,23,10,,"
 谈判小子:我什么都没说",,
1478,0x03B125,0x03B13E,7,25,11,,"
 老爷爷:今天来决一胜负吧",,
1479,0x03B13F,0x03B153,7,20,7,,"
 老爷爷:算你走运...",,
1480,0x03B154,0x03B167,7,19,8,,"
谈判小子:你完蛋了!",0x03B155,0x03AE74
1481,0x03B168,0x03B187,7,31,14,,"
谈判小子:今天肚子疼,不和你计较",0x03B169,0x03AE76
1482,0x03B188,0x03B1EB,7,99,47,,"
我终于明白了好好照顾宠物精灵,妙蛙种子很有精神,其实精灵也在找训练师,你能不能帮我照顾这只妙蛙种子呢?",0x03B189,0x03AE78
1483,0x03B1EC,0x03B203,7,23,9,,"
是吗?那真是太可惜了...",0x03B1ED,0x03AE7A
1484,0x03B204,0x03B210,7,12,5,,"
那拜托你了!",0x03B205,0x03AE7C
1485,0x03B211,0x03B21E,7,13,6,,"
得到妙蛙种子",0x03B212,0x03AE7E
1486,0x03B21F,0x03B237,7,24,11,,"
女孩:你还长的蛮英俊的嘛",0x03B220,0x03AE80
1487,0x03B238,0x03B24A,7,18,8,,"
女孩:有实力我欣赏",0x03B239,0x03AE82
1488,0x03B24B,0x03B25D,7,18,8,,"
大胖子:有碰见你了",0x03B24C,0x03AE84
1489,0x03B25E,0x03B26F,7,17,6,,"
大胖子:又输了...",0x03B25F,0x03AE86
1490,0x03B270,0x03B29B,7,43,20,,"
谈判小子:我们商量一下,把你的比卡丘让给我吧",0x03B271,0x03AE88
1491,0x03B29C,0x03B2B0,7,20,9,,"
谈判小子:我知道错了",0x03B29D,0x03AE8A
1492,0x03B2B1,0x03B2D4,7,35,16,,"
谈判小子:再怎么努力也不是我的对手!",0x03B2B2,0x03AE8C
1493,0x03B2D5,0x03B2EA,7,21,9,,"
谈判小子:怎么可能呢?",0x03B2D6,0x03AE8E
1494,0x03B2EB,0x03B2FA,7,15,5,,"
大叔:有意思...",0x03B2EC,0x03AE90
1495,0x03B2FB,0x03B30E,7,19,7,,"
大叔:这回完蛋了...",0x03B2FC,0x03AE92
1496,0x03B30F,0x03B329,7,26,12,,"
捉虫少年:没想到又见到你了",0x03B310,0x03AE94
1497,0x03B32A,0x03B346,7,28,13,,"
捉虫少年:你的实力又提升了呢",0x03B32B,0x03AE96
1498,0x03B347,0x03B366,7,31,14,,"
谈判小子:别说我没忠告你,快逃吧",0x03B348,0x03AE98
1499,0x03B367,0x03B37C,7,21,8,,"
谈判小子:有两下子...",0x03B368,0x03AE9A
1500,0x03B37D,0x03B394,7,23,10,,"
大叔:小心我对你不客气!",0x03B37E,0x03AE9C
1501,0x03B395,0x03B3A9,7,20,7,,"
大叔:您好吗?哈哈...",0x03B396,0x03AE9E
1502,0x03B3AA,0x03B3BC,7,18,8,,"
女孩:让姐姐看看你",0x03B3AB,0x03AEA0
1503,0x03B3BD,0x03B3D2,7,21,9,,"
女孩:不要不给面子吧!",0x03B3BE,0x03AEA2
1504,0x03B3D3,0x03B3EA,7,23,10,,"
女孩:你居然能找到这里?",0x03B3D4,0x03AEA4
1505,0x03B3EB,0x03B417,7,44,21,,"
女孩:我也是听说附近出现了传说中的精灵才来的",0x03B3EC,0x03AEA6
1506,0x03B418,0x03B426,7,14,3,,"
闪电鸟:......",0x03B419,0x03AEA8
1507,0x03B427,0x03B43B,7,20,9,,"
职员:这么暗你也敢来",0x03B428,0x03AEAA
1508,0x03B43C,0x03B44E,7,18,8,,"
职员:佩服你的勇气",0x03B43D,0x03AEAC
1509,0x03B44F,0x03B461,7,18,8,,"
职员:我的东西掉了",0x03B450,0x03AEAE
1510,0x03B462,0x03B474,7,18,8,,"
职员:一定要找出来",0x03B463,0x03AEB0
1511,0x03B475,0x03B487,7,18,8,,"
女孩:人家好害怕哦",0x03B476,0x03AEB2
1512,0x03B488,0x03B49B,7,19,8,,"
女孩:你保护我好吗?",0x03B489,0x03AEB4
1513,0x03B49C,0x03B4AC,7,16,7,,"
职员:我不怕黑暗",0x03B49D,0x03AEB6
1514,0x03B4AD,0x03B4C3,7,22,10,,"
职员:你也不是等闲之辈",0x03B4AE,0x03AEB8
1515,0x03B4C4,0x03B4DA,7,22,10,,"
大叔:山里才能锻炼身体",0x03B4C5,0x03AEBA
1516,0x03B4DB,0x03B4EB,7,16,7,,"
大叔:果然是这样",0x03B4DC,0x03AEBC
1517,0x03B4EC,0x03B4F7,7,11,4,,"
大叔:你好!",0x03B4ED,0x03AEBE
1518,0x03B4F8,0x03B50A,7,18,8,,"
大叔:认识你很高兴",0x03B4F9,0x03AEC0
1519,0x03B50B,0x03B519,7,14,6,,"
大叔:别乱走动",0x03B50C,0x03AEC2
1520,0x03B51A,0x03B537,7,29,13,,"
大叔:小心山塌下来,我们都完了",0x03B51B,0x03AEC4
1521,0x03B538,0x03B559,7,33,15,,"
大叔:我觉得石头类的精灵是最强的!",0x03B539,0x03AEC6
1522,0x03B55A,0x03B56B,7,17,7,,"
大叔:我想错了吗?",0x03B55B,0x03AEC8
1523,0x03B56C,0x03B57C,7,16,7,,"
大叔:你想知道吗",0x03B56D,0x03AECA
1524,0x03B57D,0x03B59E,7,33,15,,"
大叔:精灵会随着等级提高而进化的!",0x03B57E,0x03AECC
1525,0x03B59F,0x03B5B3,7,20,9,,"
女孩:我想找个男朋友",0x03B5A0,0x03AECE
1526,0x03B5B4,0x03B5CA,7,22,9,,"
女孩:你呀,不合我胃口!",0x03B5B5,0x03AED0
1527,0x03B5CB,0x03B5E1,7,22,9,,"
大叔:你在这里干什么??",0x03B5CC,0x03AED2
1528,0x03B5E2,0x03B5FB,7,25,11,,"
大叔:对不起,好象我管不着",0x03B5E3,0x03AED4
1529,0x03B5FC,0x03B614,7,24,11,,"
职员:整天都无聊的在干活",0x03B5FD,0x03AED6
1530,0x03B615,0x03B629,7,20,9,,"
职员:明天该轻松了吧",0x03B616,0x03AED8
1531,0x03B62A,0x03B640,7,22,10,,"
男孩:刚和女朋友分手了",0x03B62B,0x03AEDA
1532,0x03B641,0x03B64F,7,14,6,,"
男孩:心情不好",0x03B642,0x03AEDC
1533,0x03B650,0x03B664,7,20,9,,"
女孩:你可别乱摸我哦",0x03B651,0x03AEDE
1534,0x03B665,0x03B67B,7,22,9,,"
女孩:都叫你别乱摸了!!",0x03B666,0x03AEE0
1535,0x03B67C,0x03B68C,7,16,7,,"
男孩:你碰到我了",0x03B67D,0x03AEE2
1536,0x03B68D,0x03B6A0,7,19,8,,"
男孩:是误会,对不起",0x03B68E,0x03AEE4
1537,0x03B6A1,0x03B6B8,7,23,10,,"
谈判小子:和你没得商量!",0x03B6A2,0x03AEE6
1538,0x03B6B9,0x03B6D3,7,26,12,,"
谈判小子:你想说什么都可以",0x03B6BA,0x03AEE8
1539,0x03B6D4,0x03B6E6,7,18,8,,"
女孩:我最爱打人了",0x03B6D5,0x03AEEA
1540,0x03B6E7,0x03B6FC,7,21,8,,"
女孩:我下次不敢了...",0x03B6E8,0x03AEEC
1541,0x03B6FD,0x03B716,7,25,11,,"
叔叔:你想知道我的厉害吗?",0x03B6FE,0x03AEEE
1542,0x03B717,0x03B730,7,25,10,,"
叔叔:我知道你的厉害了...",0x03B718,0x03AEF0
1543,0x03B731,0x03B749,7,24,11,,"
叔叔:我的防御力是最强的",0x03B732,0x03AEF2
1544,0x03B74A,0x03B766,7,28,12,,"
叔叔:这么强的防御你都破了??",0x03B74B,0x03AEF4
1545,0x03B767,0x03B787,7,32,14,,"
男孩:奇怪?吉野老人不在跑哪去了?",0x03B768,0x03AEF6
1546,0x03B788,0x03B7CC,7,68,32,,"
女孩:这里是吉野老爷爷的家,他人很好哦,照顾那些被丢弃回不了家的精灵们",0x03B789,0x03AEF8
1547,0x03B7CD,0x03B7F5,7,40,19,,"
商人:火箭队的混蛋们为了钱什么都干的出来",0x03B7CE,0x03AEFA
1548,0x03B7F6,0x03B834,7,62,29,,"
女孩:可拉可拉的妈妈就是在逃出来的时候被火箭队杀了,我也看到了!",0x03B7F7,0x03AEFC
1549,0x03B835,0x03B85F,7,42,20,,"
修女:幽灵塔是为了安慰死去的精灵之灵而盖的",0x03B836,0x03AEFE
1550,0x03B860,0x03B88C,7,44,19,,"
修女:我是祈祷师!我感觉到上面有迷凸的灵魂...",0x03B861,0x03AF00
1551,0x03B88D,0x03B8BD,7,48,20,,"
女孩:对已死去的皮皮一直无法忘怀...糟糕又哭了...",0x03B88E,0x03AF02
1552,0x03B8BE,0x03B8F1,7,51,24,,"
女孩:你也是来参拜的吗?真是一位对精灵用情很深的男孩",0x03B8BF,0x03AF04
1553,0x03B8F2,0x03B94A,7,88,40,,"
小茂:小智?你怎么也到这里来了,你的精灵死了吗?混蛋不是还活着吗!!小心我把你打的不能站起来!",0x03B8F3,0x03AF06
1554,0x03B94B,0x03B9FC,7,177,82,,"
小茂:王八蛋!你对我这么狠!枉我对你这么手下留情!!对了,宠物精灵图鉴怎样了?我发现可拉可拉了但没有发现进化后的嘎拉嘎拉!在这附近一定没有那我要走了!我和你不同我可是个大忙人啊...再见了",0x03B94C,0x03AF08
1555,0x03B9FD,0x03BA45,7,72,32,,"
修女:我们也不知道幽灵的真正身份...如果有幽灵眼镜的话说不定就能知道了...",0x03B9FE,0x03AF0A
1556,0x03BA46,0x03BA67,7,33,13,,"
上面阴森森的...精灵们都很害怕...",0x03BA47,0x03AF0C
1557,0x03BA68,0x03BA7E,7,22,10,,"
迷你裙:看看我的皮皮吧",0x03BA69,0x03AF0E
1558,0x03BA7F,0x03BA96,7,23,9,,"
迷你裙:你没被吹眠吧...",0x03BA80,0x03AF10
1559,0x03BA97,0x03BAAB,7,20,9,,"
老爷爷:火焰是最美的",0x03BA98,0x03AF12
1560,0x03BAAC,0x03BAC1,7,21,8,,"
老爷爷:有点过火了...",0x03BAAD,0x03AF14
1561,0x03BAC2,0x03BADE,7,28,13,,"
职员:我无法忍受我的臭泥军团",0x03BAC3,0x03AF16
1562,0x03BADF,0x03BB02,7,35,16,,"
职员:谢谢你帮我教训了这堆臭泥军团!",0x03BAE0,0x03AF18
1563,0x03BB03,0x03BB18,7,21,9,,"
少年:知道毒的恐怖吗?",0x03BB04,0x03AF1A
1564,0x03BB19,0x03BB37,7,30,14,,"
少年:他会让你的体力慢慢减少的",0x03BB1A,0x03AF1C
1565,0x03BB38,0x03BB4F,7,23,10,,"
迷你裙:怎么又见到你了?",0x03BB39,0x03AF1E
1566,0x03BB50,0x03BB68,7,24,11,,"
迷你裙:你真是阴魂不散啊",0x03BB51,0x03AF20
1567,0x03BB69,0x03BB7E,7,21,8,,"
迷你裙:我爱喵喵...喵",0x03BB6A,0x03AF22
1568,0x03BB7F,0x03BB98,7,25,11,,"
迷你裙:招财猫能带来好运!",0x03BB80,0x03AF24
1569,0x03BB99,0x03BBB3,7,26,12,,"
迷你裙:普通的精灵才不普通",0x03BB9A,0x03AF26
1570,0x03BBB4,0x03BBE3,7,47,22,,"
迷你裙:像你这种普通的训练师训练的精灵一定普通!",0x03BBB5,0x03AF28
1571,0x03BBE4,0x03BBF6,7,18,8,,"
老爷爷:我还年轻呢",0x03BBE5,0x03AF2A
1572,0x03BBF7,0x03BC15,7,30,13,,"
老爷爷:如何?看到我的活力了吧!",0x03BBF8,0x03AF2C
1573,0x03BC16,0x03BC28,7,18,8,,"
职员:今天运气不好",0x03BC17,0x03AF2E
1574,0x03BC29,0x03BC3D,7,20,9,,"
职员:真是运气不好啊",0x03BC2A,0x03AF30
1575,0x03BC3E,0x03BC8E,7,80,39,,"
大叔:宠物精灵之笛之所以可以叫醒睡着的宠物精灵是因为它可以发出人听不到的特殊声音",0x03BC3F,0x03AF32
1576,0x03BC8F,0x03BCA5,7,22,10,,"
阿姨:我是从枯叶市来的",0x03BC90,0x03AF34
1577,0x03BCA6,0x03BCEF,7,73,34,,"
营业员:您是我们这里新开店的一百位幸运顾客,本店特别送您一支矿泉水做纪念!!",0x03BCA7,0x03AF36
1578,0x03BCF0,0x03BCFB,7,11,5,,"
得到矿泉水",0x03BCF1,0x03AF38
1579,0x03BCFC,0x03BD1E,7,34,15,,"
小红:我是绘图师,画你的人就是我喔!",0x03BCFD,0x03AF3A
1580,0x03BD1F,0x03BD45,7,38,16,,"
卡美优:我是写剧本的...比卡丘很可爱吧!",0x03BD20,0x03AF3C
1581,0x03BD46,0x03BD67,7,33,14,,"
魏村夫:我吗?我是程序师,多多关照!",0x03BD47,0x03AF3E
1582,0x03BD68,0x03BDC5,7,93,39,,"
BOSS:哎呀!我是BOSS!要集全所有的宠物精灵很难,不过好好加油吧!如果全部集全的话就去告诉卡美优吧!",0x03BD69,0x03AF40
1583,0x03BDC6,0x03BE07,7,65,30,,"
蓓蓓:没有我不知道的事,就连电玩里的世界也一样!这只依布就送给你吧!",0x03BDC7,0x03AF42
1584,0x03BE08,0x03BE11,7,9,4,,"
得到依布",0x03BE09,0x03AF44
1585,0x03BE12,0x03BE4D,7,59,26,,"
小李:被你发现了...我的事千万不要告诉任何人,这个给你拜托了!",0x03BE13,0x03AF46
1586,0x03BE4E,0x03BE5D,7,15,6,,"
得到特技02飞天",0x03BE4F,0x03AF48
1587,0x03BE5E,0x03BE81,7,35,15,,"
裁判:哈哈哈,这个道馆好啊,都是女生!",0x03BE5F,0x03AF4A
1588,0x03BE82,0x03BEA4,7,34,15,,"
女生:喂!这里是只有女孩才能进入的!",0x03BE83,0x03AF4C
1589,0x03BEA5,0x03BEC2,7,29,13,,"
水手:你一定会被佳丽亚打败的!",0x03BEA6,0x03AF4E
1590,0x03BEC3,0x03BEE7,7,36,16,,"
大姐姐:呀!这里都是女人真是无聊死了!",0x03BEC4,0x03AF50
1591,0x03BEE8,0x03BEF6,7,14,6,,"
大姐姐:真无聊",0x03BEE9,0x03AF52
1592,0x03BEF7,0x03BF2E,7,55,25,,"
大姐姐:看,这是我的宠物精灵!草系的好处就是养起来很轻松!",0x03BEF8,0x03AF54
1593,0x03BF2F,0x03BF3D,7,14,6,,"
大姐姐:你真强",0x03BF30,0x03AF56
1594,0x03BF3E,0x03BF4E,7,16,6,,"
女孩:你在看我!?",0x03BF3F,0x03AF58
1595,0x03BF4F,0x03BF79,7,42,19,,"
女孩:你真的没有偷看吗?最近有很多这种人哦!",0x03BF50,0x03AF5A
1596,0x03BF7A,0x03BFA2,7,40,18,,"
迷你裙:喂,虫系和火系的精灵别带到这里来!",0x03BF7B,0x03AF5C
1597,0x03BFA3,0x03BFB2,7,15,6,,"
迷你裙:就是它!",0x03BFA4,0x03AF5E
1598,0x03BFB3,0x03BFEB,7,56,26,,"
女孩:欢迎来到彩虹道场!不要以为这里都是女孩子就大意了喔!",0x03BFB4,0x03AF60
1599,0x03BFEC,0x03BFFB,7,15,6,,"
女孩:还蛮行的!",0x03BFED,0x03AF62
1600,0x03BFFC,0x03C00F,7,19,8,,"
大姐姐:你的兴趣是?",0x03BFFD,0x03AF64
1601,0x03C010,0x03C029,7,25,10,,"
大姐姐:下个礼拜要相亲...",0x03C011,0x03AF66
1602,0x03C02A,0x03C08C,7,98,45,,"
佳丽亚:今天天气真好!欢迎光临我是彩虹道场的佳丽亚!兴趣是插花哎呀!讨厌,你是来比赛的吗?我是不会输的!",0x03C02B,0x03AF68
1603,0x03C08D,0x03C0D4,7,71,33,,"
佳丽亚:真是强啊!这个彩虹徽章就奉送给您吧,有了这个徽章就能使用怪力术了!",0x03C08E,0x03AF6A
1604,0x03C0D5,0x03C113,7,62,29,,"
火箭队:我是在这里看守这张海报的,妨碍我的话可是要尝到苦头的哦!",0x03C0D6,0x03AF6C
1605,0x03C114,0x03C159,7,69,32,,"
火箭队:可恶,这样下去的话火箭队的基地会被发现的!要赶快和老大联络才行!",0x03C115,0x03AF6E
1606,0x03C15A,0x03C17E,7,36,16,,"
啊?在海报的后面有秘密按钮!按按看吧!",0x03C15B,0x03AF70
1607,0x03C17F,0x03C1A3,7,36,16,,"
火箭队:你是什么人?如何进到这里来的?",0x03C180,0x03AF72
1608,0x03C1A4,0x03C1C8,7,36,15,,"
火箭队:可恶...你竟然小看我们火箭队!",0x03C1A5,0x03AF74
1609,0x03C1C9,0x03C1EC,7,35,16,,"
火箭队:悄悄潜入火箭队的是什么家伙?",0x03C1CA,0x03AF76
1610,0x03C1ED,0x03C20A,7,29,13,,"
火箭队:混蛋别想轻松的向前进!",0x03C1EE,0x03AF78
1611,0x03C20B,0x03C240,7,53,24,,"
火箭队:老大说过使用精灵眼镜可看到平时看不到的幽灵...",0x03C20C,0x03AF7A
1612,0x03C241,0x03C255,7,20,8,,"
火箭队:你太嚣张了!!",0x03C242,0x03AF7C
1613,0x03C256,0x03C272,7,28,13,,"
火箭队:你到这里的目的是什么",0x03C257,0x03AF7E
1614,0x03C273,0x03C28A,7,23,10,,"
火箭队:我明白了,请走好",0x03C274,0x03AF80
1615,0x03C28B,0x03C29E,7,19,8,,"
火箭队:发现侵入者!",0x03C28C,0x03AF82
1616,0x03C29F,0x03C2BE,7,31,14,,"
火箭队:在找精灵眼镜吗?我不知道",0x03C2A0,0x03AF84
1617,0x03C2BF,0x03C2DE,7,31,14,,"
火箭队:跟火箭队作对没有前途的!",0x03C2C0,0x03AF86
1618,0x03C2DF,0x03C310,7,49,23,,"
火箭队:精灵眼镜不就是老大在南晶开发部中偷的东西!",0x03C2E0,0x03AF88
1619,0x03C311,0x03C328,7,23,10,,"
火箭队:我什么都不知道!",0x03C312,0x03AF8A
1620,0x03C329,0x03C33C,7,19,8,,"
火箭队:真的不知道!",0x03C32A,0x03AF8C
1621,0x03C33D,0x03C34E,7,17,7,,"
大姐头:来的正好!",0x03C33E,0x03AF8E
1622,0x03C34F,0x03C36F,7,32,14,,"
火箭队:有胆就尽管去找我们老大!!",0x03C350,0x03AF90
1623,0x03C370,0x03C394,7,36,16,,"
火箭队:好大的胆子还敢到这里来捣乱!!",0x03C371,0x03AF92
1624,0x03C395,0x03C3A2,7,13,5,,"
小智:你们是?",0x03C396,0x03AF94
1625,0x03C3A3,0x03C3BD,7,26,12,,"
武藏:既然你诚心诚意的问了",0x03C3A4,0x03AF96
1626,0x03C3BE,0x03C3DF,7,33,15,,"
小次郎:那我就大发慈悲的告诉你们!",0x03C3BF,0x03AF98
1627,0x03C3E0,0x03C3F8,7,24,11,,"
武藏:为了防止世界被破坏",0x03C3E1,0x03AF9A
1628,0x03C3F9,0x03C414,7,27,12,,"
小次郎:为了维护世界的和平.",0x03C3FA,0x03AF9C
1629,0x03C415,0x03C42D,7,24,11,,"
武藏:坚持爱与真实的罪恶",0x03C416,0x03AF9E
1630,0x03C42E,0x03C449,7,27,12,,"
小次郎:最有魅力的反派人物!",0x03C42F,0x03AFA0
1631,0x03C44A,0x03C455,7,11,4,,"
武藏:武藏!",0x03C44B,0x03AFA2
1632,0x03C456,0x03C465,7,15,6,,"
小次郎:小次郎!",0x03C457,0x03AFA4
1633,0x03C466,0x03C485,7,31,14,,"
武藏:我们是穿过银河系的火箭队!",0x03C467,0x03AFA6
1634,0x03C486,0x03C4A8,7,34,15,,"
小次郎:白洞,白色的明天在等着我们!",0x03C487,0x03AFA8
1635,0x03C4A9,0x03C4BB,7,18,6,,"
喵喵:说的对!喵...",0x03C4AA,0x03AFAA
1636,0x03C4BC,0x03C4DC,7,32,14,,"
小次郎:现在就让我们算清旧帐吧!!",0x03C4BD,0x03AFAC
1637,0x03C4DD,0x03C4EF,7,18,8,,"
小次郎:真是不要脸",0x03C4DE,0x03AFAE
1638,0x03C4F0,0x03C507,7,23,9,,"
武藏:好讨厌的感觉哟...",0x03C4F1,0x03AFB0
1639,0x03C508,0x03C513,7,11,3,,"
喵喵:喵...",0x03C509,0x03AFB2
1640,0x03C514,0x03C590,7,124,58,,"
老大:哈哈!你真有办法能到这里!这是将世界上的宠物用来交易的火箭队总部,我就是火箭队的老大,我的名字叫沙奇!!想反抗我只有自讨苦吃",0x03C515,0x03AFB4
1641,0x03C591,0x03C5F2,7,97,42,,"
老大:怎...怎么可能?你相当珍惜和爱护宠物精灵啊,我是无法理解...正好我还有要事就不奉陪了!(老大隐掉)",0x03C592,0x03AFB6
1642,0x03C5F3,0x03C600,7,13,6,,"
得到精灵眼镜",0x03C5F4,0x03AFB8
1643,0x03C601,0x03C60D,7,12,2,,"
修女:......",0x03C602,0x03AFBA
1644,0x03C60E,0x03C642,7,52,22,,"
修女:啊?我做了什么?对不起!被邪恶的力量附身而暴乱...",0x03C60F,0x03AFBC
1645,0x03C643,0x03C656,7,19,7,,"
修女:一起诅咒吧...",0x03C644,0x03AFBE
1646,0x03C657,0x03C66B,7,20,8,,"
修女:啊?我是怎么了?",0x03C658,0x03AFC0
1647,0x03C66C,0x03C67B,7,15,6,,"
修女:你能赢吗?",0x03C66D,0x03AFC2
1648,0x03C67C,0x03C690,7,20,8,,"
修女:啊?我是怎么了?",0x03C67D,0x03AFC4
1649,0x03C691,0x03C6A5,7,20,6,,"
神婆:呜呜...幽灵...",0x03C692,0x03AFC6
1650,0x03C6A6,0x03C6B6,7,16,5,,"
神婆:啊?这是...",0x03C6A7,0x03AFC8
1651,0x03C6B7,0x03C6CD,7,22,8,,"
修女:把灵魂交...出来!",0x03C6B8,0x03AFCA
1652,0x03C6CE,0x03C6DF,7,17,6,,"
修女:我是累了...",0x03C6CF,0x03AFCC
1653,0x03C6E0,0x03C6ED,7,13,4,,"
神婆:可恶...",0x03C6E1,0x03AFCE
1654,0x03C6EE,0x03C708,7,26,11,,"
神婆:晕晕的,我难道贫血吗?",0x03C6EF,0x03AFD0
1655,0x03C709,0x03C718,7,15,5,,"
修女:僵尸啊...",0x03C70A,0x03AFD2
1656,0x03C719,0x03C72D,7,20,9,,"
修女:我的意识恢复了",0x03C71A,0x03AFD4
1657,0x03C72E,0x03C742,7,20,6,,"
修女:康儿...康儿...",0x03C72F,0x03AFD6
1658,0x03C743,0x03C752,7,15,5,,"
修女:颤抖了...",0x03C744,0x03AFD8
1659,0x03C753,0x03C767,7,20,6,,"
神婆:嘻嘻...嘻嘻...",0x03C754,0x03AFDA
1660,0x03C768,0x03C784,7,28,11,,"
神婆:嘻嘻...我到底是怎么了?",0x03C769,0x03AFDC
1661,0x03C785,0x03C794,7,15,5,,"
修女:伤心啊...",0x03C786,0x03AFDE
1662,0x03C795,0x03C7B2,7,29,12,,"
修女:有什么从我身体里飞出...",0x03C796,0x03AFE0
1663,0x03C7B3,0x03C7C5,7,18,6,,"
离开!离开这里!...",0x03C7B4,0x03AFE2
1664,0x03C7C6,0x03C7E6,7,32,15,,"
使用精灵眼镜看穿幽灵的真正身份!",0x03C7C7,0x03AFE4
1665,0x03C7E7,0x03C818,7,49,22,,"
小智:原来幽灵的真正身份是温柔的可拉可拉的妈妈...",0x03C7E8,0x03AFE6
1666,0x03C819,0x03C851,7,56,26,,"
火箭队:这个吉野老头真难缠!不打败我们是救不了吉野老头的!",0x03C81A,0x03AFE8
1667,0x03C852,0x03C85F,7,13,5,,"
小智:你们是?",0x03C853,0x03AFEA
1668,0x03C860,0x03C87A,7,26,12,,"
武藏:既然你诚心诚意的问了",0x03C861,0x03AFEC
1669,0x03C87B,0x03C89C,7,33,15,,"
小次郎:那我就大发慈悲的告诉你们!",0x03C87C,0x03AFEE
1670,0x03C89D,0x03C8B5,7,24,11,,"
武藏:为了防止世界被破坏",0x03C89E,0x03AFF0
1671,0x03C8B6,0x03C8D1,7,27,12,,"
小次郎:为了维护世界的和平.",0x03C8B7,0x03AFF2
1672,0x03C8D2,0x03C8EA,7,24,11,,"
武藏:坚持爱与真实的罪恶",0x03C8D3,0x03AFF4
1673,0x03C8EB,0x03C906,7,27,12,,"
小次郎:最有魅力的反派人物!",0x03C8EC,0x03AFF6
1674,0x03C907,0x03C912,7,11,4,,"
武藏:武藏!",0x03C908,0x03AFF8
1675,0x03C913,0x03C922,7,15,6,,"
小次郎:小次郎!",0x03C914,0x03AFFA
1676,0x03C923,0x03C942,7,31,14,,"
武藏:我们是穿过银河系的火箭队!",0x03C924,0x03AFFC
1677,0x03C943,0x03C965,7,34,15,,"
小次郎:白洞,白色的明天在等着我们!",0x03C944,0x03AFFE
1678,0x03C966,0x03C978,7,18,6,,"
喵喵:说的对!喵...",0x03C967,0x03B000
1679,0x03C979,0x03C98B,7,18,8,,"
小次郎:你给我记住",0x03C97A,0x03B002
1680,0x03C98C,0x03C9A3,7,23,9,,"
武藏:好讨厌的感觉哟...",0x03C98D,0x03B004
1681,0x03C9A4,0x03C9AF,7,11,3,,"
喵喵:喵...",0x03C9A5,0x03B006
1682,0x03C9B0,0x03CA39,7,137,64,,"
吉野:你是来救我的吗?谢谢你...我是来告诫可拉可拉的母亲嘎拉嘎拉之灵而来的,看样子嘎拉嘎拉到天国去了!真要感谢你们特地来这!那现在跟我一起回家",0x03C9B1,0x03B008
1683,0x03CA3A,0x03CA9D,7,99,46,,"
吉野:小智在完成精灵图鉴的时候如果不对精灵们付出爱心想完成是很困难的...也不知该如何帮助你,这给你吧!",0x03CA3B,0x03B00A
1684,0x03CA9E,0x03CAE4,7,70,33,,"
吉野:吹起宠物精灵笛就算是熟睡的精灵也会跳起,遇到睡着的精灵使用看看吧!",0x03CA9F,0x03B00C
1685,0x03CAE5,0x03CB00,7,27,13,,"
使用精灵笛唤醒睡着的卡比兽",0x03CAE6,0x03B00E
1686,0x03CB01,0x03CB1B,7,26,12,,"
钓鱼者:这里是有名的钓鱼区",0x03CB02,0x03B010
1687,0x03CB1C,0x03CB33,7,23,10,,"
钓鱼者:你不喜欢钓鱼吗?",0x03CB1D,0x03B012
1688,0x03CB34,0x03CB4E,7,26,12,,"
钓鱼者:水上也有很多精灵哦",0x03CB35,0x03B014
1689,0x03CB4F,0x03CB66,7,23,10,,"
钓鱼者:水系精灵最可爱!",0x03CB50,0x03B016
1690,0x03CB67,0x03CB82,7,27,12,,"
钓鱼者:你看不到我在钓鱼吗?",0x03CB68,0x03B018
1691,0x03CB83,0x03CBA0,7,29,12,,"
钓鱼者:算了...鱼都让你吓跑了",0x03CB84,0x03B01A
1692,0x03CBA1,0x03CBBA,7,25,11,,"
钓鱼者:我有好动西,要看吗",0x03CBA2,0x03B01C
1693,0x03CBBB,0x03CBD5,7,26,12,,"
钓鱼者:水系精灵克火系的哦",0x03CBBC,0x03B01E
1694,0x03CBD6,0x03CBF4,7,30,14,,"
电气团:在这里我的精灵难碰敌手",0x03CBD7,0x03B020
1695,0x03CBF5,0x03CC0C,7,23,9,,"
电气团:居然栽跟头了...",0x03CBF6,0x03B022
1696,0x03CC0D,0x03CC25,7,24,11,,"
侦察员:我什么要求都没有",0x03CC0E,0x03B024
1697,0x03CC26,0x03CC3E,7,24,11,,"
侦察员:我不是可疑的人哪",0x03CC27,0x03B026
1698,0x03CC3F,0x03CC53,7,20,9,,"
女孩:水系精灵好漂亮",0x03CC40,0x03B028
1699,0x03CC54,0x03CC65,7,17,7,,"
女孩:你不喜欢吗?",0x03CC55,0x03B02A
1700,0x03CC66,0x03CC7A,7,20,9,,"
捉鸟人:速度才是一切",0x03CC67,0x03B02C
1701,0x03CC7B,0x03CC98,7,29,13,,"
捉鸟人:失败了我的想法也不变!",0x03CC7C,0x03B02E
1702,0x03CC99,0x03CCAB,7,18,8,,"
女孩:随便的人走开",0x03CC9A,0x03B030
1703,0x03CCAC,0x03CCC1,7,21,9,,"
女孩:对不起,误会你了",0x03CCAD,0x03B032
1704,0x03CCC2,0x03CCE6,7,36,17,,"
大姐姐:你的样子让我的口水都流出来了",0x03CCC3,0x03B034
1705,0x03CCE7,0x03CCFA,7,19,7,,"
大姐姐:我知错了...",0x03CCE8,0x03B036
1706,0x03CCFB,0x03CD19,7,30,13,,"
大姐姐:你说什么,我没有魅力吗?",0x03CCFC,0x03B038
1707,0x03CD1A,0x03CD2E,7,20,9,,"
大姐姐:你说的是对的",0x03CD1B,0x03B03A
1708,0x03CD2F,0x03CD3D,7,14,5,,"
女孩:又是你!!",0x03CD30,0x03B03C
1709,0x03CD3E,0x03CD52,7,20,9,,"
女孩:我们还真有缘啊",0x03CD3F,0x03B03E
1710,0x03CD53,0x03CD6B,7,24,11,,"
女孩:别在我眼前走来走去",0x03CD54,0x03B040
1711,0x03CD6C,0x03CD80,7,20,9,,"
女孩:我不该欺人太甚",0x03CD6D,0x03B042
1712,0x03CD81,0x03CD99,7,24,11,,"
捉鸟人:我是鸟类训练专家",0x03CD82,0x03B044
1713,0x03CD9A,0x03CDB4,7,26,12,,"
捉鸟人:你的精灵的确比我强",0x03CD9B,0x03B046
1714,0x03CDB5,0x03CDD9,7,36,16,,"
捉鸟人:别以为打败了我大哥我就服你!!",0x03CDB6,0x03B048
1715,0x03CDDA,0x03CDEE,7,20,9,,"
捉鸟人:我无话可说了",0x03CDDB,0x03B04A
1716,0x03CDEF,0x03CE0C,7,29,13,,"
暴走族:你喜欢速度吗?一起来吧",0x03CDF0,0x03B04C
1717,0x03CE0D,0x03CE23,7,22,10,,"
暴走族:不该强人所难的",0x03CE0E,0x03B04E
1718,0x03CE24,0x03CE3B,7,23,9,,"
捉鸟人:飞吧!我的精灵!!",0x03CE25,0x03B050
1719,0x03CE3C,0x03CE51,7,21,8,,"
捉鸟人:什么都完了...",0x03CE3D,0x03B052
1720,0x03CE52,0x03CE68,7,22,10,,"
捉鸟人:你去过狩猎区吗",0x03CE53,0x03B054
1721,0x03CE69,0x03CE88,7,31,13,,"
捉鸟人:那里有很多珍贵的精灵...",0x03CE6A,0x03B056
1722,0x03D0A7,0x03D0C8,7,33,15,,"
大婶婶:鸟类精灵是虫系精灵的克星!",0x03D0A8,0x03CE8E
1723,0x03D0C9,0x03D0E3,7,26,12,,"
大婶婶:原来你懂这个道理啊",0x03D0CA,0x03CE90
1724,0x03D0E4,0x03D0F6,7,18,8,,"
捉鸟人:你得罪我了",0x03D0E5,0x03CE92
1725,0x03D0F7,0x03D106,7,15,5,,"
捉鸟人:没事...",0x03D0F8,0x03CE94
1726,0x03D107,0x03D11B,7,20,9,,"
暴走族:老子要教训你",0x03D108,0x03CE96
1727,0x03D11C,0x03D137,7,27,12,,"
暴走族:我最喜欢有实力的人!",0x03D11D,0x03CE98
1728,0x03D138,0x03D150,7,24,11,,"
捉鸟人:我有只珍贵的精灵",0x03D139,0x03CE9A
1729,0x03D151,0x03D169,7,24,9,,"
捉鸟人:怎么样?不错吧...",0x03D152,0x03CE9C
1730,0x03D16A,0x03D190,7,38,18,,"
捉鸟人:拥有连续攻击能力的我你没有胜算",0x03D16B,0x03CE9E
1731,0x03D191,0x03D1A3,7,18,8,,"
捉鸟人:又说大话了",0x03D192,0x03CEA0
1732,0x03D1A4,0x03D1BA,7,22,10,,"
大姐姐:好可爱的样子哦",0x03D1A5,0x03CEA2
1733,0x03D1BB,0x03D1DC,7,33,15,,"
大姐姐:不要走吧,陪姐姐我说说话嘛",0x03D1BC,0x03CEA4
1734,0x03D1DD,0x03D1EB,7,14,6,,"
女孩:请多关照",0x03D1DE,0x03CEA6
1735,0x03D1EC,0x03D1FE,7,18,8,,"
女孩:输的心服口服",0x03D1ED,0x03CEA8
1736,0x03D1FF,0x03D212,7,19,8,,"
暴走族:偶看你不惯!",0x03D200,0x03CEAA
1737,0x03D213,0x03D22A,7,23,10,,"
暴走族:现在看惯了,没事",0x03D214,0x03CEAC
1738,0x03D22B,0x03D24B,7,32,14,,"
暴走族:看你的样子一定不像好人!!",0x03D22C,0x03CEAE
1739,0x03D24C,0x03D265,7,25,11,,"
暴走族:你应该很讲义气吧!",0x03D24D,0x03CEB0
1740,0x03D266,0x03D27E,7,24,10,,"
女孩:糟了,你碰了我一下!",0x03D267,0x03CEB2
1741,0x03D27F,0x03D298,7,25,10,,"
女孩:要是怀孕了怎么办...",0x03D280,0x03CEB4
1742,0x03D299,0x03D2B7,7,30,14,,"
大姐姐:你是我第五十二任男朋友",0x03D29A,0x03CEB6
1743,0x03D2B8,0x03D2D0,7,24,9,,"
大姐姐:算了,放过你吧...",0x03D2B9,0x03CEB8
1744,0x03D2D1,0x03D2EB,7,26,12,,"
捉鸟人:明白我的力量还不滚",0x03D2D2,0x03CEBA
1745,0x03D2EC,0x03D301,7,21,9,,"
捉鸟人:请您慢走,哈哈",0x03D2ED,0x03CEBC
1746,0x03D302,0x03D318,7,22,10,,"
捉鸟人:我是专业捉鸟人",0x03D303,0x03CEBE
1747,0x03D319,0x03D33B,7,34,16,,"
捉鸟人:今年我要参加精灵联盟大赛啊",0x03D31A,0x03CEC0
1748,0x03D33C,0x03D355,7,25,11,,"
女孩:谁叫你这么看人家的?",0x03D33D,0x03CEC2
1749,0x03D356,0x03D36F,7,25,10,,"
女孩:可惜我有男朋友了...",0x03D357,0x03CEC4
1750,0x03D370,0x03D3A1,7,49,23,,"
裁判:浅红道馆是栋有机关的房子.用眼睛是看不到墙的",0x03D371,0x03CEC6
1751,0x03D3A2,0x03D3B9,7,23,10,,"
忍者:这里不是你能来的!",0x03D3A3,0x03CEC8
1752,0x03D3BA,0x03D3CF,7,21,9,,"
忍者:你的忍术很厉害!",0x03D3BB,0x03CECA
1753,0x03D3D0,0x03D402,7,50,22,,"
忍者:光只是力量强是没用的!你知道吗?最强的是技术!!",0x03D3D1,0x03CECC
1754,0x03D403,0x03D417,7,20,9,,"
忍者:看来你已明白了",0x03D404,0x03CECE
1755,0x03D418,0x03D442,7,42,20,,"
忍者:我对忍者充满幻想才进入这个浅红道馆的",0x03D419,0x03CED0
1756,0x03D443,0x03D455,7,18,8,,"
忍者:你的确很强大",0x03D444,0x03CED2
1757,0x03D456,0x03D46D,7,23,10,,"
忍者:看你能过我这关吗?",0x03D457,0x03CED4
1758,0x03D46E,0x03D47F,7,17,6,,"
忍者:你过关了...",0x03D46F,0x03CED6
1759,0x03D480,0x03D497,7,23,10,,"
忍者:你看来很有自信啊!",0x03D481,0x03CED8
1760,0x03D498,0x03D4B0,7,24,11,,"
忍者:我很久没这么认真了",0x03D499,0x03CEDA
1761,0x03D4B1,0x03D4D6,7,37,17,,"
忍者:这个道馆的首领很厉害,你最好小心",0x03D4B2,0x03CEDC
1762,0x03D4D7,0x03D4EE,7,23,9,,"
忍者:看来是我多心了...",0x03D4D8,0x03CEDE
1763,0x03D4EF,0x03D53C,7,77,34,,"
乔:你这种小子就想向我挑战?自讨苦吃!!中了毒就只有死路一条!!让你知道毒的艺术!!",0x03D4F0,0x03CEE0
1764,0x03D53D,0x03D58E,7,81,38,,"
乔:你小子有一套,那么这个浅红徽章就交给你了,有了浅红徽章就能在大海中使用冲浪术了!",0x03D53E,0x03CEE2
1765,0x03D58F,0x03D5E0,7,81,36,,"
服务员:欢迎来到狩猎场!在这广大的狩猎广场有很多特有的宠物精灵,一次500元!要进去吗?",0x03D590,0x03CEE4
1766,0x03D5E1,0x03D5F4,7,19,8,,"
是嘛!那下次再来啊!",0x03D5E2,0x03CEE6
1767,0x03D5F5,0x03D612,7,29,11,,"
那么请进收您500元!祝您好运!!",0x03D5F6,0x03CEE8
1768,0x03D613,0x03D649,7,54,25,,"
男孩:这里是最深处平时都没有人会来,我就送件礼物给你吧!",0x03D614,0x03CEEA
1769,0x03D64A,0x03D65B,7,17,7,,"
得到特技03冲浪术",0x03D64B,0x03CEEC
1770,0x03D65C,0x03D6D2,7,118,55,,"
男孩:特技03是冲浪术,你可以坐在宠物精灵身上通过水面!而且这个技能机器是用后也不会消失的!能拿到这么好的奖品你还真是幸运!",0x03D65D,0x03CEEE
1771,0x03D6D3,0x03D6DC,7,9,4,,"
得到金牙",0x03D6D4,0x03CEF0
1772,0x03D6DD,0x03D719,7,60,26,,"
园长:哎呀我的金牙不知道到哪里去了...不会掉到狩猎区去了吧...",0x03D6DE,0x03CEF2
1773,0x03D71A,0x03D790,7,118,55,,"
园长:那个是我的金牙!!抱歉真是谢谢你的帮助!不要对任何人说哦,我的假牙丢了连办公室都不敢去露脸呢!为了谢谢你给你个好东西!",0x03D71B,0x03CEF4
1774,0x03D791,0x03D7A2,7,17,7,,"
得到秘传04怪力术",0x03D792,0x03CEF6
1775,0x03D7A3,0x03D7CC,7,41,17,,"
园长:秘传04是怪力术,能推开挡路的大石头!!",0x03D7A4,0x03CEF8
1776,0x03D7CD,0x03D825,7,88,37,,"
守卫:好渴啊...想喝水...什么?这个矿泉水真的要送给我??好吧为了答谢你就特别的放你过去吧...",0x03D7CE,0x03CEFA
1777,0x03D826,0x03D83C,7,22,9,,"
火箭队:小鬼滚一边去!!",0x03D827,0x03CEFC
1778,0x03D83D,0x03D85F,7,34,15,,"
火箭队:在那边的小鬼别到这里徘徊!!",0x03D83E,0x03CEFE
1779,0x03D860,0x03D881,7,33,14,,"
火箭队:老大想侵占这栋新力公司...",0x03D861,0x03CF00
1780,0x03D882,0x03D8A1,7,31,14,,"
火箭队:我就是火箭队四兄弟之一!",0x03D883,0x03CF02
1781,0x03D8A2,0x03D8D1,7,47,22,,"
火箭队:如果控制了新力就能把宠物精灵卖个好价钱!",0x03D8A3,0x03CF04
1782,0x03D8D2,0x03D8F1,7,31,13,,"
火箭队:妨碍我的家伙,太可恶了!!",0x03D8D3,0x03CF06
1783,0x03D8F2,0x03D903,7,17,6,,"
火箭队:我错了...",0x03D8F3,0x03CF08
1784,0x03D904,0x03D91C,7,24,10,,"
火箭队:发现可疑的家伙!!",0x03D905,0x03CF0A
1785,0x03D91D,0x03D934,7,23,10,,"
火箭队:你到底是什么人?",0x03D91E,0x03CF0C
1786,0x03D935,0x03D94F,7,26,11,,"
火箭队:又是你在这里捣乱!?",0x03D936,0x03CF0E
1787,0x03D950,0x03D963,7,19,7,,"
火箭队:请随便看...",0x03D951,0x03CF10
1788,0x03D964,0x03D978,7,20,9,,"
火箭队:没见过的家伙",0x03D965,0x03CF12
1789,0x03D979,0x03D9A4,7,43,20,,"
火箭队:打倒我你就满足了吗?我是不会让你赢的",0x03D97A,0x03CF14
1790,0x03D9A5,0x03D9C6,7,33,14,,"
火箭队:能来到这里你还真有办法...",0x03D9A6,0x03CF16
1791,0x03D9C7,0x03DA04,7,61,29,,"
火箭队:我真要夸奖你能顺利到这来,但社长室可没这么容易让你过去",0x03D9C8,0x03CF18
1792,0x03DA05,0x03DA2D,7,40,18,,"
火箭队:这个新力公司被我们火箭队占据了!!",0x03DA06,0x03CF1A
1793,0x03DA2E,0x03DA41,7,19,8,,"
火箭队:火箭队万岁!",0x03DA2F,0x03CF1C
1794,0x03DA42,0x03DA55,7,19,8,,"
火箭队:你想干什么?",0x03DA43,0x03CF1E
1795,0x03DA56,0x03DA68,7,18,8,,"
火箭队:可恶的家伙",0x03DA57,0x03CF20
1796,0x03DA69,0x03DA83,7,26,12,,"
火箭队:新力已经是我们的了",0x03DA6A,0x03CF22
1797,0x03DA84,0x03DAA2,7,30,12,,"
火箭队:别打我,我也是被逼的...",0x03DA85,0x03CF24
1798,0x03DAA3,0x03DAD1,7,46,21,,"
大姐头:老大已经在这里我们就没有什么好害怕的!!",0x03DAA4,0x03CF26
1799,0x03DAD2,0x03DAFC,7,42,20,,"
大姐头:我是新力的社员同时也是火箭队的一员",0x03DAD3,0x03CF28
1800,0x03DAFD,0x03DB20,7,35,16,,"
火箭队:我也是火箭队四兄弟其中之一!",0x03DAFE,0x03CF2A
1801,0x03DB21,0x03DB41,7,32,14,,"
火箭队:算了,我弟弟会为我报仇的!",0x03DB22,0x03CF2C
1802,0x03DB42,0x03DB69,7,39,18,,"
火箭队:刚刚有消息说有小孩在这附近徘徊!",0x03DB43,0x03CF2E
1803,0x03DB6A,0x03DB87,7,29,12,,"
火箭队:不要反抗火箭队的好...",0x03DB6B,0x03CF30
1804,0x03DB88,0x03DB9B,7,19,8,,"
火箭队:你敢小看我?",0x03DB89,0x03CF32
1805,0x03DB9C,0x03DBB0,7,20,9,,"
火箭队:小看就小看吧",0x03DB9D,0x03CF34
1806,0x03DBB1,0x03DC18,7,103,47,,"
小茂:等你很久了小智!!我就知道在这等你会出现的!好像被火箭队为难了!反正与我无关!!让我看看你底有没有变强!",0x03DBB2,0x03CF36
1807,0x03DC19,0x03DC76,7,93,40,,"
小茂:开玩笑...那小智我先走了...我还要去精灵联盟挑战最强的四天王啊!!小智你也要加油喔!再见了!!",0x03DC1A,0x03CF38
1808,0x03DC77,0x03DCA3,7,44,20,,"
火箭队:等等!老大在谈重要的事不能让你去打扰!",0x03DC78,0x03CF3A
1809,0x03DCA4,0x03DCB1,7,13,5,,"
小智:你们是?",0x03DCA5,0x03CF3C
1810,0x03DCB2,0x03DCCC,7,26,12,,"
武藏:既然你诚心诚意的问了",0x03DCB3,0x03CF3E
1811,0x03DCCD,0x03DCEE,7,33,15,,"
小次郎:那我就大发慈悲的告诉你们!",0x03DCCE,0x03CF40
1812,0x03DCEF,0x03DD07,7,24,11,,"
武藏:为了防止世界被破坏",0x03DCF0,0x03CF42
1813,0x03DD08,0x03DD23,7,27,12,,"
小次郎:为了维护世界的和平.",0x03DD09,0x03CF44
1814,0x03DD24,0x03DD3C,7,24,11,,"
武藏:坚持爱与真实的罪恶",0x03DD25,0x03CF46
1815,0x03DD3D,0x03DD58,7,27,12,,"
小次郎:最有魅力的反派人物!",0x03DD3E,0x03CF48
1816,0x03DD59,0x03DD64,7,11,4,,"
武藏:武藏!",0x03DD5A,0x03CF4A
1817,0x03DD65,0x03DD74,7,15,6,,"
小次郎:小次郎!",0x03DD66,0x03CF4C
1818,0x03DD75,0x03DD94,7,31,14,,"
武藏:我们是穿过银河系的火箭队!",0x03DD76,0x03CF4E
1819,0x03DD95,0x03DDB7,7,34,15,,"
小次郎:白洞,白色的明天在等着我们!",0x03DD96,0x03CF50
1820,0x03DDB8,0x03DDCA,7,18,6,,"
喵喵:说的对!喵...",0x03DDB9,0x03CF52
1821,0x03DDCB,0x03DDE4,7,25,10,,"
小次郎:果然和平常一样...",0x03DDCC,0x03CF54
1822,0x03DDE5,0x03DDFC,7,23,9,,"
武藏:好讨厌的感觉哟...",0x03DDE6,0x03CF56
1823,0x03DDFD,0x03DE08,7,11,3,,"
喵喵:喵...",0x03DDFE,0x03CF58
1824,0x03DE09,0x03DE6D,7,100,45,,"
老大:哦?小智啊?又见面了...我现在在和新力的社员谈工作的事情.大人的世界小孩千万别插嘴!不然会很难看的!",0x03DE0A,0x03CF5A
1825,0x03DE6E,0x03DEE1,7,115,53,,"
老大:混蛋!没办法只好暂时放弃新力!我们火箭队是不灭的!所有的怪兽是为我们火箭队而存在的!小智你千万不要忘了!我先走了!!",0x03DE6F,0x03CF5C
1826,0x03DEE2,0x03DF0E,7,44,20,,"
秘书:呀真是谢谢你的相救!我和社长充满感激啊!",0x03DEE3,0x03CF5E
1827,0x03DF0F,0x03DF7A,7,107,48,,"
社长:少年!谢谢你救了我,在我最需要帮助的时候救了我!这恩情我不会忘的...对了!这礼物可不能忘了!就给你这个好吗?",0x03DF10,0x03CF60
1828,0x03DF7B,0x03DF86,7,11,5,,"
得到大师球",0x03DF7C,0x03CF62
1829,0x03DF87,0x03DF9E,7,23,10,,"
空手道:还不想说道歉吗?",0x03DF88,0x03CF64
1830,0x03DF9F,0x03DFC6,7,39,18,,"
空手道:这里是全国格斗家所聚集的道馆啊!",0x03DFA0,0x03CF66
1831,0x03DFC7,0x03DFEA,7,35,15,,"
跆拳道:听说你很强,那我就不客气了!!",0x03DFC8,0x03CF68
1832,0x03DFEB,0x03E01F,7,52,24,,"
空手道:大当家是格斗家之神,想挑战你要有相当的觉悟啊!",0x03DFEC,0x03CF6A
1833,0x03E020,0x03E03D,7,29,13,,"
空手道:硬的东西一点都不可怕!",0x03E021,0x03CF6C
1834,0x03E03E,0x03E05A,7,28,13,,"
空手道:格斗家害怕的是超能力",0x03E03F,0x03CF6E
1835,0x03E05B,0x03E06E,7,19,8,,"
跆拳道:你想踢馆啊?",0x03E05C,0x03CF70
1836,0x03E06F,0x03E08B,7,28,13,,"
空手道:格斗家害怕的是超能力",0x03E070,0x03CF72
1837,0x03E08C,0x03E0C4,7,56,25,,"
二当家:我是这个道馆的二当家,你想踢馆!那不能饶恕你!!看招",0x03E08D,0x03CF74
1838,0x03E0C5,0x03E0E1,7,28,12,,"
二当家:看大当家怎么对付你!!",0x03E0C6,0x03CF76
1839,0x03E0E2,0x03E10A,7,40,18,,"
大当家:我是这个道馆的大当家,你会后悔的!",0x03E0E3,0x03CF78
1840,0x03E10B,0x03E168,7,93,41,,"
大当家:我输了...你千万别摘我的招牌,不如我送给你我最珍贵的怪兽吧...你是喜欢空手道还是跆拳道??",0x03E10C,0x03CF7A
1841,0x03E169,0x03E174,7,11,5,,"
得到艾比郎",0x03E16A,0x03CF7C
1842,0x03E175,0x03E1B6,7,65,29,,"
裁判:未来的冠军!娜梅的精灵是使用超能力的...格斗系的攻击是没用的!",0x03E176,0x03CF7E
1843,0x03E1B7,0x03E1EA,7,51,24,,"
超能力:娜梅年纪轻轻就掌管这个金黄道馆实力不容小看!",0x03E1B8,0x03CF80
1844,0x03E1EB,0x03E22A,7,63,28,,"
超能力:告诉你吧,曾经金黄市有两个道馆,隔壁的道馆在比赛中输了...",0x03E1EC,0x03CF82
1845,0x03E22B,0x03E253,7,40,18,,"
精神师:你知道吗?精灵只靠力量是不会赢的!",0x03E22C,0x03CF84
1846,0x03E254,0x03E269,7,21,9,,"
超能力:我怎么会输呢?",0x03E255,0x03CF86
1847,0x03E26A,0x03E293,7,41,19,,"
精神师:使用看不到的力量就是使用不超能力!",0x03E26B,0x03CF88
1848,0x03E294,0x03E2A7,7,19,8,,"
超能力:有这样的事?",0x03E295,0x03CF8A
1849,0x03E2A8,0x03E2C3,7,27,11,,"
超能力:娜梅比我还年轻啊...",0x03E2A9,0x03CF8C
1850,0x03E2C4,0x03E2EB,7,39,18,,"
超能力:想赢娜梅的话必须要有强大的念力!",0x03E2C5,0x03CF8E
1851,0x03E2EC,0x03E30D,7,33,15,,"
超能力:精灵性格会像主人你知道吗?",0x03E2ED,0x03CF90
1852,0x03E30E,0x03E327,7,25,10,,"
超能力:嗯...看来你明白啊",0x03E30F,0x03CF92
1853,0x03E328,0x03E344,7,28,12,,"
精神师:哦,你不想学超能力吗?",0x03E329,0x03CF94
1854,0x03E345,0x03E35C,7,23,9,,"
超能力:不想学就算了...",0x03E346,0x03CF96
1855,0x03E35D,0x03E371,7,20,9,,"
超能力:你想见娜梅吧",0x03E35E,0x03CF98
1856,0x03E372,0x03E388,7,22,10,,"
超能力:我不会阻止你的",0x03E373,0x03CF9A
1857,0x03E389,0x03E3D5,7,76,35,,"
娜梅:我有预感你会来,我是超能力少女,我不喜欢战斗,不过我可以让你看看我的厉害!",0x03E38A,0x03CF9C
1858,0x03E3D6,0x03E43B,7,101,46,,"
娜梅:好吧金色徽章就给你吧!还有技能机器40也拿去吧.技能机器40是精神波动!强大的念力使对方受到巨大的伤害",0x03E3D7,0x03CF9E
1859,0x03E43C,0x03E449,7,13,6,,"
得到金色徽章",0x03E43D,0x03CFA0
1860,0x03E44A,0x03E459,7,15,6,,"
得到技能机器40",0x03E44B,0x03CFA2
1861,0x03E45A,0x03E46F,7,21,9,,"
游泳男:和我一起玩吧!",0x03E45B,0x03CFA4
1862,0x03E470,0x03E48B,7,27,12,,"
游泳男:对不起,我知道你很忙",0x03E471,0x03CFA6
1863,0x03E48C,0x03E4A8,7,28,13,,"
游泳男:大海是所有生命的源泉",0x03E48D,0x03CFA8
1864,0x03E4A9,0x03E4C8,7,31,14,,"
游泳男:我明白了!你说的都是对的",0x03E4AA,0x03CFAA
1865,0x03E4C9,0x03E4DD,7,20,9,,"
游泳男:没见过的面孔",0x03E4CA,0x03CFAC
1866,0x03E4DE,0x03E4FC,7,30,14,,"
游泳男:你是我见过最强的训练师",0x03E4DF,0x03CFAE
1867,0x03E4FD,0x03E519,7,28,13,,"
游泳男:说什么也不能让你过去",0x03E4FE,0x03CFB0
1868,0x03E51A,0x03E52E,7,20,9,,"
游泳男:和你开玩笑的",0x03E51B,0x03CFB2
1869,0x03E52F,0x03E540,7,17,6,,"
游泳男:哈哈哈...",0x03E530,0x03CFB4
1870,0x03E541,0x03E54F,7,14,6,,"
游泳男:没什么",0x03E542,0x03CFB6
1871,0x03E550,0x03E563,7,19,8,,"
游泳男:你惹火了我!",0x03E551,0x03CFB8
1872,0x03E564,0x03E579,7,21,8,,"
游泳男:我的火灭了...",0x03E565,0x03CFBA
1873,0x03E57A,0x03E591,7,23,10,,"
游泳女:不要盯着人家看!",0x03E57B,0x03CFBC
1874,0x03E592,0x03E5A2,7,16,7,,"
游泳女:请随便看",0x03E593,0x03CFBE
1875,0x03E5A3,0x03E5B6,7,19,8,,"
游泳女:你想干什么?",0x03E5A4,0x03CFC0
1876,0x03E5B7,0x03E5CF,7,24,11,,"
游泳女:想干什么都可以啦",0x03E5B8,0x03CFC2
1877,0x03E5D0,0x03E5E3,7,19,8,,"
游泳女:你要去哪里?",0x03E5D1,0x03CFC4
1878,0x03E5E4,0x03E5FF,7,27,11,,"
游泳女:你去哪里我管不着...",0x03E5E5,0x03CFC6
1879,0x03E600,0x03E615,7,21,9,,"
游泳男:我比你长的帅!",0x03E601,0x03CFC8
1880,0x03E616,0x03E633,7,29,13,,"
游泳男:原来你长的比我还帅啊!",0x03E617,0x03CFCA
1881,0x03E634,0x03E64A,7,22,10,,"
游泳男:不要和我开玩笑",0x03E635,0x03CFCC
1882,0x03E64B,0x03E65C,7,17,6,,"
游泳男:对不起...",0x03E64C,0x03CFCE
1883,0x03E65D,0x03E67D,7,32,15,,"
游泳男:水系精灵也有防御力高的哦",0x03E65E,0x03CFD0
1884,0x03E67E,0x03E6A2,7,36,15,,"
游泳男:不错,高防御你都有办法对付...",0x03E67F,0x03CFD2
1885,0x03E6A3,0x03E6B9,7,22,10,,"
游泳女:不要愁眉苦脸的",0x03E6A4,0x03CFD4
1886,0x03E6BA,0x03E6CC,7,18,8,,"
游泳女:和我约会吧",0x03E6BB,0x03CFD6
1887,0x03E6CD,0x03E6E0,7,19,8,,"
游泳女:再看我揍你!",0x03E6CE,0x03CFD8
1888,0x03E6E1,0x03E6F2,7,17,7,,"
游泳女:我不敢了!",0x03E6E2,0x03CFDA
1889,0x03E6F3,0x03E6FA,7,7,3,,"
游泳女",0x03E6F4,0x03CFDC
1890,0x03E6FB,0x03E702,7,7,3,,"
游泳女",0x03E6FC,0x03CFDE
1891,0x03E703,0x03E711,7,14,3,,"
急冻鸟:......",0x03E704,0x03CFE0
1892,0x03E712,0x03E729,7,23,10,,"
滑雪女:你到过双子岛吗?",0x03E713,0x03CFE2
1893,0x03E72A,0x03E74B,7,33,14,,"
滑雪女:传说里面有传说中的精灵...",0x03E72B,0x03CFE4
1894,0x03E74C,0x03E75D,7,17,7,,"
成熟姐姐:又是你?",0x03E74D,0x03CFE6
1895,0x03E75E,0x03E77B,7,29,13,,"
成熟姐姐:如何,不想和我约会吗",0x03E75F,0x03CFE8
1896,0x03E77C,0x03E790,7,20,9,,"
游泳女:好可爱的样子",0x03E77D,0x03CFEA
1897,0x03E791,0x03E7A9,7,24,9,,"
游泳女:是吗?太可惜了...",0x03E792,0x03CFEC
1898,0x03E7AA,0x03E7C7,7,29,12,,"
游泳男:我怎么都要让你知道...",0x03E7AB,0x03CFEE
1899,0x03E7C8,0x03E7E1,7,25,11,,"
游泳男:我想你已经知道了!",0x03E7C9,0x03CFF0
1900,0x03E7E2,0x03E7F9,7,23,10,,"
滑雪男:什么我耳朵不好!",0x03E7E3,0x03CFF2
1901,0x03E7FA,0x03E80C,7,18,8,,"
滑雪男:现在听到了",0x03E7FB,0x03CFF4
1902,0x03E80D,0x03E82B,7,30,14,,"
成熟姐姐:在这不远就是红莲镇了",0x03E80E,0x03CFF6
1903,0x03E82C,0x03E852,7,38,18,,"
成熟姐姐:红莲镇经常会有火山爆发的情况",0x03E82D,0x03CFF8
1904,0x03E853,0x03E873,7,32,15,,"
研究员:在这每天都有对精灵的研究",0x03E854,0x03CFFA
1905,0x03E874,0x03E89F,7,43,20,,"
小孩:我在观月山发现的化石好象是珍贵的化石!",0x03E875,0x03CFFC
1906,0x03E8A0,0x03E8CF,7,47,22,,"
博士:我一直都在研究珍贵的化石你有不错的化石吗?",0x03E8A1,0x03CFFE
1907,0x03E8D0,0x03E925,7,85,39,,"
博士:啊?这个是古代菊石兽的化石!!如果使用我的再生机器一定可以让他复活!!把化石交给我吧",0x03E8D1,0x03D000
1908,0x03E926,0x03E93B,7,21,10,,"
再生机器再生出菊石兽",0x03E927,0x03D002
1909,0x03E93C,0x03E947,7,11,5,,"
得到菊石兽",0x03E93D,0x03D004
1910,0x03E948,0x03E99D,7,85,39,,"
博士:啊?这个是古代化石盔的化石!!如果使用我的再生机器一定可以让他复活!!把化石交给我吧",0x03E949,0x03D006
1911,0x03E99E,0x03E9B3,7,21,10,,"
再生机器再生出化石盔",0x03E99F,0x03D008
1912,0x03E9B4,0x03E9BF,7,11,5,,"
得到化石盔",0x03E9B5,0x03D00A
1913,0x03E9C0,0x03E9DA,7,26,12,,"
小偷:这种地方没想到还有人",0x03E9C1,0x03D00C
1914,0x03E9DB,0x03E9EE,7,19,7,,"
小偷:我知道错了...",0x03E9DC,0x03D00E
1915,0x03E9EF,0x03EA01,7,18,8,,"
研究员:你来干什么",0x03E9F0,0x03D010
1916,0x03EA02,0x03EA14,7,18,8,,"
研究员:请随便参观",0x03EA03,0x03D012
1917,0x03EA15,0x03EA33,7,30,14,,"
研究员:这个研究所被火山给毁了",0x03EA16,0x03D014
1918,0x03EA34,0x03EA55,7,33,14,,"
研究员:这里面应该有珍稀的精灵...",0x03EA35,0x03D016
1919,0x03EA56,0x03EA69,7,19,8,,"
小偷:糟了!被发现了",0x03EA57,0x03D018
1920,0x03EA6A,0x03EA78,7,14,6,,"
小偷:放过我吧",0x03EA6B,0x03D01A
1921,0x03EA79,0x03EA99,7,32,15,,"
研究员:这里不是你这种小孩能来的",0x03EA7A,0x03D01C
1922,0x03EA9A,0x03EAAD,7,19,7,,"
研究员:真不小心...",0x03EA9B,0x03D01E
1923,0x03EAAE,0x03EAD5,7,39,18,,"
裁判:未来的冠军!热情的阿桂是炎系的行家",0x03EAAF,0x03D020
1924,0x03EAD6,0x03EAF7,7,33,15,,"
小偷:以前我是小偷,如今金盆洗手了",0x03EAD7,0x03D022
1925,0x03EAF8,0x03EB0E,7,22,10,,"
小偷:哈哈你可以过去了",0x03EAF9,0x03D024
1926,0x03EB0F,0x03EB24,7,21,9,,"
研究员:能过我这关吗?",0x03EB10,0x03D026
1927,0x03EB25,0x03EB3D,7,24,11,,"
研究员:哈哈你可以过去了",0x03EB26,0x03D028
1928,0x03EB3E,0x03EB54,7,22,9,,"
研究员:火系是最强的!!",0x03EB3F,0x03D02A
1929,0x03EB55,0x03EB70,7,27,11,,"
研究员:还需要多做点研究...",0x03EB56,0x03D02C
1930,0x03EB71,0x03EB90,7,31,14,,"
研究员:反正就是喜欢炎系的精灵!",0x03EB72,0x03D02E
1931,0x03EB91,0x03EBA4,7,19,7,,"
研究员:烧起来了...",0x03EB92,0x03D030
1932,0x03EBA5,0x03EBC2,7,29,13,,"
研究员:你知道精灵喜欢什么吗?",0x03EBA6,0x03D032
1933,0x03EBC3,0x03EBD4,7,17,6,,"
研究员:怎么会...",0x03EBC4,0x03D034
1934,0x03EBD5,0x03EBF9,7,36,17,,"
小偷:去过许多道馆这个道馆最适合偷了",0x03EBD6,0x03D036
1935,0x03EBFA,0x03EC04,7,10,4,,"
小偷:好热",0x03EBFB,0x03D038
1936,0x03EC05,0x03EC20,7,27,11,,"
研究员:火系还是有弱点啊...",0x03EC06,0x03D03A
1937,0x03EC21,0x03EC45,7,36,17,,"
研究员:火对水确实没办法但比冰系要强",0x03EC22,0x03D03C
1938,0x03EC46,0x03EC99,7,83,38,,"
阿桂:我是热情的男子汉!!这个火焰之岛红莲岛道馆的馆主就是我!!看看我的火焰精灵的厉害!",0x03EC47,0x03D03E
1939,0x03EC9A,0x03ECEA,7,80,37,,"
阿桂:哈哈你更适合拥有红色徽章!我输的心服口服...红色徽章能提高你所有精灵的攻击力",0x03EC9B,0x03D040
1940,0x03ECEB,0x03ED07,7,28,13,,"
游泳男:我看见你的样子就不爽",0x03ECEC,0x03D042
1941,0x03ED08,0x03ED28,7,32,14,,"
游泳男:别以为你打败我就会改口!!",0x03ED09,0x03D044
1942,0x03ED29,0x03ED54,7,43,19,,"
游泳男:不自量力的家伙,看我打的你满地找牙!!",0x03ED2A,0x03D046
1943,0x03ED55,0x03ED66,7,17,6,,"
游泳男:我错了...",0x03ED56,0x03D048
1944,0x03ED67,0x03ED84,7,29,12,,"
游泳男:再过去就是真新镇了...",0x03ED68,0x03D04A
1945,0x03ED85,0x03ED9F,7,26,12,,"
游泳男:你的家就在真新镇啊",0x03ED86,0x03D04C
1946,0x03EDA0,0x03EDB4,7,20,8,,"
游泳女:你好,比试一?",0x03EDA1,0x03D04E
1947,0x03EDB5,0x03EDC5,7,16,7,,"
游泳女:真不甘心",0x03EDB6,0x03D050
1948,0x03EDC6,0x03EDE5,7,31,14,,"
游泳男:我的鲤鱼王队伍天下无双!",0x03EDC7,0x03D052
1949,0x03EDE6,0x03EDFD,7,23,9,,"
游泳男:真糟糕...大败了",0x03EDE7,0x03D054
1950,0x03EDFE,0x03EE32,7,52,23,,"
裁判:未来的冠军!这个常青道馆的首领是谁我也不知道...",0x03EDFF,0x03D056
1951,0x03EE33,0x03EE4E,7,27,12,,"
空手道:我不会让你再前进的!",0x03EE34,0x03D058
1952,0x03EE4F,0x03EE82,7,51,23,,"
空手道:目标是精灵联盟啊!有志气的小孩!训兽师:不要怕",0x03EE50,0x03D05A
1953,0x03EE83,0x03EE9D,7,26,9,,"
训兽师:请...空手道:来吧!!",0x03EE84,0x03D05C
1954,0x03EE9E,0x03EED5,7,55,25,,"
空手道:如果我能像老大那么强就好了!训兽师:差不多该走了!",0x03EE9F,0x03D05E
1955,0x03EED6,0x03EF0F,7,57,26,,"
训兽师:没有体力是不能赢老大的!空手道:我的愤怒已到最高点!",0x03EED7,0x03D060
1956,0x03EF10,0x03EF4B,7,59,26,,"
空手道:练习还不够啊...训兽师:我与精灵之间的沟通是最在行的!",0x03EF11,0x03D062
1957,0x03EF4C,0x03EF90,7,68,31,,"
训兽师:该死!你知道我是谁吗?空手道:真正强的训练家连赢的方法都很漂亮!",0x03EF4D,0x03D064
1958,0x03EF91,0x03EFBF,7,46,19,,"
空手道:我输了,老大会生气的...训兽师:我是天才!",0x03EF92,0x03D066
1959,0x03EFC0,0x03F006,7,70,31,,"
训兽师:如果你能胜我们老大的话就能朝精灵联盟前进!老大:哈哈,又见面了...",0x03EFC1,0x03D068
1960,0x03F007,0x03F032,7,43,19,,"
小智:火箭队的老大??难道你是这个道馆的主人?",0x03F008,0x03D06A
1961,0x03F033,0x03F0A1,7,110,51,,"
老大:哈哈,这里是我藏身的地方!既然被你发现那就没办法了.我可不会手下留情的!再让你尝尝最强的训练师我沙奇的厉害!!",0x03F034,0x03D06C
1962,0x03F0A2,0x03F144,7,162,77,,"
老大:虽然不想承认但我还是输了,按照约定这个黑色徽章就交给你了,你一定能成为一位厉害的训练家.我想从今起重新开始我的精灵修行之旅!想暂时解散火箭队!有缘的话我们再见吧!",0x03F0A3,0x03D06E
1963,0x03F145,0x03F176,7,49,22,,"
火箭队:等等!你居然害我们失业了我们不会饶恕你的!!",0x03F146,0x03D070
1964,0x03F177,0x03F184,7,13,5,,"
小智:你们是?",0x03F178,0x03D072
1965,0x03F185,0x03F19F,7,26,12,,"
武藏:既然你诚心诚意的问了",0x03F186,0x03D074
1966,0x03F1A0,0x03F1C1,7,33,15,,"
小次郎:那我就大发慈悲的告诉你们!",0x03F1A1,0x03D076
1967,0x03F1C2,0x03F1DA,7,24,11,,"
武藏:为了防止世界被破坏",0x03F1C3,0x03D078
1968,0x03F1DB,0x03F1F6,7,27,12,,"
小次郎:为了维护世界的和平.",0x03F1DC,0x03D07A
1969,0x03F1F7,0x03F20F,7,24,11,,"
武藏:坚持爱与真实的罪恶",0x03F1F8,0x03D07C
1970,0x03F210,0x03F22B,7,27,12,,"
小次郎:最有魅力的反派人物!",0x03F211,0x03D07E
1971,0x03F22C,0x03F237,7,11,4,,"
武藏:武藏!",0x03F22D,0x03D080
1972,0x03F238,0x03F243,7,11,5,,"
得到沙瓦郎",0x03F239,0x03D082
1973,0x03F244,0x03F25E,7,26,11,,"
娜梅:你还有什么事嘛!讨厌!",0x03F245,0x03D084
1974,0x03F25F,0x03F276,7,23,8,,"
你真是个难缠的人......",0x03F260,0x03D086
