surface,stable_key,domain,source_text,previous_english,reviewed_english,status,review_class,reason,encoded_length,layout
catalogue,MAIN:0x0301C4,fixed_or_dynamic,南晶公司版权所有,(c) Nanjing Co. All rights reserved.,(c) Nanjing Co. All rights reserved.,reviewed_no_change,full_corpus_review,"Reviewed against Chinese source, runtime role, and English style; no certain change required.",36,
catalogue,MAIN:0x0301D7,fixed_or_dynamic,出来了!, appeared!, appeared!,corrected,dynamic_layout_24,Keeps the wild-appearance suffix on the engine-provided second row.,10,
catalogue,MAIN:0x0301EB,fixed_or_dynamic,冲啊!,Go! ,Go! ,reviewed_no_change,full_corpus_review,"Reviewed against Chinese source, runtime role, and English style; no certain change required.",4,
catalogue,MAIN:0x0301F0,fixed_or_dynamic,野生的,Wild ,Wild ,reviewed_no_change,full_corpus_review,"Reviewed against Chinese source, runtime role, and English style; no certain change required.",5,
catalogue,MAIN:0x0301F9,fixed_or_dynamic,不行了!, fainted!, fainted!,reviewed_no_change,full_corpus_review,"Reviewed against Chinese source, runtime role, and English style; no certain change required.",9,
catalogue,MAIN:0x030203,fixed_or_dynamic,经验值得到了!,Exp. gained!,Exp. gained!,reviewed_no_change,full_corpus_review,"Reviewed against Chinese source, runtime role, and English style; no certain change required.",12,
catalogue,MAIN:0x030210,fixed_or_dynamic,情况不妙快逃!,Got away safely!,Got away safely!,reviewed_no_change,full_corpus_review,"Reviewed against Chinese source, runtime role, and English style; no certain change required.",16,
catalogue,MAIN:0x030221,fixed_or_dynamic,小智使用了,Ash used ,Ash used ,reviewed_no_change,full_corpus_review,"Reviewed against Chinese source, runtime role, and English style; no certain change required.",9,
catalogue,MAIN:0x03022A,fixed_or_dynamic,将,Gotcha! ,Gotcha! ,reviewed_no_change,full_corpus_review,"Reviewed against Chinese source, runtime role, and English style; no certain change required.",8,
catalogue,MAIN:0x030230,fixed_or_dynamic,不行啊!,Oh no! ,Oh no! ,reviewed_no_change,full_corpus_review,"Reviewed against Chinese source, runtime role, and English style; no certain change required.",7,
catalogue,MAIN:0x030242,fixed_or_dynamic,从精灵球中跑出来了, broke out of the Poké Ball!, broke free!,corrected,dynamic_layout_24,Uses the compact Gen I capture-failure formula on the engine-provided second row.,12,
catalogue,MAIN:0x03024E,fixed_or_dynamic,抓到了, was caught!, was caught!,corrected,dynamic_layout_24,Keeps the capture-success suffix on the engine-provided second row.,12,
catalogue,MAIN:0x030262,fixed_or_dynamic,使用了, sent out , sent out ,reviewed_no_change,full_corpus_review,"Reviewed against Chinese source, runtime role, and English style; no certain change required.",10,
catalogue,MAIN:0x03026D,fixed_or_dynamic,不行!胜负的关键不能逃!,No! There's no running from a Trainer battle!,"No! There's no running
from a Trainer battle!",corrected,dynamic_layout_24,Keeps the complete Gen I Trainer-battle escape formula across two bounded rows.,45,
catalogue,MAIN:0x030290,fixed_or_dynamic,不行!这是偷盗行为!,No! That would be stealing!,"No! That would be
stealing!",corrected,dynamic_layout_24,Keeps the complete Gen I stealing warning across two bounded rows.,27,
catalogue,MAIN:0x0302A9,fixed_or_dynamic,请准备应战,Your turn!,Your turn!,reviewed_no_change,full_corpus_review,"Reviewed against Chinese source, runtime role, and English style; no certain change required.",10,
catalogue,MAIN:0x0302BF,fixed_or_dynamic,使用, used , used ,reviewed_no_change,full_corpus_review,"Reviewed against Chinese source, runtime role, and English style; no certain change required.",6,
catalogue,MAIN:0x0302C5,fixed_or_dynamic,效果一般!,It was effective!,It was effective!,reviewed_no_change,full_corpus_review,"Reviewed against Chinese source, runtime role, and English style; no certain change required.",17,
catalogue,MAIN:0x0302CF,fixed_or_dynamic,效果不好!,It wasn't very effective!,It's not very effective!,corrected,dynamic_layout_24,Uses the canonical effectiveness formula in exactly 24 artifact-free cells.,24,
catalogue,MAIN:0x0302E4,fixed_or_dynamic,没有效果!,It had no effect!,It had no effect!,reviewed_no_change,full_corpus_review,"Reviewed against Chinese source, runtime role, and English style; no certain change required.",17,
catalogue,MAIN:0x0302EE,fixed_or_dynamic,中毒了, was poisoned!, was poisoned!,reviewed_no_change,full_corpus_review,"Reviewed against Chinese source, runtime role, and English style; no certain change required.",14,
catalogue,MAIN:0x0302FA,fixed_or_dynamic,"中剧毒了
---

害怕了", was badly poisoned!, was badly poisoned!,corrected,dynamic_layout_24,Keeps the distinct bad-poison result natural on the engine-provided second row.,20,
catalogue,MAIN:0x030304,fixed_or_dynamic,被烧伤了, was burned!, was burned!,reviewed_no_change,full_corpus_review,"Reviewed against Chinese source, runtime role, and English style; no certain change required.",12,
catalogue,MAIN:0x03030E,fixed_or_dynamic,混乱了, became confused!, became confused!,corrected,dynamic_layout_24,Keeps the normal confusion result natural on the engine-provided second row.,17,
catalogue,MAIN:0x03031A,fixed_or_dynamic,冰冻了, was frozen!, was frozen!,reviewed_no_change,full_corpus_review,"Reviewed against Chinese source, runtime role, and English style; no certain change required.",12,
catalogue,MAIN:0x030324,fixed_or_dynamic,中毒了有损伤, was hurt by poison!, was hurt by poison!,corrected,dynamic_layout_24,Keeps poison damage intact on the engine-provided second row.,20,
catalogue,MAIN:0x030341,fixed_or_dynamic,睡着了, fell asleep!, fell asleep!,reviewed_no_change,full_corpus_review,"Reviewed against Chinese source, runtime role, and English style; no certain change required.",13,
catalogue,MAIN:0x03034B,fixed_or_dynamic,烧伤了有损伤, was hurt by its burn!, was hurt by its burn!,corrected,dynamic_layout_24,Keeps burn damage intact on the engine-provided second row.,22,
catalogue,MAIN:0x030364,fixed_or_dynamic,混乱了攻击自己, hurt itself in confusion!, hurt itself!,corrected,dynamic_layout_24,Uses the concise official battle sense without splitting a word.,13,
catalogue,MAIN:0x030373,fixed_or_dynamic,冰冻了不能动, is frozen and can't move!, is frozen solid!,corrected,dynamic_layout_24,Keeps the frozen/no-action state natural within one row.,17,
catalogue,MAIN:0x030381,fixed_or_dynamic,中剧毒了损伤, was hurt by severe poisoning!, was hurt by poison!,corrected,dynamic_layout_24,Keeps the severe-poison damage event clear without overflowing.,20,
catalogue,MAIN:0x030392,fixed_or_dynamic,害怕不能行动, flinched and couldn't move!, flinched!,corrected,dynamic_layout_24,Uses the concise Gen I flinch formula on the engine-provided second row.,10,
catalogue,MAIN:0x0303A1,fixed_or_dynamic,上升了, rose!, rose!,reviewed_no_change,full_corpus_review,"Reviewed against Chinese source, runtime role, and English style; no certain change required.",6,
catalogue,MAIN:0x0303A9,fixed_or_dynamic,不能再上升了, won't go any higher!, won't rise!,corrected,dynamic_layout_24,Keeps the stat-limit result grammatical alongside the longest stat label.,12,
catalogue,MAIN:0x0303BC,fixed_or_dynamic,下降了, fell!, fell!,reviewed_no_change,full_corpus_review,"Reviewed against Chinese source, runtime role, and English style; no certain change required.",6,
catalogue,MAIN:0x0303C8,fixed_or_dynamic,迅速下降了, fell sharply!, fell sharply!,reviewed_no_change,full_corpus_review,"Reviewed against Chinese source, runtime role, and English style; no certain change required.",14,
catalogue,MAIN:0x0303D6,fixed_or_dynamic,不能再下降了, won't go any lower!, won't fall!,corrected,dynamic_layout_24,Keeps the stat-limit result grammatical alongside the longest stat label.,12,
catalogue,MAIN:0x0303E6,fixed_or_dynamic,谢谢,Thanks!,Thanks!,reviewed_no_change,full_corpus_review,"Reviewed against Chinese source, runtime role, and English style; no certain change required.",7,
catalogue,MAIN:0x0303EB,fixed_or_dynamic,谢谢,Thanks!,Thanks!,reviewed_no_change,full_corpus_review,"Reviewed against Chinese source, runtime role, and English style; no certain change required.",7,
catalogue,MAIN:0x0303F0,fixed_or_dynamic,谢谢,Thanks!,Thanks!,reviewed_no_change,full_corpus_review,"Reviewed against Chinese source, runtime role, and English style; no certain change required.",7,
catalogue,MAIN:0x0303F6,fixed_or_dynamic,谢谢,Thanks!,Thanks!,reviewed_no_change,full_corpus_review,"Reviewed against Chinese source, runtime role, and English style; no certain change required.",7,
catalogue,MAIN:0x0303FC,fixed_or_dynamic,谢谢,Thanks!,Thanks!,reviewed_no_change,full_corpus_review,"Reviewed against Chinese source, runtime role, and English style; no certain change required.",7,
catalogue,MAIN:0x030403,fixed_or_dynamic,什么!?,What!?,What!?,reviewed_no_change,full_corpus_review,"Reviewed against Chinese source, runtime role, and English style; no certain change required.",6,
catalogue,MAIN:0x030409,fixed_or_dynamic,的样子...!, is evolving...!, is evolving!,corrected,dynamic_boundary,Removes the contradictory ellipsis-plus-exclamation ending from the dynamic evolution suffix.,13,
catalogue,MAIN:0x030417,fixed_or_dynamic,恭喜!,Congratulations!,Congrats! ,corrected,dynamic_layout_24,Keeps the evolution result plus a ten-cell Pokémon name within the first physical row.,10,
catalogue,MAIN:0x03041D,fixed_or_dynamic,啊!野生的,Wild ,Wild ,reviewed_no_change,full_corpus_review,"Reviewed against Chinese source, runtime role, and English style; no certain change required.",5,
catalogue,MAIN:0x030428,fixed_or_dynamic,学会了,learned,learned,reviewed_no_change,full_corpus_review,"Reviewed against Chinese source, runtime role, and English style; no certain change required.",7,
catalogue,MAIN:0x03043F,fixed_or_dynamic,四个技能已经满了!,It already knows four moves!,It knows four moves!,corrected,dynamic_layout_24,Keeps the full move-slot warning natural within one artifact-free row.,20,
catalogue,MAIN:0x030458,fixed_or_dynamic,要学会, wants to learn , wants to learn ,reviewed_no_change,full_corpus_review,"Reviewed against Chinese source, runtime role, and English style; no certain change required.",16,
catalogue,MAIN:0x03045F,fixed_or_dynamic,将, completely forgot how to use ,The move ,corrected,dynamic_layout_25,Starts a complete passive sentence with the forgotten move on row one; the verb is rendered alone on row two.,9,
catalogue,MAIN:0x030467,fixed_or_dynamic,是否,Yes  No,Yes  No,reviewed_no_change,full_corpus_review,"Reviewed against Chinese source, runtime role, and English style; no certain change required.",7,
catalogue,MAIN:0x030479,fixed_or_dynamic,忘记哪个技能?,Which move should be forgotten?,"Which move should be
forgotten?",corrected,dynamic_layout_24,Keeps the complete move-forgetting prompt across two bounded rows.,31,
catalogue,MAIN:0x030485,fixed_or_dynamic,用法完全忘记了!,!,was forgotten!,corrected,dynamic_layout_25,Completes the forgotten-move sentence on the engine-provided second row instead of leaving an orphan exclamation mark.,14,
catalogue,MAIN:0x03048C,fixed_or_dynamic,迅速上升了, rose sharply!, rose sharply!,reviewed_no_change,full_corpus_review,"Reviewed against Chinese source, runtime role, and English style; no certain change required.",14,
catalogue,MAIN:0x03049A,fixed_or_dynamic,而且学会了, and learned ,Learned move:,corrected,dynamic_layout_25,Introduces the newly learned move as a complete standalone result before the engine renders its name on row two.,13,
catalogue,MAIN:0x0304AB,fixed_or_dynamic,没有学习, did not learn , didn't learn,corrected,dynamic_layout_24,Fits Pokémon plus result on row one; the move is rendered separately on row two.,13,
catalogue,MAIN:0x0304C2,fixed_or_dynamic,聚集了太阳光, absorbed sunlight!, absorbed sunlight!,corrected,dynamic_layout_24,Keeps the charging message intact on the engine-provided second row.,19,
catalogue,MAIN:0x0304CF,fixed_or_dynamic,太阳光射出, unleashed solar energy!, unleashed solar energy!,corrected,dynamic_layout_24,Uses the complete solar-release message within exactly 24 cells.,24,
catalogue,MAIN:0x0304DB,fixed_or_dynamic,钻到了地下, burrowed underground!, burrowed underground!,corrected,dynamic_layout_24,Keeps the underground message intact on the engine-provided second row.,22,
catalogue,MAIN:0x0304E7,fixed_or_dynamic,迅速攻击, attacked swiftly!, attacked swiftly!,corrected,dynamic_layout_24,Keeps the swift-attack message intact on the engine-provided second row.,18,
catalogue,MAIN:0x0304F1,fixed_or_dynamic,蓄集力量, stored up power!, stored up power!,corrected,dynamic_layout_24,Keeps the stored-power message intact on the engine-provided second row.,17,
catalogue,MAIN:0x0304FB,fixed_or_dynamic,全力一击, struck with full force!, struck with full force!,corrected,dynamic_layout_24,Uses exactly 24 artifact-free cells on the engine-provided second row.,24,
catalogue,MAIN:0x030505,fixed_or_dynamic,蓄集力量, stored up power!, stored up power!,corrected,dynamic_layout_24,Applies the same bounded stored-power formula to the duplicate state.,17,
catalogue,MAIN:0x03050F,fixed_or_dynamic,全力一击, struck with full force!, struck with full force!,corrected,dynamic_layout_24,Applies the same bounded full-force formula to the duplicate state.,24,
catalogue,MAIN:0x030519,fixed_or_dynamic,蓄集打消, stopped storing power!, stopped storing power!,corrected,dynamic_layout_24,Keeps the release-cancel message intact on the engine-provided second row.,23,
catalogue,MAIN:0x030523,fixed_or_dynamic,飞上高空, flew high into the sky!, flew high into the sky!,corrected,dynamic_layout_24,Uses exactly 24 artifact-free cells on the engine-provided second row.,24,
catalogue,MAIN:0x03052D,fixed_or_dynamic,舍命一击, risked its life on one strike!, risked everything!,corrected,dynamic_layout_24,Keeps the one-strike risk in a natural compact formula.,19,
catalogue,MAIN:0x030537,fixed_or_dynamic,蓄集神力, gathered mystical power!, gathered mystical power!,corrected,dynamic_layout_25,Keeps the complete charge wording within the fully cleared 25-cell row.,25,
catalogue,MAIN:0x030541,fixed_or_dynamic,神力射出, unleashed mystical power!, released mystic power!,corrected,dynamic_layout_24,Keeps the release meaning within 22 second-row cells.,23,
catalogue,MAIN:0x03054B,fixed_or_dynamic,预知未来, foresaw an attack!, foresaw an attack!,corrected,dynamic_layout_24,Keeps the foresight message intact on the engine-provided second row.,19,
catalogue,MAIN:0x030555,fixed_or_dynamic,受到预知未来攻击, was struck by Future Sight!, hit by Future Sight!,corrected,dynamic_layout_24,Keeps the named move and result within one second row.,21,
catalogue,MAIN:0x030567,fixed_or_dynamic,吃掉了, ate , ate ,reviewed_no_change,full_corpus_review,"Reviewed against Chinese source, runtime role, and English style; no certain change required.",5,
catalogue,MAIN:0x03056F,fixed_or_dynamic,的梦,'s dream!,'s dream!,reviewed_no_change,full_corpus_review,"Reviewed against Chinese source, runtime role, and English style; no certain change required.",9,
catalogue,MAIN:0x030575,fixed_or_dynamic,发怒了, flew into a rage!, flew into a rage!,corrected,dynamic_layout_24,Keeps the rage message intact on the engine-provided second row.,18,
catalogue,MAIN:0x03057D,fixed_or_dynamic,受到诅咒, was cursed!, was cursed!,reviewed_no_change,full_corpus_review,"Reviewed against Chinese source, runtime role, and English style; no certain change required.",12,
catalogue,MAIN:0x030588,fixed_or_dynamic,战斗,Fight,Fight,reviewed_no_change,full_corpus_review,"Reviewed against Chinese source, runtime role, and English style; no certain change required.",5,
catalogue,MAIN:0x03058E,fixed_or_dynamic,背包, Bag, Bag,reviewed_no_change,full_corpus_review,"Reviewed against Chinese source, runtime role, and English style; no certain change required.",4,
catalogue,MAIN:0x030594,fixed_or_dynamic,精灵,PKMN,PKMN,reviewed_no_change,full_corpus_review,"Reviewed against Chinese source, runtime role, and English style; no certain change required.",4,
catalogue,MAIN:0x030599,fixed_or_dynamic,逃跑,Run,Run,reviewed_no_change,full_corpus_review,"Reviewed against Chinese source, runtime role, and English style; no certain change required.",3,
catalogue,MAIN:0x0305E8,fixed_or_dynamic,战斗,Battle,Battle,reviewed_no_change,full_corpus_review,"Reviewed against Chinese source, runtime role, and English style; no certain change required.",6,
catalogue,MAIN:0x0305F5,fixed_or_dynamic,普  通,Items,Items,reviewed_no_change,full_corpus_review,"Reviewed against Chinese source, runtime role, and English style; no certain change required.",5,
catalogue,MAIN:0x030602,fixed_or_dynamic,精灵球,Balls,Balls,reviewed_no_change,full_corpus_review,"Reviewed against Chinese source, runtime role, and English style; no certain change required.",5,
catalogue,MAIN:0x030608,fixed_or_dynamic,秘传技,TM/HM,TM/HM,reviewed_no_change,full_corpus_review,"Reviewed against Chinese source, runtime role, and English style; no certain change required.",5,
catalogue,MAIN:0x030611,fixed_or_dynamic,贵  重,Key,Key,reviewed_no_change,full_corpus_review,"Reviewed against Chinese source, runtime role, and English style; no certain change required.",3,
catalogue,MAIN:0x030618,fixed_or_dynamic,威力:,Power:,Power:,reviewed_no_change,full_corpus_review,"Reviewed against Chinese source, runtime role, and English style; no certain change required.",6,
catalogue,MAIN:0x030621,fixed_or_dynamic,命中:,Acc.:,Acc.:,reviewed_no_change,full_corpus_review,"Reviewed against Chinese source, runtime role, and English style; no certain change required.",5,
catalogue,MAIN:0x03062E,fixed_or_dynamic,野生,Wild ,Wild ,reviewed_no_change,full_corpus_review,"Reviewed against Chinese source, runtime role, and English style; no certain change required.",5,
catalogue,MAIN:0x030634,fixed_or_dynamic,对手,Enemy ,Enemy ,reviewed_no_change,full_corpus_review,"Reviewed against Chinese source, runtime role, and English style; no certain change required.",6,
catalogue,MAIN:0x03063B,fixed_or_dynamic,命中要害!,A critical hit!,A critical hit!,reviewed_no_change,full_corpus_review,"Reviewed against Chinese source, runtime role, and English style; no certain change required.",15,
catalogue,MAIN:0x030646,fixed_or_dynamic,使用下一个怪兽吗?,Use next Pokémon?,Use next Pokémon?,reviewed_no_change,full_corpus_review,"Reviewed against Chinese source, runtime role, and English style; no certain change required.",17,
catalogue,MAIN:0x030659,fixed_or_dynamic,是  否,Yes  No,Yes  No,reviewed_no_change,full_corpus_review,"Reviewed against Chinese source, runtime role, and English style; no certain change required.",7,
catalogue,MAIN:0x030660,fixed_or_dynamic,小智要改变怪兽吗?,Will Ash change Pokémon?,Will Ash change Pokémon?,reviewed_no_change,full_corpus_review,"Reviewed against Chinese source, runtime role, and English style; no certain change required.",24,
catalogue,MAIN:0x03067D,fixed_or_dynamic,等级提升到了, grew to level , grew to level ,reviewed_no_change,full_corpus_review,"Reviewed against Chinese source, runtime role, and English style; no certain change required.",15,
catalogue,MAIN:0x03068E,fixed_or_dynamic,已经, already,Status unchanged!,corrected,dynamic_layout_24,Gives the already-affected branch a complete standalone result before its dedicated routine return.,17,
catalogue,MAIN:0x03069F,fixed_or_dynamic,攻击力,'s Attack,'s Attack,reviewed_no_change,full_corpus_review,"Reviewed against Chinese source, runtime role, and English style; no certain change required.",9,
catalogue,MAIN:0x0306A6,fixed_or_dynamic,防御力,'s Defense,'s Defense,reviewed_no_change,full_corpus_review,"Reviewed against Chinese source, runtime role, and English style; no certain change required.",10,
catalogue,MAIN:0x0306AF,fixed_or_dynamic,特攻,'s Sp. Atk,'s Sp. Atk,reviewed_no_change,full_corpus_review,"Reviewed against Chinese source, runtime role, and English style; no certain change required.",10,
catalogue,MAIN:0x0306B5,fixed_or_dynamic,特防,'s Sp. Def,'s Sp. Def,reviewed_no_change,full_corpus_review,"Reviewed against Chinese source, runtime role, and English style; no certain change required.",10,
catalogue,MAIN:0x0306BA,fixed_or_dynamic,速度,'s Speed,'s Speed,reviewed_no_change,full_corpus_review,"Reviewed against Chinese source, runtime role, and English style; no certain change required.",8,
catalogue,MAIN:0x0306C0,fixed_or_dynamic,命中率,'s Accuracy,'s Accuracy,corrected,dynamic_layout_25,Keeps the full stat name now that all 25 interior cells are cleared between messages.,11,
catalogue,MAIN:0x0306C9,fixed_or_dynamic,血值有所恢复, recovered some HP!, recovered some HP!,reviewed_no_change,full_corpus_review,"Reviewed against Chinese source, runtime role, and English style; no certain change required.",19,
catalogue,MAIN:0x0306D7,fixed_or_dynamic,不能行动!, can't move!, can't move!,reviewed_no_change,full_corpus_review,"Reviewed against Chinese source, runtime role, and English style; no certain change required.",12,
catalogue,MAIN:0x0306E1,fixed_or_dynamic,一击必杀!,One-hit KO!,One-hit KO!,reviewed_no_change,full_corpus_review,"Reviewed against Chinese source, runtime role, and English style; no certain change required.",11,
catalogue,MAIN:0x0306EC,fixed_or_dynamic,逃跑了!, fled!, fled!,reviewed_no_change,full_corpus_review,"Reviewed against Chinese source, runtime role, and English style; no certain change required.",6,
catalogue,MAIN:0x0306F5,fixed_or_dynamic,不能逃!,Can't escape!,Can't escape!,reviewed_no_change,full_corpus_review,"Reviewed against Chinese source, runtime role, and English style; no certain change required.",13,
catalogue,MAIN:0x0306FE,fixed_or_dynamic,中毒解除了,No longer poisoned!,No longer poisoned!,corrected,dynamic_layout_24,Keeps the cured-status sentence on the engine-provided second row.,19,
catalogue,MAIN:0x03070B,fixed_or_dynamic,醒过来了,Woke up!,Woke up!,reviewed_no_change,full_corpus_review,"Reviewed against Chinese source, runtime role, and English style; no certain change required.",8,
catalogue,MAIN:0x030714,fixed_or_dynamic,麻痹解除了,No longer paralyzed!,No longer paralyzed!,corrected,dynamic_layout_24,Keeps the cured-status sentence on the engine-provided second row.,20,
catalogue,MAIN:0x030720,fixed_or_dynamic,烧伤解除了,No longer burned!,No longer burned!,corrected,dynamic_layout_24,Keeps the cured-status sentence on the engine-provided second row.,17,
catalogue,MAIN:0x03072D,fixed_or_dynamic,混乱解除了,No longer confused!,No longer confused!,reviewed_no_change,full_corpus_review,"Reviewed against Chinese source, runtime role, and English style; no certain change required.",19,
catalogue,MAIN:0x030738,fixed_or_dynamic,冰冻解除了,No longer frozen!,No longer frozen!,corrected,dynamic_layout_24,Keeps the cured-status sentence on the engine-provided second row.,17,
catalogue,MAIN:0x030744,fixed_or_dynamic,剧毒解除了,No longer badly poisoned!,No longer badly poisoned!,corrected,dynamic_layout_25,Keeps the complete severe-poison cure formula within the fully cleared 25-cell row.,25,
catalogue,MAIN:0x030750,fixed_or_dynamic,害怕解除了,No longer afraid!,No longer afraid!,corrected,dynamic_layout_24,Keeps the cured-flinch sentence on the engine-provided second row.,17,
catalogue,MAIN:0x03075C,fixed_or_dynamic,得到了,Got ,Got ,reviewed_no_change,full_corpus_review,"Reviewed against Chinese source, runtime role, and English style; no certain change required.",4,
catalogue,MAIN:0x030765,fixed_or_dynamic,支付了,Paid ,Paid ,reviewed_no_change,full_corpus_review,"Reviewed against Chinese source, runtime role, and English style; no certain change required.",5,
catalogue,MAIN:0x03076B,fixed_or_dynamic,和,Trainer ,Trainer ,reviewed_no_change,full_corpus_review,"Reviewed against Chinese source, runtime role, and English style; no certain change required.",8,
catalogue,MAIN:0x030775,fixed_or_dynamic,比试失败了,won!,won!,reviewed_no_change,full_corpus_review,"Reviewed against Chinese source, runtime role, and English style; no certain change required.",4,
catalogue,MAIN:0x03077A,fixed_or_dynamic,需要,Requires ,Requires ,reviewed_no_change,full_corpus_review,"Reviewed against Chinese source, runtime role, and English style; no certain change required.",9,
catalogue,MAIN:0x030782,fixed_or_dynamic,蓝色徽章,Blue Badge,Cascade Badge,corrected,natural_english,Uses the official Badge name for the blue/Cut requirement.,13,
catalogue,MAIN:0x03078C,fixed_or_dynamic,橙色徽章,Orange Badge,Thunder Badge,corrected,natural_english,Uses the official Badge name for the orange requirement.,13,
catalogue,MAIN:0x030796,fixed_or_dynamic,粉红徽章,Pink Badge,Soul Badge,corrected,natural_english,Uses the official Badge name for the pink/Surf requirement.,10,
catalogue,MAIN:0x0307A0,fixed_or_dynamic,彩虹徽章,Rainbow Badge,Rainbow Badge,reviewed_no_change,natural_english,Retains the official Rainbow Badge name.,13,
catalogue,MAIN:0x0307AA,fixed_or_dynamic,灰色徽章,Gray Badge,Boulder Badge,corrected,natural_english,Uses the official Badge name for the gray/Flash requirement.,13,
catalogue,MAIN:0x0307B9,fixed_or_dynamic,不能中毒!,Can't be poisoned!,"
Can't be poisoned!",corrected,dynamic_layout_24,Moves the poison-immunity result to row two after the Pokémon name.,19,
catalogue,MAIN:0x0307C4,fixed_or_dynamic,不能烧伤!,Can't be burned!,"
Can't be burned!",corrected,dynamic_layout_24,Moves the burn-immunity result to row two after the Pokémon name.,17,
catalogue,MAIN:0x0307CF,fixed_or_dynamic,不能冰冻!,Can't be frozen!,"
Can't be frozen!",corrected,dynamic_layout_24,Moves the freeze-immunity result to row two after the Pokémon name.,17,
catalogue,MAIN:0x0307DA,fixed_or_dynamic,存放,Store,Store,reviewed_no_change,full_corpus_review,"Reviewed against Chinese source, runtime role, and English style; no certain change required.",5,
catalogue,MAIN:0x0307E1,fixed_or_dynamic,箱子一,Box 1,Box 1,reviewed_no_change,full_corpus_review,"Reviewed against Chinese source, runtime role, and English style; no certain change required.",5,
catalogue,MAIN:0x0307E9,fixed_or_dynamic,箱子二,Box 2,Box 2,reviewed_no_change,full_corpus_review,"Reviewed against Chinese source, runtime role, and English style; no certain change required.",5,
catalogue,MAIN:0x0307F1,fixed_or_dynamic,箱子三,Box 3,Box 3,reviewed_no_change,full_corpus_review,"Reviewed against Chinese source, runtime role, and English style; no certain change required.",5,
catalogue,MAIN:0x0307F9,fixed_or_dynamic,箱子四,Box 4,Box 4,reviewed_no_change,full_corpus_review,"Reviewed against Chinese source, runtime role, and English style; no certain change required.",5,
catalogue,MAIN:0x030801,fixed_or_dynamic,箱子五,Box 5,Box 5,reviewed_no_change,full_corpus_review,"Reviewed against Chinese source, runtime role, and English style; no certain change required.",5,
catalogue,MAIN:0x030809,fixed_or_dynamic,箱子六,Box 6,Box 6,reviewed_no_change,full_corpus_review,"Reviewed against Chinese source, runtime role, and English style; no certain change required.",5,
catalogue,MAIN:0x030811,fixed_or_dynamic,箱子七,Box 7,Box 7,reviewed_no_change,full_corpus_review,"Reviewed against Chinese source, runtime role, and English style; no certain change required.",5,
catalogue,MAIN:0x030819,fixed_or_dynamic,箱子八,Box 8,Box 8,reviewed_no_change,full_corpus_review,"Reviewed against Chinese source, runtime role, and English style; no certain change required.",5,
catalogue,MAIN:0x03081F,fixed_or_dynamic,携带已满!,Party full!,Party full!,reviewed_no_change,full_corpus_review,"Reviewed against Chinese source, runtime role, and English style; no certain change required.",11,
catalogue,MAIN:0x03082C,dialogue,"你好!欢迎你光临宠物精灵的世界!大家都叫我大木博士,在这世界住着被称为宠物精灵的生物!","PROF. OAK: Hello there! Welcome to the world of Pokémon! I'm Oak, the Pokémon Prof.! Creatures called Pokémon live here!","PROF. OAK: Hello there! Welcome to the world of Pokémon! I'm Oak, the Pokémon Prof.! Creatures called Pokémon live here!",reviewed_no_change,full_corpus_review,"Reviewed against Chinese source, runtime role, and English style; no certain change required.",130,dialogue_intro_17_19
catalogue,MAIN:0x030898,pokedex,在阳光的照耀下种子慢慢生长,Its seed grows slowly in sunlight.,Its seed grows slowly in sunlight.,reviewed_no_change,full_corpus_review,"Reviewed against Chinese source, runtime role, and English style; no certain change required.",38,pokedex_13x4
catalogue,MAIN:0x0308C7,fixed_or_dynamic,攻击, attacks!, attacks!,reviewed_no_change,full_corpus_review,"Reviewed against Chinese source, runtime role, and English style; no certain change required.",9,
catalogue,MAIN:0x0308D3,fixed_or_dynamic,欢迎光临,Welcome!,Welcome!,reviewed_no_change,full_corpus_review,"Reviewed against Chinese source, runtime role, and English style; no certain change required.",8,
catalogue,MAIN:0x0308E1,fixed_or_dynamic,买,Buy,Buy,reviewed_no_change,full_corpus_review,"Reviewed against Chinese source, runtime role, and English style; no certain change required.",3,
catalogue,MAIN:0x0308E5,fixed_or_dynamic,卖,Sell,Sell,reviewed_no_change,full_corpus_review,"Reviewed against Chinese source, runtime role, and English style; no certain change required.",4,
catalogue,MAIN:0x0308E9,fixed_or_dynamic,"买几个?
---

卖几个?",How many?,How many?,reviewed_no_change,full_corpus_review,"Reviewed against Chinese source, runtime role, and English style; no certain change required.",9,
catalogue,MAIN:0x0308F6,fixed_or_dynamic,交易成功,Transaction complete!,Transaction complete!,reviewed_no_change,full_corpus_review,"Reviewed against Chinese source, runtime role, and English style; no certain change required.",21,
catalogue,MAIN:0x030902,fixed_or_dynamic,无法交易,Transaction failed!,Transaction failed!,reviewed_no_change,full_corpus_review,"Reviewed against Chinese source, runtime role, and English style; no certain change required.",19,
catalogue,MAIN:0x030919,fixed_or_dynamic,未得到图鉴!,Pokédex not obtained!,No Pokédex!,corrected,natural_english,Replaces a noun-fragment error with a compact natural system message.,11,
catalogue,MAIN:0x03092D,fixed_or_dynamic,没有精灵,No Pokémon!,No Pokémon!,reviewed_no_change,full_corpus_review,"Reviewed against Chinese source, runtime role, and English style; no certain change required.",11,
catalogue,MAIN:0x030939,fixed_or_dynamic,也有所损伤,Also took damage!,Also took damage!,reviewed_no_change,full_corpus_review,"Reviewed against Chinese source, runtime role, and English style; no certain change required.",17,
catalogue,MAIN:0x03094A,fixed_or_dynamic,受到诅咒,Was cursed!,Was cursed!,reviewed_no_change,full_corpus_review,"Reviewed against Chinese source, runtime role, and English style; no certain change required.",11,
catalogue,MAIN:0x030955,fixed_or_dynamic,血值恢复了,HP restored!,HP restored!,reviewed_no_change,full_corpus_review,"Reviewed against Chinese source, runtime role, and English style; no certain change required.",12,
catalogue,MAIN:0x030AB5,fixed_or_dynamic,经验值得到了!, EXP gained!, EXP gained!,reviewed_no_change,full_corpus_review,"Reviewed against Chinese source, runtime role, and English style; no certain change required.",12,
catalogue,MAIN:0x030AC9,fixed_or_dynamic,钱不够,Not enough money!,Not enough money!,reviewed_no_change,full_corpus_review,"Reviewed against Chinese source, runtime role, and English style; no certain change required.",17,
catalogue,MAIN:0x030ADB,fixed_or_dynamic,打败了,Ash defeated ,Ash defeated ,reviewed_no_change,full_corpus_review,"Reviewed against Chinese source, runtime role, and English style; no certain change required.",13,
catalogue,MAIN:0x030AE5,fixed_or_dynamic,撞击,Tackle,Tackle,reviewed_no_change,full_corpus_review,"Reviewed against Chinese source, runtime role, and English style; no certain change required.",6,
catalogue,MAIN:0x030F83,fixed_or_dynamic,梦幻船票,Mystic Ticket,MystTkt,corrected,fixed_item_name_7,Abbreviates Mystic Ticket for the seven-cell Bag-list field.,7,
catalogue,MAIN:0x030F8E,fixed_or_dynamic,叶之石,Leaf Stone,LeafSt.,corrected,fixed_item_name_7,Abbreviates Leaf Stone for the seven-cell Bag-list field.,7,
catalogue,MAIN:0x0310FB,fixed_or_dynamic,火花,Ember,Ember,reviewed_no_change,full_corpus_review,"Reviewed against Chinese source, runtime role, and English style; no certain change required.",5,
catalogue,MAIN:0x031101,fixed_or_dynamic,火炎车,FlameWhl,FlameWhl,reviewed_no_change,full_corpus_review,"Reviewed against Chinese source, runtime role, and English style; no certain change required.",8,
catalogue,MAIN:0x031108,fixed_or_dynamic,炎之拳,FirePnch,FirePnch,reviewed_no_change,full_corpus_review,"Reviewed against Chinese source, runtime role, and English style; no certain change required.",8,
catalogue,MAIN:0x03110F,fixed_or_dynamic,火炎放射,Flamethr,Flamethr,reviewed_no_change,full_corpus_review,"Reviewed against Chinese source, runtime role, and English style; no certain change required.",8,
catalogue,MAIN:0x031118,fixed_or_dynamic,神圣火焰,SacrFire,SacrFire,reviewed_no_change,full_corpus_review,"Reviewed against Chinese source, runtime role, and English style; no certain change required.",8,
catalogue,MAIN:0x03111F,fixed_or_dynamic,大文字烧,FireBlst,FireBlst,reviewed_no_change,full_corpus_review,"Reviewed against Chinese source, runtime role, and English style; no certain change required.",8,
catalogue,MAIN:0x031126,fixed_or_dynamic,喷火,Eruption,Eruption,reviewed_no_change,full_corpus_review,"Reviewed against Chinese source, runtime role, and English style; no certain change required.",8,
catalogue,MAIN:0x03112C,fixed_or_dynamic,鬼火,WillWisp,WillWisp,reviewed_no_change,full_corpus_review,"Reviewed against Chinese source, runtime role, and English style; no certain change required.",8,
catalogue,MAIN:0x031131,fixed_or_dynamic,泡泡,Bubble,Bubble,reviewed_no_change,full_corpus_review,"Reviewed against Chinese source, runtime role, and English style; no certain change required.",6,
catalogue,MAIN:0x031138,fixed_or_dynamic,水枪,Watr Gun,Watr Gun,reviewed_no_change,full_corpus_review,"Reviewed against Chinese source, runtime role, and English style; no certain change required.",8,
catalogue,MAIN:0x031142,fixed_or_dynamic,水之波动,WatrPlse,WatrPlse,reviewed_no_change,full_corpus_review,"Reviewed against Chinese source, runtime role, and English style; no certain change required.",8,
catalogue,MAIN:0x031149,fixed_or_dynamic,泡泡光线,BubbleBm,BubbleBm,reviewed_no_change,full_corpus_review,"Reviewed against Chinese source, runtime role, and English style; no certain change required.",8,
catalogue,MAIN:0x031150,fixed_or_dynamic,墨汁炮,Octazook,Octazook,reviewed_no_change,full_corpus_review,"Reviewed against Chinese source, runtime role, and English style; no certain change required.",8,
catalogue,MAIN:0x03115A,fixed_or_dynamic,大钳槌,Crabhamr,Crabhamr,reviewed_no_change,full_corpus_review,"Reviewed against Chinese source, runtime role, and English style; no certain change required.",8,
catalogue,MAIN:0x031166,fixed_or_dynamic,高压水泵,HydroPmp,HydroPmp,reviewed_no_change,full_corpus_review,"Reviewed against Chinese source, runtime role, and English style; no certain change required.",8,
catalogue,MAIN:0x031170,fixed_or_dynamic,喷水,WtrSpout,WtrSpout,reviewed_no_change,full_corpus_review,"Reviewed against Chinese source, runtime role, and English style; no certain change required.",8,
catalogue,MAIN:0x031177,fixed_or_dynamic,贝壳夹,Clamp,Clamp,reviewed_no_change,full_corpus_review,"Reviewed against Chinese source, runtime role, and English style; no certain change required.",5,
catalogue,MAIN:0x03117D,fixed_or_dynamic,躲进贝壳,Withdraw,Withdraw,reviewed_no_change,full_corpus_review,"Reviewed against Chinese source, runtime role, and English style; no certain change required.",8,
catalogue,MAIN:0x031186,fixed_or_dynamic,电气,ThndrShk,ThndrShk,reviewed_no_change,full_corpus_review,"Reviewed against Chinese source, runtime role, and English style; no certain change required.",8,
catalogue,MAIN:0x03118F,fixed_or_dynamic,电击波,ShockWav,ShockWav,reviewed_no_change,full_corpus_review,"Reviewed against Chinese source, runtime role, and English style; no certain change required.",8,
catalogue,MAIN:0x031196,fixed_or_dynamic,电火花,Spark,Spark,reviewed_no_change,full_corpus_review,"Reviewed against Chinese source, runtime role, and English style; no certain change required.",5,
catalogue,MAIN:0x03119C,fixed_or_dynamic,闪电拳,ThndrPch,ThndrPch,reviewed_no_change,full_corpus_review,"Reviewed against Chinese source, runtime role, and English style; no certain change required.",8,
catalogue,MAIN:0x0311A5,fixed_or_dynamic,十万伏特,ThndrBlt,ThndrBlt,reviewed_no_change,full_corpus_review,"Reviewed against Chinese source, runtime role, and English style; no certain change required.",8,
catalogue,MAIN:0x0311AE,fixed_or_dynamic,电磁炮,ZapCanon,ZapCanon,reviewed_no_change,full_corpus_review,"Reviewed against Chinese source, runtime role, and English style; no certain change required.",8,
catalogue,MAIN:0x0311B5,fixed_or_dynamic,高压电击,VoltTckl,VoltTckl,reviewed_no_change,full_corpus_review,"Reviewed against Chinese source, runtime role, and English style; no certain change required.",8,
catalogue,MAIN:0x0311BC,fixed_or_dynamic,雷电,Thunder,Thunder,reviewed_no_change,full_corpus_review,"Reviewed against Chinese source, runtime role, and English style; no certain change required.",7,
catalogue,MAIN:0x0311C4,fixed_or_dynamic,电磁波,ThndrWav,ThndrWav,reviewed_no_change,full_corpus_review,"Reviewed against Chinese source, runtime role, and English style; no certain change required.",8,
catalogue,MAIN:0x0311CD,fixed_or_dynamic,吸取,Absorb,Absorb,reviewed_no_change,full_corpus_review,"Reviewed against Chinese source, runtime role, and English style; no certain change required.",6,
catalogue,MAIN:0x0311D4,fixed_or_dynamic,百力吸取,MegaDrn,MegaDrn,reviewed_no_change,full_corpus_review,"Reviewed against Chinese source, runtime role, and English style; no certain change required.",7,
catalogue,MAIN:0x0311DB,fixed_or_dynamic,亿力吸取,GigaDrn,GigaDrn,reviewed_no_change,full_corpus_review,"Reviewed against Chinese source, runtime role, and English style; no certain change required.",7,
catalogue,MAIN:0x0311E2,fixed_or_dynamic,蔓藤鞭,VineWhip,VineWhip,reviewed_no_change,full_corpus_review,"Reviewed against Chinese source, runtime role, and English style; no certain change required.",8,
catalogue,MAIN:0x0311E7,fixed_or_dynamic,蔓藤鞭,Vine,Vine,reviewed_no_change,full_corpus_review,"Reviewed against Chinese source, runtime role, and English style; no certain change required.",4,
catalogue,MAIN:0x0311EC,fixed_or_dynamic,飞叶快刀,RazorLef,RazorLef,reviewed_no_change,full_corpus_review,"Reviewed against Chinese source, runtime role, and English style; no certain change required.",8,
catalogue,MAIN:0x0311F3,fixed_or_dynamic,魔叶斩,LeafSlsh,LeafSlsh,reviewed_no_change,full_corpus_review,"Reviewed against Chinese source, runtime role, and English style; no certain change required.",8,
catalogue,MAIN:0x0311FA,fixed_or_dynamic,刃叶斩,LeafBlde,LeafBlde,reviewed_no_change,full_corpus_review,"Reviewed against Chinese source, runtime role, and English style; no certain change required.",8,
catalogue,MAIN:0x0311FF,fixed_or_dynamic,刃叶斩,Leaf,Leaf,reviewed_no_change,full_corpus_review,"Reviewed against Chinese source, runtime role, and English style; no certain change required.",4,
catalogue,MAIN:0x031204,fixed_or_dynamic,太阳光线,SolarBem,SolarBem,reviewed_no_change,full_corpus_review,"Reviewed against Chinese source, runtime role, and English style; no certain change required.",8,
catalogue,MAIN:0x03120B,fixed_or_dynamic,硬化植物,FrnzyPlt,FrnzyPlt,reviewed_no_change,full_corpus_review,"Reviewed against Chinese source, runtime role, and English style; no certain change required.",8,
catalogue,MAIN:0x031212,fixed_or_dynamic,草笛,GrssWstl,GrssWstl,reviewed_no_change,full_corpus_review,"Reviewed against Chinese source, runtime role, and English style; no certain change required.",8,
catalogue,MAIN:0x03121B,fixed_or_dynamic,催眠粉,SlpPowdr,SlpPowdr,reviewed_no_change,full_corpus_review,"Reviewed against Chinese source, runtime role, and English style; no certain change required.",8,
catalogue,MAIN:0x031224,fixed_or_dynamic,蘑菇孢子,Spore,Spore,reviewed_no_change,full_corpus_review,"Reviewed against Chinese source, runtime role, and English style; no certain change required.",5,
catalogue,MAIN:0x03122A,fixed_or_dynamic,麻痹粉,StunSpor,StunSpor,reviewed_no_change,full_corpus_review,"Reviewed against Chinese source, runtime role, and English style; no certain change required.",8,
catalogue,MAIN:0x031231,fixed_or_dynamic,细雪,PwdrSnow,PwdrSnow,reviewed_no_change,full_corpus_review,"Reviewed against Chinese source, runtime role, and English style; no certain change required.",8,
catalogue,MAIN:0x031238,fixed_or_dynamic,冰结之风,Icy Wind,Icy Wind,reviewed_no_change,full_corpus_review,"Reviewed against Chinese source, runtime role, and English style; no certain change required.",8,
catalogue,MAIN:0x031241,fixed_or_dynamic,极光光线,AuroraBm,AuroraBm,reviewed_no_change,full_corpus_review,"Reviewed against Chinese source, runtime role, and English style; no certain change required.",8,
catalogue,MAIN:0x031248,fixed_or_dynamic,冷冻拳,IcePnch,IcePnch,reviewed_no_change,full_corpus_review,"Reviewed against Chinese source, runtime role, and English style; no certain change required.",7,
catalogue,MAIN:0x031252,fixed_or_dynamic,冷冻光线,Ice Beam,Ice Beam,reviewed_no_change,full_corpus_review,"Reviewed against Chinese source, runtime role, and English style; no certain change required.",8,
catalogue,MAIN:0x03125B,fixed_or_dynamic,吹雪,Blizzard,Blizzard,reviewed_no_change,full_corpus_review,"Reviewed against Chinese source, runtime role, and English style; no certain change required.",8,
catalogue,MAIN:0x031264,fixed_or_dynamic,绝对零度,SheerCld,SheerCld,reviewed_no_change,full_corpus_review,"Reviewed against Chinese source, runtime role, and English style; no certain change required.",8,
catalogue,MAIN:0x03126B,fixed_or_dynamic,扔泥,Mud-Slap,Mud-Slap,reviewed_no_change,full_corpus_review,"Reviewed against Chinese source, runtime role, and English style; no certain change required.",8,
catalogue,MAIN:0x031274,fixed_or_dynamic,泥浆喷射,Mud Shot,Mud Shot,reviewed_no_change,full_corpus_review,"Reviewed against Chinese source, runtime role, and English style; no certain change required.",8,
catalogue,MAIN:0x03127D,fixed_or_dynamic,挖洞,Dig,Dig,reviewed_no_change,full_corpus_review,"Reviewed against Chinese source, runtime role, and English style; no certain change required.",3,
catalogue,MAIN:0x031281,fixed_or_dynamic,骨头击,BoneClub,BoneClub,reviewed_no_change,full_corpus_review,"Reviewed against Chinese source, runtime role, and English style; no certain change required.",8,
catalogue,MAIN:0x031286,fixed_or_dynamic,骨头击,Bone,Bone,reviewed_no_change,full_corpus_review,"Reviewed against Chinese source, runtime role, and English style; no certain change required.",4,
catalogue,MAIN:0x03128B,fixed_or_dynamic,地震,EarthQke,EarthQke,reviewed_no_change,full_corpus_review,"Reviewed against Chinese source, runtime role, and English style; no certain change required.",8,
catalogue,MAIN:0x031292,fixed_or_dynamic,骨头旋镖,BoneRang,BoneRang,reviewed_no_change,full_corpus_review,"Reviewed against Chinese source, runtime role, and English style; no certain change required.",8,
catalogue,MAIN:0x03129D,fixed_or_dynamic,地裂,Fissure,Fissure,reviewed_no_change,full_corpus_review,"Reviewed against Chinese source, runtime role, and English style; no certain change required.",7,
catalogue,MAIN:0x0312A9,fixed_or_dynamic,扔沙,SandAtk,SandAtk,reviewed_no_change,full_corpus_review,"Reviewed against Chinese source, runtime role, and English style; no certain change required.",7,
catalogue,MAIN:0x0312B0,fixed_or_dynamic,落石,RockThrw,RockThrw,reviewed_no_change,full_corpus_review,"Reviewed against Chinese source, runtime role, and English style; no certain change required.",8,
catalogue,MAIN:0x0312B7,fixed_or_dynamic,岩石封杀,RockTomb,RockTomb,reviewed_no_change,full_corpus_review,"Reviewed against Chinese source, runtime role, and English style; no certain change required.",8,
catalogue,MAIN:0x0312BC,fixed_or_dynamic,岩石封杀,Tomb,Tomb,reviewed_no_change,full_corpus_review,"Reviewed against Chinese source, runtime role, and English style; no certain change required.",4,
catalogue,MAIN:0x0312C1,fixed_or_dynamic,原始力量,AncntPwr,AncntPwr,reviewed_no_change,full_corpus_review,"Reviewed against Chinese source, runtime role, and English style; no certain change required.",8,
catalogue,MAIN:0x0312CA,fixed_or_dynamic,岩崩,RockSlid,RockSlid,reviewed_no_change,full_corpus_review,"Reviewed against Chinese source, runtime role, and English style; no certain change required.",8,
catalogue,MAIN:0x0312D1,fixed_or_dynamic,吸血,LechLife,LechLife,reviewed_no_change,full_corpus_review,"Reviewed against Chinese source, runtime role, and English style; no certain change required.",8,
catalogue,MAIN:0x0312D8,fixed_or_dynamic,双针,TwinNeed,TwinNeed,reviewed_no_change,full_corpus_review,"Reviewed against Chinese source, runtime role, and English style; no certain change required.",8,
catalogue,MAIN:0x0312DF,fixed_or_dynamic,银色之风,SlvrWind,SlvrWind,reviewed_no_change,full_corpus_review,"Reviewed against Chinese source, runtime role, and English style; no certain change required.",8,
catalogue,MAIN:0x0312E6,fixed_or_dynamic,信号光线,SignalBm,SignalBm,reviewed_no_change,full_corpus_review,"Reviewed against Chinese source, runtime role, and English style; no certain change required.",8,
catalogue,MAIN:0x0312ED,fixed_or_dynamic,威力角突,Megahorn,Megahorn,reviewed_no_change,full_corpus_review,"Reviewed against Chinese source, runtime role, and English style; no certain change required.",8,
catalogue,MAIN:0x0312F2,fixed_or_dynamic,威力角突,Horn,Horn,reviewed_no_change,full_corpus_review,"Reviewed against Chinese source, runtime role, and English style; no certain change required.",4,
catalogue,MAIN:0x0312F7,fixed_or_dynamic,萤火,TailGlow,TailGlow,reviewed_no_change,full_corpus_review,"Reviewed against Chinese source, runtime role, and English style; no certain change required.",8,
catalogue,MAIN:0x0312FC,fixed_or_dynamic,萤火,Glow,Glow,reviewed_no_change,full_corpus_review,"Reviewed against Chinese source, runtime role, and English style; no certain change required.",4,
catalogue,MAIN:0x031301,fixed_or_dynamic,吐丝,StrngSht,StrngSht,reviewed_no_change,full_corpus_review,"Reviewed against Chinese source, runtime role, and English style; no certain change required.",8,
catalogue,MAIN:0x031308,fixed_or_dynamic,毒针,PsnSting,PsnSting,reviewed_no_change,full_corpus_review,"Reviewed against Chinese source, runtime role, and English style; no certain change required.",8,
catalogue,MAIN:0x031313,fixed_or_dynamic,烟雾,Smog,Smog,reviewed_no_change,full_corpus_review,"Reviewed against Chinese source, runtime role, and English style; no certain change required.",4,
catalogue,MAIN:0x031318,fixed_or_dynamic,溶解液,Acid,Acid,reviewed_no_change,full_corpus_review,"Reviewed against Chinese source, runtime role, and English style; no certain change required.",4,
catalogue,MAIN:0x03131D,fixed_or_dynamic,毒尾巴,PsnTail,PsnTail,reviewed_no_change,full_corpus_review,"Reviewed against Chinese source, runtime role, and English style; no certain change required.",7,
catalogue,MAIN:0x031324,fixed_or_dynamic,剧毒之牙,PsnFang,PsnFang,reviewed_no_change,full_corpus_review,"Reviewed against Chinese source, runtime role, and English style; no certain change required.",7,
catalogue,MAIN:0x03132B,fixed_or_dynamic,泥攻击,Sludge,Sludge,reviewed_no_change,full_corpus_review,"Reviewed against Chinese source, runtime role, and English style; no certain change required.",6,
catalogue,MAIN:0x031332,fixed_or_dynamic,泥爆弹,SludgBom,SludgBom,reviewed_no_change,full_corpus_review,"Reviewed against Chinese source, runtime role, and English style; no certain change required.",8,
catalogue,MAIN:0x031339,fixed_or_dynamic,毒烟,PoisnGas,PoisnGas,reviewed_no_change,full_corpus_review,"Reviewed against Chinese source, runtime role, and English style; no certain change required.",8,
catalogue,MAIN:0x031344,fixed_or_dynamic,剧毒,Toxic,Toxic,reviewed_no_change,full_corpus_review,"Reviewed against Chinese source, runtime role, and English style; no certain change required.",5,
catalogue,MAIN:0x03134A,fixed_or_dynamic,岩碎,RockSmsh,RockSmsh,reviewed_no_change,full_corpus_review,"Reviewed against Chinese source, runtime role, and English style; no certain change required.",8,
catalogue,MAIN:0x031353,fixed_or_dynamic,音速拳,MachPnch,MachPnch,reviewed_no_change,full_corpus_review,"Reviewed against Chinese source, runtime role, and English style; no certain change required.",8,
catalogue,MAIN:0x03135A,fixed_or_dynamic,空手切,KaratChp,KaratChp,reviewed_no_change,full_corpus_review,"Reviewed against Chinese source, runtime role, and English style; no certain change required.",8,
catalogue,MAIN:0x031361,fixed_or_dynamic,低踢,Low Kick,Low Kick,reviewed_no_change,full_corpus_review,"Reviewed against Chinese source, runtime role, and English style; no certain change required.",8,
catalogue,MAIN:0x031368,fixed_or_dynamic,二段踢,DblKick,DblKick,reviewed_no_change,full_corpus_review,"Reviewed against Chinese source, runtime role, and English style; no certain change required.",7,
catalogue,MAIN:0x031370,fixed_or_dynamic,回旋踢,RollKick,RollKick,reviewed_no_change,full_corpus_review,"Reviewed against Chinese source, runtime role, and English style; no certain change required.",8,
catalogue,MAIN:0x031379,fixed_or_dynamic,当身投,VitalThr,VitalThr,reviewed_no_change,full_corpus_review,"Reviewed against Chinese source, runtime role, and English style; no certain change required.",8,
catalogue,MAIN:0x031380,fixed_or_dynamic,飞踢,JumpKick,JumpKick,reviewed_no_change,full_corpus_review,"Reviewed against Chinese source, runtime role, and English style; no certain change required.",8,
catalogue,MAIN:0x031389,fixed_or_dynamic,瓦割,BrickBrk,BrickBrk,reviewed_no_change,full_corpus_review,"Reviewed against Chinese source, runtime role, and English style; no certain change required.",8,
catalogue,MAIN:0x031390,fixed_or_dynamic,天升拳,SkyUpCut,SkyUpCut,reviewed_no_change,full_corpus_review,"Reviewed against Chinese source, runtime role, and English style; no certain change required.",8,
catalogue,MAIN:0x031399,fixed_or_dynamic,十字切,CrossChp,CrossChp,reviewed_no_change,full_corpus_review,"Reviewed against Chinese source, runtime role, and English style; no certain change required.",8,
catalogue,MAIN:0x0313A0,fixed_or_dynamic,爆裂拳,DynmPnch,DynmPnch,reviewed_no_change,full_corpus_review,"Reviewed against Chinese source, runtime role, and English style; no certain change required.",8,
catalogue,MAIN:0x0313A9,fixed_or_dynamic,蛮力,SuperPwr,SuperPwr,reviewed_no_change,full_corpus_review,"Reviewed against Chinese source, runtime role, and English style; no certain change required.",8,
catalogue,MAIN:0x0313B2,fixed_or_dynamic,气合拳,FocsPnch,FocsPnch,reviewed_no_change,full_corpus_review,"Reviewed against Chinese source, runtime role, and English style; no certain change required.",8,
catalogue,MAIN:0x0313B9,fixed_or_dynamic,啄,Peck,Peck,reviewed_no_change,full_corpus_review,"Reviewed against Chinese source, runtime role, and English style; no certain change required.",4,
catalogue,MAIN:0x0313BE,fixed_or_dynamic,旋风,Gust,Gust,reviewed_no_change,full_corpus_review,"Reviewed against Chinese source, runtime role, and English style; no certain change required.",4,
catalogue,MAIN:0x0313C3,fixed_or_dynamic,真空斩,AirCuttr,AirCuttr,reviewed_no_change,full_corpus_review,"Reviewed against Chinese source, runtime role, and English style; no certain change required.",8,
catalogue,MAIN:0x0313CA,fixed_or_dynamic,翅膀拍击,WingAtk,WingAtk,reviewed_no_change,full_corpus_review,"Reviewed against Chinese source, runtime role, and English style; no certain change required.",7,
catalogue,MAIN:0x0313D1,fixed_or_dynamic,燕返,Aerl Ace,Aerl Ace,reviewed_no_change,full_corpus_review,"Reviewed against Chinese source, runtime role, and English style; no certain change required.",8,
catalogue,MAIN:0x0313D8,fixed_or_dynamic,飞天术,Fly,Fly,reviewed_no_change,full_corpus_review,"Reviewed against Chinese source, runtime role, and English style; no certain change required.",3,
catalogue,MAIN:0x0313DC,fixed_or_dynamic,钻孔啄,DrilPeck,DrilPeck,reviewed_no_change,full_corpus_review,"Reviewed against Chinese source, runtime role, and English style; no certain change required.",8,
catalogue,MAIN:0x0313E3,fixed_or_dynamic,飞跃,Bounce,Bounce,reviewed_no_change,full_corpus_review,"Reviewed against Chinese source, runtime role, and English style; no certain change required.",6,
catalogue,MAIN:0x0313EA,fixed_or_dynamic,空中爆破,AeroBlst,AeroBlst,reviewed_no_change,full_corpus_review,"Reviewed against Chinese source, runtime role, and English style; no certain change required.",8,
catalogue,MAIN:0x0313F1,fixed_or_dynamic,神鸟,Sky Atk,Sky Atk,reviewed_no_change,full_corpus_review,"Reviewed against Chinese source, runtime role, and English style; no certain change required.",7,
catalogue,MAIN:0x0313F8,fixed_or_dynamic,念力,Confusn,Confusn,reviewed_no_change,full_corpus_review,"Reviewed against Chinese source, runtime role, and English style; no certain change required.",7,
catalogue,MAIN:0x031402,fixed_or_dynamic,精神光线,Psybeam,Psybeam,reviewed_no_change,full_corpus_review,"Reviewed against Chinese source, runtime role, and English style; no certain change required.",7,
catalogue,MAIN:0x03140B,fixed_or_dynamic,迷雾球,MistBall,MistBall,reviewed_no_change,full_corpus_review,"Reviewed against Chinese source, runtime role, and English style; no certain change required.",8,
catalogue,MAIN:0x031415,fixed_or_dynamic,神通力,ExtrSens,ExtrSens,reviewed_no_change,full_corpus_review,"Reviewed against Chinese source, runtime role, and English style; no certain change required.",8,
catalogue,MAIN:0x03141F,fixed_or_dynamic,预知未来,FutrSght,FutrSght,reviewed_no_change,full_corpus_review,"Reviewed against Chinese source, runtime role, and English style; no certain change required.",8,
catalogue,MAIN:0x031428,fixed_or_dynamic,精神波动,Psywave,Psywave,reviewed_no_change,full_corpus_review,"Reviewed against Chinese source, runtime role, and English style; no certain change required.",7,
catalogue,MAIN:0x031430,fixed_or_dynamic,食梦,DrmEater,DrmEater,reviewed_no_change,full_corpus_review,"Reviewed against Chinese source, runtime role, and English style; no certain change required.",8,
catalogue,MAIN:0x031437,fixed_or_dynamic,精神增压,PsyBoost,PsyBoost,reviewed_no_change,full_corpus_review,"Reviewed against Chinese source, runtime role, and English style; no certain change required.",8,
catalogue,MAIN:0x031441,fixed_or_dynamic,催眠术,Hypnosis,Hypnosis,reviewed_no_change,full_corpus_review,"Reviewed against Chinese source, runtime role, and English style; no certain change required.",8,
catalogue,MAIN:0x03144A,fixed_or_dynamic,睡眠,Rest,Rest,reviewed_no_change,full_corpus_review,"Reviewed against Chinese source, runtime role, and English style; no certain change required.",4,
catalogue,MAIN:0x03144F,fixed_or_dynamic,瞬间移动,Teleport,Teleport,reviewed_no_change,full_corpus_review,"Reviewed against Chinese source, runtime role, and English style; no certain change required.",8,
catalogue,MAIN:0x031458,fixed_or_dynamic,瞑想,CalmMind,CalmMind,reviewed_no_change,full_corpus_review,"Reviewed against Chinese source, runtime role, and English style; no certain change required.",8,
catalogue,MAIN:0x03145D,fixed_or_dynamic,瞑想,Mind,Mind,reviewed_no_change,full_corpus_review,"Reviewed against Chinese source, runtime role, and English style; no certain change required.",4,
catalogue,MAIN:0x031462,fixed_or_dynamic,高速移动,Agility,Agility,reviewed_no_change,full_corpus_review,"Reviewed against Chinese source, runtime role, and English style; no certain change required.",7,
catalogue,MAIN:0x03146A,fixed_or_dynamic,舌头舔,Lick,Lick,reviewed_no_change,full_corpus_review,"Reviewed against Chinese source, runtime role, and English style; no certain change required.",4,
catalogue,MAIN:0x03146F,fixed_or_dynamic,惊吓,Astonish,Astonish,reviewed_no_change,full_corpus_review,"Reviewed against Chinese source, runtime role, and English style; no certain change required.",8,
catalogue,MAIN:0x031478,fixed_or_dynamic,暗影拳,ShdwPnch,ShdwPnch,reviewed_no_change,full_corpus_review,"Reviewed against Chinese source, runtime role, and English style; no certain change required.",8,
catalogue,MAIN:0x03147F,fixed_or_dynamic,影子球,ShdwBall,ShdwBall,reviewed_no_change,full_corpus_review,"Reviewed against Chinese source, runtime role, and English style; no certain change required.",8,
catalogue,MAIN:0x031486,fixed_or_dynamic,恶梦,Nightmar,Nightmar,reviewed_no_change,full_corpus_review,"Reviewed against Chinese source, runtime role, and English style; no certain change required.",8,
catalogue,MAIN:0x03148D,fixed_or_dynamic,怪异光,ConfRay,ConfRay,reviewed_no_change,full_corpus_review,"Reviewed against Chinese source, runtime role, and English style; no certain change required.",7,
catalogue,MAIN:0x031496,fixed_or_dynamic,龙卷,Twister,Twister,reviewed_no_change,full_corpus_review,"Reviewed against Chinese source, runtime role, and English style; no certain change required.",7,
catalogue,MAIN:0x03149E,fixed_or_dynamic,龙之怒,DrgnRage,DrgnRage,reviewed_no_change,full_corpus_review,"Reviewed against Chinese source, runtime role, and English style; no certain change required.",8,
catalogue,MAIN:0x0314A5,fixed_or_dynamic,龙之息吹,DrgnBrth,DrgnBrth,reviewed_no_change,full_corpus_review,"Reviewed against Chinese source, runtime role, and English style; no certain change required.",8,
catalogue,MAIN:0x0314AC,fixed_or_dynamic,龙之爪,DrgnClaw,DrgnClaw,reviewed_no_change,full_corpus_review,"Reviewed against Chinese source, runtime role, and English style; no certain change required.",8,
catalogue,MAIN:0x0314B3,fixed_or_dynamic,激鳞,Outrage,Outrage,reviewed_no_change,full_corpus_review,"Reviewed against Chinese source, runtime role, and English style; no certain change required.",7,
catalogue,MAIN:0x0314BA,fixed_or_dynamic,龙之舞,DrgnDnce,DrgnDnce,reviewed_no_change,full_corpus_review,"Reviewed against Chinese source, runtime role, and English style; no certain change required.",8,
catalogue,MAIN:0x0314C1,fixed_or_dynamic,打落,KnockOff,KnockOff,reviewed_no_change,full_corpus_review,"Reviewed against Chinese source, runtime role, and English style; no certain change required.",8,
catalogue,MAIN:0x0314CB,fixed_or_dynamic,追击,Pursuit,Pursuit,reviewed_no_change,full_corpus_review,"Reviewed against Chinese source, runtime role, and English style; no certain change required.",7,
catalogue,MAIN:0x0314D2,fixed_or_dynamic,齿突,Bite,Bite,reviewed_no_change,full_corpus_review,"Reviewed against Chinese source, runtime role, and English style; no certain change required.",4,
catalogue,MAIN:0x0314D7,fixed_or_dynamic,咬碎,Crunch,Crunch,reviewed_no_change,full_corpus_review,"Reviewed against Chinese source, runtime role, and English style; no certain change required.",6,
catalogue,MAIN:0x0314DE,fixed_or_dynamic,钢之爪,MetlClaw,MetlClaw,reviewed_no_change,full_corpus_review,"Reviewed against Chinese source, runtime role, and English style; no certain change required.",8,
catalogue,MAIN:0x0314E5,fixed_or_dynamic,钢之翼,StelWing,StelWing,reviewed_no_change,full_corpus_review,"Reviewed against Chinese source, runtime role, and English style; no certain change required.",8,
catalogue,MAIN:0x0314EC,fixed_or_dynamic,钢之尾,IronTail,IronTail,reviewed_no_change,full_corpus_review,"Reviewed against Chinese source, runtime role, and English style; no certain change required.",8,
catalogue,MAIN:0x0314F1,fixed_or_dynamic,钢之尾,Iron,Iron,reviewed_no_change,full_corpus_review,"Reviewed against Chinese source, runtime role, and English style; no certain change required.",4,
catalogue,MAIN:0x0314F6,fixed_or_dynamic,慧星拳,MetrMash,MetrMash,reviewed_no_change,full_corpus_review,"Reviewed against Chinese source, runtime role, and English style; no certain change required.",8,
catalogue,MAIN:0x0314FD,fixed_or_dynamic,铁壁,IronDef,IronDef,reviewed_no_change,full_corpus_review,"Reviewed against Chinese source, runtime role, and English style; no certain change required.",7,
catalogue,MAIN:0x031506,fixed_or_dynamic,跳跃,Splash,Splash,reviewed_no_change,full_corpus_review,"Reviewed against Chinese source, runtime role, and English style; no certain change required.",6,
catalogue,MAIN:0x03150D,fixed_or_dynamic,音速波,SonicBom,SonicBom,reviewed_no_change,full_corpus_review,"Reviewed against Chinese source, runtime role, and English style; no certain change required.",8,
catalogue,MAIN:0x031514,fixed_or_dynamic,撞击,Tackle,Tackle,reviewed_no_change,full_corpus_review,"Reviewed against Chinese source, runtime role, and English style; no certain change required.",6,
catalogue,MAIN:0x03151B,fixed_or_dynamic,刀背打,FlsSwipe,FlsSwipe,reviewed_no_change,full_corpus_review,"Reviewed against Chinese source, runtime role, and English style; no certain change required.",8,
catalogue,MAIN:0x031523,fixed_or_dynamic,抓,Scratch,Scratch,reviewed_no_change,full_corpus_review,"Reviewed against Chinese source, runtime role, and English style; no certain change required.",7,
catalogue,MAIN:0x031529,fixed_or_dynamic,电光石火,QuickAtk,QuickAtk,reviewed_no_change,full_corpus_review,"Reviewed against Chinese source, runtime role, and English style; no certain change required.",8,
catalogue,MAIN:0x031530,fixed_or_dynamic,招财猫,Pay Day,Pay Day,reviewed_no_change,full_corpus_review,"Reviewed against Chinese source, runtime role, and English style; no certain change required.",7,
catalogue,MAIN:0x031538,fixed_or_dynamic,鼾声,Snore,Snore,reviewed_no_change,full_corpus_review,"Reviewed against Chinese source, runtime role, and English style; no certain change required.",5,
catalogue,MAIN:0x031541,fixed_or_dynamic,居合斩,Cut,Cut,reviewed_no_change,full_corpus_review,"Reviewed against Chinese source, runtime role, and English style; no certain change required.",3,
catalogue,MAIN:0x031545,fixed_or_dynamic,流星,Swift,Swift,reviewed_no_change,full_corpus_review,"Reviewed against Chinese source, runtime role, and English style; no certain change required.",5,
catalogue,MAIN:0x03154B,fixed_or_dynamic,角突,HornAtk,HornAtk,reviewed_no_change,full_corpus_review,"Reviewed against Chinese source, runtime role, and English style; no certain change required.",7,
catalogue,MAIN:0x031551,fixed_or_dynamic,崩击之爪,CrshClaw,CrshClaw,reviewed_no_change,full_corpus_review,"Reviewed against Chinese source, runtime role, and English style; no certain change required.",8,
catalogue,MAIN:0x031558,fixed_or_dynamic,秘密力量,SecrtPwr,SecrtPwr,reviewed_no_change,full_corpus_review,"Reviewed against Chinese source, runtime role, and English style; no certain change required.",8,
catalogue,MAIN:0x03155F,fixed_or_dynamic,必杀门牙,HyprFang,HyprFang,reviewed_no_change,full_corpus_review,"Reviewed against Chinese source, runtime role, and English style; no certain change required.",8,
catalogue,MAIN:0x031566,fixed_or_dynamic,三角攻击,Tri Atk,Tri Atk,reviewed_no_change,full_corpus_review,"Reviewed against Chinese source, runtime role, and English style; no certain change required.",7,
catalogue,MAIN:0x03156D,fixed_or_dynamic,舍身一击,Dbl-Edge,Dbl-Edge,reviewed_no_change,full_corpus_review,"Reviewed against Chinese source, runtime role, and English style; no certain change required.",8,
catalogue,MAIN:0x031574,fixed_or_dynamic,破坏光线,HyprBeam,HyprBeam,reviewed_no_change,full_corpus_review,"Reviewed against Chinese source, runtime role, and English style; no certain change required.",8,
catalogue,MAIN:0x03157B,fixed_or_dynamic,自爆,SelfDstr,SelfDstr,reviewed_no_change,full_corpus_review,"Reviewed against Chinese source, runtime role, and English style; no certain change required.",8,
catalogue,MAIN:0x031584,fixed_or_dynamic,大爆炸,Explosn,Explosn,reviewed_no_change,full_corpus_review,"Reviewed against Chinese source, runtime role, and English style; no certain change required.",7,
catalogue,MAIN:0x03158C,fixed_or_dynamic,尖角钻,HornDril,HornDril,reviewed_no_change,full_corpus_review,"Reviewed against Chinese source, runtime role, and English style; no certain change required.",8,
catalogue,MAIN:0x031595,fixed_or_dynamic,剪刀断头,Guillotn,Guillotn,reviewed_no_change,full_corpus_review,"Reviewed against Chinese source, runtime role, and English style; no certain change required.",8,
catalogue,MAIN:0x03159C,fixed_or_dynamic,歌唱,Sing,Sing,reviewed_no_change,full_corpus_review,"Reviewed against Chinese source, runtime role, and English style; no certain change required.",4,
catalogue,MAIN:0x0315A1,fixed_or_dynamic,恶魔之吻,LovlyKis,LovlyKis,reviewed_no_change,full_corpus_review,"Reviewed against Chinese source, runtime role, and English style; no certain change required.",8,
catalogue,MAIN:0x0315A6,fixed_or_dynamic,恶魔之吻,Kiss,Kiss,reviewed_no_change,full_corpus_review,"Reviewed against Chinese source, runtime role, and English style; no certain change required.",4,
catalogue,MAIN:0x0315AB,fixed_or_dynamic,超音波,Supersnc,Supersnc,reviewed_no_change,full_corpus_review,"Reviewed against Chinese source, runtime role, and English style; no certain change required.",8,
catalogue,MAIN:0x0315B2,fixed_or_dynamic,剑舞,SwrdDnce,SwrdDnce,reviewed_no_change,full_corpus_review,"Reviewed against Chinese source, runtime role, and English style; no certain change required.",8,
catalogue,MAIN:0x0315B9,fixed_or_dynamic,叫声,Growl,Growl,reviewed_no_change,full_corpus_review,"Reviewed against Chinese source, runtime role, and English style; no certain change required.",5,
catalogue,MAIN:0x0315BF,fixed_or_dynamic,撒娇,Charm,Charm,reviewed_no_change,full_corpus_review,"Reviewed against Chinese source, runtime role, and English style; no certain change required.",5,
catalogue,MAIN:0x0315C7,fixed_or_dynamic,变圆,DefCurl,DefCurl,reviewed_no_change,full_corpus_review,"Reviewed against Chinese source, runtime role, and English style; no certain change required.",7,
catalogue,MAIN:0x0315D0,fixed_or_dynamic,变硬,Harden,Harden,reviewed_no_change,full_corpus_review,"Reviewed against Chinese source, runtime role, and English style; no certain change required.",6,
catalogue,MAIN:0x0315D7,fixed_or_dynamic,摇尾巴,TailWhip,TailWhip,reviewed_no_change,full_corpus_review,"Reviewed against Chinese source, runtime role, and English style; no certain change required.",8,
catalogue,MAIN:0x0315DC,fixed_or_dynamic,摇尾巴,Whip,Whip,reviewed_no_change,full_corpus_review,"Reviewed against Chinese source, runtime role, and English style; no certain change required.",4,
catalogue,MAIN:0x0315E1,fixed_or_dynamic,挠痒,Tickle,Tickle,reviewed_no_change,full_corpus_review,"Reviewed against Chinese source, runtime role, and English style; no certain change required.",6,
catalogue,MAIN:0x0315E7,fixed_or_dynamic,烟幕,SmokScrn,SmokScrn,reviewed_no_change,full_corpus_review,"Reviewed against Chinese source, runtime role, and English style; no certain change required.",8,
catalogue,MAIN:0x0315F4,fixed_or_dynamic,影分身,DblTeam,DblTeam,reviewed_no_change,full_corpus_review,"Reviewed against Chinese source, runtime role, and English style; no certain change required.",7,
catalogue,MAIN:0x0315FB,fixed_or_dynamic,自我再生,Recover,Recover,reviewed_no_change,full_corpus_review,"Reviewed against Chinese source, runtime role, and English style; no certain change required.",7,
catalogue,MAIN:0x03160A,fixed_or_dynamic,吼叫,Roar,Roar,reviewed_no_change,full_corpus_review,"Reviewed against Chinese source, runtime role, and English style; no certain change required.",4,
catalogue,MAIN:0x03160F,fixed_or_dynamic,吹飞,Whirlwnd,Whirlwnd,reviewed_no_change,full_corpus_review,"Reviewed against Chinese source, runtime role, and English style; no certain change required.",8,
catalogue,MAIN:0x031624,fixed_or_dynamic,变身,Transfm,Transfm,reviewed_no_change,full_corpus_review,"Reviewed against Chinese source, runtime role, and English style; no certain change required.",7,
catalogue,MAIN:0x03162C,fixed_or_dynamic,诅咒,Curse,Curse,reviewed_no_change,full_corpus_review,"Reviewed against Chinese source, runtime role, and English style; no certain change required.",5,
catalogue,MAIN:0x03163B,fixed_or_dynamic,毒粉,PsnPowdr,PsnPowdr,reviewed_no_change,full_corpus_review,"Reviewed against Chinese source, runtime role, and English style; no certain change required.",8,
catalogue,MAIN:0x0316E9,fixed_or_dynamic,无,None,None,reviewed_no_change,full_corpus_review,"Reviewed against Chinese source, runtime role, and English style; no certain change required.",4,
catalogue,MAIN:0x0316EE,fixed_or_dynamic,超级球,Great Ball,Great B,corrected,fixed_item_name_7,Abbreviates Great Ball for the seven-cell Bag-list field.,7,
catalogue,MAIN:0x0316F7,fixed_or_dynamic,超力球,Ultra Ball,Ultra B,corrected,fixed_item_name_7,Abbreviates Ultra Ball for the seven-cell Bag-list field.,7,
catalogue,MAIN:0x031700,fixed_or_dynamic,大师球,Master Ball,MasterB,corrected,fixed_item_name_7,Abbreviates Master Ball for the seven-cell Bag-list field.,7,
catalogue,MAIN:0x031709,fixed_or_dynamic,伤药,Potion,Potion,reviewed_no_change,full_corpus_review,"Reviewed against Chinese source, runtime role, and English style; no certain change required.",6,
catalogue,MAIN:0x031710,fixed_or_dynamic,好伤药,Super Potion,Sup.Pot,corrected,fixed_item_name_7,Abbreviates Super Potion for the seven-cell Bag-list field.,7,
catalogue,MAIN:0x031719,fixed_or_dynamic,超级伤药,Hyper Potion,Hyp.Pot,corrected,fixed_item_name_7,Abbreviates Hyper Potion for the seven-cell Bag-list field.,7,
catalogue,MAIN:0x031722,fixed_or_dynamic,最大伤药,Max Potion,Max.Pot,corrected,fixed_item_name_7,Abbreviates Max Potion for the seven-cell Bag-list field.,7,
catalogue,MAIN:0x031737,fixed_or_dynamic,解麻药,Paralyze Heal,PARHeal,corrected,fixed_item_name_7,Uses the Gen I PAR abbreviation in the seven-cell Bag-list field.,7,
catalogue,MAIN:0x03173E,fixed_or_dynamic,睡醒药,Awakening,Awaken.,corrected,fixed_item_name_7,Abbreviates Awakening for the seven-cell Bag-list field.,7,
catalogue,MAIN:0x031746,fixed_or_dynamic,冰冻药,Ice Heal,IceHeal,corrected,fixed_item_name_7,Compacts Ice Heal for the seven-cell Bag-list field.,7,
catalogue,MAIN:0x03174F,fixed_or_dynamic,烧伤药,Burn Heal,BurnHl.,corrected,fixed_item_name_7,Abbreviates Burn Heal for the seven-cell Bag-list field.,7,
catalogue,MAIN:0x031758,fixed_or_dynamic,万能恢复,Full Heal,FullHl.,corrected,fixed_item_name_7,Abbreviates Full Heal for the seven-cell Bag-list field.,7,
catalogue,MAIN:0x031761,fixed_or_dynamic,精神药,Revive,Revive,reviewed_no_change,full_corpus_review,"Reviewed against Chinese source, runtime role, and English style; no certain change required.",6,
catalogue,MAIN:0x031769,fixed_or_dynamic,PP提升,Ether,Ether,reviewed_no_change,full_corpus_review,"Reviewed against Chinese source, runtime role, and English style; no certain change required.",5,
catalogue,MAIN:0x03176F,fixed_or_dynamic,PP最大,Max Ether,MaxEth.,corrected,fixed_item_name_7,Abbreviates Max Ether for the seven-cell Bag-list field.,7,
catalogue,MAIN:0x031779,fixed_or_dynamic,神奇糖果,Rare Candy,RareCdy,corrected,fixed_item_name_7,Abbreviates Rare Candy for the seven-cell Bag-list field.,7,
catalogue,MAIN:0x031782,fixed_or_dynamic,火之石,Fire Stone,FireSt.,corrected,fixed_item_name_7,Abbreviates Fire Stone for the seven-cell Bag-list field.,7,
catalogue,MAIN:0x03178B,fixed_or_dynamic,水之石,Water Stone,WatrSt.,corrected,fixed_item_name_7,Abbreviates Water Stone for the seven-cell Bag-list field.,7,
catalogue,MAIN:0x031794,fixed_or_dynamic,雷之石,Thunder Stone,ThunSt.,corrected,fixed_item_name_7,Abbreviates Thunder Stone for the seven-cell Bag-list field.,7,
catalogue,MAIN:0x03179D,fixed_or_dynamic,月之石,Moon Stone,MoonSt.,corrected,fixed_item_name_7,Abbreviates Moon Stone for the seven-cell Bag-list field.,7,
catalogue,MAIN:0x0317A6,fixed_or_dynamic,包裹,Oak's Parcel,Parcel,corrected,fixed_item_name_7,Uses the unambiguous key noun for Oak's Parcel in the Bag list.,6,
catalogue,MAIN:0x0317B5,fixed_or_dynamic,地图,Town Map,TownMap,corrected,fixed_item_name_7,Compacts Town Map for the seven-cell Bag-list field.,7,
catalogue,MAIN:0x0317B9,fixed_or_dynamic,菊石化石,Helix Fossil,HelixFs,corrected,fixed_item_name_7,Abbreviates Helix Fossil for the seven-cell Bag-list field.,7,
catalogue,MAIN:0x0317C4,fixed_or_dynamic,盔甲化石,Dome Fossil,DomeFos,corrected,fixed_item_name_7,Abbreviates Dome Fossil for the seven-cell Bag-list field.,7,
catalogue,MAIN:0x0317CF,fixed_or_dynamic,船票,S.S. Ticket,S.S.Tkt,corrected,fixed_item_name_7,Abbreviates S.S. Ticket for the seven-cell Bag-list field.,7,
catalogue,MAIN:0x0317DA,fixed_or_dynamic,矿泉水,Mineral Water,FreshWt,corrected,fixed_item_name_7,Abbreviates the official Fresh Water name for the seven-cell Bag-list field.,7,
catalogue,MAIN:0x0317E3,fixed_or_dynamic,精灵眼镜,Silph Scope,SilphSc,corrected,fixed_item_name_7,Abbreviates Silph Scope for the seven-cell Bag-list field.,7,
catalogue,MAIN:0x0317EE,fixed_or_dynamic,精灵笛,Poké Flute,PokéFlt,corrected,fixed_item_name_7,Abbreviates Poké Flute for the seven-cell Bag-list field.,7,
catalogue,MAIN:0x0317F8,fixed_or_dynamic,金牙,Gold Teeth,GoldTth,corrected,fixed_item_name_7,Abbreviates Gold Teeth for the seven-cell Bag-list field.,7,
catalogue,MAIN:0x031803,fixed_or_dynamic,居合斩,Cut HM,Cut HM,reviewed_no_change,full_corpus_review,"Reviewed against Chinese source, runtime role, and English style; no certain change required.",6,
catalogue,MAIN:0x03180D,fixed_or_dynamic,飞天术,Fly HM,Fly HM,reviewed_no_change,full_corpus_review,"Reviewed against Chinese source, runtime role, and English style; no certain change required.",6,
catalogue,MAIN:0x031815,fixed_or_dynamic,冲浪术,Surf HM,Surf HM,reviewed_no_change,full_corpus_review,"Reviewed against Chinese source, runtime role, and English style; no certain change required.",7,
catalogue,MAIN:0x03181D,fixed_or_dynamic,怪力术,Strength HM,STR HM,corrected,fixed_item_name_7,Uses the standard STR abbreviation in the Bag-list field.,6,
catalogue,MAIN:0x031824,fixed_or_dynamic,闪光术,Flash HM,FlashHM,corrected,fixed_item_name_7,Compacts Flash HM for the seven-cell Bag-list field.,7,
catalogue,MAIN:0x03182D,fixed_or_dynamic,秘传01,TM 01,TM 01,reviewed_no_change,full_corpus_review,"Reviewed against Chinese source, runtime role, and English style; no certain change required.",5,
catalogue,MAIN:0x031835,fixed_or_dynamic,秘传02,TM 02,TM 02,reviewed_no_change,full_corpus_review,"Reviewed against Chinese source, runtime role, and English style; no certain change required.",5,
catalogue,MAIN:0x03183D,fixed_or_dynamic,秘传03,TM 03,TM 03,reviewed_no_change,full_corpus_review,"Reviewed against Chinese source, runtime role, and English style; no certain change required.",5,
catalogue,MAIN:0x031845,fixed_or_dynamic,秘传04,TM 04,TM 04,reviewed_no_change,full_corpus_review,"Reviewed against Chinese source, runtime role, and English style; no certain change required.",5,
catalogue,MAIN:0x03184D,fixed_or_dynamic,秘传05,TM 05,TM 05,reviewed_no_change,full_corpus_review,"Reviewed against Chinese source, runtime role, and English style; no certain change required.",5,
catalogue,MAIN:0x031855,fixed_or_dynamic,秘传06,TM 06,TM 06,reviewed_no_change,full_corpus_review,"Reviewed against Chinese source, runtime role, and English style; no certain change required.",5,
catalogue,MAIN:0x03185D,fixed_or_dynamic,秘传07,TM 07,TM 07,reviewed_no_change,full_corpus_review,"Reviewed against Chinese source, runtime role, and English style; no certain change required.",5,
catalogue,MAIN:0x031865,fixed_or_dynamic,秘传08,TM 08,TM 08,reviewed_no_change,full_corpus_review,"Reviewed against Chinese source, runtime role, and English style; no certain change required.",5,
catalogue,MAIN:0x03186D,fixed_or_dynamic,秘传09,TM 09,TM 09,reviewed_no_change,full_corpus_review,"Reviewed against Chinese source, runtime role, and English style; no certain change required.",5,
catalogue,MAIN:0x031875,fixed_or_dynamic,秘传10,TM 10,TM 10,reviewed_no_change,full_corpus_review,"Reviewed against Chinese source, runtime role, and English style; no certain change required.",5,
catalogue,MAIN:0x03187D,fixed_or_dynamic,秘传11,TM 11,TM 11,reviewed_no_change,full_corpus_review,"Reviewed against Chinese source, runtime role, and English style; no certain change required.",5,
catalogue,MAIN:0x031885,fixed_or_dynamic,秘传12,TM 12,TM 12,reviewed_no_change,full_corpus_review,"Reviewed against Chinese source, runtime role, and English style; no certain change required.",5,
catalogue,MAIN:0x03188D,fixed_or_dynamic,秘传13,TM 13,TM 13,reviewed_no_change,full_corpus_review,"Reviewed against Chinese source, runtime role, and English style; no certain change required.",5,
catalogue,MAIN:0x031895,fixed_or_dynamic,秘传14,TM 14,TM 14,reviewed_no_change,full_corpus_review,"Reviewed against Chinese source, runtime role, and English style; no certain change required.",5,
catalogue,MAIN:0x03189D,fixed_or_dynamic,秘传15,TM 15,TM 15,reviewed_no_change,full_corpus_review,"Reviewed against Chinese source, runtime role, and English style; no certain change required.",5,
catalogue,MAIN:0x0318A5,fixed_or_dynamic,秘传16,TM 16,TM 16,reviewed_no_change,full_corpus_review,"Reviewed against Chinese source, runtime role, and English style; no certain change required.",5,
catalogue,MAIN:0x0318AD,fixed_or_dynamic,秘传17,TM 17,TM 17,reviewed_no_change,full_corpus_review,"Reviewed against Chinese source, runtime role, and English style; no certain change required.",5,
catalogue,MAIN:0x0318B5,fixed_or_dynamic,秘传18,TM 18,TM 18,reviewed_no_change,full_corpus_review,"Reviewed against Chinese source, runtime role, and English style; no certain change required.",5,
catalogue,MAIN:0x0318BD,fixed_or_dynamic,秘传19,TM 19,TM 19,reviewed_no_change,full_corpus_review,"Reviewed against Chinese source, runtime role, and English style; no certain change required.",5,
catalogue,MAIN:0x0318C5,fixed_or_dynamic,秘传20,TM 20,TM 20,reviewed_no_change,full_corpus_review,"Reviewed against Chinese source, runtime role, and English style; no certain change required.",5,
catalogue,MAIN:0x0318CD,fixed_or_dynamic,秘传21,TM 21,TM 21,reviewed_no_change,full_corpus_review,"Reviewed against Chinese source, runtime role, and English style; no certain change required.",5,
catalogue,MAIN:0x0318D5,fixed_or_dynamic,秘传22,TM 22,TM 22,reviewed_no_change,full_corpus_review,"Reviewed against Chinese source, runtime role, and English style; no certain change required.",5,
catalogue,MAIN:0x0318DD,fixed_or_dynamic,秘传23,TM 23,TM 23,reviewed_no_change,full_corpus_review,"Reviewed against Chinese source, runtime role, and English style; no certain change required.",5,
catalogue,MAIN:0x0318E5,fixed_or_dynamic,秘传24,TM 24,TM 24,reviewed_no_change,full_corpus_review,"Reviewed against Chinese source, runtime role, and English style; no certain change required.",5,
catalogue,MAIN:0x0318ED,fixed_or_dynamic,秘传25,TM 25,TM 25,reviewed_no_change,full_corpus_review,"Reviewed against Chinese source, runtime role, and English style; no certain change required.",5,
catalogue,MAIN:0x0318F5,fixed_or_dynamic,秘传26,TM 26,TM 26,reviewed_no_change,full_corpus_review,"Reviewed against Chinese source, runtime role, and English style; no certain change required.",5,
catalogue,MAIN:0x0318FD,fixed_or_dynamic,秘传27,TM 27,TM 27,reviewed_no_change,full_corpus_review,"Reviewed against Chinese source, runtime role, and English style; no certain change required.",5,
catalogue,MAIN:0x031905,fixed_or_dynamic,秘传28,TM 28,TM 28,reviewed_no_change,full_corpus_review,"Reviewed against Chinese source, runtime role, and English style; no certain change required.",5,
catalogue,MAIN:0x03190D,fixed_or_dynamic,秘传29,TM 29,TM 29,reviewed_no_change,full_corpus_review,"Reviewed against Chinese source, runtime role, and English style; no certain change required.",5,
catalogue,MAIN:0x031915,fixed_or_dynamic,秘传30,TM 30,TM 30,reviewed_no_change,full_corpus_review,"Reviewed against Chinese source, runtime role, and English style; no certain change required.",5,
catalogue,MAIN:0x03191D,fixed_or_dynamic,秘传31,TM 31,TM 31,reviewed_no_change,full_corpus_review,"Reviewed against Chinese source, runtime role, and English style; no certain change required.",5,
catalogue,MAIN:0x031925,fixed_or_dynamic,秘传32,TM 32,TM 32,reviewed_no_change,full_corpus_review,"Reviewed against Chinese source, runtime role, and English style; no certain change required.",5,
catalogue,MAIN:0x03192D,fixed_or_dynamic,秘传33,TM 33,TM 33,reviewed_no_change,full_corpus_review,"Reviewed against Chinese source, runtime role, and English style; no certain change required.",5,
catalogue,MAIN:0x031935,fixed_or_dynamic,秘传34,TM 34,TM 34,reviewed_no_change,full_corpus_review,"Reviewed against Chinese source, runtime role, and English style; no certain change required.",5,
catalogue,MAIN:0x03193D,fixed_or_dynamic,秘传35,TM 35,TM 35,reviewed_no_change,full_corpus_review,"Reviewed against Chinese source, runtime role, and English style; no certain change required.",5,
catalogue,MAIN:0x031945,fixed_or_dynamic,秘传36,TM 36,TM 36,reviewed_no_change,full_corpus_review,"Reviewed against Chinese source, runtime role, and English style; no certain change required.",5,
catalogue,MAIN:0x03194D,fixed_or_dynamic,秘传37,TM 37,TM 37,reviewed_no_change,full_corpus_review,"Reviewed against Chinese source, runtime role, and English style; no certain change required.",5,
catalogue,MAIN:0x031955,fixed_or_dynamic,秘传38,TM 38,TM 38,reviewed_no_change,full_corpus_review,"Reviewed against Chinese source, runtime role, and English style; no certain change required.",5,
catalogue,MAIN:0x03195D,fixed_or_dynamic,秘传39,TM 39,TM 39,reviewed_no_change,full_corpus_review,"Reviewed against Chinese source, runtime role, and English style; no certain change required.",5,
catalogue,MAIN:0x031965,fixed_or_dynamic,秘传40,TM 40,TM 40,reviewed_no_change,full_corpus_review,"Reviewed against Chinese source, runtime role, and English style; no certain change required.",5,
catalogue,MAIN:0x031A0F,fixed_or_dynamic,没有东西,Empty,Empty,reviewed_no_change,full_corpus_review,"Reviewed against Chinese source, runtime role, and English style; no certain change required.",5,
catalogue,MAIN:0x031A15,fixed_or_dynamic,"可以捕捉精灵的球
---

比精灵球效果要好的球
---

比超级球效果要好的球",A ball used to catch Pokémon.,Catch  Pokémon,corrected,fixed_grid_7x3,Fits the 7x3 item-description grid as 'Catch' / 'Pokémon' without truncation.,14,fixed_grid_7x3
catalogue,MAIN:0x031A24,fixed_or_dynamic,一定能捉住精灵的球,A ball that always catches Pokémon.,Always catches,corrected,fixed_grid_7x3,Fits the fixed 7x3 item-description grid and preserves guaranteed capture.,14,fixed_grid_7x3
catalogue,MAIN:0x031A37,fixed_or_dynamic,让特定的精灵进化,Evolves certain Pokémon.,Evolvessome   Pokémon,corrected,fixed_grid_7x3,Fits the fixed 7x3 grid as 'Evolves' / 'some' / 'Pokémon'.,21,fixed_grid_7x3
catalogue,MAIN:0x031A4A,fixed_or_dynamic,让特定的精灵进化,Evolves certain Pokémon.,Evolvessome   Pokémon,corrected,fixed_grid_7x3,Fits the fixed 7x3 grid as 'Evolves' / 'some' / 'Pokémon'.,21,fixed_grid_7x3
catalogue,MAIN:0x031A5D,fixed_or_dynamic,体力恢复20点,Restores 20 HP.,Restore20 HP,corrected,fixed_grid_7x3,Fits the fixed 7x3 item-description grid and preserves the exact recovery amount.,12,fixed_grid_7x3
catalogue,MAIN:0x031A78,fixed_or_dynamic,体力恢复50点,Restores 50 HP.,Restore50 HP,corrected,fixed_grid_7x3,Fits the fixed 7x3 item-description grid and preserves the exact recovery amount.,12,fixed_grid_7x3
catalogue,MAIN:0x031A86,fixed_or_dynamic,体力恢复200点,Restores 200 HP.,Restore200 HP,corrected,fixed_grid_7x3,Fits the fixed 7x3 item-description grid and preserves the exact recovery amount.,13,fixed_grid_7x3
catalogue,MAIN:0x031A95,fixed_or_dynamic,体力完全恢复,Fully restores HP.,RestoreAll HP,corrected,fixed_grid_7x3,Fits the fixed 7x3 item-description grid and preserves full HP recovery.,13,fixed_grid_7x3
catalogue,MAIN:0x031AA4,fixed_or_dynamic,解除中毒状态,Cures poisoning.,Cures  poison,corrected,fixed_grid_7x3,Fits the fixed 7x3 item-description grid and preserves the cured status.,13,fixed_grid_7x3
catalogue,MAIN:0x031AB2,fixed_or_dynamic,解除麻痹状态,Cures paralysis.,Cures  PAR,corrected,fixed_grid_7x3,Fits the fixed 7x3 grid; PAR is the official Gen I battle abbreviation.,10,fixed_grid_7x3
catalogue,MAIN:0x031AC1,fixed_or_dynamic,解除沉睡状态,Wakes a sleeping Pokémon.,Cures  sleep,corrected,fixed_grid_7x3,Fits the fixed 7x3 item-description grid and preserves the awakening effect.,12,fixed_grid_7x3
catalogue,MAIN:0x031ACE,fixed_or_dynamic,解除冰冻状态,Thaws a frozen Pokémon.,Cures  freeze,corrected,fixed_grid_7x3,Fits the fixed 7x3 item-description grid and preserves the cured status.,13,fixed_grid_7x3
catalogue,MAIN:0x031ADC,fixed_or_dynamic,解除烧伤状态,Heals a burn.,Cures  burns,corrected,fixed_grid_7x3,Fits the fixed 7x3 item-description grid and preserves the cured status.,12,fixed_grid_7x3
catalogue,MAIN:0x031AE8,fixed_or_dynamic,恢复所有异常状态,Cures all status conditions.,Cures  all    status,corrected,fixed_grid_7x3,Fits the fixed 7x3 grid as 'Cures' / 'all' / 'status'.,20,fixed_grid_7x3
catalogue,MAIN:0x031AFF,fixed_or_dynamic,从临死状态恢复体力一半,Revives a fainted Pokémon with half its HP.,Revive half HP,corrected,fixed_grid_7x3,Fits the fixed 7x3 item-description grid and preserves half-HP revival.,14,fixed_grid_7x3
catalogue,MAIN:0x031B0E,fixed_or_dynamic,精灵的一项PP值恢复10点,Restores 10 PP to one move.,Restore10 PP,corrected,fixed_grid_7x3,Fits the fixed 7x3 item-description grid and preserves the exact PP recovery.,12,fixed_grid_7x3
catalogue,MAIN:0x031B29,fixed_or_dynamic,精灵的一项PP值全恢复,Fully restores PP to one move.,RestoreAll PP,corrected,fixed_grid_7x3,Fits the fixed 7x3 item-description grid and preserves full PP recovery.,13,fixed_grid_7x3
catalogue,MAIN:0x031B42,fixed_or_dynamic,提升精灵等级一级,Raises a Pokémon's level by one.,Raises level 1,corrected,fixed_grid_7x3,Fits the fixed 7x3 item-description grid and preserves the one-level increase.,14,fixed_grid_7x3
catalogue,MAIN:0x031B54,fixed_or_dynamic,让特定的精灵进化,Evolves certain Pokémon.,Evolvessome   Pokémon,corrected,fixed_grid_7x3,Fits the fixed 7x3 grid as 'Evolves' / 'some' / 'Pokémon'.,21,fixed_grid_7x3
catalogue,MAIN:0x031B67,fixed_or_dynamic,让特定的精灵进化,Evolves certain Pokémon.,Evolvessome   Pokémon,corrected,fixed_grid_7x3,Fits the fixed 7x3 grid as 'Evolves' / 'some' / 'Pokémon'.,21,fixed_grid_7x3
catalogue,MAIN:0x031B7A,fixed_or_dynamic,让特定的精灵进化,Evolves certain Pokémon.,Evolvessome   Pokémon,corrected,fixed_grid_7x3,Fits the fixed 7x3 grid as 'Evolves' / 'some' / 'Pokémon'.,21,fixed_grid_7x3
catalogue,MAIN:0x031B8D,fixed_or_dynamic,可以查看精灵的资料,Lets you view Pokémon data.,View   Pokémondata,corrected,fixed_grid_7x3,Fits the fixed 7x3 grid as 'View' / 'Pokémon' / 'data'.,18,fixed_grid_7x3
catalogue,MAIN:0x031BA0,fixed_or_dynamic,小茂姐姐给的地图,A map from Gary's sister.,Gary's map,corrected,fixed_grid_7x3,Fits the fixed 7x3 item-description grid and preserves the source owner.,10,fixed_grid_7x3
catalogue,MAIN:0x031BAB,fixed_or_dynamic,大木博士的包裹,Professor Oak's parcel.,Oak's  parcel,corrected,fixed_grid_7x3,Fits the fixed 7x3 item-description grid and preserves the parcel owner.,13,fixed_grid_7x3
catalogue,MAIN:0x031BBC,fixed_or_dynamic,"古代精灵的化石
---

古代精灵的化石",A fossil of an ancient Pokémon.,AncientPokémonfossil,corrected,fixed_grid_7x3,Fits the fixed 7x3 grid as 'Ancient' / 'Pokémon' / 'fossil'.,20,fixed_grid_7x3
catalogue,MAIN:0x031BCA,fixed_or_dynamic,马沙给的铁达尼号船票,Bill's Titanic ticket.,Titanicticket,corrected,fixed_grid_7x3,Fits the fixed 7x3 grid as 'Titanic' / 'ticket' and preserves the NJ046 ship name.,13,fixed_grid_7x3
catalogue,MAIN:0x031BE0,fixed_or_dynamic,彩虹商店幸运顾客纪念,A memento for a lucky customer at Celadon Department Store.,Lucky  memento,corrected,fixed_grid_7x3,Fits the fixed 7x3 item-description grid and preserves the lucky-customer memento.,14,fixed_grid_7x3
catalogue,MAIN:0x031BE8,fixed_or_dynamic,能看见一切灵异现象的眼镜,Glasses that reveal all supernatural phenomena.,Reveal ghosts,corrected,fixed_grid_7x3,Fits the fixed 7x3 item-description grid and preserves the supernatural-vision function.,13,fixed_grid_7x3
catalogue,MAIN:0x031BFD,fixed_or_dynamic,就算是熟睡的精灵也会跳起,Makes even a sleeping Pokémon leap up.,Wakes  Pokémon,corrected,fixed_grid_7x3,Fits the fixed 7x3 item-description grid and preserves the Poké Flute effect.,14,fixed_grid_7x3
catalogue,MAIN:0x031C13,fixed_or_dynamic,浅红市园长的假牙,The Fuchsia City warden's false teeth.,Gold   Teeth,corrected,fixed_grid_7x3,Fits the fixed 7x3 item-description grid and preserves the key item's identity.,12,fixed_grid_7x3
catalogue,MAIN:0x031C27,fixed_or_dynamic,梦幻神奇之旅的船票,A ticket for a wondrous Mew voyage.,Mew    ticket,corrected,fixed_grid_7x3,Fits the fixed 7x3 item-description grid and preserves the NJ046 Mew-voyage ticket.,13,fixed_grid_7x3
catalogue,MAIN:0x031C36,fixed_or_dynamic,训兽师,Tamer,Tamer,reviewed_no_change,full_corpus_review,"Reviewed against Chinese source, runtime role, and English style; no certain change required.",5,
catalogue,MAIN:0x031C3B,fixed_or_dynamic,男孩,Boy,Boy,reviewed_no_change,full_corpus_review,"Reviewed against Chinese source, runtime role, and English style; no certain change required.",3,
catalogue,MAIN:0x031C47,fixed_or_dynamic,魔术师,Magician,Juggler,corrected,natural_english,Matches the official Gen I trainer class used in the same live dialogues.,7,
catalogue,MAIN:0x031C4F,fixed_or_dynamic,大姐头,Rocket Executive,Rocket Executive,reviewed_no_change,full_corpus_review,"Reviewed against Chinese source, runtime role, and English style; no certain change required.",16,
catalogue,MAIN:0x031C61,fixed_or_dynamic,双胞胎,Twins,Twins,reviewed_no_change,full_corpus_review,"Reviewed against Chinese source, runtime role, and English style; no certain change required.",5,
catalogue,MAIN:0x031C67,fixed_or_dynamic,叔叔,Uncle,Uncle,reviewed_no_change,full_corpus_review,"Reviewed against Chinese source, runtime role, and English style; no certain change required.",5,
catalogue,MAIN:0x031C70,fixed_or_dynamic,成熟姐姐,Mature Lady,Mature Lady,reviewed_no_change,full_corpus_review,"Reviewed against Chinese source, runtime role, and English style; no certain change required.",11,
catalogue,MAIN:0x031C77,fixed_or_dynamic,神婆,Medium,Medium,reviewed_no_change,full_corpus_review,"Reviewed against Chinese source, runtime role, and English style; no certain change required.",6,
catalogue,MAIN:0x031C7E,fixed_or_dynamic,大婶婶,Auntie,Auntie,reviewed_no_change,full_corpus_review,"Reviewed against Chinese source, runtime role, and English style; no certain change required.",6,
catalogue,MAIN:0x031C87,fixed_or_dynamic,居合斩,Cut,Cut,reviewed_no_change,full_corpus_review,"Reviewed against Chinese source, runtime role, and English style; no certain change required.",3,
catalogue,MAIN:0x031C91,fixed_or_dynamic,飞天术,Fly,Fly,reviewed_no_change,full_corpus_review,"Reviewed against Chinese source, runtime role, and English style; no certain change required.",3,
catalogue,MAIN:0x031C99,fixed_or_dynamic,冲浪术,Surf,Surf,reviewed_no_change,full_corpus_review,"Reviewed against Chinese source, runtime role, and English style; no certain change required.",4,
catalogue,MAIN:0x031CA1,fixed_or_dynamic,怪力术,Strength,Strength,reviewed_no_change,full_corpus_review,"Reviewed against Chinese source, runtime role, and English style; no certain change required.",8,
catalogue,MAIN:0x031CA9,fixed_or_dynamic,闪光术,Flash,Flash,reviewed_no_change,full_corpus_review,"Reviewed against Chinese source, runtime role, and English style; no certain change required.",5,
catalogue,MAIN:0x031CB2,fixed_or_dynamic,秘传01,TM 01 ,TM 01 ,reviewed_no_change,full_corpus_review,"Reviewed against Chinese source, runtime role, and English style; no certain change required.",6,
catalogue,MAIN:0x031CBA,fixed_or_dynamic,秘传02,TM 02 ,TM 02 ,reviewed_no_change,full_corpus_review,"Reviewed against Chinese source, runtime role, and English style; no certain change required.",6,
catalogue,MAIN:0x031CC2,fixed_or_dynamic,秘传03,TM 03 ,TM 03 ,reviewed_no_change,full_corpus_review,"Reviewed against Chinese source, runtime role, and English style; no certain change required.",6,
catalogue,MAIN:0x031CCA,fixed_or_dynamic,秘传04,TM 04 ,TM 04 ,reviewed_no_change,full_corpus_review,"Reviewed against Chinese source, runtime role, and English style; no certain change required.",6,
catalogue,MAIN:0x031CD2,fixed_or_dynamic,秘传05,TM 05 ,TM 05 ,reviewed_no_change,full_corpus_review,"Reviewed against Chinese source, runtime role, and English style; no certain change required.",6,
catalogue,MAIN:0x031CDA,fixed_or_dynamic,秘传06,TM 06 ,TM 06 ,reviewed_no_change,full_corpus_review,"Reviewed against Chinese source, runtime role, and English style; no certain change required.",6,
catalogue,MAIN:0x031CE2,fixed_or_dynamic,秘传07,TM 07 ,TM 07 ,reviewed_no_change,full_corpus_review,"Reviewed against Chinese source, runtime role, and English style; no certain change required.",6,
catalogue,MAIN:0x031CEA,fixed_or_dynamic,秘传08,TM 08 ,TM 08 ,reviewed_no_change,full_corpus_review,"Reviewed against Chinese source, runtime role, and English style; no certain change required.",6,
catalogue,MAIN:0x031CF2,fixed_or_dynamic,秘传09,TM 09 ,TM 09 ,reviewed_no_change,full_corpus_review,"Reviewed against Chinese source, runtime role, and English style; no certain change required.",6,
catalogue,MAIN:0x031CFA,fixed_or_dynamic,秘传10,TM 10 ,TM 10 ,reviewed_no_change,full_corpus_review,"Reviewed against Chinese source, runtime role, and English style; no certain change required.",6,
catalogue,MAIN:0x031D02,fixed_or_dynamic,秘传11,TM 11 ,TM 11 ,reviewed_no_change,full_corpus_review,"Reviewed against Chinese source, runtime role, and English style; no certain change required.",6,
catalogue,MAIN:0x031D0A,fixed_or_dynamic,秘传12,TM 12 ,TM 12 ,reviewed_no_change,full_corpus_review,"Reviewed against Chinese source, runtime role, and English style; no certain change required.",6,
catalogue,MAIN:0x031D12,fixed_or_dynamic,秘传13,TM 13 ,TM 13 ,reviewed_no_change,full_corpus_review,"Reviewed against Chinese source, runtime role, and English style; no certain change required.",6,
catalogue,MAIN:0x031D1A,fixed_or_dynamic,秘传14,TM 14 ,TM 14 ,reviewed_no_change,full_corpus_review,"Reviewed against Chinese source, runtime role, and English style; no certain change required.",6,
catalogue,MAIN:0x031D22,fixed_or_dynamic,秘传15,TM 15 ,TM 15 ,reviewed_no_change,full_corpus_review,"Reviewed against Chinese source, runtime role, and English style; no certain change required.",6,
catalogue,MAIN:0x031D2A,fixed_or_dynamic,秘传16,TM 16 ,TM 16 ,reviewed_no_change,full_corpus_review,"Reviewed against Chinese source, runtime role, and English style; no certain change required.",6,
catalogue,MAIN:0x031D32,fixed_or_dynamic,秘传17,TM 17 ,TM 17 ,reviewed_no_change,full_corpus_review,"Reviewed against Chinese source, runtime role, and English style; no certain change required.",6,
catalogue,MAIN:0x031D3A,fixed_or_dynamic,秘传18,TM 18 ,TM 18 ,reviewed_no_change,full_corpus_review,"Reviewed against Chinese source, runtime role, and English style; no certain change required.",6,
catalogue,MAIN:0x031D42,fixed_or_dynamic,秘传19,TM 19 ,TM 19 ,reviewed_no_change,full_corpus_review,"Reviewed against Chinese source, runtime role, and English style; no certain change required.",6,
catalogue,MAIN:0x031D4A,fixed_or_dynamic,秘传20,TM 20 ,TM 20 ,reviewed_no_change,full_corpus_review,"Reviewed against Chinese source, runtime role, and English style; no certain change required.",6,
catalogue,MAIN:0x031D52,fixed_or_dynamic,秘传21,TM 21 ,TM 21 ,reviewed_no_change,full_corpus_review,"Reviewed against Chinese source, runtime role, and English style; no certain change required.",6,
catalogue,MAIN:0x031D5A,fixed_or_dynamic,秘传22,TM 22 ,TM 22 ,reviewed_no_change,full_corpus_review,"Reviewed against Chinese source, runtime role, and English style; no certain change required.",6,
catalogue,MAIN:0x031D62,fixed_or_dynamic,秘传23,TM 23 ,TM 23 ,reviewed_no_change,full_corpus_review,"Reviewed against Chinese source, runtime role, and English style; no certain change required.",6,
catalogue,MAIN:0x031D6A,fixed_or_dynamic,秘传24,TM 24 ,TM 24 ,reviewed_no_change,full_corpus_review,"Reviewed against Chinese source, runtime role, and English style; no certain change required.",6,
catalogue,MAIN:0x031D72,fixed_or_dynamic,秘传25,TM 25 ,TM 25 ,reviewed_no_change,full_corpus_review,"Reviewed against Chinese source, runtime role, and English style; no certain change required.",6,
catalogue,MAIN:0x031D7A,fixed_or_dynamic,秘传26,TM 26 ,TM 26 ,reviewed_no_change,full_corpus_review,"Reviewed against Chinese source, runtime role, and English style; no certain change required.",6,
catalogue,MAIN:0x031D82,fixed_or_dynamic,秘传27,TM 27 ,TM 27 ,reviewed_no_change,full_corpus_review,"Reviewed against Chinese source, runtime role, and English style; no certain change required.",6,
catalogue,MAIN:0x031D8A,fixed_or_dynamic,秘传28,TM 28 ,TM 28 ,reviewed_no_change,full_corpus_review,"Reviewed against Chinese source, runtime role, and English style; no certain change required.",6,
catalogue,MAIN:0x031D92,fixed_or_dynamic,秘传29,TM 29 ,TM 29 ,reviewed_no_change,full_corpus_review,"Reviewed against Chinese source, runtime role, and English style; no certain change required.",6,
catalogue,MAIN:0x031D9A,fixed_or_dynamic,秘传30,TM 30 ,TM 30 ,reviewed_no_change,full_corpus_review,"Reviewed against Chinese source, runtime role, and English style; no certain change required.",6,
catalogue,MAIN:0x031DA2,fixed_or_dynamic,秘传31,TM 31 ,TM 31 ,reviewed_no_change,full_corpus_review,"Reviewed against Chinese source, runtime role, and English style; no certain change required.",6,
catalogue,MAIN:0x031DAA,fixed_or_dynamic,秘传32,TM 32 ,TM 32 ,reviewed_no_change,full_corpus_review,"Reviewed against Chinese source, runtime role, and English style; no certain change required.",6,
catalogue,MAIN:0x031DB2,fixed_or_dynamic,秘传33,TM 33 ,TM 33 ,reviewed_no_change,full_corpus_review,"Reviewed against Chinese source, runtime role, and English style; no certain change required.",6,
catalogue,MAIN:0x031DBA,fixed_or_dynamic,秘传34,TM 34 ,TM 34 ,reviewed_no_change,full_corpus_review,"Reviewed against Chinese source, runtime role, and English style; no certain change required.",6,
catalogue,MAIN:0x031DC2,fixed_or_dynamic,秘传35,TM 35 ,TM 35 ,reviewed_no_change,full_corpus_review,"Reviewed against Chinese source, runtime role, and English style; no certain change required.",6,
catalogue,MAIN:0x031DCA,fixed_or_dynamic,秘传36,TM 36 ,TM 36 ,reviewed_no_change,full_corpus_review,"Reviewed against Chinese source, runtime role, and English style; no certain change required.",6,
catalogue,MAIN:0x031DD2,fixed_or_dynamic,秘传37,TM 37 ,TM 37 ,reviewed_no_change,full_corpus_review,"Reviewed against Chinese source, runtime role, and English style; no certain change required.",6,
catalogue,MAIN:0x031DDA,fixed_or_dynamic,秘传38,TM 38 ,TM 38 ,reviewed_no_change,full_corpus_review,"Reviewed against Chinese source, runtime role, and English style; no certain change required.",6,
catalogue,MAIN:0x031DE2,fixed_or_dynamic,秘传39,TM 39 ,TM 39 ,reviewed_no_change,full_corpus_review,"Reviewed against Chinese source, runtime role, and English style; no certain change required.",6,
catalogue,MAIN:0x031DEA,fixed_or_dynamic,秘传40,TM 40 ,TM 40 ,reviewed_no_change,full_corpus_review,"Reviewed against Chinese source, runtime role, and English style; no certain change required.",6,
catalogue,MAIN:0x031E6A,fixed_or_dynamic,小茂,Gary,Gary,reviewed_no_change,full_corpus_review,"Reviewed against Chinese source, runtime role, and English style; no certain change required.",4,
catalogue,MAIN:0x031E6F,fixed_or_dynamic,小刚,Brock,Brock,reviewed_no_change,full_corpus_review,"Reviewed against Chinese source, runtime role, and English style; no certain change required.",5,
catalogue,MAIN:0x031E75,fixed_or_dynamic,小霞,Misty,Misty,reviewed_no_change,full_corpus_review,"Reviewed against Chinese source, runtime role, and English style; no certain change required.",5,
catalogue,MAIN:0x031E7B,fixed_or_dynamic,马其斯,Lt. Surge,Lt. Surge,reviewed_no_change,full_corpus_review,"Reviewed against Chinese source, runtime role, and English style; no certain change required.",9,
catalogue,MAIN:0x031E84,fixed_or_dynamic,佳丽亚,Erika,Erika,reviewed_no_change,full_corpus_review,"Reviewed against Chinese source, runtime role, and English style; no certain change required.",5,
catalogue,MAIN:0x031E8A,fixed_or_dynamic,乔,Koga,Koga,reviewed_no_change,full_corpus_review,"Reviewed against Chinese source, runtime role, and English style; no certain change required.",4,
catalogue,MAIN:0x031E8F,fixed_or_dynamic,娜梅,Sabrina,Sabrina,reviewed_no_change,full_corpus_review,"Reviewed against Chinese source, runtime role, and English style; no certain change required.",7,
catalogue,MAIN:0x031E97,fixed_or_dynamic,阿桂,Blaine,Blaine,reviewed_no_change,full_corpus_review,"Reviewed against Chinese source, runtime role, and English style; no certain change required.",6,
catalogue,MAIN:0x031E9E,fixed_or_dynamic,老大,Giovanni,Giovanni,reviewed_no_change,full_corpus_review,"Reviewed against Chinese source, runtime role, and English style; no certain change required.",8,
catalogue,MAIN:0x031EA7,fixed_or_dynamic,加纳,Lorelei,Lorelei,reviewed_no_change,full_corpus_review,"Reviewed against Chinese source, runtime role, and English style; no certain change required.",7,
catalogue,MAIN:0x031EAF,fixed_or_dynamic,西巴,Bruno,Bruno,reviewed_no_change,full_corpus_review,"Reviewed against Chinese source, runtime role, and English style; no certain change required.",5,
catalogue,MAIN:0x031EB5,fixed_or_dynamic,菊子,Agatha,Agatha,reviewed_no_change,full_corpus_review,"Reviewed against Chinese source, runtime role, and English style; no certain change required.",6,
catalogue,MAIN:0x031EBC,fixed_or_dynamic,瓦它诺,Lance,Lance,reviewed_no_change,full_corpus_review,"Reviewed against Chinese source, runtime role, and English style; no certain change required.",5,
catalogue,MAIN:0x031EC2,fixed_or_dynamic,武藏小次郎,Jessie & James,Jessie & James,reviewed_no_change,full_corpus_review,"Reviewed against Chinese source, runtime role, and English style; no certain change required.",14,
catalogue,MAIN:0x031EDD,fixed_or_dynamic,二当家,Deputy,Deputy,reviewed_no_change,full_corpus_review,"Reviewed against Chinese source, runtime role, and English style; no certain change required.",6,
catalogue,MAIN:0x031EE7,fixed_or_dynamic,捉虫少年,Bug Catcher,Bug Catcher,reviewed_no_change,full_corpus_review,"Reviewed against Chinese source, runtime role, and English style; no certain change required.",11,
catalogue,MAIN:0x031EF3,fixed_or_dynamic,侦察员,Scout,Scout,reviewed_no_change,full_corpus_review,"Reviewed against Chinese source, runtime role, and English style; no certain change required.",5,
catalogue,MAIN:0x031EFB,fixed_or_dynamic,迷你裙,Lass,Lass,reviewed_no_change,full_corpus_review,"Reviewed against Chinese source, runtime role, and English style; no certain change required.",4,
catalogue,MAIN:0x031F00,fixed_or_dynamic,谈判小子,Young Negotiator,Young Negotiator,reviewed_no_change,full_corpus_review,"Reviewed against Chinese source, runtime role, and English style; no certain change required.",16,
catalogue,MAIN:0x031F0A,fixed_or_dynamic,火箭队,Team Rocket,Team Rocket,reviewed_no_change,full_corpus_review,"Reviewed against Chinese source, runtime role, and English style; no certain change required.",11,
catalogue,MAIN:0x031F18,fixed_or_dynamic,火箭队,Team Rocket,Team Rocket,reviewed_no_change,full_corpus_review,"Reviewed against Chinese source, runtime role, and English style; no certain change required.",11,
catalogue,MAIN:0x031F26,fixed_or_dynamic,研究员,Scientist,Scientist,reviewed_no_change,full_corpus_review,"Reviewed against Chinese source, runtime role, and English style; no certain change required.",9,
catalogue,MAIN:0x031F30,fixed_or_dynamic,大叔,Man,Man,reviewed_no_change,full_corpus_review,"Reviewed against Chinese source, runtime role, and English style; no certain change required.",3,
catalogue,MAIN:0x031F36,fixed_or_dynamic,游泳男,Male Swimmer,Male Swimmer,reviewed_no_change,full_corpus_review,"Reviewed against Chinese source, runtime role, and English style; no certain change required.",12,
catalogue,MAIN:0x031F3F,fixed_or_dynamic,游泳女,Swimmer Girl,Swimmer Girl,reviewed_no_change,full_corpus_review,"Reviewed against Chinese source, runtime role, and English style; no certain change required.",12,
catalogue,MAIN:0x031F48,fixed_or_dynamic,绅士,Gentleman,Gentleman,reviewed_no_change,full_corpus_review,"Reviewed against Chinese source, runtime role, and English style; no certain change required.",9,
catalogue,MAIN:0x031F52,fixed_or_dynamic,大胖子,Big Guy,Big Guy,reviewed_no_change,full_corpus_review,"Reviewed against Chinese source, runtime role, and English style; no certain change required.",7,
catalogue,MAIN:0x031F60,fixed_or_dynamic,水手,Sailor,Sailor,reviewed_no_change,full_corpus_review,"Reviewed against Chinese source, runtime role, and English style; no certain change required.",6,
catalogue,MAIN:0x031F67,fixed_or_dynamic,士兵,Soldier,Soldier,reviewed_no_change,full_corpus_review,"Reviewed against Chinese source, runtime role, and English style; no certain change required.",7,
catalogue,MAIN:0x031F75,fixed_or_dynamic,老爷爷,Old Man,Old Man,reviewed_no_change,full_corpus_review,"Reviewed against Chinese source, runtime role, and English style; no certain change required.",7,
catalogue,MAIN:0x031F7E,fixed_or_dynamic,女孩,Girl,Girl,reviewed_no_change,full_corpus_review,"Reviewed against Chinese source, runtime role, and English style; no certain change required.",4,
catalogue,MAIN:0x031F8A,fixed_or_dynamic,职员,Worker,Worker,reviewed_no_change,full_corpus_review,"Reviewed against Chinese source, runtime role, and English style; no certain change required.",6,
catalogue,MAIN:0x031F95,fixed_or_dynamic,少年,Youngster,Youngster,reviewed_no_change,full_corpus_review,"Reviewed against Chinese source, runtime role, and English style; no certain change required.",9,
catalogue,MAIN:0x031F9F,fixed_or_dynamic,女生,Girl,Girl,reviewed_no_change,full_corpus_review,"Reviewed against Chinese source, runtime role, and English style; no certain change required.",4,
catalogue,MAIN:0x031FA7,fixed_or_dynamic,大姐姐,Woman,Woman,reviewed_no_change,full_corpus_review,"Reviewed against Chinese source, runtime role, and English style; no certain change required.",5,
catalogue,MAIN:0x031FB3,fixed_or_dynamic,修女,Nun,Nun,reviewed_no_change,full_corpus_review,"Reviewed against Chinese source, runtime role, and English style; no certain change required.",3,
catalogue,MAIN:0x031FBD,fixed_or_dynamic,钓鱼者,Fisherman,Fisherman,reviewed_no_change,full_corpus_review,"Reviewed against Chinese source, runtime role, and English style; no certain change required.",9,
catalogue,MAIN:0x031FC7,fixed_or_dynamic,电气团,Rocker,Rocker,reviewed_no_change,full_corpus_review,"Reviewed against Chinese source, runtime role, and English style; no certain change required.",6,
catalogue,MAIN:0x031FCE,fixed_or_dynamic,捉鸟人,Bird Keeper,Bird Keeper,reviewed_no_change,full_corpus_review,"Reviewed against Chinese source, runtime role, and English style; no certain change required.",11,
catalogue,MAIN:0x031FDA,fixed_or_dynamic,暴走族,Biker,Biker,reviewed_no_change,full_corpus_review,"Reviewed against Chinese source, runtime role, and English style; no certain change required.",5,
catalogue,MAIN:0x031FE0,fixed_or_dynamic,忍者,Ninja,Ninja,reviewed_no_change,full_corpus_review,"Reviewed against Chinese source, runtime role, and English style; no certain change required.",5,
catalogue,MAIN:0x031FE6,fixed_or_dynamic,空手道,Karateka,Blackbelt,corrected,natural_english,Uses the official English Gen I trainer-class name rather than the Japanese loanword Karateka.,9,
catalogue,MAIN:0x031FF1,fixed_or_dynamic,跆拳道,Taekwondo Fighter,Taekwondo Fighter,reviewed_no_change,full_corpus_review,"Reviewed against Chinese source, runtime role, and English style; no certain change required.",17,
catalogue,MAIN:0x031FFA,fixed_or_dynamic,超能力,Psychic,Psychic,reviewed_no_change,full_corpus_review,"Reviewed against Chinese source, runtime role, and English style; no certain change required.",7,
catalogue,MAIN:0x032008,fixed_or_dynamic,精神师,Psychic,Psychic,reviewed_no_change,full_corpus_review,"Reviewed against Chinese source, runtime role, and English style; no certain change required.",7,
catalogue,MAIN:0x032013,fixed_or_dynamic,小偷,Burglar,Burglar,reviewed_no_change,full_corpus_review,"Reviewed against Chinese source, runtime role, and English style; no certain change required.",7,
catalogue,MAIN:0x032161,fixed_or_dynamic,滑雪女,Female Skier,Female Skier,reviewed_no_change,full_corpus_review,"Reviewed against Chinese source, runtime role, and English style; no certain change required.",12,
catalogue,MAIN:0x032167,fixed_or_dynamic,滑雪男,Male Skier,Male Skier,reviewed_no_change,full_corpus_review,"Reviewed against Chinese source, runtime role, and English style; no certain change required.",10,
catalogue,MAIN:0x03216F,fixed_or_dynamic,石英高原,Indigo Plateau,Indigo Plateau,reviewed_no_change,full_corpus_review,"Reviewed against Chinese source, runtime role, and English style; no certain change required.",14,
catalogue,MAIN:0x03217A,pokedex,用尾巴的火焰表达心情,Its tail flame shows its mood.,Its tail flame shows its mood.,reviewed_no_change,full_corpus_review,"Reviewed against Chinese source, runtime role, and English style; no certain change required.",35,pokedex_13x4
catalogue,MAIN:0x0321AF,pokedex,身体有坚硬的外壳可发出强烈的泡沫,Its hard shell can fire strong foam.,Its hard shell can fire powerful bubbles.,corrected,pokedex_prose,Uses the natural battle verb and count noun.,47,pokedex_13x4
catalogue,MAIN:0x0321DD,pokedex,隐藏在水中等待食物游泳速度很快,"It hides in water, waits for food, and swims fast.","It hides in water, waits for food, and swims fast.",reviewed_no_change,full_corpus_review,"Reviewed against Chinese source, runtime role, and English style; no certain change required.",50,pokedex_13x4
catalogue,MAIN:0x032211,pokedex,背上喷射口像火箭一样喷射厉害水流,Its back jets fire fierce streams like rockets.,Its back jets fire fierce streams like rockets.,reviewed_no_change,full_corpus_review,"Reviewed against Chinese source, runtime role, and English style; no certain change required.",47,pokedex_13x4
catalogue,MAIN:0x032244,pokedex,外壳变硬前受到攻击会流出液体,"Before its shell hardens, hits make it leak.","Before hardening, it leaks when struck.",corrected,pokedex_prose,Replaces the unnatural phrase 'hits draw fluid'.,46,pokedex_13x4
catalogue,MAIN:0x032275,pokedex,喜欢吃树叶头上长着坚利的针,It loves leaves and has a sharp head spike.,It loves leaves and has a sharp head spike.,reviewed_no_change,full_corpus_review,"Reviewed against Chinese source, runtime role, and English style; no certain change required.",50,pokedex_13x4
catalogue,MAIN:0x0322A3,pokedex,告诉飞行用大的毒针刺敌人,It flies fast and jabs foes with a big toxic barb.,It flies fast and jabs foes with a big toxic barb.,reviewed_no_change,full_corpus_review,"Reviewed against Chinese source, runtime role, and English style; no certain change required.",50,pokedex_13x4
catalogue,MAIN:0x0322D3,pokedex,多分布在森林和草地,It lives mainly in forests and grasslands.,It lives mainly in forests and grasslands.,reviewed_no_change,full_corpus_review,"Reviewed against Chinese source, runtime role, and English style; no certain change required.",50,pokedex_13x4
catalogue,MAIN:0x032301,pokedex,寻找食物的时候贴在水面滑行,It skims the water when seeking food.,It skims the water when seeking food.,reviewed_no_change,full_corpus_review,"Reviewed against Chinese source, runtime role, and English style; no certain change required.",39,pokedex_13x4
catalogue,MAIN:0x032335,pokedex,移动较慢长着厉害的门牙,It moves slowly and has strong front teeth.,It moves slowly and has strong front teeth.,reviewed_no_change,full_corpus_review,"Reviewed against Chinese source, runtime role, and English style; no certain change required.",51,pokedex_13x4
catalogue,MAIN:0x03236A,pokedex,能吞下波波或大嘴雀的蛋,It can swallow Pidgey or Fearow eggs.,It can swallow Pidgey or Fearow eggs.,reviewed_no_change,full_corpus_review,"Reviewed against Chinese source, runtime role, and English style; no certain change required.",51,pokedex_13x4
catalogue,MAIN:0x032399,pokedex,样子可怕不用战斗就能吓跑敌人,Its scary look can rout foes without a fight.,Its scary look can rout foes without a fight.,reviewed_no_change,full_corpus_review,"Reviewed against Chinese source, runtime role, and English style; no certain change required.",47,pokedex_13x4
catalogue,MAIN:0x0323C8,pokedex,有很长的尾巴可以保护身体,Its long tail can protect its body.,Its long tail can protect its body.,reviewed_no_change,full_corpus_review,"Reviewed against Chinese source, runtime role, and English style; no certain change required.",35,pokedex_13x4
catalogue,MAIN:0x0323FB,pokedex,喜欢挖洞隐藏吃食物时才出来,It loves burrows and comes out only to eat.,It loves burrows and comes out only to eat.,reviewed_no_change,full_corpus_review,"Reviewed against Chinese source, runtime role, and English style; no certain change required.",51,pokedex_13x4
catalogue,MAIN:0x032420,pokedex,身体虽小但有毒牙要小心,"Though small, its toxic fangs demand caution.","Though small, its toxic fangs demand caution.",reviewed_no_change,full_corpus_review,"Reviewed against Chinese source, runtime role, and English style; no certain change required.",47,pokedex_13x4
catalogue,MAIN:0x032451,pokedex,遇到危险时发出攻击,It attacks when it senses danger.,It attacks when it senses danger.,reviewed_no_change,full_corpus_review,"Reviewed against Chinese source, runtime role, and English style; no certain change required.",46,pokedex_13x4
catalogue,MAIN:0x03247F,pokedex,能挥动大尾巴攻击敌人,It can swing its big tail to strike foes.,It can swing its big tail to strike foes.,reviewed_no_change,full_corpus_review,"Reviewed against Chinese source, runtime role, and English style; no certain change required.",44,pokedex_13x4
catalogue,MAIN:0x0324AF,pokedex,长的可爱惹很多的喜爱,Its cute looks make it widely loved.,Its cute looks make it widely loved.,reviewed_no_change,full_corpus_review,"Reviewed against Chinese source, runtime role, and English style; no certain change required.",39,pokedex_13x4
catalogue,MAIN:0x0324E0,pokedex,出生只有一条尾巴长大后尾巴会增加,"Born with one tail, it grows more as it matures.","Born with one tail, it grows more as it matures.",reviewed_no_change,full_corpus_review,"Reviewed against Chinese source, runtime role, and English style; no certain change required.",50,pokedex_13x4
catalogue,MAIN:0x032512,pokedex,被激怒身体会吸取意气变大,"When angered, it draws in air and swells up.","When angered, it draws in air and swells up.",reviewed_no_change,full_corpus_review,"Reviewed against Chinese source, runtime role, and English style; no certain change required.",49,pokedex_13x4
catalogue,MAIN:0x032545,pokedex,能发出超声波寻找目标,It uses ultrasound to find targets.,It uses ultrasound to find targets.,reviewed_no_change,full_corpus_review,"Reviewed against Chinese source, runtime role, and English style; no certain change required.",39,pokedex_13x4
catalogue,MAIN:0x032573,pokedex,带有很多花粉头很重,Its head is heavy with lots of pollen.,Its head is heavy with lots of pollen.,reviewed_no_change,full_corpus_review,"Reviewed against Chinese source, runtime role, and English style; no certain change required.",46,pokedex_13x4
catalogue,MAIN:0x0325A7,pokedex,喜欢住在洞穴中,It likes living in caves.,It likes living in caves.,reviewed_no_change,full_corpus_review,"Reviewed against Chinese source, runtime role, and English style; no certain change required.",32,pokedex_13x4
catalogue,MAIN:0x0325D4,pokedex,扇动翅膀放出有毒的粉,Its beating wings release toxic powder.,Its beating wings release toxic powder.,reviewed_no_change,full_corpus_review,"Reviewed against Chinese source, runtime role, and English style; no certain change required.",39,pokedex_13x4
catalogue,MAIN:0x032609,pokedex,挖洞的本领非常强大,It is highly skilled at digging.,It is highly skilled at digging.,reviewed_no_change,full_corpus_review,"Reviewed against Chinese source, runtime role, and English style; no certain change required.",34,pokedex_13x4
catalogue,MAIN:0x032637,pokedex,有很强的意念,It has strong psychic power.,It has strong psychic power.,reviewed_no_change,full_corpus_review,"Reviewed against Chinese source, runtime role, and English style; no certain change required.",32,pokedex_13x4
catalogue,MAIN:0x03266B,pokedex,平时温和发怒时非常可怕,"Usually gentle, but terrifying when angry.","Usually gentle, but terrifying when angry.",reviewed_no_change,full_corpus_review,"Reviewed against Chinese source, runtime role, and English style; no certain change required.",50,pokedex_13x4
catalogue,MAIN:0x0326A0,pokedex,奔跑速度和风一样快,It can run as fast as the wind.,It can run as fast as the wind.,reviewed_no_change,full_corpus_review,"Reviewed against Chinese source, runtime role, and English style; no certain change required.",31,pokedex_13x4
catalogue,MAIN:0x0326D4,pokedex,地上水中都能生活,It can live both on land and in water.,It can live both on land and in water.,reviewed_no_change,full_corpus_review,"Reviewed against Chinese source, runtime role, and English style; no certain change required.",39,pokedex_13x4
catalogue,MAIN:0x032709,pokedex,身体发出射线让敌人头疼,Its rays give foes headaches.,Its rays give foes headaches.,reviewed_no_change,full_corpus_review,"Reviewed against Chinese source, runtime role, and English style; no certain change required.",36,pokedex_13x4
catalogue,MAIN:0x03273A,pokedex,喜欢锻炼身体,It likes to train its body.,It likes to train its body.,reviewed_no_change,full_corpus_review,"Reviewed against Chinese source, runtime role, and English style; no certain change required.",31,pokedex_13x4
catalogue,MAIN:0x03276A,pokedex,有厉害的胳膊可以攻击敌人,Its strong arms can attack foes.,Its strong arms can attack foes.,reviewed_no_change,full_corpus_review,"Reviewed against Chinese source, runtime role, and English style; no certain change required.",38,pokedex_13x4
catalogue,MAIN:0x032798,pokedex,被它攻击后很难生还,Few survive an attack from it.,Few survive an attack from it.,reviewed_no_change,full_corpus_review,"Reviewed against Chinese source, runtime role, and English style; no certain change required.",34,pokedex_13x4
catalogue,MAIN:0x0327CA,pokedex,多生长在草原和山区,It grows in grasslands and mountain areas.,It grows in grasslands and mountain areas.,reviewed_no_change,full_corpus_review,"Reviewed against Chinese source, runtime role, and English style; no certain change required.",45,pokedex_13x4
catalogue,MAIN:0x0327FC,pokedex,身体像岩石一样坚硬,Its body is as hard as rock.,Its body is as hard as rock.,reviewed_no_change,full_corpus_review,"Reviewed against Chinese source, runtime role, and English style; no certain change required.",31,pokedex_13x4
catalogue,MAIN:0x032830,pokedex,以惊人的速度飞奔,It dashes at amazing speed.,It dashes at amazing speed.,reviewed_no_change,full_corpus_review,"Reviewed against Chinese source, runtime role, and English style; no certain change required.",32,pokedex_13x4
catalogue,MAIN:0x032862,pokedex,能发射电磁波,It emits EM waves.,It emits EM waves.,reviewed_no_change,full_corpus_review,"Reviewed against Chinese source, runtime role, and English style; no certain change required.",19,pokedex_13x4
catalogue,MAIN:0x032893,pokedex,嘴上的大葱攻击很厉害,Its leek is a powerful weapon.,Its leek is a powerful weapon.,reviewed_no_change,full_corpus_review,"Reviewed against Chinese source, runtime role, and English style; no certain change required.",33,pokedex_13x4
catalogue,MAIN:0x0328C2,pokedex,三个头睡觉时其中一个头是清醒的,Two heads sleep while the third stays awake.,Two heads sleep while the third stays awake.,reviewed_no_change,full_corpus_review,"Reviewed against Chinese source, runtime role, and English style; no certain change required.",51,pokedex_13x4
catalogue,MAIN:0x0328EF,pokedex,身体里具有热的能量很耐冷,Heat within its body makes it resist cold.,Heat within its body makes it resist cold.,reviewed_no_change,full_corpus_review,"Reviewed against Chinese source, runtime role, and English style; no certain change required.",51,pokedex_13x4
catalogue,MAIN:0x032924,pokedex,全身是污泥身体有毒,Its whole body is toxic sludge.,Its whole body is toxic sludge.,reviewed_no_change,full_corpus_review,"Reviewed against Chinese source, runtime role, and English style; no certain change required.",33,pokedex_13x4
catalogue,MAIN:0x032954,pokedex,很神奇的瓦斯生物,It is a strange gaseous life-form.,It is a strange gaseous life-form.,reviewed_no_change,full_corpus_review,"Reviewed against Chinese source, runtime role, and English style; no certain change required.",49,pokedex_13x4
catalogue,MAIN:0x032986,pokedex,多在月夜时出来活动,It is mostly active on moonlit nights.,It is mostly active on moonlit nights.,reviewed_no_change,full_corpus_review,"Reviewed against Chinese source, runtime role, and English style; no certain change required.",46,pokedex_13x4
catalogue,MAIN:0x0329BA,pokedex,据说能让人做恶梦,It is said to give people nightmares.,It is said to give people nightmares.,reviewed_no_change,full_corpus_review,"Reviewed against Chinese source, runtime role, and English style; no certain change required.",37,pokedex_13x4
catalogue,MAIN:0x0329E8,pokedex,钳子是最有力的武器,Its pincers are its strongest weapons.,Its pincers are its strongest weapons.,reviewed_no_change,full_corpus_review,"Reviewed against Chinese source, runtime role, and English style; no certain change required.",47,pokedex_13x4
catalogue,MAIN:0x032A17,pokedex,多出现在发电厂小心自爆,"Often at power plants, it may blow itself up.","Often at power plants, it may blow itself up.",reviewed_no_change,full_corpus_review,"Reviewed against Chinese source, runtime role, and English style; no certain change required.",49,pokedex_13x4
catalogue,MAIN:0x032A47,pokedex,遇到食物时会聚集同伴,"When it finds food, it gathers its allies.","When it finds food, it gathers its allies.",reviewed_no_change,full_corpus_review,"Reviewed against Chinese source, runtime role, and English style; no certain change required.",46,pokedex_13x4
catalogue,MAIN:0x032A7C,pokedex,很难看到失去母亲的它的真面目,"Motherless, its true face is rarely seen.","After losing its mother, its face stays hidden.",corrected,pokedex_prose,Clarifies the source relation in natural English.,52,pokedex_13x4
catalogue,MAIN:0x032AAF,pokedex,骨头很坚硬训练员要小心它,"Its bone is hard, so Trainers must beware.","Its bone is hard, so Trainers must beware.",reviewed_no_change,full_corpus_review,"Reviewed against Chinese source, runtime role, and English style; no certain change required.",46,pokedex_13x4
catalogue,MAIN:0x032ADF,pokedex,全身具有坚硬的皮肤保护,Tough skin protects its whole body.,Tough skin protects its whole body.,reviewed_no_change,full_corpus_review,"Reviewed against Chinese source, runtime role, and English style; no certain change required.",37,pokedex_13x4
catalogue,MAIN:0x032B12,pokedex,出生地非常少抓住它的人很幸运,It is born in few places. Catching one is lucky.,It is born in few places. Catching one is lucky.,reviewed_no_change,full_corpus_review,"Reviewed against Chinese source, runtime role, and English style; no certain change required.",48,pokedex_13x4
catalogue,MAIN:0x032B47,pokedex,全身长着像海草一样的东西移动很轻,Seaweed-like growths cover it. It moves lightly.,Seaweed-like growths cover it. It moves with ease.,corrected,pokedex_prose,Replaces the unidiomatic phrase 'moves lightly'.,49,pokedex_13x4
catalogue,MAIN:0x032B75,pokedex,小时候藏在母亲的育儿袋中不出来,"As a child, it stays in its mother's pouch.","As a child, it stays in its mother's pouch.",reviewed_no_change,full_corpus_review,"Reviewed against Chinese source, runtime role, and English style; no certain change required.",45,pokedex_13x4
catalogue,MAIN:0x032BA7,pokedex,受攻击时可以发射墨汁,"When attacked, it can shoot ink.","When attacked, it can shoot ink.",reviewed_no_change,full_corpus_review,"Reviewed against Chinese source, runtime role, and English style; no certain change required.",43,pokedex_13x4
catalogue,MAIN:0x032BD4,pokedex,号称水中女王,It is called the queen of the water.,It is called the queen of the water.,reviewed_no_change,full_corpus_review,"Reviewed against Chinese source, runtime role, and English style; no certain change required.",36,pokedex_13x4
catalogue,MAIN:0x032C04,pokedex,身体的一部分断掉后可以再生长出来,It can regrow lost body parts.,It can regrow lost body parts.,reviewed_no_change,full_corpus_review,"Reviewed against Chinese source, runtime role, and English style; no certain change required.",32,pokedex_13x4
catalogue,MAIN:0x032C32,pokedex,遇到攻击会用大脚反复踢打敌人,"If attacked, its big feet kick foes nonstop.","If attacked, its big feet kick foes nonstop.",reviewed_no_change,full_corpus_review,"Reviewed against Chinese source, runtime role, and English style; no certain change required.",47,pokedex_13x4
catalogue,MAIN:0x032C63,pokedex,靠晃动身体来移动具有天使之吻,It sways to move and knows Sweet Kiss.,It sways to move and knows Sweet Kiss.,reviewed_no_change,full_corpus_review,"Reviewed against Chinese source, runtime role, and English style; no certain change required.",44,pokedex_13x4
catalogue,MAIN:0x032C97,pokedex,据说在发电厂消失时引发城市大停电,Its vanishing from a plant can black out a city.,Its vanishing from a plant can black out a city.,reviewed_no_change,full_corpus_review,"Reviewed against Chinese source, runtime role, and English style; no certain change required.",46,pokedex_13x4
catalogue,MAIN:0x032CCC,pokedex,遇到食物一边攻击一边吞食,It attacks and gulps food at the same time.,It attacks and gulps food at the same time.,reviewed_no_change,full_corpus_review,"Reviewed against Chinese source, runtime role, and English style; no certain change required.",49,pokedex_13x4
catalogue,MAIN:0x032CFF,pokedex,强大且残暴据说很少出现,"Powerful and brutal, it is said to be rarely seen.","Powerful and brutal, it is said to be rarely seen.",reviewed_no_change,full_corpus_review,"Reviewed against Chinese source, runtime role, and English style; no certain change required.",51,pokedex_13x4
catalogue,MAIN:0x032D32,pokedex,有很神奇的遗传因子,It has wondrous genes.,It has wondrous genes.,reviewed_no_change,full_corpus_review,"Reviewed against Chinese source, runtime role, and English style; no certain change required.",32,pokedex_13x4
catalogue,MAIN:0x032D60,pokedex,生活在水边有像鱼一样的尾巴,It lives by water and has a fishlike tail.,It lives by water and has a fishlike tail.,reviewed_no_change,full_corpus_review,"Reviewed against Chinese source, runtime role, and English style; no certain change required.",44,pokedex_13x4
catalogue,MAIN:0x032D91,pokedex,身体能聚集火焰体温高达九百度,It stores fire; its body reaches 900 degrees.,It stores fire; its body reaches 900 degrees.,reviewed_no_change,full_corpus_review,"Reviewed against Chinese source, runtime role, and English style; no certain change required.",51,pokedex_13x4
catalogue,MAIN:0x032DC5,pokedex,灭绝的怪兽后来从化石复活又有了它,An extinct Pokémon revived from a fossil.,This extinct Pokémon was revived from a fossil.,corrected,pokedex_prose,Turns a noun fragment into a complete Pokédex sentence.,48,pokedex_13x4
catalogue,MAIN:0x032DFA,pokedex,灭绝的怪兽后来从化石复活,An extinct Pokémon was revived from a fossil.,An extinct Pokémon was revived from a fossil.,reviewed_no_change,full_corpus_review,"Reviewed against Chinese source, runtime role, and English style; no certain change required.",48,pokedex_13x4
catalogue,MAIN:0x032E2F,pokedex,吃了睡睡了吃所以很胖,"It eats, sleeps, and repeats, so it gets fat.","It eats, sleeps, and repeats, so it gets fat.",reviewed_no_change,full_corpus_review,"Reviewed against Chinese source, runtime role, and English style; no certain change required.",51,pokedex_13x4
catalogue,MAIN:0x032E5F,pokedex,传说中的鸟可以冻僵一切,This fabled bird can freeze anything.,This fabled bird can freeze anything.,reviewed_no_change,full_corpus_review,"Reviewed against Chinese source, runtime role, and English style; no certain change required.",48,pokedex_13x4
catalogue,MAIN:0x032E93,pokedex,被称为幻影精灵生活在水底,This phantom Pokémon lives under water.,This phantom Pokémon lives underwater.,corrected,pokedex_prose,Uses the standard one-word adverb.,37,pokedex_13x4
catalogue,MAIN:0x032EC4,pokedex,是一种新的生命可以改变天气,This new life can alter the weather.,This new life-form can alter the weather.,corrected,pokedex_prose,Replaces the vague noun phrase 'new life'.,47,pokedex_13x4
catalogue,MAIN:0x032EF7,pokedex,科学家经过遗传因子研究出的生物,Made by scientists through gene research.,Made by scientists through gene research.,reviewed_no_change,full_corpus_review,"Reviewed against Chinese source, runtime role, and English style; no certain change required.",48,pokedex_13x4
catalogue,MAIN:0x032F2A,pokedex,三大法皇之一雷电霸王,"One of three great rulers, it commands thunder.","One of three great rulers, it commands thunder.",reviewed_no_change,full_corpus_review,"Reviewed against Chinese source, runtime role, and English style; no certain change required.",47,pokedex_13x4
catalogue,MAIN:0x032F5E,pokedex,身体有七彩颜色它的传说源远流长,Its rainbow body is an ancient legend.,Its rainbow body is the subject of ancient lore.,corrected,pokedex_prose,Uses natural modifier and legend syntax.,52,pokedex_13x4
catalogue,MAIN:0x032F9B,pokedex,生活在海底的神兽精灵,A divine Pokémon that lives on the seabed.,A divine Pokémon that lives on the seabed.,reviewed_no_change,full_corpus_review,"Reviewed against Chinese source, runtime role, and English style; no certain change required.",46,pokedex_13x4
catalogue,MAIN:0x032FD0,pokedex,宝石大陆的谜之生物大地之王,"A mysterious Hoenn being, king of the land.",A mysterious Hoenn Pokémon rules the land.,corrected,pokedex_prose,Turns the source title into a complete natural Pokédex sentence.,44,pokedex_13x4
catalogue,MAIN:0x033060,fixed_or_dynamic,居合斩,Cut,Cut,reviewed_no_change,full_corpus_review,"Reviewed against Chinese source, runtime role, and English style; no certain change required.",3,
catalogue,MAIN:0x033064,fixed_or_dynamic,飞天术,Fly,Fly,reviewed_no_change,full_corpus_review,"Reviewed against Chinese source, runtime role, and English style; no certain change required.",3,
catalogue,MAIN:0x03306D,fixed_or_dynamic,怪力术,Strength,Strength,reviewed_no_change,full_corpus_review,"Reviewed against Chinese source, runtime role, and English style; no certain change required.",8,
catalogue,MAIN:0x03307C,fixed_or_dynamic,绝传01,HM01,HM01,reviewed_no_change,full_corpus_review,"Reviewed against Chinese source, runtime role, and English style; no certain change required.",4,
catalogue,MAIN:0x033081,fixed_or_dynamic,绝传02,HM02,HM02,reviewed_no_change,full_corpus_review,"Reviewed against Chinese source, runtime role, and English style; no certain change required.",4,
catalogue,MAIN:0x033086,fixed_or_dynamic,绝传03,HM03,HM03,reviewed_no_change,full_corpus_review,"Reviewed against Chinese source, runtime role, and English style; no certain change required.",4,
catalogue,MAIN:0x03308B,fixed_or_dynamic,绝传04,HM04,HM04,reviewed_no_change,full_corpus_review,"Reviewed against Chinese source, runtime role, and English style; no certain change required.",4,
catalogue,MAIN:0x033090,fixed_or_dynamic,绝传05,HM05,HM05,reviewed_no_change,full_corpus_review,"Reviewed against Chinese source, runtime role, and English style; no certain change required.",4,
catalogue,MAIN:0x033095,fixed_or_dynamic,真新镇,Pallet Town,Pallet Town,reviewed_no_change,full_corpus_review,"Reviewed against Chinese source, runtime role, and English style; no certain change required.",11,
catalogue,MAIN:0x0330A0,fixed_or_dynamic,常青市,Viridian City,Viridian City,reviewed_no_change,full_corpus_review,"Reviewed against Chinese source, runtime role, and English style; no certain change required.",13,
catalogue,MAIN:0x0330AB,fixed_or_dynamic,地鼠山洞,Diglett's Cave,Diglett's Cave,reviewed_no_change,full_corpus_review,"Reviewed against Chinese source, runtime role, and English style; no certain change required.",14,
catalogue,MAIN:0x0330B6,fixed_or_dynamic,尼比市,Pewter City,Pewter City,reviewed_no_change,full_corpus_review,"Reviewed against Chinese source, runtime role, and English style; no certain change required.",11,
catalogue,MAIN:0x0330C1,fixed_or_dynamic,月见山洞,Mt. Moon,Mt. Moon,reviewed_no_change,full_corpus_review,"Reviewed against Chinese source, runtime role, and English style; no certain change required.",8,
catalogue,MAIN:0x0330CC,fixed_or_dynamic,华蓝市,Cerulean City,Cerulean City,reviewed_no_change,full_corpus_review,"Reviewed against Chinese source, runtime role, and English style; no certain change required.",13,
catalogue,MAIN:0x0330D7,fixed_or_dynamic,石山矿野,Rock Tunnel,Rock Tunnel,reviewed_no_change,full_corpus_review,"Reviewed against Chinese source, runtime role, and English style; no certain change required.",11,
catalogue,MAIN:0x0330E2,fixed_or_dynamic,紫苑镇,Lavender Town,Lavender Town,reviewed_no_change,full_corpus_review,"Reviewed against Chinese source, runtime role, and English style; no certain change required.",13,
catalogue,MAIN:0x0330ED,fixed_or_dynamic,金黄市,Saffron City,Saffron City,reviewed_no_change,full_corpus_review,"Reviewed against Chinese source, runtime role, and English style; no certain change required.",12,
catalogue,MAIN:0x0330F8,fixed_or_dynamic,彩虹市,Celadon City,Celadon City,reviewed_no_change,full_corpus_review,"Reviewed against Chinese source, runtime role, and English style; no certain change required.",12,
catalogue,MAIN:0x033102,fixed_or_dynamic,枯叶市,Vermilion City,Vermilion City,reviewed_no_change,full_corpus_review,"Reviewed against Chinese source, runtime role, and English style; no certain change required.",14,
catalogue,MAIN:0x03310D,fixed_or_dynamic,浅红市,Fuchsia City,Fuchsia City,reviewed_no_change,full_corpus_review,"Reviewed against Chinese source, runtime role, and English style; no certain change required.",12,
catalogue,MAIN:0x033118,fixed_or_dynamic,红莲镇,Cinnabar Island,Cinnabar Island,reviewed_no_change,full_corpus_review,"Reviewed against Chinese source, runtime role, and English style; no certain change required.",15,
catalogue,MAIN:0x033123,fixed_or_dynamic,冠军之路,Victory Road,Victory Road,reviewed_no_change,full_corpus_review,"Reviewed against Chinese source, runtime role, and English style; no certain change required.",12,
catalogue,MAIN:0x0331EF,dialogue,女孩:能来到这里不简单,GIRL: Getting here wasn't easy!,Getting here wasn't easy!,corrected,contextual_label_omission,"Omits the contextual one-speaker label 'GIRL', as in official Gen I field dialogue; the sprite and encounter retain the speaker identity.",24,dialogue_19_19
catalogue,MAIN:0x03320B,dialogue,女孩:之后就看你的,GIRL: The rest is up to you.,The rest is up to you.,corrected,contextual_label_omission,"Omits the contextual one-speaker label 'GIRL', as in official Gen I field dialogue; the sprite and encounter retain the speaker identity.",23,dialogue_19_19
catalogue,MAIN:0x033224,dialogue,男孩:看来你也是来挑战联盟的了,BOY: You're here to challenge the League too.,You're here to challenge the League too.,corrected,contextual_label_omission,"Omits the contextual one-speaker label 'BOY', as in official Gen I field dialogue; the sprite and encounter retain the speaker identity.",49,dialogue_19_19
catalogue,MAIN:0x033238,dialogue,男孩:你有机会夺取冠军啊,BOY: You could become Champion!,You could become Champion!,corrected,contextual_label_omission,"Omits the contextual one-speaker label 'BOY', as in official Gen I field dialogue; the sprite and encounter retain the speaker identity.",28,dialogue_19_19
catalogue,MAIN:0x033253,dialogue,训兽师:觉悟吧,TAMER: Get ready!,Get ready!,corrected,contextual_label_omission,"Omits the contextual one-speaker label 'TAMER', as in official Gen I field dialogue; the sprite and encounter retain the speaker identity.",10,dialogue_19_19
catalogue,MAIN:0x03326D,dialogue,训兽师:我已经觉悟了!,TAMER: I was ready!,I was ready!,corrected,contextual_label_omission,"Omits the contextual one-speaker label 'TAMER', as in official Gen I field dialogue; the sprite and encounter retain the speaker identity.",12,dialogue_19_19
catalogue,MAIN:0x033278,dialogue,魔术师:为什么要来这里?,JUGGLER: Why are you here?,Why are you here?,corrected,contextual_label_omission,"Omits the contextual one-speaker label 'JUGGLER', as in official Gen I field dialogue; the sprite and encounter retain the speaker identity.",17,dialogue_19_19
catalogue,MAIN:0x033290,dialogue,魔术师:你的目标的确伟大!,JUGGLER: Your goal is great!,Your goal is great!,corrected,contextual_label_omission,"Omits the contextual one-speaker label 'JUGGLER', as in official Gen I field dialogue; the sprite and encounter retain the speaker identity.",19,dialogue_19_19
catalogue,MAIN:0x03329F,dialogue,"小茂:怎么了?小智在这里遇见你还真是偶然啊!你也去宠物精灵联盟啊?徽章也都收集齐了,干的不错嘛!不过在去联盟之前先和我比试一场吧!","GARY: Ash! What a surprise! Going to the Pokémon League? Got all the Badges? Not bad! First, a warm-up battle!","GARY: Ash! What a surprise! Going to the Pokémon League? Got all the Badges? Not bad! First, a warm-up battle!",reviewed_no_change,full_corpus_review,"Reviewed against Chinese source, runtime role, and English style; no certain change required.",110,dialogue_19_19
catalogue,MAIN:0x03331B,dialogue,"小茂:我只是一时太大意了,可恶!不过你这样的水平想称霸精灵联盟...你还是多练习一下比较好!我多管闲事了啊,那我先走了!再会了...",GARY: I got careless! You need more practice before ruling the League. I've meddled enough. Smell ya later!,GARY: I got careless! You need more practice before ruling the League. I've meddled enough. Smell ya later!,reviewed_no_change,full_corpus_review,"Reviewed against Chinese source, runtime role, and English style; no certain change required.",129,dialogue_19_19
catalogue,MAIN:0x033395,dialogue,守卫:啊!你拿的的确是联盟徽章!请通过吧!,GUARD: Those are League Badges! You may pass!,Those are League Badges! You may pass!,corrected,contextual_label_omission,"Omits the contextual one-speaker label 'GUARD', as in official Gen I field dialogue; the sprite and encounter retain the speaker identity.",43,dialogue_19_19
catalogue,MAIN:0x0333BD,dialogue,魔术师:你知道什么是魔术吗?,JUGGLER: Know what magic is?,Know what magic is?,corrected,contextual_label_omission,"Omits the contextual one-speaker label 'JUGGLER', as in official Gen I field dialogue; the sprite and encounter retain the speaker identity.",19,dialogue_19_19
catalogue,MAIN:0x0333E3,dialogue,魔术师:不可思议...,JUGGLER: Incredible...,Incredible...,corrected,contextual_label_omission,"Omits the contextual one-speaker label 'JUGGLER', as in official Gen I field dialogue; the sprite and encounter retain the speaker identity.",13,dialogue_19_19
catalogue,MAIN:0x0333FF,dialogue,"空手道:你辛苦了,不过也到此为止",BLACK BELT: You worked hard. Stop here!,"You've done well, but this is as far as you go!",corrected,natural_english+contextual_label_omission,"Restores the contrast and a complete idiomatic threat. Omits the contextual one-speaker label 'BLACK BELT', as in official Gen I field dialogue; the sprite and encounter retain the speaker identity.",48,dialogue_19_19
catalogue,MAIN:0x033425,dialogue,空手道:我竟然输了...,BLACK BELT: I lost...,I lost...,corrected,contextual_label_omission,"Omits the contextual one-speaker label 'BLACK BELT', as in official Gen I field dialogue; the sprite and encounter retain the speaker identity.",9,dialogue_19_19
catalogue,MAIN:0x033436,dialogue,女孩:告诉你我要结婚了!,GIRL: I'm getting married!,I'm getting married!,corrected,contextual_label_omission,"Omits the contextual one-speaker label 'GIRL', as in official Gen I field dialogue; the sprite and encounter retain the speaker identity.",27,dialogue_19_19
catalogue,MAIN:0x03344F,dialogue,"女孩:我不想嫁人了,你做我老公好吗?",GIRL: I won't marry... Be my husband?,I won't marry... Be my husband?,corrected,contextual_label_omission,"Omits the contextual one-speaker label 'GIRL', as in official Gen I field dialogue; the sprite and encounter retain the speaker identity.",30,dialogue_19_19
catalogue,MAIN:0x03345D,dialogue,女孩:为什么我的精灵都不强呢?,GIRL: Why are all my Pokémon weak?,Why are all my Pokémon weak?,corrected,contextual_label_omission,"Omits the contextual one-speaker label 'GIRL', as in official Gen I field dialogue; the sprite and encounter retain the speaker identity.",32,dialogue_19_19
catalogue,MAIN:0x03347F,dialogue,女孩:是因为我没有用爱心吧...,GIRL: Maybe I didn't love them...,Maybe I didn't love them...,corrected,contextual_label_omission,"Omits the contextual one-speaker label 'GIRL', as in official Gen I field dialogue; the sprite and encounter retain the speaker identity.",26,dialogue_19_19
catalogue,MAIN:0x03349F,dialogue,男孩:我不会让你再前进的,BOY: You won't go farther!,You won't go farther!,corrected,contextual_label_omission,"Omits the contextual one-speaker label 'BOY', as in official Gen I field dialogue; the sprite and encounter retain the speaker identity.",27,dialogue_19_19
catalogue,MAIN:0x0334BD,dialogue,男孩:是天意啊,BOY: It's fate...,It's fate...,corrected,contextual_label_omission,"Omits the contextual one-speaker label 'BOY', as in official Gen I field dialogue; the sprite and encounter retain the speaker identity.",12,dialogue_19_19
catalogue,MAIN:0x0334D1,dialogue,"裁判:未来的冠军,来到这里真不容易不过挑战四大天王的决胜规则就是将四人一一打败如果输了就从第一人从新打起!加油了!","REFEREE: Future Champion, getting here was hard! Beat all four in order. Lose, and restart from the first! Good luck!","Future Champion, getting here was hard! Beat all four in order. Lose, and restart from the first! Good luck!",corrected,contextual_label_omission,"Omits the contextual one-speaker label 'REFEREE', as in official Gen I field dialogue; the sprite and encounter retain the speaker identity.",112,dialogue_19_19
catalogue,MAIN:0x03353B,dialogue,女孩:现在就开始四大天王的对战!朝最强努力吧!,GIRL: Your Elite Four battles begin now! Go for the top!,Your Elite Four battles begin now! Go for the top!,corrected,contextual_label_omission,"Omits the contextual one-speaker label 'GIRL', as in official Gen I field dialogue; the sprite and encounter retain the speaker identity.",53,dialogue_19_19
catalogue,MAIN:0x033583,dialogue,"加纳:欢迎来到宠物精灵联盟!我是冰系四天王加纳!还没碰过害怕的东西,让我生气了就让你的精灵动弹不得!哈哈觉悟吧!",LORELEI: Welcome to the League! I'm Lorelei of the Ice Elite Four! I fear nothing. Anger me and I'll freeze your Pokémon solid! Hahaha! Ready?,"LORELEI: Welcome to the League! I'm Lorelei of the Elite Four, an Ice-type master! I fear nothing. Anger me and I'll freeze your Pokémon solid! Hahaha! Ready?",corrected,natural_english,Replaces the unidiomatic title 'Ice Elite Four' while retaining every Chinese-source fact.,166,dialogue_19_19
catalogue,MAIN:0x033604,dialogue,"加纳:你到底是什么人物?...好吧,我输了就朝下一个房间前进吧",LORELEI: Who are you...? I lost. Go to the next room.,LORELEI: Who are you...? I lost. Go to the next room.,reviewed_no_change,full_corpus_review,"Reviewed against Chinese source, runtime role, and English style; no certain change required.",55,dialogue_19_19
catalogue,MAIN:0x03365E,dialogue,"西巴:我是地系四天王西巴!不管是精灵或人只要战斗磨练都能变的很强,就靠这中磨练与我的精灵工生存!你是小智吧,来尝尝我们的超级力量吧!","BRUNO: I'm Bruno of the Ground Elite Four! Training makes people and Pokémon stronger! My team and I live by it! Ash, face our power!","BRUNO: I'm Bruno, the Elite Four's Ground-type master! Training makes people and Pokémon stronger. My team and I live by it! Ash, face our power!",corrected,natural_english,Recasts the unidiomatic title and keeps the NJ046 Ground-type claim.,158,dialogue_19_19
catalogue,MAIN:0x0336E4,dialogue,"西巴:到底是怎么回事?我竟然输了...既然输了,我无话可说,你就前进吧!",BRUNO: How did I lose...? Nothing more to say. Go on!,BRUNO: How did I lose...? Nothing more to say. Go on!,reviewed_no_change,full_corpus_review,"Reviewed against Chinese source, runtime role, and English style; no certain change required.",57,dialogue_19_19
catalogue,MAIN:0x033715,dialogue,"菊子:我是鬼系四天王菊子,听说真新镇的大木博士相当疼你!大木博士以前是相当强的男人!现在看不出来了,光只是做宠物精灵图鉴是不够的!精灵是要用来战斗的!让我来教你真正的战斗吧!","AGATHA: I'm Agatha of the Ghost Elite Four. Pallet's Oak favors you! Once strong, you'd never know now. A Pokédex isn't enough. Pokémon are for fighting! I'll show you a real battle!","AGATHA: I'm Agatha, the Elite Four's Ghost-type master. I hear Oak of Pallet Town is fond of you! He was once strong, but you'd never know it now. A Pokédex isn't enough. Pokémon are for fighting! I'll show you a real battle!",corrected,natural_english,Repairs the possessive and gives the Oak comparison an explicit subject.,235,dialogue_19_19
catalogue,MAIN:0x033814,dialogue,"菊子:真了不起啊,是你胜了,大木博士真有眼光,我心服口服你就朝下一个房间去吧!","AGATHA: You win! I see what Oak saw in you. Go on, child!","AGATHA: You win! I see what Oak saw in you. Go on, child!",reviewed_no_change,full_corpus_review,"Reviewed against Chinese source, runtime role, and English style; no certain change required.",56,dialogue_19_19
catalogue,MAIN:0x033861,dialogue,"瓦它诺:你是小智?我是龙系四天王菊子瓦它诺,你应该知道龙是神圣传说中的生物,很难抓但培育的好将是天下第一!一般的攻击对龙系是没用的!开始吧,我会让你夹着尾巴逃跑的!","LANCE: I am Lance of the Dragon Elite Four! Dragons are sacred legends, hard to catch but supreme when raised well. Common attacks are useless against them! Prepare to lose, Ash!","LANCE: I'm Lance, the Elite Four's Dragon-type master! Dragons are sacred legends, hard to catch but supreme when raised well. Common attacks are useless against them! Prepare to lose, Ash!",corrected,natural_english,Replaces the unidiomatic title without dropping the NJ046 dragon claims.,200,dialogue_19_19
catalogue,MAIN:0x0338F4,dialogue,"瓦它诺:虽然难过但你的技术一流!我想说小智从今开始你是宠物精灵联盟的冠军!但你必须再与一人战斗不可!那位训练家就是...小茂!他比你早战胜我们四天王,所以你们要决出真正的冠军,去吧小智!","LANCE: My dragons lost! You're first-rate, but Gary beat us first. Battle him for the true Champion title! Go, Ash!","LANCE: My dragons lost! You're first-rate, but Gary beat us first. Battle him for the true Champion title! Go, Ash!",reviewed_no_change,full_corpus_review,"Reviewed against Chinese source, runtime role, and English style; no certain change required.",129,dialogue_19_19
catalogue,MAIN:0x0339A9,dialogue,"小茂:小智啊?你也来了?既然做为对手的你这么弱也没什么好竞争的!我在收集图鉴的同时也找到一些完美的精灵!告诉你吧,我就是世界最强的精灵训练师!!","GARY: Ash! A weak rival is no competition! While completing my Pokédex, I found the perfect Pokémon. I'm the world's strongest Trainer!","GARY: Ash! A weak rival is no competition! While filling my Pokédex, I found some perfect Pokémon. I'm the world's strongest Trainer!",corrected,natural_english,Avoids falsely claiming that Gary completed the Pokédex and preserves the source's plural Pokémon.,151,dialogue_19_19
catalogue,MAIN:0x033A48,dialogue,"大木博士:堂堂正正的赢了!恭喜你小智,从你刚开始得到比卡丘开始到现在你真的变强了,应该说你长大了!小茂...真是可惜!听说你战胜四天王而飞奔到这里,但看到你到最后输了!你知道为什么会输吗?因为你忘了给予精灵们信任和感情!所以你再怎么努力也不可能站在高峰的!","PROF. OAK: Fair and square! Congrats, Ash. You've grown strong since getting Pikachu, and grown up! Gary, what a shame. I rushed here after hearing you beat the Elite Four, but saw you lose. Why? You forgot to trust and love your Pokémon. Without that, you'll never reach the top!","PROF. OAK: Fair and square! Congrats, Ash. You've grown strong since getting Pikachu, and grown up! Gary, what a shame. I rushed here after hearing you beat the Elite Four, but saw you lose. Why? You forgot to trust and love your Pokémon. Without that, you'll never reach the top!",reviewed_no_change,full_corpus_review,"Reviewed against Chinese source, runtime role, and English style; no certain change required.",299,dialogue_19_19
catalogue,MAIN:0x033B7F,dialogue,"大木博士:小智,你能制霸宠物精灵联盟!不是你一个人的力量!是你与精灵之间巧妙的感情!小智你跟我来!",PROF. OAK: Ash! Your victory wasn't yours alone. Your Pokémon bond is marvelous! Come with me!,PROF. OAK: Ash! Your victory wasn't yours alone. Your bond with your Pokémon is marvelous! Come with me!,corrected,natural_english,Repairs the malformed possessive 'Your Pokémon bond'.,122,dialogue_19_19
catalogue,MAIN:0x033BFE,dialogue,"大木博士:小智,你经过激烈的战斗!而如今成为联盟冠军!在此记录下小智的名字与精灵的名字吧!和我一起回家吧,你妈妈一定很想你","PROF. OAK: Ash, fierce battles made you Champion! Record your name and each Pokémon's. Let's go home; Mom must miss you.","PROF. OAK: Ash, fierce battles made you Champion! Record your name and each Pokémon's. Let's go home; Mom must miss you.",reviewed_no_change,full_corpus_review,"Reviewed against Chinese source, runtime role, and English style; no certain change required.",128,dialogue_19_19
catalogue,MAIN:0x033CB1,dialogue,"妈妈:听说华蓝市附近有个山洞发生异常,连精灵联盟的四天王加纳都去调查了...",MOM: Heard a cave near Cerulean is in turmoil. Even Lorelei of the Elite Four went to investigate...,I heard a cave near Cerulean is in turmoil. Even Lorelei of the Elite Four went to investigate...,corrected,natural_english+contextual_label_omission,"Restores the omitted hearsay subject. Omits the contextual one-speaker label 'MOM', as in official Gen I field dialogue; the sprite and encounter retain the speaker identity.",109,dialogue_19_19
catalogue,MAIN:0x033CF0,dialogue,"裁判:真是抱歉,四天王的加纳因为不在所以现在联盟暂停训练家挑战...加纳好像去华蓝市调查异变去了...","REFEREE: Sorry. Lorelei's away, so League challenges pause. Seems she went to Cerulean to investigate trouble...","Sorry. Lorelei's away, so League challenges are paused. It seems she went to Cerulean to investigate trouble...",corrected,natural_english+contextual_label_omission,"Restores the omitted subject and natural passive status. Omits the contextual one-speaker label 'REFEREE', as in official Gen I field dialogue; the sprite and encounter retain the speaker identity.",143,dialogue_19_19
catalogue,MAIN:0x033D5B,dialogue,超梦:......,MEWTWO: ...,MEWTWO: ...,reviewed_no_change,full_corpus_review,"Reviewed against Chinese source, runtime role, and English style; no certain change required.",10,dialogue_19_19
catalogue,MAIN:0x033D67,dialogue,加纳:原来发生异变的原因就是这只超梦引起的.,LORELEI: So Mewtwo caused the disturbance.,LORELEI: So Mewtwo caused the disturbance.,reviewed_no_change,full_corpus_review,"Reviewed against Chinese source, runtime role, and English style; no certain change required.",50,dialogue_19_19
catalogue,MAIN:0x033E5F,dialogue,船员:那个是梦幻船票??那么请进!!欢迎再次来乘做铁达尼号!,SAILOR: A Mystic Ticket? Board! Welcome back to the Titanic!,A Mystic Ticket? Board! Welcome back to the Titanic!,corrected,contextual_label_omission,"Omits the contextual one-speaker label 'SAILOR', as in official Gen I field dialogue; the sprite and encounter retain the speaker identity.",53,dialogue_19_19
catalogue,MAIN:0x033EAA,dialogue,凤凰:......,HO-OH: ...,HO-OH: ...,reviewed_no_change,full_corpus_review,"Reviewed against Chinese source, runtime role, and English style; no certain change required.",9,dialogue_19_19
catalogue,MAIN:0x033EEA,dialogue,路基亚:......,LUGIA: ...,LUGIA: ...,reviewed_no_change,full_corpus_review,"Reviewed against Chinese source, runtime role, and English style; no certain change required.",9,dialogue_19_19
catalogue,MAIN:0x033EF8,dialogue,"船员:怎么样,是场神奇的旅行吧.现在精灵联盟因为四天王的加纳又回来了,所以又开始接受新的冠军挑战了!","SAILOR: Magical trip, right? Lorelei is back, so Champion challenges are open again!","Quite a magical trip, right? Lorelei is back, so Champion challenges are open again!",corrected,natural_english+contextual_label_omission,"Turns the opening noun fragment into a natural question. Omits the contextual one-speaker label 'SAILOR', as in official Gen I field dialogue; the sprite and encounter retain the speaker identity.",91,dialogue_19_19
catalogue,MAIN:0x033F45,dialogue,"加纳:欢迎来到宠物精灵联盟!我是冰系四天王加纳!还没碰过害怕的东西,让我生气了就让你的精灵动弹不得!哈哈觉悟吧!",LORELEI: Welcome to the League! I'm Lorelei of the Ice Elite Four! I fear nothing. Anger me and I'll freeze your Pokémon solid! Hahaha! Ready?,"LORELEI: Welcome to the League! I'm Lorelei of the Elite Four, an Ice-type master! I fear nothing. Anger me and I'll freeze your Pokémon solid! Hahaha! Ready?",corrected,natural_english,Applies the same corrected duplicated Elite Four introduction.,166,dialogue_19_19
catalogue,MAIN:0x033FC5,dialogue,"加纳:你到底是什么人物?...好吧,我输了就朝下一个房间前进吧",LORELEI: Who are you...? I lost. Go to the next room.,LORELEI: Who are you...? I lost. Go to the next room.,reviewed_no_change,full_corpus_review,"Reviewed against Chinese source, runtime role, and English style; no certain change required.",55,dialogue_19_19
catalogue,MAIN:0x033FFF,dialogue,"西巴:我是地系四天王西巴!不管是精灵或人只要战斗磨练都能变的很强,就靠这中磨练与我的精灵工生存!你是小智吧,来尝尝我们的超级力量吧!","BRUNO: I'm Bruno of the Ground Elite Four! Training makes people and Pokémon stronger! My team and I live by it! Ash, face our power!","BRUNO: I'm Bruno, the Elite Four's Ground-type master! Training makes people and Pokémon stronger. My team and I live by it! Ash, face our power!",corrected,natural_english,Applies the same corrected duplicated Elite Four introduction.,158,dialogue_19_19
catalogue,MAIN:0x03407F,dialogue,"西巴:到底是怎么回事?我竟然输了...既然输了,我无话可说,你就前进吧!",BRUNO: How did I lose...? Nothing more to say. Go on!,BRUNO: How did I lose...? Nothing more to say. Go on!,reviewed_no_change,full_corpus_review,"Reviewed against Chinese source, runtime role, and English style; no certain change required.",57,dialogue_19_19
catalogue,MAIN:0x0340C1,dialogue,"菊子:我是鬼系四天王菊子,听说真新镇的大木博士相当疼你!大木博士以前是相当强的男人!现在看不出来了,光只是做宠物精灵图鉴是不够的!精灵是要用来战斗的!让我来教你真正的战斗吧!","AGATHA: I'm Agatha of the Ghost Elite Four. Pallet's Oak favors you! Once strong, you'd never know now. A Pokédex isn't enough. Pokémon are for fighting! I'll show a real battle!","AGATHA: I'm Agatha, the Elite Four's Ghost-type master. I hear Oak of Pallet Town is fond of you! He was once strong, but you'd never know it now. A Pokédex isn't enough. Pokémon are for fighting! I'll show you a real battle!",corrected,natural_english,Applies the same corrected duplicated Elite Four introduction.,235,dialogue_19_19
catalogue,MAIN:0x034169,dialogue,"瓦它诺:你是小智?我是龙系四天王菊子瓦它诺,你应该知道龙是神圣传说中的生物,很难抓但培育的好将是天下第一!一般的攻击对龙系是没用的!开始吧,我会让你夹着尾巴逃跑的!","LANCE: I am Lance of the Dragon Elite Four! Dragons are sacred legends, hard to catch but supreme when raised well. Common attacks are useless against them! Prepare to lose, Ash!","LANCE: I'm Lance, the Elite Four's Dragon-type master! Dragons are sacred legends, hard to catch but supreme when raised well. Common attacks are useless against them! Prepare to lose, Ash!",corrected,natural_english,Applies the same corrected duplicated Elite Four introduction.,200,dialogue_19_19
catalogue,MAIN:0x034207,dialogue,瓦它诺:虽然难过但你的技术一流!不过要想成为真正的冠军就应该进入冠军的房间打败里面的训练师!!他比你早一步打败我们四天王!,"LANCE: You're first-rate! But to become the true Champion, enter the Champion's room and defeat the Trainer who beat us before you!","LANCE: You're first-rate! But to become the true Champion, enter the Champion's room and defeat the Trainer who beat us before you!",reviewed_no_change,full_corpus_review,"Reviewed against Chinese source, runtime role, and English style; no certain change required.",137,dialogue_19_19
catalogue,MAIN:0x03427E,dialogue,小智:你们就是新的冠军?啊?难道你们是...,ASH: You're the new Champions? Huh? Are you...,ASH: You're the new Champions? Huh? Are you...,reviewed_no_change,full_corpus_review,"Reviewed against Chinese source, runtime role, and English style; no certain change required.",44,dialogue_19_19
catalogue,MAIN:0x0343EF,dialogue,"小次郎:居然又输了,有本事去挑战我们的新老大!!","JAMES: We lost again! If you're so tough, challenge our new boss!","JAMES: We lost again! If you're so tough, challenge our new boss!",reviewed_no_change,full_corpus_review,"Reviewed against Chinese source, runtime role, and English style; no certain change required.",70,dialogue_19_19
catalogue,MAIN:0x03447C,dialogue,"大木博士:你又堂堂正正的赢了!恭喜你小智,从你刚开始得到比卡丘开始到现在你真的变强了,应该说你长大了!小智,你能制霸宠物精灵联盟!不是你一个人的力量!是你与精灵之间巧妙的感情!小智你跟我来!","PROF. OAK: Fair and square again! Congratulations, Ash! You've grown strong since Pikachu. Your victory was not yours alone; your Pokémon bond is marvelous! Come with me!","PROF. OAK: Fair and square again! Congratulations, Ash! You've grown strong since Pikachu. Your victory was not yours alone; your Pokémon bond is marvelous! Come with me!",reviewed_no_change,full_corpus_review,"Reviewed against Chinese source, runtime role, and English style; no certain change required.",198,dialogue_19_19
catalogue,MAIN:0x03456E,dialogue,"大木博士:小智,你经过激烈的战斗!而如今成为联盟冠军!在此记录下小智的名字与精灵的名字吧!和我一起回家吧,你妈妈一定很想你","PROF. OAK: Fierce battles made you Champion, Ash! Your name and Pokémon go on record. Let's go home. Mom must miss you!","PROF. OAK: Fierce battles made you Champion, Ash! Your name and Pokémon go on record. Let's go home. Mom must miss you!",reviewed_no_change,full_corpus_review,"Reviewed against Chinese source, runtime role, and English style; no certain change required.",118,dialogue_19_19
catalogue,MAIN:0x0345E4,dialogue,"妈妈:我听说你要去彩虹市的南晶科技开发部挑战名叫卡美优的训练师!听说他的精灵至今还没有被人打败过,你千万要小心啊...",MOM: Heard you'll challenge Kameiyu at Nanjing Tech's Celadon development office. His team is said unbeaten. Be careful...,I heard you'll challenge Kameiyu at Nanjing Tech's Celadon development office. They say his Pokémon are undefeated. Be careful...,corrected,natural_english+contextual_label_omission,"Replaces the unidiomatic 'His team is said unbeaten' and preserves the creator-cameo provenance. Omits the contextual one-speaker label 'MOM', as in official Gen I field dialogue; the sprite and encounter retain the speaker identity.",143,dialogue_19_19
catalogue,MAIN:0x034656,fixed_or_dynamic,"卡美优:小智,我知道你一定会来的!这一战应该没有任何遗憾吧!!来吧,准备好了吗?","KAMEIYU: Ash, I knew you'd come! Battle with no regrets! Ready?","KAMEIYU: Ash, I knew you'd come! Battle with no regrets! Ready?",reviewed_no_change,full_corpus_review,"Reviewed against Chinese source, runtime role, and English style; no certain change required.",63,raw
catalogue,MAIN:0x0346A1,dialogue,"卡美优:不错,你的实力在这个石英地区已经无人能敌了,但别忘了人外有人天外有天啊,在这个世界上还存在别的大陆...有机会的话一定要去宝石大陆看看,那里有这里所没有的精灵!!!那么你的精灵图鉴如果收集齐了的话再来找我吧!","KAMEIYU: Not bad! None in Kanto can match you, but stronger people live on other continents. Visit Hoenn for Pokémon Kanto lacks! Return with a complete Pokédex.","KAMEIYU: Not bad! None in Kanto can match you, but stronger people live on other continents. Visit Hoenn for Pokémon Kanto lacks! Return with a complete Pokédex.",reviewed_no_change,full_corpus_review,"Reviewed against Chinese source, runtime role, and English style; no certain change required.",179,dialogue_19_19
catalogue,MAIN:0x034739,dialogue,"卡美优:有机会的话一定要去宝石大陆看看,那里有这里所没有的精灵!!!那么你的精灵图鉴如果收集齐了的话再来找我吧!",KAMEIYU: Visit Hoenn for Pokémon Kanto lacks! Return with a complete Pokédex.,KAMEIYU: Visit Hoenn for Pokémon Kanto lacks! Return with a complete Pokédex.,reviewed_no_change,full_corpus_review,"Reviewed against Chinese source, runtime role, and English style; no certain change required.",84,dialogue_19_19
catalogue,MAIN:0x0347A2,dialogue,"卡美优:你已经成功了收集石英地区所有的精灵,真了不起!好吧这只梦幻就送给你吧!恭喜你完成了精灵图鉴!!","KAMEIYU: Amazing! You collected every Kanto Pokémon. Take this Mew! Congrats, Pokédex complete!",KAMEIYU: Amazing! You collected every Kanto Pokémon. Take this Mew! Congratulations! You completed the Pokédex!,corrected,natural_english,Turns the completion fragment into a full congratulatory sentence.,122,dialogue_19_19
catalogue,MAIN:0x0347BD,dialogue,得到梦幻,Got Mew!,Got Mew!,reviewed_no_change,full_corpus_review,"Reviewed against Chinese source, runtime role, and English style; no certain change required.",8,dialogue_19_19
catalogue,MAIN:0x0347CB,dialogue,妈妈:你完成精灵图鉴了吗?,MOM: Is your Pokédex complete?,Is your Pokédex complete?,corrected,contextual_label_omission,"Omits the contextual one-speaker label 'MOM', as in official Gen I field dialogue; the sprite and encounter retain the speaker identity.",28,dialogue_19_19
catalogue,MAIN:0x034862,dialogue,裁判:你真是好样的!,REFEREE: Well done!,Well done!,corrected,contextual_label_omission,"Omits the contextual one-speaker label 'REFEREE', as in official Gen I field dialogue; the sprite and encounter retain the speaker identity.",10,dialogue_19_19
catalogue,MAIN:0x034873,dialogue,卡美优:我认输!这样总行了吧!,KAMEIYU: I surrender! Happy now?,KAMEIYU: I surrender! Happy now?,reviewed_no_change,full_corpus_review,"Reviewed against Chinese source, runtime role, and English style; no certain change required.",42,dialogue_19_19
catalogue,MAIN:0x034887,dialogue,蓓蓓:你真的是很棒耶!,BEIBEI: You're great!,BEIBEI: You're great!,reviewed_no_change,full_corpus_review,"Reviewed against Chinese source, runtime role, and English style; no certain change required.",25,dialogue_19_19
catalogue,MAIN:0x0348B5,dialogue,"小李:再骚扰的话,本大爷要报警了...!","XIAO LI: Bother me again, and I'll call the police...!",XIAO LI: Bother me again and I'll call the police!,corrected,natural_english,Removes the nonstandard ellipsis-plus-exclamation ending.,49,dialogue_19_19
catalogue,MAIN:0x034927,dialogue,得到无,Got nothing.,Got nothing.,reviewed_no_change,full_corpus_review,"Reviewed against Chinese source, runtime role, and English style; no certain change required.",12,dialogue_19_19
catalogue,MAIN:0x03492F,dialogue,得到精灵球,Got Poké Ball!,Got Poké Ball!,reviewed_no_change,full_corpus_review,"Reviewed against Chinese source, runtime role, and English style; no certain change required.",14,dialogue_19_19
catalogue,MAIN:0x03493B,dialogue,得到超级球,Got Great Ball!,Got Great Ball!,reviewed_no_change,full_corpus_review,"Reviewed against Chinese source, runtime role, and English style; no certain change required.",15,dialogue_19_19
catalogue,MAIN:0x034949,dialogue,得到超力球,Got Ultra Ball!,Got Ultra Ball!,reviewed_no_change,full_corpus_review,"Reviewed against Chinese source, runtime role, and English style; no certain change required.",15,dialogue_19_19
catalogue,MAIN:0x034953,dialogue,得到大师球,Got Master Ball!,Got Master Ball!,reviewed_no_change,full_corpus_review,"Reviewed against Chinese source, runtime role, and English style; no certain change required.",16,dialogue_19_19
catalogue,MAIN:0x03495F,dialogue,得到伤药,Got Potion!,Got Potion!,reviewed_no_change,full_corpus_review,"Reviewed against Chinese source, runtime role, and English style; no certain change required.",11,dialogue_19_19
catalogue,MAIN:0x034969,dialogue,得到好伤药,Got Super Potion!,Got Super Potion!,reviewed_no_change,full_corpus_review,"Reviewed against Chinese source, runtime role, and English style; no certain change required.",17,dialogue_19_19
catalogue,MAIN:0x034973,dialogue,得到超级伤药,Got Hyper Potion!,Got Hyper Potion!,reviewed_no_change,full_corpus_review,"Reviewed against Chinese source, runtime role, and English style; no certain change required.",17,dialogue_19_19
catalogue,MAIN:0x034981,dialogue,得到最大伤药,Got Max Potion!,Got Max Potion!,reviewed_no_change,full_corpus_review,"Reviewed against Chinese source, runtime role, and English style; no certain change required.",15,dialogue_19_19
catalogue,MAIN:0x034990,dialogue,得到解毒药,Got Antidote!,Got Antidote!,reviewed_no_change,full_corpus_review,"Reviewed against Chinese source, runtime role, and English style; no certain change required.",13,dialogue_19_19
catalogue,MAIN:0x03499D,dialogue,得到睡醒药,Got an Awakening!,Got an Awakening!,reviewed_no_change,full_corpus_review,"Reviewed against Chinese source, runtime role, and English style; no certain change required.",17,dialogue_19_19
catalogue,MAIN:0x0349B3,dialogue,得到冰冻药,Got Ice Heal!,Got Ice Heal!,reviewed_no_change,full_corpus_review,"Reviewed against Chinese source, runtime role, and English style; no certain change required.",13,dialogue_19_19
catalogue,MAIN:0x0349BF,dialogue,得到烧伤药,Got Burn Heal!,Got Burn Heal!,reviewed_no_change,full_corpus_review,"Reviewed against Chinese source, runtime role, and English style; no certain change required.",14,dialogue_19_19
catalogue,MAIN:0x0349CC,dialogue,得到万能恢复,Got Full Heal!,Got Full Heal!,reviewed_no_change,full_corpus_review,"Reviewed against Chinese source, runtime role, and English style; no certain change required.",14,dialogue_19_19
catalogue,MAIN:0x0349DA,dialogue,得到精神药,Got Revive!,Got Revive!,reviewed_no_change,full_corpus_review,"Reviewed against Chinese source, runtime role, and English style; no certain change required.",11,dialogue_19_19
catalogue,MAIN:0x0349E5,dialogue,得到PP提升,Got PP Up!,Got Ether!,corrected,executable_context,"The executable item slot and 10-PP description identify Ether, not PP Up.",10,dialogue_19_19
catalogue,MAIN:0x0349F2,dialogue,得到PP最大,Got PP Max!,Got Max Ether!,corrected,executable_context,"The executable item slot and full-PP description identify Max Ether, not PP Max.",14,dialogue_19_19
catalogue,MAIN:0x0349FF,dialogue,得到神奇糖果,Got Rare Candy!,Got Rare Candy!,reviewed_no_change,full_corpus_review,"Reviewed against Chinese source, runtime role, and English style; no certain change required.",15,dialogue_19_19
catalogue,MAIN:0x034A0D,dialogue,得到火之石,Got Fire Stone!,Got Fire Stone!,reviewed_no_change,full_corpus_review,"Reviewed against Chinese source, runtime role, and English style; no certain change required.",15,dialogue_19_19
catalogue,MAIN:0x034A19,dialogue,得到水之石,Got Water Stone!,Got Water Stone!,reviewed_no_change,full_corpus_review,"Reviewed against Chinese source, runtime role, and English style; no certain change required.",16,dialogue_19_19
catalogue,MAIN:0x034A25,dialogue,得到雷之石,Got Thunder Stone!,Got Thunder Stone!,reviewed_no_change,full_corpus_review,"Reviewed against Chinese source, runtime role, and English style; no certain change required.",18,dialogue_19_19
catalogue,MAIN:0x034A31,dialogue,得到叶之石,Got Leaf Stone!,Got Leaf Stone!,reviewed_no_change,full_corpus_review,"Reviewed against Chinese source, runtime role, and English style; no certain change required.",15,dialogue_19_19
catalogue,MAIN:0x034A3D,dialogue,得到月之石,Got Moon Stone!,Got Moon Stone!,reviewed_no_change,full_corpus_review,"Reviewed against Chinese source, runtime role, and English style; no certain change required.",15,dialogue_19_19
catalogue,MAIN:0x034A49,dialogue,得到包裹,Got Oak's Parcel!,Got Oak's Parcel!,reviewed_no_change,full_corpus_review,"Reviewed against Chinese source, runtime role, and English style; no certain change required.",17,dialogue_19_19
catalogue,MAIN:0x034A52,dialogue,得到精灵图鉴,Got Pokédex!,Got Pokédex!,reviewed_no_change,full_corpus_review,"Reviewed against Chinese source, runtime role, and English style; no certain change required.",12,dialogue_19_19
catalogue,MAIN:0x034A60,dialogue,得到地图,Got Town Map!,Got Town Map!,reviewed_no_change,full_corpus_review,"Reviewed against Chinese source, runtime role, and English style; no certain change required.",13,dialogue_19_19
catalogue,MAIN:0x034A6A,dialogue,得到菊石化石,Got Helix Fossil!,Got Helix Fossil!,reviewed_no_change,full_corpus_review,"Reviewed against Chinese source, runtime role, and English style; no certain change required.",17,dialogue_19_19
catalogue,MAIN:0x034A78,dialogue,得到盔甲化石,Got Dome Fossil!,Got Dome Fossil!,reviewed_no_change,full_corpus_review,"Reviewed against Chinese source, runtime role, and English style; no certain change required.",16,dialogue_19_19
catalogue,MAIN:0x034A86,dialogue,得到船票,Got S.S. Ticket!,Got S.S. Ticket!,reviewed_no_change,full_corpus_review,"Reviewed against Chinese source, runtime role, and English style; no certain change required.",16,dialogue_19_19
catalogue,MAIN:0x034A90,dialogue,得到矿泉水,Got Fresh Water!,Got Fresh Water!,reviewed_no_change,full_corpus_review,"Reviewed against Chinese source, runtime role, and English style; no certain change required.",16,dialogue_19_19
catalogue,MAIN:0x034A9C,dialogue,得到精灵眼镜,Got Silph Scope!,Got Silph Scope!,reviewed_no_change,full_corpus_review,"Reviewed against Chinese source, runtime role, and English style; no certain change required.",16,dialogue_19_19
catalogue,MAIN:0x034AAA,dialogue,得到精灵笛,Got Poké Flute!,Got Poké Flute!,reviewed_no_change,full_corpus_review,"Reviewed against Chinese source, runtime role, and English style; no certain change required.",15,dialogue_19_19
catalogue,MAIN:0x034AB6,dialogue,得到金牙,Got Gold Teeth!,Got Gold Teeth!,reviewed_no_change,full_corpus_review,"Reviewed against Chinese source, runtime role, and English style; no certain change required.",15,dialogue_19_19
catalogue,MAIN:0x034AC0,dialogue,得到梦幻船票,Got Mystic Ticket!,Got Mystic Ticket!,reviewed_no_change,full_corpus_review,"Reviewed against Chinese source, runtime role, and English style; no certain change required.",18,dialogue_19_19
catalogue,MAIN:0x034ACE,dialogue,得到居合斩,Got HM01: CUT!,Got HM01: CUT!,reviewed_no_change,full_corpus_review,"Reviewed against Chinese source, runtime role, and English style; no certain change required.",14,dialogue_19_19
catalogue,MAIN:0x034ADA,dialogue,得到飞天术,Got HM02: FLY!,Got HM02: FLY!,reviewed_no_change,full_corpus_review,"Reviewed against Chinese source, runtime role, and English style; no certain change required.",14,dialogue_19_19
catalogue,MAIN:0x034C03,dialogue,欢迎!,Welcome!,Welcome!,reviewed_no_change,full_corpus_review,"Reviewed against Chinese source, runtime role, and English style; no certain change required.",8,dialogue_19_19
catalogue,MAIN:0x034C09,dialogue,欢迎!到精灵中心可以恢复精灵的体力.,Welcome! We heal Pokémon to perfect health!,Welcome! We heal Pokémon to perfect health!,reviewed_no_change,full_corpus_review,"Reviewed against Chinese source, runtime role, and English style; no certain change required.",45,dialogue_19_19
catalogue,MAIN:0x034C2D,dialogue,您的精灵都精神了!!欢迎光临!!,Your Pokémon are fighting fit! See you again!,Your Pokémon are fighting fit! See you again!,reviewed_no_change,full_corpus_review,"Reviewed against Chinese source, runtime role, and English style; no certain change required.",48,dialogue_19_19
catalogue,MAIN:0x034C4B,dialogue,"对不起,因为机能所限这里暂时不能够对战...","Sorry. Due to technical limits, you can't battle here yet...","Sorry. Due to technical limits, you can't battle here yet...",reviewed_no_change,full_corpus_review,"Reviewed against Chinese source, runtime role, and English style; no certain change required.",68,dialogue_19_19
catalogue,MAIN:0x034C75,dialogue,交换机器也坏了...下次再来看看吧,The trade machine is broken too... Come back another time.,The trade machine is broken too... Come back another time.,reviewed_no_change,full_corpus_review,"Reviewed against Chinese source, runtime role, and English style; no certain change required.",62,dialogue_19_19
catalogue,MAIN:0x034C96,dialogue,欢迎!买东西吗?,Hi there! May I help you?,Hi there! May I help you?,reviewed_no_change,full_corpus_review,"Reviewed against Chinese source, runtime role, and English style; no certain change required.",28,dialogue_19_19
catalogue,MAIN:0x034CA6,dialogue,谢谢惠顾!!,Thank you! Please come again!,Thank you! Please come again!,reviewed_no_change,full_corpus_review,"Reviewed against Chinese source, runtime role, and English style; no certain change required.",30,dialogue_19_19
catalogue,MAIN:0x034CB3,dialogue,我也在养育精灵!变强的话就不会让人欺负,"I'm raising Pokémon too! Once they get strong, no one will bully me anymore.","I'm raising Pokémon too! Once they get strong, no one will bully me anymore.",reviewed_no_change,full_corpus_review,"Reviewed against Chinese source, runtime role, and English style; no certain change required.",74,dialogue_19_19
catalogue,MAIN:0x034D08,dialogue,需要买抓精灵的精灵球时请到商店!,"If you need Poké Balls to catch Pokémon, get them at the Poké Mart!","If you need Poké Balls to catch Pokémon, get them at the Poké Mart!",reviewed_no_change,full_corpus_review,"Reviewed against Chinese source, runtime role, and English style; no certain change required.",74,dialogue_19_19
catalogue,MAIN:0x034D3A,dialogue,精灵好好培养的话会很亲近的,"Raise Pokémon with care, and they'll grow close to you.","Raise Pokémon with care, and they'll grow close to you.",reviewed_no_change,full_corpus_review,"Reviewed against Chinese source, runtime role, and English style; no certain change required.",56,dialogue_19_19
catalogue,MAIN:0x034D4C,dialogue,在空中飞行有点害怕...但一下就能回到真新镇,Flying is a little scary... but it gets you back to Pallet Town in no time.,Flying is a little scary... but it gets you back to Pallet Town in no time.,reviewed_no_change,full_corpus_review,"Reviewed against Chinese source, runtime role, and English style; no certain change required.",81,dialogue_19_19
catalogue,MAIN:0x034DA2,dialogue,"虫属性的精灵有两种类型,绿毛虫没有毒,独角虫有毒","Bug-type Pokémon come in two kinds. Caterpie isn't poisonous, but Weedle is.","Bug-type Pokémon come in two kinds. Caterpie isn't poisonous, but Weedle is.",reviewed_no_change,full_corpus_review,"Reviewed against Chinese source, runtime role, and English style; no certain change required.",86,dialogue_19_19
catalogue,MAIN:0x034DE5,dialogue,我从没见过这家道场的首领,This Gym is always closed. Never seen its Leader!,I've never seen this Gym's Leader.,corrected,natural_english,Removes an unsupported claim that the Gym is always closed and translates the Chinese line directly.,37,dialogue_19_19
catalogue,MAIN:0x034E1E,dialogue,"太好了,找到了龙骨",Yes! I found a dragon bone!,Yes! I found a dragon bone!,reviewed_no_change,full_corpus_review,"Reviewed against Chinese source, runtime role, and English style; no certain change required.",31,dialogue_19_19
catalogue,MAIN:0x034E32,dialogue,"伤药很好,当精灵没有体力时可以使用",Potions are great! Use one when a Pokémon is low on HP.,Potions are great! Use one when a Pokémon is low on HP.,reviewed_no_change,full_corpus_review,"Reviewed against Chinese source, runtime role, and English style; no certain change required.",60,dialogue_19_19
catalogue,MAIN:0x034E55,dialogue,小拉达很小但前牙很厉害,"Rattata may be small, but its front teeth are fierce!","Rattata may be small, but its front teeth are fierce!",reviewed_no_change,full_corpus_review,"Reviewed against Chinese source, runtime role, and English style; no certain change required.",64,dialogue_19_19
catalogue,MAIN:0x034E6D,dialogue,"常青森林是天然的迷宫,小心啊",Viridian Forest is a natural maze. Be careful!,Viridian Forest is a natural maze. Be careful!,reviewed_no_change,full_corpus_review,"Reviewed against Chinese source, runtime role, and English style; no certain change required.",46,dialogue_19_19
catalogue,MAIN:0x034E8B,dialogue,道路上经常会有小树吧?用精灵的技能可以砍断的,See those little trees by the road? A Pokémon move can cut them down.,See those little trees by the road? A Pokémon move can cut them down.,reviewed_no_change,full_corpus_review,"Reviewed against Chinese source, runtime role, and English style; no certain change required.",71,dialogue_19_19
catalogue,MAIN:0x034EB8,dialogue,有的精灵只在森林或者洞穴生活要得到更多的精灵就要多走走,Some Pokémon live only in forests or caves. Explore far and wide to find more!,Some Pokémon live only in forests or caves. Explore far and wide to find more!,reviewed_no_change,full_corpus_review,"Reviewed against Chinese source, runtime role, and English style; no certain change required.",81,dialogue_19_19
catalogue,MAIN:0x034EEF,dialogue,"说起石山矿野很黑的,精灵用闪光术能看清吧",Rocky caves are very dark. A Pokémon can light the way with Flash.,Rocky caves are very dark. A Pokémon can light the way with Flash.,reviewed_no_change,full_corpus_review,"Reviewed against Chinese source, runtime role, and English style; no certain change required.",76,dialogue_19_19
catalogue,MAIN:0x034F18,dialogue,啊...游戏机很让人着迷啊...,Ah... These arcade games are so captivating...,Ah... These arcade games are so captivating...,reviewed_no_change,full_corpus_review,"Reviewed against Chinese source, runtime role, and English style; no certain change required.",52,dialogue_19_19
catalogue,MAIN:0x034F38,dialogue,尼比市的捉虫少年和道馆的小刚不一样!!,The Bug Catchers in Pewter City are nothing like Brock at the Gym!,The Bug Catchers in Pewter City are nothing like Brock at the Gym!,reviewed_no_change,full_corpus_review,"Reviewed against Chinese source, runtime role, and English style; no certain change required.",68,dialogue_19_19
catalogue,MAIN:0x034F66,dialogue,不要让野生的精灵进入花坛,Keep wild Pokémon out of the flower beds!,Keep wild Pokémon out of the flower beds!,reviewed_no_change,full_corpus_review,"Reviewed against Chinese source, runtime role, and English style; no certain change required.",43,dialogue_19_19
catalogue,MAIN:0x034F7F,dialogue,我的精灵是和别人交换的,I got my Pokémon in a trade.,I got my Pokémon in a trade.,reviewed_no_change,full_corpus_review,"Reviewed against Chinese source, runtime role, and English style; no certain change required.",27,dialogue_19_19
catalogue,MAIN:0x034F9B,dialogue,有些精灵不听话...要是有徽章的话!,Some Pokémon won't obey you... A Badge would help!,Some Pokémon won't obey you... A Badge would help!,reviewed_no_change,full_corpus_review,"Reviewed against Chinese source, runtime role, and English style; no certain change required.",49,dialogue_19_19
catalogue,MAIN:0x034FBD,dialogue,"小孩子需要50元,参观吗?",It's $50 for a child's ticket. Would you like to come in?,It's $50 for a child's ticket. Would you like to come in?,reviewed_no_change,full_corpus_review,"Reviewed against Chinese source, runtime role, and English style; no certain change required.",65,dialogue_19_19
catalogue,MAIN:0x034FCE,dialogue,"好的,50元收下了!","Right! $50, please!","Right! $50, please!",reviewed_no_change,full_corpus_review,"Reviewed against Chinese source, runtime role, and English style; no certain change required.",19,dialogue_19_19
catalogue,MAIN:0x034FE0,dialogue,再来啊,Come again!,Come again!,reviewed_no_change,full_corpus_review,"Reviewed against Chinese source, runtime role, and English style; no certain change required.",11,dialogue_19_19
catalogue,MAIN:0x034FE7,dialogue,这个月要去宇宙中,We're going into space this month!,We're going into space this month!,reviewed_no_change,full_corpus_review,"Reviewed against Chinese source, runtime role, and English style; no certain change required.",36,dialogue_19_19
catalogue,MAIN:0x03500E,dialogue,当精灵抓到很多带不了时使用电脑通信存放好,"If you catch more Pokémon than you can carry, use the PC to store them.","If you catch more Pokémon than you can carry, use the PC to store them.",reviewed_no_change,full_corpus_review,"Reviewed against Chinese source, runtime role, and English style; no certain change required.",74,dialogue_19_19
catalogue,MAIN:0x035035,dialogue,能带着的精灵是六只,You can carry up to six Pokémon.,You can carry up to six Pokémon.,reviewed_no_change,full_corpus_review,"Reviewed against Chinese source, runtime role, and English style; no certain change required.",31,dialogue_19_19
catalogue,MAIN:0x035048,dialogue,我很害怕...我经常在这里听到奇怪的声音,I'm scared... I often hear strange sounds here.,I'm scared... I often hear strange sounds here.,reviewed_no_change,full_corpus_review,"Reviewed against Chinese source, runtime role, and English style; no certain change required.",50,dialogue_19_19
catalogue,MAIN:0x035077,dialogue,"太不幸了,这家人被偷了!是火箭队干的!即使是警察也拿火箭队没办法!",Those poor people were robbed! We're sure Team Rocket did it. Even our Police Force has trouble with them!,Those poor people were robbed! We're sure Team Rocket did it. Even our Police Force has trouble with them!,reviewed_no_change,full_corpus_review,"Reviewed against Chinese source, runtime role, and English style; no certain change required.",113,dialogue_19_19
catalogue,MAIN:0x0350BD,dialogue,你也有精灵吗!好好磨练吧!,You have Pokémon too? Train them well!,You have Pokémon too? Train them well!,reviewed_no_change,full_corpus_review,"Reviewed against Chinese source, runtime role, and English style; no certain change required.",43,dialogue_19_19
catalogue,MAIN:0x0350D6,dialogue,啊...!在完成精灵图鉴吗?太好了,Oh! Are you completing the Pokédex? That's great!,Oh! Are you completing the Pokédex? That's great!,reviewed_no_change,full_corpus_review,"Reviewed against Chinese source, runtime role, and English style; no certain change required.",63,dialogue_19_19
catalogue,MAIN:0x035106,dialogue,你好!骑自行车的心情你知道吗?,Hi! Do you know how it feels to ride a Bicycle?,Hi! Do you know how it feels to ride a Bicycle?,reviewed_no_change,full_corpus_review,"Reviewed against Chinese source, runtime role, and English style; no certain change required.",46,dialogue_19_19
catalogue,MAIN:0x035122,dialogue,我的自行车很漂亮哦,My bike is beautiful!,My bike is beautiful!,reviewed_no_change,full_corpus_review,"Reviewed against Chinese source, runtime role, and English style; no certain change required.",29,dialogue_19_19
catalogue,MAIN:0x03513A,dialogue,火箭队让精灵挖洞一定有什么事!,Team Rocket is making Pokémon dig holes. They must be up to something!,Team Rocket is making Pokémon dig holes. They must be up to something!,reviewed_no_change,full_corpus_review,"Reviewed against Chinese source, runtime role, and English style; no certain change required.",73,dialogue_19_19
catalogue,MAIN:0x035154,dialogue,找不到被偷的东西就只有放弃了,"If we can't find what was stolen, we'll have to give up.","If we can't find what was stolen, we'll have to give up.",reviewed_no_change,full_corpus_review,"Reviewed against Chinese source, runtime role, and English style; no certain change required.",60,dialogue_19_19
catalogue,MAIN:0x035188,dialogue,哎...最近没有发生什么事情...,Sigh... Nothing has happened lately...,Sigh... Nothing has happened lately...,reviewed_no_change,full_corpus_review,"Reviewed against Chinese source, runtime role, and English style; no certain change required.",37,dialogue_19_19
catalogue,MAIN:0x0351AC,dialogue,我老是培育不好我的妙娃种子...,I just can't seem to raise my Bulbasaur properly...,I just can't seem to raise my Bulbasaur properly...,reviewed_no_change,full_corpus_review,"Reviewed against Chinese source, runtime role, and English style; no certain change required.",68,dialogue_19_19
catalogue,MAIN:0x0351CB,dialogue,让精灵进化图鉴可以增加...,Evolve your Pokémon to add more entries to the Pokédex...,Evolve your Pokémon to add more entries to the Pokédex...,reviewed_no_change,full_corpus_review,"Reviewed against Chinese source, runtime role, and English style; no certain change required.",55,dialogue_19_19
catalogue,MAIN:0x0351E6,dialogue,听说紫苑镇出现过幽灵精灵呢...,I hear Ghost-type Pokémon have appeared in Lavender Town...,I hear Ghost-type Pokémon have appeared in Lavender Town...,reviewed_no_change,full_corpus_review,"Reviewed against Chinese source, runtime role, and English style; no certain change required.",73,dialogue_19_19
catalogue,MAIN:0x035206,dialogue,"这里是精灵的墓地,有名的城镇...精灵死的时候都会带到精灵塔","This town is famous for its Pokémon graveyard. When Pokémon die, they're brought to Pokémon Tower.","This town is famous for its Pokémon graveyard. When Pokémon die, they're brought to Pokémon Tower.",reviewed_no_change,full_corpus_review,"Reviewed against Chinese source, runtime role, and English style; no certain change required.",109,dialogue_19_19
catalogue,MAIN:0x03523F,dialogue,最近幽灵塔里好象出现幽灵...好像是被火箭队杀害的精灵的幽灵...,Ghosts appeared in Pokémon Tower. I think they're the spirits of Pokémon that Team Rocket killed.,Ghosts appeared in Pokémon Tower. I think they're the spirits of Pokémon that Team Rocket killed.,reviewed_no_change,full_corpus_review,"Reviewed against Chinese source, runtime role, and English style; no certain change required.",102,dialogue_19_19
catalogue,MAIN:0x035279,dialogue,你相信有幽灵的存在吗?,Do you believe in ghosts?,Do you believe in ghosts?,reviewed_no_change,full_corpus_review,"Reviewed against Chinese source, runtime role, and English style; no certain change required.",26,dialogue_19_19
catalogue,MAIN:0x035294,dialogue,我无法原谅火箭队!他们把逃亡中可拉可拉的妈妈抓了并杀害了!,I can never forgive Team Rocket! They caught Cubone's mother as she fled and killed her!,I can never forgive Team Rocket! They caught Cubone's mother as she fled and killed her!,reviewed_no_change,full_corpus_review,"Reviewed against Chinese source, runtime role, and English style; no certain change required.",91,dialogue_19_19
catalogue,MAIN:0x0352BA,dialogue,现在戒严中!!,The city is under martial law!,The city is under martial law!,reviewed_no_change,full_corpus_review,"Reviewed against Chinese source, runtime role, and English style; no certain change required.",31,dialogue_19_19
catalogue,MAIN:0x0352CE,dialogue,精灵塔有很多幽灵居住,Many ghosts live in Pokémon Tower.,Many ghosts live in Pokémon Tower.,reviewed_no_change,full_corpus_review,"Reviewed against Chinese source, runtime role, and English style; no certain change required.",33,dialogue_19_19
catalogue,MAIN:0x0352E4,dialogue,这个紫苑镇最有名的塔也是宠物精灵的墓园...人们将死亡的精灵带到这幽灵塔来祈求冥福,Lavender Town's famous Pokémon Tower is a cemetery. People bring their departed Pokémon there to pray for them.,Lavender Town's famous Pokémon Tower is a cemetery. People bring their departed Pokémon there to pray for them.,reviewed_no_change,full_corpus_review,"Reviewed against Chinese source, runtime role, and English style; no certain change required.",138,dialogue_19_19
catalogue,MAIN:0x035335,dialogue,吉野老人可以安慰可拉可拉的灵魂,Mr. Fuji can soothe Cubone's spirit.,Mr. Fuji can soothe Cubone's spirit.,reviewed_no_change,full_corpus_review,"Reviewed against Chinese source, runtime role, and English style; no certain change required.",35,dialogue_19_19
catalogue,MAIN:0x035355,dialogue,这些火箭队的人太可恶了...,Those Team Rocket thugs are awful...,Those Team Rocket thugs are awful...,reviewed_no_change,full_corpus_review,"Reviewed against Chinese source, runtime role, and English style; no certain change required.",37,dialogue_19_19
catalogue,MAIN:0x035370,dialogue,你要对抗火箭队?真了不起,You're taking on Team Rocket? That's incredible!,You're taking on Team Rocket? That's incredible!,reviewed_no_change,full_corpus_review,"Reviewed against Chinese source, runtime role, and English style; no certain change required.",49,dialogue_19_19
catalogue,MAIN:0x035397,dialogue,我看见了火箭队的老大进了大厦...,I saw Team Rocket's boss enter the building...,I saw Team Rocket's boss enter the building...,reviewed_no_change,full_corpus_review,"Reviewed against Chinese source, runtime role, and English style; no certain change required.",49,dialogue_19_19
catalogue,MAIN:0x0353B5,dialogue,"我很崇拜你,我会为你加油的!",I admire you! I'll be cheering for you!,I admire you! I'll be cheering for you!,reviewed_no_change,full_corpus_review,"Reviewed against Chinese source, runtime role, and English style; no certain change required.",42,dialogue_19_19
catalogue,MAIN:0x0353D4,dialogue,"我看过你的对战,你很厉害啊",I saw your battle. You're really strong!,I saw your battle. You're really strong!,reviewed_no_change,full_corpus_review,"Reviewed against Chinese source, runtime role, and English style; no certain change required.",45,dialogue_19_19
catalogue,MAIN:0x0353F0,dialogue,你听过南晶开发部的卡美优吗?听说他的精灵都是神兽级别的哦...,Have you heard of Kameiyu from Nanjing Tech? They say all his Pokémon are as strong as Legendary Pokémon...,Have you heard of Kameiyu from Nanjing Tech? They say all his Pokémon are as strong as Legendary Pokémon...,reviewed_no_change,full_corpus_review,"Reviewed against Chinese source, runtime role, and English style; no certain change required.",124,dialogue_19_19
catalogue,MAIN:0x035433,dialogue,"欢迎!通过游戏积累硬币能得到喜欢的奖品,不过你好像没有硬币盒哦...",Welcome! Win coins in our games and trade them for the prizes you want. But it looks like you don't have a Coin Case...,Welcome! Win coins in our games and trade them for the prizes you want. But it looks like you don't have a Coin Case...,reviewed_no_change,full_corpus_review,"Reviewed against Chinese source, runtime role, and English style; no certain change required.",126,dialogue_19_19
catalogue,MAIN:0x03546D,dialogue,我太喜欢游戏了!都忘记时间了...,"I love games so much, I lost track of time...","I love games so much, I lost track of time...",reviewed_no_change,full_corpus_review,"Reviewed against Chinese source, runtime role, and English style; no certain change required.",48,dialogue_19_19
catalogue,MAIN:0x035486,dialogue,"你也想玩吗?不行,你没有硬币盒","You want to play too? Sorry, you don't have a Coin Case.","You want to play too? Sorry, you don't have a Coin Case.",reviewed_no_change,full_corpus_review,"Reviewed against Chinese source, runtime role, and English style; no certain change required.",62,dialogue_19_19
catalogue,MAIN:0x0354AB,dialogue,"您可以用赢得的硬币盒换取精灵哦...不行,你没有硬币盒...","You can trade your winnings for Pokémon... Oh, but you don't have a Coin Case...","You can trade your winnings for Pokémon... Oh, but you don't have a Coin Case...",reviewed_no_change,full_corpus_review,"Reviewed against Chinese source, runtime role, and English style; no certain change required.",88,dialogue_19_19
catalogue,MAIN:0x0354E1,dialogue,那家伙怎么消失了呢?!,Where'd that person go?,Where'd that person go?,reviewed_no_change,full_corpus_review,"Reviewed against Chinese source, runtime role, and English style; no certain change required.",22,dialogue_19_19
catalogue,MAIN:0x035500,dialogue,我的精灵没有体力时就到商店买药给他,"When my Pokémon runs low on HP, I buy medicine for it at the shop.","When my Pokémon runs low on HP, I buy medicine for it at the shop.",reviewed_no_change,full_corpus_review,"Reviewed against Chinese source, runtime role, and English style; no certain change required.",69,dialogue_19_19
catalogue,MAIN:0x03551C,dialogue,啊...游戏厅的下面好像有地下室,Hmm... There seems to be a basement under the Game Corner.,Hmm... There seems to be a basement under the Game Corner.,reviewed_no_change,full_corpus_review,"Reviewed against Chinese source, runtime role, and English style; no certain change required.",64,dialogue_19_19
catalogue,MAIN:0x035539,dialogue,这里真是漂亮的地方啊,This really is a beautiful place!,This really is a beautiful place!,reviewed_no_change,full_corpus_review,"Reviewed against Chinese source, runtime role, and English style; no certain change required.",35,dialogue_19_19
catalogue,MAIN:0x035556,dialogue,我今天又胜了...哈哈,I won again today... Ha ha!,I won again today... Ha ha!,reviewed_no_change,full_corpus_review,"Reviewed against Chinese source, runtime role, and English style; no certain change required.",34,dialogue_19_19
catalogue,MAIN:0x03556A,dialogue,"我想在这里盖大楼,但被精灵袭击了","I wanted to put up a building here, but Pokémon attacked me!","I wanted to put up a building here, but Pokémon attacked me!",reviewed_no_change,full_corpus_review,"Reviewed against Chinese source, runtime role, and English style; no certain change required.",69,dialogue_19_19
catalogue,MAIN:0x035588,dialogue,听说石英高原的四天王很厉害,I hear the Elite Four at Indigo Plateau are very strong.,I hear the Elite Four at Indigo Plateau are very strong.,reviewed_no_change,full_corpus_review,"Reviewed against Chinese source, runtime role, and English style; no certain change required.",64,dialogue_19_19
catalogue,MAIN:0x03559C,dialogue,会长说起精灵来就没完没了啊...,The Chairman never stops talking about Pokémon...,The Chairman never stops talking about Pokémon...,reviewed_no_change,full_corpus_review,"Reviewed against Chinese source, runtime role, and English style; no certain change required.",48,dialogue_19_19
catalogue,MAIN:0x0355B7,dialogue,你知道吗?臭泥是从海里的污泥出生的呢...,Did you know Grimer is born from sludge in the sea?,Did you know Grimer is born from sludge in the sea?,reviewed_no_change,full_corpus_review,"Reviewed against Chinese source, runtime role, and English style; no certain change required.",49,dialogue_19_19
catalogue,MAIN:0x0355DD,dialogue,狩猎区内有很多特别的精灵哟,The Safari Zone is home to many special Pokémon!,The Safari Zone is home to many special Pokémon!,reviewed_no_change,full_corpus_review,"Reviewed against Chinese source, runtime role, and English style; no certain change required.",54,dialogue_19_19
catalogue,MAIN:0x035615,dialogue,"奇怪,我的波波不知又飞到什么地方去了",Strange... Where has my Pidgey flown off to this time?,Strange... Where has my Pidgey flown off to this time?,reviewed_no_change,full_corpus_review,"Reviewed against Chinese source, runtime role, and English style; no certain change required.",55,dialogue_19_19
catalogue,MAIN:0x035638,dialogue,据说狩猎区有人曾经见过传说中的精灵呢...,They say someone once saw a Legendary Pokémon in the Safari Zone...,They say someone once saw a Legendary Pokémon in the Safari Zone...,reviewed_no_change,full_corpus_review,"Reviewed against Chinese source, runtime role, and English style; no certain change required.",83,dialogue_19_19
catalogue,MAIN:0x03565F,dialogue,你有经常看电视吗?,Do you watch TV often?,Do you watch TV often?,reviewed_no_change,full_corpus_review,"Reviewed against Chinese source, runtime role, and English style; no certain change required.",25,dialogue_19_19
catalogue,MAIN:0x035685,dialogue,这个世上有多少种精灵呢?,How many Pokémon species are there in the world?,How many Pokémon species are there in the world?,reviewed_no_change,full_corpus_review,"Reviewed against Chinese source, runtime role, and English style; no certain change required.",51,dialogue_19_19
catalogue,MAIN:0x0356AA,dialogue,你想要打败这个训练道馆啊...还是放弃吧,You want to beat this Gym...? You should give up.,You want to beat this Gym...? You should give up.,reviewed_no_change,full_corpus_review,"Reviewed against Chinese source, runtime role, and English style; no certain change required.",53,dialogue_19_19
catalogue,MAIN:0x0356CF,dialogue,道场的老头很厉害,The old master at the dojo is tough!,The old master at the dojo is tough!,reviewed_no_change,full_corpus_review,"Reviewed against Chinese source, runtime role, and English style; no certain change required.",37,dialogue_19_19
catalogue,MAIN:0x0356F2,dialogue,"想不到吧,我们在这个小岛生活了好多年呢",Surprised? We've lived on this little island for years.,Surprised? We've lived on this little island for years.,reviewed_no_change,full_corpus_review,"Reviewed against Chinese source, runtime role, and English style; no certain change required.",63,dialogue_19_19
catalogue,MAIN:0x03571F,dialogue,今天好虚啊...太累了...,I feel so weak today... I'm exhausted...,I feel so weak today... I'm exhausted...,reviewed_no_change,full_corpus_review,"Reviewed against Chinese source, runtime role, and English style; no certain change required.",50,dialogue_19_19
catalogue,MAIN:0x035733,dialogue,火系精灵碰上水系就惨了!,Fire-type Pokémon are in trouble against Water-types!,Fire-type Pokémon are in trouble against Water-types!,reviewed_no_change,full_corpus_review,"Reviewed against Chinese source, runtime role, and English style; no certain change required.",69,dialogue_19_19
catalogue,MAIN:0x035759,dialogue,欢迎带着珍贵精灵的客人来这里,Guests with rare Pokémon are welcome here!,Guests with rare Pokémon are welcome here!,reviewed_no_change,full_corpus_review,"Reviewed against Chinese source, runtime role, and English style; no certain change required.",43,dialogue_19_19
catalogue,MAIN:0x035780,dialogue,我曾经在月见山找到的化石居然在这里复活了!!,The fossil I found at Mt. Moon was brought back to life here!,The fossil I found at Mt. Moon was brought back to life here!,reviewed_no_change,full_corpus_review,"Reviewed against Chinese source, runtime role, and English style; no certain change required.",67,dialogue_19_19
catalogue,MAIN:0x0357A3,dialogue,现在的技术真的很先进呢,Technology really has come a long way!,Technology really has come a long way!,reviewed_no_change,full_corpus_review,"Reviewed against Chinese source, runtime role, and English style; no certain change required.",42,dialogue_19_19
catalogue,MAIN:0x0357C7,dialogue,"对了,伊布能进化的形态据说不只三种呢...","By the way, they say Eevee has more than three evolved forms...","By the way, they say Eevee has more than three evolved forms...",reviewed_no_change,full_corpus_review,"Reviewed against Chinese source, runtime role, and English style; no certain change required.",65,dialogue_19_19
catalogue,MAIN:0x0357DF,dialogue,"你好,未来的冠军...祝你好运!","Hello, future Champion... Good luck!","Hello, future Champion... Good luck!",reviewed_no_change,full_corpus_review,"Reviewed against Chinese source, runtime role, and English style; no certain change required.",43,dialogue_19_19
catalogue,MAIN:0x035806,dialogue,"四天王都很厉害,你要小心啊...",Every member of the Elite Four is tough. Be careful...,Every member of the Elite Four is tough. Be careful...,reviewed_no_change,full_corpus_review,"Reviewed against Chinese source, runtime role, and English style; no certain change required.",67,dialogue_19_19
catalogue,MAIN:0x035824,dialogue,龙系的精灵很强...没有什么弱点...,Dragon-type Pokémon are very strong... They have no weaknesses...,Dragon-type Pokémon are very strong... They have no weaknesses...,reviewed_no_change,full_corpus_review,"Reviewed against Chinese source, runtime role, and English style; no certain change required.",70,dialogue_19_19
catalogue,MAIN:0x03584D,dialogue,"如果胜利的话,就可以进入下一个房间,加油啊","Win, and you can enter the next room. Good luck!","Win, and you can enter the next room. Good luck!",reviewed_no_change,full_corpus_review,"Reviewed against Chinese source, runtime role, and English style; no certain change required.",54,dialogue_19_19
catalogue,MAIN:0x035874,dialogue,家里的爷爷想要交换精灵,My grandfather at home wants to trade Pokémon.,My grandfather at home wants to trade Pokémon.,reviewed_no_change,full_corpus_review,"Reviewed against Chinese source, runtime role, and English style; no certain change required.",46,dialogue_19_19
catalogue,MAIN:0x0358AD,dialogue,触动了一个开关!,A switch was activated!,A switch was activated!,reviewed_no_change,full_corpus_review,"Reviewed against Chinese source, runtime role, and English style; no certain change required.",29,dialogue_19_19
catalogue,MAIN:0x0358BD,dialogue,这么好的化石不要嘛?!,You don't want such a fine fossil?!,You don't want such a fine fossil?!,reviewed_no_change,full_corpus_review,"Reviewed against Chinese source, runtime role, and English style; no certain change required.",34,dialogue_19_19
catalogue,MAIN:0x0358D2,dialogue,"使用怪兽的人不同,结果就有好有坏!",Pokémon are not good or evil. It depends on their Trainer!,Pokémon are not good or evil. It depends on their Trainer!,reviewed_no_change,full_corpus_review,"Reviewed against Chinese source, runtime role, and English style; no certain change required.",65,dialogue_19_19
catalogue,MAIN:0x0358F6,dialogue,"世上有很多人用怪兽作恶,那些混蛋就是火箭团!",Many people in the world use Pokémon for evil. Those scoundrels are Team Rocket!,Many people in the world use Pokémon for evil. Those scoundrels are Team Rocket!,reviewed_no_change,full_corpus_review,"Reviewed against Chinese source, runtime role, and English style; no certain change required.",83,dialogue_19_19
catalogue,MAIN:0x03591B,dialogue,"物价太高了,也没人出来管一管,唉!","Prices are too high, and no one will do anything about it. Sigh!","Prices are too high, and no one will do anything about it. Sigh!",reviewed_no_change,full_corpus_review,"Reviewed against Chinese source, runtime role, and English style; no certain change required.",72,dialogue_19_19
catalogue,MAIN:0x035939,dialogue,即使相同等级的怪兽强度也不一样.,Even Pokémon at the same level can differ in strength.,Even Pokémon at the same level can differ in strength.,reviewed_no_change,full_corpus_review,"Reviewed against Chinese source, runtime role, and English style; no certain change required.",57,dialogue_19_19
catalogue,MAIN:0x03596B,dialogue,"等级越高怪兽越强,但怪兽根据类型也有不擅长作战的对手......","Higher-level Pokémon are stronger, but every type has opponents it struggles against...","Higher-level Pokémon are stronger, but every type has opponents it struggles against...",reviewed_no_change,full_corpus_review,"Reviewed against Chinese source, runtime role, and English style; no certain change required.",105,dialogue_19_19
catalogue,MAIN:0x0359A3,dialogue,得到梦幻船票,Got the Mystic Ticket!,Got the Mystic Ticket!,reviewed_no_change,full_corpus_review,"Reviewed against Chinese source, runtime role, and English style; no certain change required.",26,dialogue_19_19
catalogue,MAIN:0x0359B7,dialogue,不知什么时候草丛里会突然窜出精灵呢,You never know when a Pokémon might leap out of the tall grass.,You never know when a Pokémon might leap out of the tall grass.,reviewed_no_change,full_corpus_review,"Reviewed against Chinese source, runtime role, and English style; no certain change required.",68,dialogue_19_19
catalogue,MAIN:0x0359DE,dialogue,到大城市里去会认识很多优秀的训练师,"Visit a big city, and you'll meet many skilled Trainers.","Visit a big city, and you'll meet many skilled Trainers.",reviewed_no_change,full_corpus_review,"Reviewed against Chinese source, runtime role, and English style; no certain change required.",66,dialogue_19_19
catalogue,MAIN:0x035A02,dialogue,"你去过金黄市吗,听说那里有很高的大楼",Have you been to Saffron City? I hear it has very tall buildings.,Have you been to Saffron City? I hear it has very tall buildings.,reviewed_no_change,full_corpus_review,"Reviewed against Chinese source, runtime role, and English style; no certain change required.",72,dialogue_19_19
catalogue,MAIN:0x035A27,dialogue,"我也想拥有传说中的精灵,可是到底哪儿才有传说中的精灵呢?","I want a Legendary Pokémon too, but where can they be found?","I want a Legendary Pokémon too, but where can they be found?",reviewed_no_change,full_corpus_review,"Reviewed against Chinese source, runtime role, and English style; no certain change required.",63,dialogue_19_19
catalogue,MAIN:0x035A5F,dialogue,看你的能力一定是训练师新手吧.告诉你要时刻关心自己的精灵状态哦!,"Judging by your skill, you must be a rookie Trainer. Always keep an eye on your Pokémon's condition!","Judging by your skill, you must be a rookie Trainer. Always keep an eye on your Pokémon's condition!",reviewed_no_change,full_corpus_review,"Reviewed against Chinese source, runtime role, and English style; no certain change required.",105,dialogue_19_19
catalogue,MAIN:0x035A9F,dialogue,有飞行系的精灵就能带我飞向远方的城市了...,"With a Flying-type Pokémon, I could fly to faraway cities...","With a Flying-type Pokémon, I could fly to faraway cities...",reviewed_no_change,full_corpus_review,"Reviewed against Chinese source, runtime role, and English style; no certain change required.",66,dialogue_19_19
catalogue,MAIN:0x035ACA,dialogue,今天是个好天气,Nice weather!,Nice weather!,reviewed_no_change,full_corpus_review,"Reviewed against Chinese source, runtime role, and English style; no certain change required.",13,dialogue_19_19
catalogue,MAIN:0x035ADA,dialogue,"心情不错,偷偷告诉你我恋爱了!",In love! Happy. Shh!,I'm in love! I'm so happy... Shh!,corrected,natural_english,Restores subjects and natural clause order to the compressed confession.,32,dialogue_19_19
catalogue,MAIN:0x035AF8,dialogue,"大海很宽阔啊,如果会冲浪术的话就能横渡大海了",Vast sea! Surf can cross it.,"The sea is vast! With Surf, you can cross it.",corrected,natural_english,Restores the player as subject and the field move as the means of crossing.,47,dialogue_19_19
catalogue,MAIN:0x035B25,dialogue,你听过吗?在枯叶市上的铁达尼号上都是有钱的训练师呢,Heard? Rich Trainers ride Vermilion's Titanic!,Have you heard? Rich Trainers sail aboard the Titanic from Vermilion Port!,corrected,natural_english,"Replaces the telegraphic hearsay fragment and preserves ship, port, and passengers.",81,dialogue_19_19
catalogue,MAIN:0x035B58,dialogue,在月见山上的晚上偶尔会有皮皮出现呢,Clefairy visit Mt. Moon some nights.,Clefairy sometimes visit Mt. Moon at night.,corrected,natural_english,Uses natural frequency and time expressions.,44,dialogue_19_19
catalogue,MAIN:0x035B7C,dialogue,宝石大陆你知道吗?我年轻时就是在宝石大陆修行呢,Hoenn? I trained there young.,Have you heard of Hoenn? I trained there when I was young.,corrected,natural_english,Replaces both clipped clauses with natural English.,63,dialogue_19_19
catalogue,MAIN:0x035BAB,dialogue,在精灵体力低下的时候要赶紧使用伤药,Low HP? Use Potion!,Low on HP? Use a Potion!,corrected,natural_english,Restores the preposition and official item formula.,26,dialogue_19_19
catalogue,MAIN:0x035BCF,dialogue,"我不明白怎么照顾精灵,要加紧学习呢",Can't tend Pokémon; must learn!,I'm not good at caring for Pokémon. I need to learn!,corrected,natural_english,Restores both omitted subjects in natural clauses.,54,dialogue_19_19
catalogue,MAIN:0x035BF2,dialogue,"我的精灵老是不听我的话,如果有徽章就好了",Mine disobey; a Badge may help!,My Pokémon disobey me. A Badge may help!,corrected,natural_english,Supplies the explicit subject and object in the disobedience clause.,43,dialogue_19_19
catalogue,MAIN:0x035C0B,dialogue,在这个地区最强的训练师是石英高原的四大天王,Indigo's Elite Four: region's best.,The Elite Four at Indigo Plateau are the region's best.,corrected,natural_english,Replaces a colon-fragment with a grammatical statement.,56,dialogue_19_19
catalogue,MAIN:0x035C48,dialogue,如果我有只像你的精灵这样听话的精灵就好了,Wish mine obeyed like yours!,I wish mine obeyed like yours!,corrected,natural_english,Restores the omitted subject.,30,dialogue_19_19
catalogue,MAIN:0x035C67,dialogue,我想喝水...谁给我水?,Thirsty... Any water?,I'm thirsty... Does anyone have water?,corrected,natural_english,Restores the speaker and natural question from the Chinese source.,37,dialogue_19_19
catalogue,MAIN:0x035C87,dialogue,别动!叫你别动你还动?,Don't move! Why move?,"Don't move! I said, don't move!",corrected,natural_english,Restores the repeated warning instead of the unidiomatic 'Why move?'.,30,dialogue_19_19
catalogue,MAIN:0x035C9D,dialogue,看你的样子一定是个了不起的训练师吧,"A top Trainer, I bet!",You look like a top Trainer!,corrected,natural_english,Turns a compressed noun phrase into a complete sentence.,27,dialogue_19_19
catalogue,MAIN:0x035CC1,dialogue,"不知道怎么回事,现在的人都不骑自行车了!",Odd! No bikes now.,Odd! No one rides bikes anymore!,corrected,natural_english,Restores the source subject and time sense.,33,dialogue_19_19
catalogue,MAIN:0x035D0E,dialogue,感觉到有一种神秘的力量.....,You feel mystic power...,You sense a mysterious power...,corrected,natural_english,Uses the natural adjective and source verb.,38,dialogue_19_19
catalogue,MAIN:0x035D2F,dialogue,竟然是一把密码锁...,A coded lock...,It's a coded lock...,corrected,natural_english,Restores the missing subject and verb.,26,dialogue_19_19
catalogue,MAIN:0x035D42,dialogue,得到一个密码,Got password!,Got a password!,corrected,natural_english,Restores the natural acquisition article.,15,dialogue_19_19
catalogue,MAIN:0x035D54,dialogue,触动了一个机关...,A mechanism clicked...,A mechanism clicked...,reviewed_no_change,full_corpus_review,"Reviewed against Chinese source, runtime role, and English style; no certain change required.",29,dialogue_19_19
catalogue,MAIN:0x035D65,dialogue,"你的徽章还没收集齐,还是请回吧!","All Badges, then return!",Return when you have all the Badges!,corrected,natural_english,Replaces a telegraphic imperative fragment with the complete gate instruction.,45,dialogue_19_19
catalogue,MAIN:0x035D9B,dialogue,参观    走人,VISIT    LEAVE,VISIT    LEAVE,reviewed_no_change,full_corpus_review,"Reviewed against Chinese source, runtime role, and English style; no certain change required.",11,dialogue_19_19
catalogue,MAIN:0x035DAC,dialogue,"对不起,你的钱不够!","Sorry, cash is short!","Sorry, not enough money!",corrected,natural_english,Uses the standard natural shop failure message.,25,dialogue_19_19
catalogue,MAIN:0x035DCC,dialogue,"这生物被视为宠物,或使用于对战等等.而我是研究这宠物精灵的!",People keep Pokémon as pets or use them in fights. I study them.,People keep Pokémon as pets or use them in fights. I study them.,reviewed_no_change,full_corpus_review,"Reviewed against Chinese source, runtime role, and English style; no certain change required.",68,dialogue_intro_17_19
catalogue,MAIN:0x035E82,dialogue,"小智,一个将属于你的故事,梦想即将开始!",ASH! Your Pokémon story and dreams begin now!,ASH! Your Pokémon story and dreams begin now!,reviewed_no_change,full_corpus_review,"Reviewed against Chinese source, runtime role, and English style; no certain change required.",46,dialogue_intro_17_19
catalogue,MAIN:0x035F05,fixed_or_dynamic,比试胜负来了!,wants to fight!,wants to fight!,reviewed_no_change,full_corpus_review,"Reviewed against Chinese source, runtime role, and English style; no certain change required.",15,
catalogue,MAIN:0x035F15,fixed_or_dynamic,麻痹了,is paralyzed!, is paralyzed!,corrected,dynamic_layout_24,Restores the separator used when the already-affected branch joins its status prefix to this payload.,14,
catalogue,MAIN:0x035F23,fixed_or_dynamic,效果拔群!,It's super effective!,It's super effective!,reviewed_no_change,full_corpus_review,"Reviewed against Chinese source, runtime role, and English style; no certain change required.",21,
catalogue,MAIN:0x035F34,fixed_or_dynamic,精灵球,Poké Ball,PokéB.,corrected,fixed_item_name_7,Abbreviates Poké Ball for the seven-cell Bag-list field.,6,
catalogue,MAIN:0x035F3D,fixed_or_dynamic,小智作为奖金,Battle result: ,Battle result: ,reviewed_no_change,full_corpus_review,"Reviewed against Chinese source, runtime role, and English style; no certain change required.",15,raw
catalogue,MAIN:0x035F57,fixed_or_dynamic,进化成,evolved into ,evolved into ,reviewed_no_change,full_corpus_review,"Reviewed against Chinese source, runtime role, and English style; no certain change required.",13,
catalogue,MAIN:0x035F65,fixed_or_dynamic,进化中止!,Evolution stopped!,Evolution stopped!,reviewed_no_change,full_corpus_review,"Reviewed against Chinese source, runtime role, and English style; no certain change required.",18,
catalogue,MAIN:0x035F75,fixed_or_dynamic,想学会,wants to learn, wants to learn,corrected,dynamic_layout_25,Restores the leading join after the Pokémon name; the move itself is rendered on the engine-provided second row.,15,
catalogue,MAIN:0x035F85,fixed_or_dynamic,但是,But,But,reviewed_no_change,full_corpus_review,"Reviewed against Chinese source, runtime role, and English style; no certain change required.",3,
catalogue,MAIN:0x035F98,fixed_or_dynamic,忘记其它的技能吗?,Forget another move?,Forget another move?,reviewed_no_change,full_corpus_review,"Reviewed against Chinese source, runtime role, and English style; no certain change required.",20,raw
catalogue,MAIN:0x035FAE,fixed_or_dynamic,放弃学习,Give up on learning ,"Give up on
learning ",corrected,dynamic_layout_25,Splits the complete learning-cancel question at a word boundary so its move name and final question mark remain inside the two-row battle window.,20,
catalogue,MAIN:0x035FB6,fixed_or_dynamic,对手要使用,Enemy is about to use ,"Enemy is about to use
",corrected,dynamic_layout_24,Places the upcoming Pokémon name alone on the second row.,22,
catalogue,MAIN:0x035FCD,fixed_or_dynamic,妙蛙种子,Bulbasaur,Bulbasaur,reviewed_no_change,full_corpus_review,"Reviewed against Chinese source, runtime role, and English style; no certain change required.",9,
catalogue,MAIN:0x035FD7,fixed_or_dynamic,妙蛙草,Ivysaur,Ivysaur,reviewed_no_change,full_corpus_review,"Reviewed against Chinese source, runtime role, and English style; no certain change required.",7,
catalogue,MAIN:0x035FDF,fixed_or_dynamic,妙蛙花,Venusaur,Venusaur,reviewed_no_change,full_corpus_review,"Reviewed against Chinese source, runtime role, and English style; no certain change required.",8,
catalogue,MAIN:0x035FE8,fixed_or_dynamic,小火龙,Charmander,Charmander,reviewed_no_change,full_corpus_review,"Reviewed against Chinese source, runtime role, and English style; no certain change required.",10,
catalogue,MAIN:0x035FF3,fixed_or_dynamic,火恐龙,Charmeleon,Charmeleon,reviewed_no_change,full_corpus_review,"Reviewed against Chinese source, runtime role, and English style; no certain change required.",10,
catalogue,MAIN:0x035FFE,fixed_or_dynamic,喷火龙,Charizard,Charizard,reviewed_no_change,full_corpus_review,"Reviewed against Chinese source, runtime role, and English style; no certain change required.",9,
catalogue,MAIN:0x036008,fixed_or_dynamic,杰尼龟,Squirtle,Squirtle,reviewed_no_change,full_corpus_review,"Reviewed against Chinese source, runtime role, and English style; no certain change required.",8,
catalogue,MAIN:0x036011,fixed_or_dynamic,卡米龟,Wartortle,Wartortle,reviewed_no_change,full_corpus_review,"Reviewed against Chinese source, runtime role, and English style; no certain change required.",9,
catalogue,MAIN:0x03601B,fixed_or_dynamic,水箭龟,Blastoise,Blastoise,reviewed_no_change,full_corpus_review,"Reviewed against Chinese source, runtime role, and English style; no certain change required.",9,
catalogue,MAIN:0x036025,fixed_or_dynamic,绿毛虫,Caterpie,Caterpie,reviewed_no_change,full_corpus_review,"Reviewed against Chinese source, runtime role, and English style; no certain change required.",8,
catalogue,MAIN:0x03602E,fixed_or_dynamic,铁甲蛹,Metapod,Metapod,reviewed_no_change,full_corpus_review,"Reviewed against Chinese source, runtime role, and English style; no certain change required.",7,
catalogue,MAIN:0x036036,fixed_or_dynamic,巴大蝴,Butterfree,Butterfree,reviewed_no_change,full_corpus_review,"Reviewed against Chinese source, runtime role, and English style; no certain change required.",10,
catalogue,MAIN:0x036041,fixed_or_dynamic,独角虫,Weedle,Weedle,reviewed_no_change,full_corpus_review,"Reviewed against Chinese source, runtime role, and English style; no certain change required.",6,
catalogue,MAIN:0x036048,fixed_or_dynamic,铁壳昆,Kakuna,Kakuna,reviewed_no_change,full_corpus_review,"Reviewed against Chinese source, runtime role, and English style; no certain change required.",6,
catalogue,MAIN:0x03604F,fixed_or_dynamic,大针蜂,Beedrill,Beedrill,reviewed_no_change,full_corpus_review,"Reviewed against Chinese source, runtime role, and English style; no certain change required.",8,
catalogue,MAIN:0x036058,fixed_or_dynamic,波波,Pidgey,Pidgey,reviewed_no_change,full_corpus_review,"Reviewed against Chinese source, runtime role, and English style; no certain change required.",6,
catalogue,MAIN:0x03605F,fixed_or_dynamic,比比鸟,Pidgeotto,Pidgeotto,reviewed_no_change,full_corpus_review,"Reviewed against Chinese source, runtime role, and English style; no certain change required.",9,
catalogue,MAIN:0x036069,fixed_or_dynamic,比雕,Pidgeot,Pidgeot,reviewed_no_change,full_corpus_review,"Reviewed against Chinese source, runtime role, and English style; no certain change required.",7,
catalogue,MAIN:0x036079,fixed_or_dynamic,拉达,Raticate,Raticate,reviewed_no_change,full_corpus_review,"Reviewed against Chinese source, runtime role, and English style; no certain change required.",8,
catalogue,MAIN:0x036082,fixed_or_dynamic,烈雀,Spearow,Spearow,reviewed_no_change,full_corpus_review,"Reviewed against Chinese source, runtime role, and English style; no certain change required.",7,
catalogue,MAIN:0x03608A,fixed_or_dynamic,大嘴雀,Fearow,Fearow,reviewed_no_change,full_corpus_review,"Reviewed against Chinese source, runtime role, and English style; no certain change required.",6,
catalogue,MAIN:0x036091,fixed_or_dynamic,阿柏蛇,Ekans,Ekans,reviewed_no_change,full_corpus_review,"Reviewed against Chinese source, runtime role, and English style; no certain change required.",5,
catalogue,MAIN:0x0360AC,fixed_or_dynamic,穿山鼠,Sandshrew,Sandshrew,reviewed_no_change,full_corpus_review,"Reviewed against Chinese source, runtime role, and English style; no certain change required.",9,
catalogue,MAIN:0x0360B6,fixed_or_dynamic,穿山王,Sandslash,Sandslash,reviewed_no_change,full_corpus_review,"Reviewed against Chinese source, runtime role, and English style; no certain change required.",9,
catalogue,MAIN:0x0360C9,fixed_or_dynamic,尼多娜,Nidorina,Nidorina,reviewed_no_change,full_corpus_review,"Reviewed against Chinese source, runtime role, and English style; no certain change required.",8,
catalogue,MAIN:0x0360E6,fixed_or_dynamic,尼多力诺,Nidorino,Nidorino,reviewed_no_change,full_corpus_review,"Reviewed against Chinese source, runtime role, and English style; no certain change required.",8,
catalogue,MAIN:0x0360F9,fixed_or_dynamic,皮皮,Clefairy,Clefairy,reviewed_no_change,full_corpus_review,"Reviewed against Chinese source, runtime role, and English style; no certain change required.",8,
catalogue,MAIN:0x036102,fixed_or_dynamic,皮可西,Clefable,Clefable,reviewed_no_change,full_corpus_review,"Reviewed against Chinese source, runtime role, and English style; no certain change required.",8,
catalogue,MAIN:0x03610B,fixed_or_dynamic,六尾,Vulpix,Vulpix,reviewed_no_change,full_corpus_review,"Reviewed against Chinese source, runtime role, and English style; no certain change required.",6,
catalogue,MAIN:0x036112,fixed_or_dynamic,九尾,Ninetales,Ninetales,reviewed_no_change,full_corpus_review,"Reviewed against Chinese source, runtime role, and English style; no certain change required.",9,
catalogue,MAIN:0x03611C,fixed_or_dynamic,胖丁,Jigglypuff,Jigglypuff,reviewed_no_change,full_corpus_review,"Reviewed against Chinese source, runtime role, and English style; no certain change required.",10,
catalogue,MAIN:0x036127,fixed_or_dynamic,胖可西,Wigglytuff,Wigglytuff,reviewed_no_change,full_corpus_review,"Reviewed against Chinese source, runtime role, and English style; no certain change required.",10,
catalogue,MAIN:0x036132,fixed_or_dynamic,超音蝠,Zubat,Zubat,reviewed_no_change,full_corpus_review,"Reviewed against Chinese source, runtime role, and English style; no certain change required.",5,
catalogue,MAIN:0x036138,fixed_or_dynamic,大嘴蝠,Golbat,Golbat,reviewed_no_change,full_corpus_review,"Reviewed against Chinese source, runtime role, and English style; no certain change required.",6,
catalogue,MAIN:0x03613F,fixed_or_dynamic,走路草,Oddish,Oddish,reviewed_no_change,full_corpus_review,"Reviewed against Chinese source, runtime role, and English style; no certain change required.",6,
catalogue,MAIN:0x036146,fixed_or_dynamic,臭臭花,Gloom,Gloom,reviewed_no_change,full_corpus_review,"Reviewed against Chinese source, runtime role, and English style; no certain change required.",5,
catalogue,MAIN:0x03614C,fixed_or_dynamic,霸王花,Vileplume,Vileplume,reviewed_no_change,full_corpus_review,"Reviewed against Chinese source, runtime role, and English style; no certain change required.",9,
catalogue,MAIN:0x036165,fixed_or_dynamic,毛球,Venonat,Venonat,reviewed_no_change,full_corpus_review,"Reviewed against Chinese source, runtime role, and English style; no certain change required.",7,
catalogue,MAIN:0x03616D,fixed_or_dynamic,末入蛾,Venomoth,Venomoth,reviewed_no_change,full_corpus_review,"Reviewed against Chinese source, runtime role, and English style; no certain change required.",8,
catalogue,MAIN:0x036176,fixed_or_dynamic,地鼠,Diglett,Diglett,reviewed_no_change,full_corpus_review,"Reviewed against Chinese source, runtime role, and English style; no certain change required.",7,
catalogue,MAIN:0x03617E,fixed_or_dynamic,三地鼠,Dugtrio,Dugtrio,reviewed_no_change,full_corpus_review,"Reviewed against Chinese source, runtime role, and English style; no certain change required.",7,
catalogue,MAIN:0x036186,fixed_or_dynamic,喵喵,Meowth,Meowth,reviewed_no_change,full_corpus_review,"Reviewed against Chinese source, runtime role, and English style; no certain change required.",6,
catalogue,MAIN:0x036195,fixed_or_dynamic,可达鸭,Psyduck,Psyduck,reviewed_no_change,full_corpus_review,"Reviewed against Chinese source, runtime role, and English style; no certain change required.",7,
catalogue,MAIN:0x03619D,fixed_or_dynamic,哥达鸭,Golduck,Golduck,reviewed_no_change,full_corpus_review,"Reviewed against Chinese source, runtime role, and English style; no certain change required.",7,
catalogue,MAIN:0x0361A5,fixed_or_dynamic,猴怪,Mankey,Mankey,reviewed_no_change,full_corpus_review,"Reviewed against Chinese source, runtime role, and English style; no certain change required.",6,
catalogue,MAIN:0x0361AC,fixed_or_dynamic,火暴猴,Primeape,Primeape,reviewed_no_change,full_corpus_review,"Reviewed against Chinese source, runtime role, and English style; no certain change required.",8,
catalogue,MAIN:0x0361B5,fixed_or_dynamic,卡蒂狗,Growlithe,Growlithe,reviewed_no_change,full_corpus_review,"Reviewed against Chinese source, runtime role, and English style; no certain change required.",9,
catalogue,MAIN:0x0361BF,fixed_or_dynamic,风速犬,Arcanine,Arcanine,reviewed_no_change,full_corpus_review,"Reviewed against Chinese source, runtime role, and English style; no certain change required.",8,
catalogue,MAIN:0x0361C8,fixed_or_dynamic,蚊香蝌蚪,Poliwag,Poliwag,reviewed_no_change,full_corpus_review,"Reviewed against Chinese source, runtime role, and English style; no certain change required.",7,
catalogue,MAIN:0x0361D0,fixed_or_dynamic,蚊香蛙,Poliwhirl,Poliwhirl,reviewed_no_change,full_corpus_review,"Reviewed against Chinese source, runtime role, and English style; no certain change required.",9,
catalogue,MAIN:0x0361DA,fixed_or_dynamic,快泳蛙,Poliwrath,Poliwrath,reviewed_no_change,full_corpus_review,"Reviewed against Chinese source, runtime role, and English style; no certain change required.",9,
catalogue,MAIN:0x0361FA,fixed_or_dynamic,腕力,Machop,Machop,reviewed_no_change,full_corpus_review,"Reviewed against Chinese source, runtime role, and English style; no certain change required.",6,
catalogue,MAIN:0x036201,fixed_or_dynamic,豪力,Machoke,Machoke,reviewed_no_change,full_corpus_review,"Reviewed against Chinese source, runtime role, and English style; no certain change required.",7,
catalogue,MAIN:0x036209,fixed_or_dynamic,怪力,Machamp,Machamp,reviewed_no_change,full_corpus_review,"Reviewed against Chinese source, runtime role, and English style; no certain change required.",7,
catalogue,MAIN:0x036211,fixed_or_dynamic,喇叭芽,Bellsprout,Bellsprout,reviewed_no_change,full_corpus_review,"Reviewed against Chinese source, runtime role, and English style; no certain change required.",10,
catalogue,MAIN:0x03621C,fixed_or_dynamic,口袋花,Weepinbell,Weepinbell,reviewed_no_change,full_corpus_review,"Reviewed against Chinese source, runtime role, and English style; no certain change required.",10,
catalogue,MAIN:0x036227,fixed_or_dynamic,大食花,Victreebel,Victreebel,reviewed_no_change,full_corpus_review,"Reviewed against Chinese source, runtime role, and English style; no certain change required.",10,
catalogue,MAIN:0x036247,fixed_or_dynamic,小拳石,Geodude,Geodude,reviewed_no_change,full_corpus_review,"Reviewed against Chinese source, runtime role, and English style; no certain change required.",7,
catalogue,MAIN:0x03624F,fixed_or_dynamic,隆隆石,Graveler,Graveler,reviewed_no_change,full_corpus_review,"Reviewed against Chinese source, runtime role, and English style; no certain change required.",8,
catalogue,MAIN:0x036258,fixed_or_dynamic,隆隆岩,Golem,Golem,reviewed_no_change,full_corpus_review,"Reviewed against Chinese source, runtime role, and English style; no certain change required.",5,
catalogue,MAIN:0x036265,fixed_or_dynamic,烈焰马,Rapidash,Rapidash,reviewed_no_change,full_corpus_review,"Reviewed against Chinese source, runtime role, and English style; no certain change required.",8,
catalogue,MAIN:0x03626E,fixed_or_dynamic,呆呆兽,Slowpoke,Slowpoke,reviewed_no_change,full_corpus_review,"Reviewed against Chinese source, runtime role, and English style; no certain change required.",8,
catalogue,MAIN:0x036277,fixed_or_dynamic,呆河马,Slowbro,Slowbro,reviewed_no_change,full_corpus_review,"Reviewed against Chinese source, runtime role, and English style; no certain change required.",7,
catalogue,MAIN:0x03627F,fixed_or_dynamic,小磁怪,Magnemite,Magnemite,reviewed_no_change,full_corpus_review,"Reviewed against Chinese source, runtime role, and English style; no certain change required.",9,
catalogue,MAIN:0x036289,fixed_or_dynamic,三一磁怪,Magneton,Magneton,reviewed_no_change,full_corpus_review,"Reviewed against Chinese source, runtime role, and English style; no certain change required.",8,
catalogue,MAIN:0x036292,fixed_or_dynamic,大葱鸭,Farfetch'd,Farfetch'd,reviewed_no_change,full_corpus_review,"Reviewed against Chinese source, runtime role, and English style; no certain change required.",10,
catalogue,MAIN:0x0362AA,fixed_or_dynamic,小海狮,Seel,Seel,reviewed_no_change,full_corpus_review,"Reviewed against Chinese source, runtime role, and English style; no certain change required.",4,
catalogue,MAIN:0x0362AF,fixed_or_dynamic,白海狮,Dewgong,Dewgong,reviewed_no_change,full_corpus_review,"Reviewed against Chinese source, runtime role, and English style; no certain change required.",7,
catalogue,MAIN:0x0362B7,fixed_or_dynamic,臭泥,Grimer,Grimer,reviewed_no_change,full_corpus_review,"Reviewed against Chinese source, runtime role, and English style; no certain change required.",6,
catalogue,MAIN:0x0362BE,fixed_or_dynamic,臭臭泥,Muk,Muk,reviewed_no_change,full_corpus_review,"Reviewed against Chinese source, runtime role, and English style; no certain change required.",3,
catalogue,MAIN:0x0362C2,fixed_or_dynamic,大舌贝,Shellder,Shellder,reviewed_no_change,full_corpus_review,"Reviewed against Chinese source, runtime role, and English style; no certain change required.",8,
catalogue,MAIN:0x0362CB,fixed_or_dynamic,铁甲贝,Cloyster,Cloyster,reviewed_no_change,full_corpus_review,"Reviewed against Chinese source, runtime role, and English style; no certain change required.",8,
catalogue,MAIN:0x0362D4,fixed_or_dynamic,鬼斯,Gastly,Gastly,reviewed_no_change,full_corpus_review,"Reviewed against Chinese source, runtime role, and English style; no certain change required.",6,
catalogue,MAIN:0x0362DB,fixed_or_dynamic,鬼斯通,Haunter,Haunter,reviewed_no_change,full_corpus_review,"Reviewed against Chinese source, runtime role, and English style; no certain change required.",7,
catalogue,MAIN:0x0362E3,fixed_or_dynamic,耿鬼,Gengar,Gengar,reviewed_no_change,full_corpus_review,"Reviewed against Chinese source, runtime role, and English style; no certain change required.",6,
catalogue,MAIN:0x0362EF,fixed_or_dynamic,素利普,Drowzee,Drowzee,reviewed_no_change,full_corpus_review,"Reviewed against Chinese source, runtime role, and English style; no certain change required.",7,
catalogue,MAIN:0x0362F7,fixed_or_dynamic,素利拍,Hypno,Hypno,reviewed_no_change,full_corpus_review,"Reviewed against Chinese source, runtime role, and English style; no certain change required.",5,
catalogue,MAIN:0x036304,fixed_or_dynamic,巨钳蟹,Kingler,Kingler,reviewed_no_change,full_corpus_review,"Reviewed against Chinese source, runtime role, and English style; no certain change required.",7,
catalogue,MAIN:0x03630C,fixed_or_dynamic,雷电球,Voltorb,Voltorb,reviewed_no_change,full_corpus_review,"Reviewed against Chinese source, runtime role, and English style; no certain change required.",7,
catalogue,MAIN:0x036314,fixed_or_dynamic,顽皮弹,Electrode,Electrode,reviewed_no_change,full_corpus_review,"Reviewed against Chinese source, runtime role, and English style; no certain change required.",9,
catalogue,MAIN:0x03631E,fixed_or_dynamic,蛋蛋,Exeggcute,Exeggcute,reviewed_no_change,full_corpus_review,"Reviewed against Chinese source, runtime role, and English style; no certain change required.",9,
catalogue,MAIN:0x036328,fixed_or_dynamic,椰蛋树,Exeggutor,Exeggutor,reviewed_no_change,full_corpus_review,"Reviewed against Chinese source, runtime role, and English style; no certain change required.",9,
catalogue,MAIN:0x036332,fixed_or_dynamic,可拉可拉,Cubone,Cubone,reviewed_no_change,full_corpus_review,"Reviewed against Chinese source, runtime role, and English style; no certain change required.",6,
catalogue,MAIN:0x036339,fixed_or_dynamic,嘎拉嘎拉,Marowak,Marowak,reviewed_no_change,full_corpus_review,"Reviewed against Chinese source, runtime role, and English style; no certain change required.",7,
catalogue,MAIN:0x036341,fixed_or_dynamic,沙瓦郎,Hitmonlee,Hitmonlee,reviewed_no_change,full_corpus_review,"Reviewed against Chinese source, runtime role, and English style; no certain change required.",9,
catalogue,MAIN:0x03634B,fixed_or_dynamic,艾比郎,Hitmonchan,Hitmonchan,reviewed_no_change,full_corpus_review,"Reviewed against Chinese source, runtime role, and English style; no certain change required.",10,
catalogue,MAIN:0x036356,fixed_or_dynamic,大舌头,Lickitung,Lickitung,reviewed_no_change,full_corpus_review,"Reviewed against Chinese source, runtime role, and English style; no certain change required.",9,
catalogue,MAIN:0x036360,fixed_or_dynamic,瓦斯弹,Koffing,Koffing,reviewed_no_change,full_corpus_review,"Reviewed against Chinese source, runtime role, and English style; no certain change required.",7,
catalogue,MAIN:0x036368,fixed_or_dynamic,双弹瓦斯,Weezing,Weezing,reviewed_no_change,full_corpus_review,"Reviewed against Chinese source, runtime role, and English style; no certain change required.",7,
catalogue,MAIN:0x036370,fixed_or_dynamic,铁甲犀牛,Rhyhorn,Rhyhorn,reviewed_no_change,full_corpus_review,"Reviewed against Chinese source, runtime role, and English style; no certain change required.",7,
catalogue,MAIN:0x036378,fixed_or_dynamic,铁甲暴龙,Rhydon,Rhydon,reviewed_no_change,full_corpus_review,"Reviewed against Chinese source, runtime role, and English style; no certain change required.",6,
catalogue,MAIN:0x03637F,fixed_or_dynamic,吉利蛋,Chansey,Chansey,reviewed_no_change,full_corpus_review,"Reviewed against Chinese source, runtime role, and English style; no certain change required.",7,
catalogue,MAIN:0x036387,fixed_or_dynamic,蔓藤怪,Tangela,Tangela,reviewed_no_change,full_corpus_review,"Reviewed against Chinese source, runtime role, and English style; no certain change required.",7,
catalogue,MAIN:0x03638F,fixed_or_dynamic,袋龙,Kangaskhan,Kangaskhan,reviewed_no_change,full_corpus_review,"Reviewed against Chinese source, runtime role, and English style; no certain change required.",10,
catalogue,MAIN:0x03639A,fixed_or_dynamic,墨海马,Horsea,Horsea,reviewed_no_change,full_corpus_review,"Reviewed against Chinese source, runtime role, and English style; no certain change required.",6,
catalogue,MAIN:0x0363A1,fixed_or_dynamic,海刺龙,Seadra,Seadra,reviewed_no_change,full_corpus_review,"Reviewed against Chinese source, runtime role, and English style; no certain change required.",6,
catalogue,MAIN:0x0363A8,fixed_or_dynamic,角金鱼,Goldeen,Goldeen,reviewed_no_change,full_corpus_review,"Reviewed against Chinese source, runtime role, and English style; no certain change required.",7,
catalogue,MAIN:0x0363B0,fixed_or_dynamic,金鱼王,Seaking,Seaking,reviewed_no_change,full_corpus_review,"Reviewed against Chinese source, runtime role, and English style; no certain change required.",7,
catalogue,MAIN:0x0363B8,fixed_or_dynamic,海星星,Staryu,Staryu,reviewed_no_change,full_corpus_review,"Reviewed against Chinese source, runtime role, and English style; no certain change required.",6,
catalogue,MAIN:0x0363BF,fixed_or_dynamic,宝石海星,Starmie,Starmie,reviewed_no_change,full_corpus_review,"Reviewed against Chinese source, runtime role, and English style; no certain change required.",7,
catalogue,MAIN:0x0363C7,fixed_or_dynamic,吸盘魔偶,Mr. Mime,Mr. Mime,reviewed_no_change,full_corpus_review,"Reviewed against Chinese source, runtime role, and English style; no certain change required.",8,
catalogue,MAIN:0x0363CF,fixed_or_dynamic,飞天螳螂,Scyther,Scyther,reviewed_no_change,full_corpus_review,"Reviewed against Chinese source, runtime role, and English style; no certain change required.",7,
catalogue,MAIN:0x0363D7,fixed_or_dynamic,迷唇姐,Jynx,Jynx,reviewed_no_change,full_corpus_review,"Reviewed against Chinese source, runtime role, and English style; no certain change required.",4,
catalogue,MAIN:0x0363DC,fixed_or_dynamic,电击兽,Electabuzz,Electabuzz,reviewed_no_change,full_corpus_review,"Reviewed against Chinese source, runtime role, and English style; no certain change required.",10,
catalogue,MAIN:0x0363ED,fixed_or_dynamic,大甲,Pinsir,Pinsir,reviewed_no_change,full_corpus_review,"Reviewed against Chinese source, runtime role, and English style; no certain change required.",6,
catalogue,MAIN:0x0363FB,fixed_or_dynamic,鲤鱼王,Magikarp,Magikarp,reviewed_no_change,full_corpus_review,"Reviewed against Chinese source, runtime role, and English style; no certain change required.",8,
catalogue,MAIN:0x036404,fixed_or_dynamic,暴鲤龙,Gyarados,Gyarados,reviewed_no_change,full_corpus_review,"Reviewed against Chinese source, runtime role, and English style; no certain change required.",8,
catalogue,MAIN:0x03640D,fixed_or_dynamic,乘龙,Lapras,Lapras,reviewed_no_change,full_corpus_review,"Reviewed against Chinese source, runtime role, and English style; no certain change required.",6,
catalogue,MAIN:0x036414,fixed_or_dynamic,百变怪,Ditto,Ditto,reviewed_no_change,full_corpus_review,"Reviewed against Chinese source, runtime role, and English style; no certain change required.",5,
catalogue,MAIN:0x03641A,fixed_or_dynamic,伊布,Eevee,Eevee,reviewed_no_change,full_corpus_review,"Reviewed against Chinese source, runtime role, and English style; no certain change required.",5,
catalogue,MAIN:0x036420,fixed_or_dynamic,水精灵,Vaporeon,Vaporeon,reviewed_no_change,full_corpus_review,"Reviewed against Chinese source, runtime role, and English style; no certain change required.",8,
catalogue,MAIN:0x036429,fixed_or_dynamic,雷精灵,Jolteon,Jolteon,reviewed_no_change,full_corpus_review,"Reviewed against Chinese source, runtime role, and English style; no certain change required.",7,
catalogue,MAIN:0x036431,fixed_or_dynamic,火精灵,Flareon,Flareon,reviewed_no_change,full_corpus_review,"Reviewed against Chinese source, runtime role, and English style; no certain change required.",7,
catalogue,MAIN:0x036441,fixed_or_dynamic,菊石兽,Omanyte,Omanyte,reviewed_no_change,full_corpus_review,"Reviewed against Chinese source, runtime role, and English style; no certain change required.",7,
catalogue,MAIN:0x036449,fixed_or_dynamic,多刺菊石,Omastar,Omastar,reviewed_no_change,full_corpus_review,"Reviewed against Chinese source, runtime role, and English style; no certain change required.",7,
catalogue,MAIN:0x036451,fixed_or_dynamic,化石盔,Kabuto,Kabuto,reviewed_no_change,full_corpus_review,"Reviewed against Chinese source, runtime role, and English style; no certain change required.",6,
catalogue,MAIN:0x036461,fixed_or_dynamic,化石翼龙,Aerodactyl,Aerodactyl,reviewed_no_change,full_corpus_review,"Reviewed against Chinese source, runtime role, and English style; no certain change required.",10,
catalogue,MAIN:0x03646C,fixed_or_dynamic,卡比兽,Snorlax,Snorlax,reviewed_no_change,full_corpus_review,"Reviewed against Chinese source, runtime role, and English style; no certain change required.",7,
catalogue,MAIN:0x036474,fixed_or_dynamic,急冻鸟,Articuno,Articuno,reviewed_no_change,full_corpus_review,"Reviewed against Chinese source, runtime role, and English style; no certain change required.",8,
catalogue,MAIN:0x03647D,fixed_or_dynamic,闪电鸟,Zapdos,Zapdos,reviewed_no_change,full_corpus_review,"Reviewed against Chinese source, runtime role, and English style; no certain change required.",6,
catalogue,MAIN:0x036484,fixed_or_dynamic,火焰鸟,Moltres,Moltres,reviewed_no_change,full_corpus_review,"Reviewed against Chinese source, runtime role, and English style; no certain change required.",7,
catalogue,MAIN:0x03648C,fixed_or_dynamic,迷你龙,Dratini,Dratini,reviewed_no_change,full_corpus_review,"Reviewed against Chinese source, runtime role, and English style; no certain change required.",7,
catalogue,MAIN:0x036494,fixed_or_dynamic,哈克龙,Dragonair,Dragonair,reviewed_no_change,full_corpus_review,"Reviewed against Chinese source, runtime role, and English style; no certain change required.",9,
catalogue,MAIN:0x03649E,fixed_or_dynamic,快龙,Dragonite,Dragonite,reviewed_no_change,full_corpus_review,"Reviewed against Chinese source, runtime role, and English style; no certain change required.",9,
catalogue,MAIN:0x0364F0,fixed_or_dynamic,使用了伤药,Used a Potion!,Used a Potion!,reviewed_no_change,full_corpus_review,"Reviewed against Chinese source, runtime role, and English style; no certain change required.",14,
catalogue,MAIN:0x03650D,fixed_or_dynamic,麻痹了不能动, is paralyzed and can't move!, is fully paralyzed!,corrected,dynamic_layout_24,Keeps the full-paralysis/no-action result grammatical on the engine-provided second row.,20,
catalogue,MAIN:0x03651B,fixed_or_dynamic,睡着了, fell asleep!, fell asleep!,reviewed_no_change,full_corpus_review,"Reviewed against Chinese source, runtime role, and English style; no certain change required.",13,
catalogue,MAIN:0x036528,dialogue,我相信科学的力量!现在电脑可以通信精灵和道具,Science! PCs send Pokémon and items!,Science is amazing! PCs can transfer Pokémon and items!,corrected,natural_english,Restores a complete natural version of the science NPC line.,56,dialogue_19_19
catalogue,MAIN:0x03656D,fixed_or_dynamic,我相信科学的力量!现在电脑可以通信精灵和道具,I believe in the power of science! Computers can now transfer Pokémon and items.,I believe in the power of science! Computers can now transfer Pokémon and items.,reviewed_no_change,full_corpus_review,"Reviewed against Chinese source, runtime role, and English style; no certain change required.",80,raw
catalogue,MAIN:0x0365D0,dialogue,我的怪兽力量都用尽了......,My team is spent...,My team is spent...,reviewed_no_change,full_corpus_review,"Reviewed against Chinese source, runtime role, and English style; no certain change required.",19,dialogue_19_19
catalogue,MAIN:0x0365FE,dialogue,休息一下如何?,MOM: Rest.,How about a rest?,corrected,natural_english+contextual_label_omission,"Translates the source question instead of reducing it to an order. Omits the contextual one-speaker label 'MOM', as in official Gen I field dialogue; the sprite and encounter retain the speaker identity.",17,dialogue_19_19
catalogue,MAIN:0x036665,dialogue,"啊!你和精灵都很精神!小心去吧,保重!",Both fit! Take care!,You and your Pokémon look great! Take care!,corrected,natural_english,Restores both subjects and a natural farewell.,48,dialogue_19_19
catalogue,MAIN:0x0366A8,dialogue,小茂姐姐:爷爷有任务交给你啊!,GARY'S SIS: Grandpa's task for you!,GARY'S SIS: Grandpa has a task for you!,corrected,natural_english,Restores a finite verb without changing the source fact.,38,dialogue_19_19
catalogue,MAIN:0x0366F3,dialogue,你的精灵球是很方便的东西啊,Poké Balls are handy!,Poké Balls are handy!,reviewed_no_change,full_corpus_review,"Reviewed against Chinese source, runtime role, and English style; no certain change required.",25,dialogue_19_19
catalogue,MAIN:0x03675E,dialogue,啊!日记的内容我都记住了,Diary memorized!,You memorized the diary entry!,corrected,natural_english,Uses a complete natural system message.,31,dialogue_19_19
catalogue,MAIN:0x036795,dialogue,我也很喜欢精灵啊,I love Pokémon too!,I love Pokémon too!,reviewed_no_change,full_corpus_review,"Reviewed against Chinese source, runtime role, and English style; no certain change required.",19,dialogue_19_19
catalogue,MAIN:0x0367EA,dialogue,我也想要辆自行车,I want a bike too!,I want a bike too!,reviewed_no_change,full_corpus_review,"Reviewed against Chinese source, runtime role, and English style; no certain change required.",18,dialogue_19_19
catalogue,MAIN:0x036837,dialogue,你的比卡丘很可爱呢,Your Pikachu is cute!,Your Pikachu is cute!,reviewed_no_change,full_corpus_review,"Reviewed against Chinese source, runtime role, and English style; no certain change required.",24,dialogue_19_19
catalogue,MAIN:0x036853,dialogue,我的肚子好饿呀...,So hungry...,So hungry...,reviewed_no_change,full_corpus_review,"Reviewed against Chinese source, runtime role, and English style; no certain change required.",12,dialogue_19_19
catalogue,MAIN:0x036876,dialogue,铁达尼号出发了吗?,Has Titanic left?,Has Titanic left?,reviewed_no_change,full_corpus_review,"Reviewed against Chinese source, runtime role, and English style; no certain change required.",17,dialogue_19_19
catalogue,MAIN:0x036898,dialogue,该怎么吧这家伙弄醒呢?,How do I wake him?,How do I wake him?,reviewed_no_change,full_corpus_review,"Reviewed against Chinese source, runtime role, and English style; no certain change required.",18,dialogue_19_19
catalogue,MAIN:0x0368BC,dialogue,啊!这长长的洞穴!是地鼠挖的!听说都到尼比市了!,Diglett tunnel; said to reach Pewter!,Diglett dug this tunnel all the way to Pewter!,corrected,natural_english,Replaces the semicolon fragment with a complete source-faithful sentence.,48,dialogue_19_19
catalogue,MAIN:0x0368F1,fixed_or_dynamic,最近幽灵塔里好象出现幽灵...,It seems ghosts have appeared in Pokémon Tower lately...,It seems ghosts have appeared in Pokémon Tower lately...,reviewed_no_change,full_corpus_review,"Reviewed against Chinese source, runtime role, and English style; no certain change required.",56,raw
catalogue,MAIN:0x03692B,dialogue,这里每天进行精灵研究,Pokémon researched here daily.,We study Pokémon here every day.,corrected,natural_english,Restores the omitted subject and natural adverb placement.,34,dialogue_19_19
catalogue,MAIN:0x036950,pokedex,背部能开出美丽的花,Beautiful flowers bloom on its back.,Beautiful flowers bloom on its back.,reviewed_no_change,full_corpus_review,"Reviewed against Chinese source, runtime role, and English style; no certain change required.",38,pokedex_13x4
catalogue,MAIN:0x036978,pokedex,花的香气让人心情好,Its flower's scent cheers people up.,Its flower's scent cheers people up.,reviewed_no_change,full_corpus_review,"Reviewed against Chinese source, runtime role, and English style; no certain change required.",36,pokedex_13x4
catalogue,MAIN:0x0369AA,pokedex,转动尾巴点燃火焰让周围温度上升,It spins its tail to spark fire and raise heat.,It spins its tail to spark fire and raise heat.,reviewed_no_change,full_corpus_review,"Reviewed against Chinese source, runtime role, and English style; no certain change required.",50,pokedex_13x4
catalogue,MAIN:0x0369DE,pokedex,吐出的高温火焰可以烧化岩石,Its hot flames can melt rock.,Its hot flames can melt rock.,reviewed_no_change,full_corpus_review,"Reviewed against Chinese source, runtime role, and English style; no certain change required.",36,pokedex_13x4
catalogue,MAIN:0x036A13,pokedex,足虽短但很有力量,Its short feet are very strong.,Its short feet are very strong.,reviewed_no_change,full_corpus_review,"Reviewed against Chinese source, runtime role, and English style; no certain change required.",33,pokedex_13x4
catalogue,MAIN:0x036A46,pokedex,能放出毒粉顺利飞行,It releases toxic powder and flies well.,It releases toxic powder and flies well.,reviewed_no_change,full_corpus_review,"Reviewed against Chinese source, runtime role, and English style; no certain change required.",44,pokedex_13x4
catalogue,MAIN:0x036A79,pokedex,自己几乎不移动危险时会变硬保护,It barely moves; danger makes it hard for safety.,It hardens to guard itself from danger.,corrected,pokedex_prose,Replaces the malformed phrase 'danger makes it hard for safety'.,38,pokedex_13x4
catalogue,MAIN:0x036AA9,pokedex,拥有属于自己的地盘攻击入侵的敌人,It has territory and attacks intruders.,It has territory and attacks intruders.,reviewed_no_change,full_corpus_review,"Reviewed against Chinese source, runtime role, and English style; no certain change required.",49,pokedex_13x4
catalogue,MAIN:0x036AD5,pokedex,身体小但移动灵敏,It is small but moves nimbly.,It is small but moves nimbly.,reviewed_no_change,full_corpus_review,"Reviewed against Chinese source, runtime role, and English style; no certain change required.",33,pokedex_13x4
catalogue,MAIN:0x036B09,pokedex,以虫子为食喜欢整理羽毛,It eats bugs and loves preening its feathers.,It eats bugs and loves preening its feathers.,reviewed_no_change,full_corpus_review,"Reviewed against Chinese source, runtime role, and English style; no certain change required.",48,pokedex_13x4
catalogue,MAIN:0x036B3D,pokedex,有很大的翅膀可以在天空飞行,Its huge wings let it fly in the sky.,Its huge wings carry it through the sky.,corrected,pokedex_prose,Removes the redundant phrase 'fly in the sky'.,47,pokedex_13x4
catalogue,MAIN:0x036B71,pokedex,很多聚在一起可以引发闪电,Many together can trigger lightning.,Many together can trigger lightning.,reviewed_no_change,full_corpus_review,"Reviewed against Chinese source, runtime role, and English style; no certain change required.",36,pokedex_13x4
catalogue,MAIN:0x036BA6,pokedex,身体团起来时像个刺球,"Curled up, its body looks like a spiked ball.","Curled up, its body looks like a spiked ball.",reviewed_no_change,full_corpus_review,"Reviewed against Chinese source, runtime role, and English style; no certain change required.",51,pokedex_13x4
catalogue,MAIN:0x036BD3,pokedex,喜欢对战的精灵,It loves to battle.,It loves to battle.,reviewed_no_change,full_corpus_review,"Reviewed against Chinese source, runtime role, and English style; no certain change required.",20,pokedex_13x4
catalogue,MAIN:0x036C06,pokedex,有坚硬的鳞可以保护身体,Hard scales protect its body.,Hard scales protect its body.,reviewed_no_change,full_corpus_review,"Reviewed against Chinese source, runtime role, and English style; no certain change required.",31,pokedex_13x4
catalogue,MAIN:0x036C3A,pokedex,遇到危险身体的刺可以放出强烈的毒,Its spines release potent poison in danger.,Its spines emit potent poison when threatened.,corrected,pokedex_prose,Uses natural verb and adjective order.,50,pokedex_13x4
catalogue,MAIN:0x036C6B,pokedex,胆子小一遇到危险就跑,It is timid and flees at any danger.,It is timid and flees at any danger.,reviewed_no_change,full_corpus_review,"Reviewed against Chinese source, runtime role, and English style; no certain change required.",37,pokedex_13x4
catalogue,MAIN:0x036CA0,pokedex,尾巴长到九条变的聪明,"At nine tails, it grows clever.","At nine tails, it grows clever.",reviewed_no_change,full_corpus_review,"Reviewed against Chinese source, runtime role, and English style; no certain change required.",39,pokedex_13x4
catalogue,MAIN:0x036CD4,pokedex,能发出催人入眠的歌声,Its song can lull others to sleep.,Its song can lull others to sleep.,reviewed_no_change,full_corpus_review,"Reviewed against Chinese source, runtime role, and English style; no certain change required.",35,pokedex_13x4
catalogue,MAIN:0x036D04,pokedex,专门靠吸血为生,It lives solely by drinking blood.,It lives solely by drinking blood.,reviewed_no_change,full_corpus_review,"Reviewed against Chinese source, runtime role, and English style; no certain change required.",45,pokedex_13x4
catalogue,MAIN:0x036D39,pokedex,身体常常贴在地面慢慢移动,It hugs the ground and moves slowly.,It hugs the ground and moves slowly.,reviewed_no_change,full_corpus_review,"Reviewed against Chinese source, runtime role, and English style; no certain change required.",39,pokedex_13x4
catalogue,MAIN:0x036D6B,pokedex,能分泌液体吸引食物,It secretes fluid to lure food.,It secretes fluid to lure food.,reviewed_no_change,full_corpus_review,"Reviewed against Chinese source, runtime role, and English style; no certain change required.",31,pokedex_13x4
catalogue,MAIN:0x036D97,pokedex,身体比虫大爱潮湿的地方,Its body is bigger than a bug and loves damp places.,"Larger than most bugs, it likes damp places.",corrected,pokedex_prose,Clarifies the comparison and joins the clauses naturally.,46,pokedex_13x4
catalogue,MAIN:0x036DCC,pokedex,在大树下生活爱吃小虫子,It loves tiny bugs and lives under big trees.,It loves tiny bugs and lives under big trees.,reviewed_no_change,full_corpus_review,"Reviewed against Chinese source, runtime role, and English style; no certain change required.",49,pokedex_13x4
catalogue,MAIN:0x036E00,pokedex,在底下一公里处生活,It lives one kilometer underground.,It lives one kilometer underground.,reviewed_no_change,full_corpus_review,"Reviewed against Chinese source, runtime role, and English style; no certain change required.",38,pokedex_13x4
catalogue,MAIN:0x036E33,pokedex,喜欢钱币形状的东西,It likes coin-shaped objects.,It likes coin-shaped objects.,reviewed_no_change,full_corpus_review,"Reviewed against Chinese source, runtime role, and English style; no certain change required.",34,pokedex_13x4
catalogue,MAIN:0x036E68,pokedex,属于很多人喜欢的生物,Many people like this creature.,Many people love this creature.,corrected,pokedex_prose,Uses concise idiomatic English for widespread popularity.,35,pokedex_13x4
catalogue,MAIN:0x036E9D,pokedex,喜欢在水里游泳,It loves swimming in water.,It loves swimming in water.,reviewed_no_change,full_corpus_review,"Reviewed against Chinese source, runtime role, and English style; no certain change required.",32,pokedex_13x4
catalogue,MAIN:0x036ECD,pokedex,生气时追着对手不放,"When angry, it won't stop chasing its foe.","When angry, it won't stop chasing its foe.",reviewed_no_change,full_corpus_review,"Reviewed against Chinese source, runtime role, and English style; no certain change required.",43,pokedex_13x4
catalogue,MAIN:0x036EFF,pokedex,保护自己的领地不让任何人靠近,It guards its territory and lets no one near.,It guards its territory and lets no one near.,reviewed_no_change,full_corpus_review,"Reviewed against Chinese source, runtime role, and English style; no certain change required.",44,pokedex_13x4
catalogue,MAIN:0x036F30,pokedex,在水里生活的精灵,This Pokémon lives in water.,This Pokémon lives in water.,reviewed_no_change,full_corpus_review,"Reviewed against Chinese source, runtime role, and English style; no certain change required.",32,pokedex_13x4
catalogue,MAIN:0x036F64,pokedex,擅长游泳速度惊人,A skilled and amazingly fast swimmer.,"It is a skilled, amazingly fast swimmer.",corrected,pokedex_prose,Turns a noun fragment into a complete sentence.,52,pokedex_13x4
catalogue,MAIN:0x036F94,pokedex,发现敌人后会乘机逃跑,It spots a foe and flees when it can.,It spots a foe and flees when it can.,reviewed_no_change,full_corpus_review,"Reviewed against Chinese source, runtime role, and English style; no certain change required.",38,pokedex_13x4
catalogue,MAIN:0x036FC8,pokedex,有比超级计算机还灵敏的技能,Its skills beat any computer.,Its abilities surpass any computer.,corrected,pokedex_prose,Matches the source ability comparison rather than inventing reaction speed.,35,pokedex_13x4
catalogue,MAIN:0x036FFD,pokedex,力量强大的生物,A creature of immense strength.,A creature of immense strength.,reviewed_no_change,full_corpus_review,"Reviewed against Chinese source, runtime role, and English style; no certain change required.",35,pokedex_13x4
catalogue,MAIN:0x037032,pokedex,爱吃小虫子,It loves eating tiny bugs.,It loves eating tiny bugs.,reviewed_no_change,full_corpus_review,"Reviewed against Chinese source, runtime role, and English style; no certain change required.",31,pokedex_13x4
catalogue,MAIN:0x037067,pokedex,能喷出毒粉阻止敌人移动,It sprays poison powder to halt foes.,It sprays poison powder to halt foes.,reviewed_no_change,full_corpus_review,"Reviewed against Chinese source, runtime role, and English style; no certain change required.",39,pokedex_13x4
catalogue,MAIN:0x037094,pokedex,在海上漂浮,It drifts on the sea.,It drifts on the sea.,reviewed_no_change,full_corpus_review,"Reviewed against Chinese source, runtime role, and English style; no certain change required.",21,pokedex_13x4
catalogue,MAIN:0x0370C6,pokedex,触手在刺中食物的时候可以变长,Its tentacles lengthen when they pierce food.,Its tentacles lengthen when they pierce food.,reviewed_no_change,full_corpus_review,"Reviewed against Chinese source, runtime role, and English style; no certain change required.",44,pokedex_13x4
catalogue,MAIN:0x0370FB,pokedex,常常在山坡地带活动,It often roams on hillsides.,It often roams on hillsides.,reviewed_no_change,full_corpus_review,"Reviewed against Chinese source, runtime role, and English style; no certain change required.",36,pokedex_13x4
catalogue,MAIN:0x037130,pokedex,蹄比金刚石还坚硬能踩坏任何东西,"Its hooves, harder than diamond, crush all.",Its diamond-hard hooves crush anything.,corrected,pokedex_prose,Replaces the incomplete object 'crush all'.,48,pokedex_13x4
catalogue,MAIN:0x037160,pokedex,移动缓慢呆头呆脑,It is both slow and dim-witted.,It is both slow and dim-witted.,reviewed_no_change,full_corpus_review,"Reviewed against Chinese source, runtime role, and English style; no certain change required.",37,pokedex_13x4
catalogue,MAIN:0x037191,pokedex,爱吃其它生物吃剩的食物,It loves food left by other creatures.,It loves food left by other creatures.,reviewed_no_change,full_corpus_review,"Reviewed against Chinese source, runtime role, and English style; no certain change required.",36,pokedex_13x4
catalogue,MAIN:0x0371C3,pokedex,聚集发电厂的能量,It gathers energy from power plants.,It gathers energy from power plants.,reviewed_no_change,full_corpus_review,"Reviewed against Chinese source, runtime role, and English style; no certain change required.",39,pokedex_13x4
catalogue,MAIN:0x0371F3,pokedex,飞行本领差但跑的速度快,It flies poorly but runs fast.,It flies poorly but runs fast.,reviewed_no_change,full_corpus_review,"Reviewed against Chinese source, runtime role, and English style; no certain change required.",36,pokedex_13x4
catalogue,MAIN:0x037224,pokedex,头很硬耐攻击,Its hard head withstands attacks.,Its hard head withstands attacks.,reviewed_no_change,full_corpus_review,"Reviewed against Chinese source, runtime role, and English style; no certain change required.",34,pokedex_13x4
catalogue,MAIN:0x037259,pokedex,生活在很脏的地方,It lives in filthy places.,It lives in filthy places.,reviewed_no_change,full_corpus_review,"Reviewed against Chinese source, runtime role, and English style; no certain change required.",33,pokedex_13x4
catalogue,MAIN:0x037287,pokedex,坚硬的外壳可抵挡任何攻击,Its shell is hard and blocks all attacks.,Its shell is hard and blocks all attacks.,reviewed_no_change,full_corpus_review,"Reviewed against Chinese source, runtime role, and English style; no certain change required.",47,pokedex_13x4
catalogue,MAIN:0x0372BA,pokedex,受到攻击时身体表面的刺会张开,Its body spikes spread under attack.,Its body spikes spread under attack.,reviewed_no_change,full_corpus_review,"Reviewed against Chinese source, runtime role, and English style; no certain change required.",39,pokedex_13x4
catalogue,MAIN:0x0372EB,pokedex,可以放出毒气让人昏迷,Its poison gas can knock people out.,Its poison gas can knock people out.,reviewed_no_change,full_corpus_review,"Reviewed against Chinese source, runtime role, and English style; no certain change required.",37,pokedex_13x4
catalogue,MAIN:0x03731E,pokedex,身体很结实像金刚石一样,Its body is as hard as diamond.,Its body is as hard as diamond.,reviewed_no_change,full_corpus_review,"Reviewed against Chinese source, runtime role, and English style; no certain change required.",34,pokedex_13x4
catalogue,MAIN:0x037351,pokedex,遇到敌人的时候可以使人沉睡,"When it meets foes, it puts them to sleep.","When it meets foes, it puts them to sleep.",reviewed_no_change,full_corpus_review,"Reviewed against Chinese source, runtime role, and English style; no certain change required.",45,pokedex_13x4
catalogue,MAIN:0x037385,pokedex,巨大的钳子有无穷的力量,Its huge pincers have endless strength.,Its huge pincers have endless strength.,reviewed_no_change,full_corpus_review,"Reviewed against Chinese source, runtime role, and English style; no certain change required.",48,pokedex_13x4
catalogue,MAIN:0x0373B6,pokedex,能聚集很大的能量引发风暴,It gathers huge energy to cause storms.,It gathers huge energy to cause storms.,reviewed_no_change,full_corpus_review,"Reviewed against Chinese source, runtime role, and English style; no certain change required.",46,pokedex_13x4
catalogue,MAIN:0x0373E6,pokedex,喜欢帖在地面移动,It likes to move along the ground.,It likes to move along the ground.,reviewed_no_change,full_corpus_review,"Reviewed against Chinese source, runtime role, and English style; no certain change required.",37,pokedex_13x4
catalogue,MAIN:0x03741A,pokedex,能扔骨头棒打击敌人,It hurls its bone club at foes.,It hurls its bone club at foes.,reviewed_no_change,full_corpus_review,"Reviewed against Chinese source, runtime role, and English style; no certain change required.",31,pokedex_13x4
catalogue,MAIN:0x03744B,pokedex,飞踢的时候脚可以变长,Its leg stretches during a flying kick.,Its leg stretches during a flying kick.,reviewed_no_change,full_corpus_review,"Reviewed against Chinese source, runtime role, and English style; no certain change required.",51,pokedex_13x4
catalogue,MAIN:0x03747C,pokedex,可以以超人的速度挥动拳头,It swings its fists at superhuman speed.,It swings its fists at superhuman speed.,reviewed_no_change,full_corpus_review,"Reviewed against Chinese source, runtime role, and English style; no certain change required.",45,pokedex_13x4
catalogue,MAIN:0x0374B0,pokedex,被它的舌头舔到会麻痹,Its tongue paralyzes those it licks.,Its tongue paralyzes those it licks.,reviewed_no_change,full_corpus_review,"Reviewed against Chinese source, runtime role, and English style; no certain change required.",45,pokedex_13x4
catalogue,MAIN:0x0374E1,pokedex,能吸取各种毒气经常引发大爆炸,"It absorbs poison gases, often causing huge blasts.","It absorbs poison gases, often causing huge blasts.",reviewed_no_change,full_corpus_review,"Reviewed against Chinese source, runtime role, and English style; no certain change required.",51,pokedex_13x4
catalogue,MAIN:0x037516,pokedex,能长时间放出毒气,It emits poison gas for a long time.,It emits poison gas for a long time.,reviewed_no_change,full_corpus_review,"Reviewed against Chinese source, runtime role, and English style; no certain change required.",44,pokedex_13x4
catalogue,MAIN:0x037546,pokedex,移动灵活在海中自由游泳,It moves nimbly and swims freely at sea.,It moves nimbly and swims freely at sea.,reviewed_no_change,full_corpus_review,"Reviewed against Chinese source, runtime role, and English style; no certain change required.",46,pokedex_13x4
catalogue,MAIN:0x03757B,pokedex,秋天为了产卵常出现在河流中,"In fall, it is often seen spawning in rivers.","In fall, it is often seen spawning in rivers.",reviewed_no_change,full_corpus_review,"Reviewed against Chinese source, runtime role, and English style; no certain change required.",46,pokedex_13x4
catalogue,MAIN:0x0375B0,pokedex,身体有发出七色光的宝石,Its gem shines in seven colors.,Its gem shines in seven colors.,reviewed_no_change,full_corpus_review,"Reviewed against Chinese source, runtime role, and English style; no certain change required.",39,pokedex_13x4
catalogue,MAIN:0x0375E5,pokedex,反应灵敏移动灵活爪子锋利,"It reacts fast, moves well and has sharp claws.","It reacts fast, moves well and has sharp claws.",reviewed_no_change,full_corpus_review,"Reviewed against Chinese source, runtime role, and English style; no certain change required.",51,pokedex_13x4
catalogue,MAIN:0x037618,pokedex,喜欢藏在火焰之中,It likes to hide in flames.,It likes to hide in flames.,reviewed_no_change,full_corpus_review,"Reviewed against Chinese source, runtime role, and English style; no certain change required.",33,pokedex_13x4
catalogue,MAIN:0x037646,pokedex,头上的角很厉害,The horn on its head is fearsome.,The horn on its head is fearsome.,reviewed_no_change,full_corpus_review,"Reviewed against Chinese source, runtime role, and English style; no certain change required.",35,pokedex_13x4
catalogue,MAIN:0x037675,pokedex,看上去很弱但传说过去很厉害,"Looks weak, but legends say it once was mighty.","Looks weak, but legends say it once was mighty.",reviewed_no_change,full_corpus_review,"Reviewed against Chinese source, runtime role, and English style; no certain change required.",50,pokedex_13x4
catalogue,MAIN:0x0376A7,pokedex,背上可以带人游水,It carries people on its back while swimming.,It carries people on its back while swimming.,reviewed_no_change,full_corpus_review,"Reviewed against Chinese source, runtime role, and English style; no certain change required.",48,pokedex_13x4
catalogue,MAIN:0x0376DA,pokedex,可以模仿敌人有变身的能力,It transforms to mimic its foe.,It transforms to mimic its foe.,reviewed_no_change,full_corpus_review,"Reviewed against Chinese source, runtime role, and English style; no certain change required.",30,pokedex_13x4
catalogue,MAIN:0x03770E,pokedex,能引发很大的电能,It can generate vast electric power.,It can generate vast electric power.,reviewed_no_change,full_corpus_review,"Reviewed against Chinese source, runtime role, and English style; no certain change required.",45,pokedex_13x4
catalogue,MAIN:0x03773F,pokedex,生体是用程序制造的,Its living body was made by a program.,Its living body was made by a program.,reviewed_no_change,full_corpus_review,"Reviewed against Chinese source, runtime role, and English style; no certain change required.",39,pokedex_13x4
catalogue,MAIN:0x037771,pokedex,有尖利的牙喜欢吃贝壳,It has sharp teeth and likes eating shells.,It has sharp teeth and likes eating shells.,reviewed_no_change,full_corpus_review,"Reviewed against Chinese source, runtime role, and English style; no certain change required.",46,pokedex_13x4
catalogue,MAIN:0x0377A6,pokedex,游泳速度很快爪子像镰刀,It swims fast and has sickle-like claws.,It swims fast and has sickle-like claws.,reviewed_no_change,full_corpus_review,"Reviewed against Chinese source, runtime role, and English style; no certain change required.",45,pokedex_13x4
catalogue,MAIN:0x0377D9,pokedex,很暴的古代精灵,A ferocious ancient Pokémon.,A ferocious ancient Pokémon.,reviewed_no_change,full_corpus_review,"Reviewed against Chinese source, runtime role, and English style; no certain change required.",34,pokedex_13x4
catalogue,MAIN:0x03780A,pokedex,传说中的鸟可以引发巨大的闪电,A legendary bird summons fierce lightning.,A legendary bird summons fierce lightning.,reviewed_no_change,full_corpus_review,"Reviewed against Chinese source, runtime role, and English style; no certain change required.",49,pokedex_13x4
catalogue,MAIN:0x037838,pokedex,传说中的鸟可以焚烧一切,A legendary bird can burn anything.,A legendary bird can burn anything.,reviewed_no_change,full_corpus_review,"Reviewed against Chinese source, runtime role, and English style; no certain change required.",35,pokedex_13x4
catalogue,MAIN:0x037869,pokedex,很少有人见过智力比人还厉害,Few have seen it. Its mind surpasses a human's.,Few have seen it. Its mind surpasses a human's.,reviewed_no_change,full_corpus_review,"Reviewed against Chinese source, runtime role, and English style; no certain change required.",47,pokedex_13x4
catalogue,MAIN:0x03789A,pokedex,神奇的精灵几乎没人见过它,A wondrous Pokémon almost no one has seen.,A wondrous Pokémon almost no one has seen.,reviewed_no_change,full_corpus_review,"Reviewed against Chinese source, runtime role, and English style; no certain change required.",48,pokedex_13x4
catalogue,MAIN:0x0378C9,pokedex,三大法皇之一炎之霸王,"One of the three great kings, lord of fire.","One of the three great kings, lord of fire.",reviewed_no_change,full_corpus_review,"Reviewed against Chinese source, runtime role, and English style; no certain change required.",47,pokedex_13x4
catalogue,MAIN:0x0378F6,pokedex,三大法皇之一水之霸王,"One of the three great kings, lord of water.","One of the three great kings, lord of water.",reviewed_no_change,full_corpus_review,"Reviewed against Chinese source, runtime role, and English style; no certain change required.",48,pokedex_13x4
catalogue,MAIN:0x03792A,pokedex,宝石大陆的谜之生物海底之王,"A mysterious Hoenn being, king of the seabed.",A mysterious Hoenn Pokémon rules the seabed.,corrected,pokedex_prose,Turns the source title into a complete natural Pokédex sentence.,46,pokedex_13x4
catalogue,MAIN:0x03795F,pokedex,宝石大陆的谜之生物天空之王,"A mysterious Hoenn being, king of the sky.",A mysterious Hoenn Pokémon rules the sky.,corrected,pokedex_prose,Turns the source title into a complete natural Pokédex sentence.,43,pokedex_13x4
catalogue,MAIN:0x037994,dialogue,"小茂:怎么回事?真的结束了吗?尽了全力却还是输了!好不容易爬到这个地步...为什么我会输...我的培育方法不可能出错的...没办法,你是宠物联盟的新冠军...我真不太想承认","GARY: Over? I gave my all, but lost! My training can't be wrong... Fine. You're League Champion. I hate to admit it.",GARY: What? Is it really over? I gave it everything and still lost! I worked so hard to get here... Why did I lose? I couldn't have raised my Pokémon wrong... Fine. You're the new Pokémon League Champion. I hate to admit it.,corrected,natural_english,Restores every source beat in natural official-scene English.,237,dialogue_19_19
catalogue,MAIN:0x037A51,dialogue,武藏:对!!他就在彩虹市的南晶科技开发部!!名字叫卡美优!,JESSIE: Yes! He's at Nanjing Tech's development office in Celadon City! His name is Kameiyu!,JESSIE: Yes! He's at Nanjing Tech's development office in Celadon City! His name is Kameiyu!,reviewed_no_change,full_corpus_review,"Reviewed against Chinese source, runtime role, and English style; no certain change required.",103,dialogue_19_19
catalogue,MAIN:0x037AB1,dialogue,喵喵:喵...就是这样,MEOWTH: Meow... That's right.,MEOWTH: Meow... That's right.,reviewed_no_change,full_corpus_review,"Reviewed against Chinese source, runtime role, and English style; no certain change required.",32,dialogue_19_19
catalogue,MAIN:0x037ADC,dialogue,"卡美优:小智,我知道你一定会来的!这一战应该没有任何遗憾吧!!来吧,准备好了吗?","KAMEIYU: Ash, knew you'd come! No regrets. Ready?","KAMEIYU: Ash, I knew you'd come! Let's battle with no regrets. Ready?",corrected,natural_english,Restores the missing subject and natural invitation in the creator-cameo battle.,75,dialogue_19_19
catalogue,MAIN:0x037BEF,dialogue,"洞里太黑了,能掌握一些闪光的法术就好了!",Pitch-dark. Wish I knew Flash!,It's pitch-dark. I wish I knew Flash!,corrected,natural_english,Restores both omitted subjects.,37,dialogue_19_19
catalogue,MAIN:0x03804B,dialogue,精灵取出精灵存放,"Withdraw Pokémon
Deposit Pokémon","Withdraw Pokémon
Deposit Pokémon",reviewed_no_change,full_corpus_review,"Reviewed against Chinese source, runtime role, and English style; no certain change required.",34,dialogue_19_19
catalogue,MAIN:0x03805C,dialogue,南晶公司版权所有,COPYRIGHT NANJING TECH,COPYRIGHT NANJING TECH,reviewed_no_change,full_corpus_review,"Reviewed against Chinese source, runtime role, and English style; no certain change required.",23,dialogue_19_19
catalogue,MAIN:0x03806F,dialogue,精灵系统启动...,Pokémon System on...,Pokémon System online...,corrected,natural_english,Uses a natural computer status label.,28,dialogue_19_19
catalogue,MAIN:0x038080,dialogue,精灵系统关闭...!,Pokémon System off...!,Pokémon System offline...,corrected,natural_english,Uses a natural status label and removes contradictory punctuation.,29,dialogue_19_19
catalogue,MAIN:0x038092,dialogue,"喔...小智在那有个圆圆的球吧,那里有宠物精灵是要给你的!拿去吧!","OAK: That ball holds your Pokémon, Ash. Go ahead, it's yours!","OAK: That ball holds your Pokémon, Ash. Go ahead, it's yours!",reviewed_no_change,full_corpus_review,"Reviewed against Chinese source, runtime role, and English style; no certain change required.",63,dialogue_19_19
catalogue,MAIN:0x0380A6,dialogue,要多和怪兽亲近.,OAK: Befriend Pokémon.,OAK: Befriend Pokémon.,reviewed_no_change,full_corpus_review,"Reviewed against Chinese source, runtime role, and English style; no certain change required.",27,dialogue_19_19
catalogue,MAIN:0x0380C5,dialogue,欢迎!买东西吗?,Hi there! May I help you?,Hi there! May I help you?,reviewed_no_change,full_corpus_review,"Reviewed against Chinese source, runtime role, and English style; no certain change required.",28,dialogue_19_19
catalogue,MAIN:0x0380DD,dialogue,不打不相识!,Battle made us friends!,Battle made us friends!,reviewed_no_change,full_corpus_review,"Reviewed against Chinese source, runtime role, and English style; no certain change required.",27,dialogue_19_19
catalogue,MAIN:0x0380EE,dialogue,"马其斯:我输了,那么这个橙色徽章拿去吧,还有这个是我的心意!",SURGE: I lost! Thunder Badge and a gift!,SURGE: I lost! Take the Thunder Badge and this gift!,corrected,natural_english,Restores the verbs and official Badge name in the reward sentence.,52,dialogue_19_19
catalogue,MAIN:0x0380FD,dialogue,谢谢惠顾,Thanks!,Thanks!,reviewed_no_change,full_corpus_review,"Reviewed against Chinese source, runtime role, and English style; no certain change required.",7,dialogue_19_19
catalogue,MAIN:0x038108,dialogue,欢迎光临!,Welcome!,Welcome!,reviewed_no_change,full_corpus_review,"Reviewed against Chinese source, runtime role, and English style; no certain change required.",8,dialogue_19_19
catalogue,MAIN:0x038122,dialogue,得到杰尼龟,Got Squirtle!,Got Squirtle!,reviewed_no_change,full_corpus_review,"Reviewed against Chinese source, runtime role, and English style; no certain change required.",13,dialogue_19_19
catalogue,MAIN:0x038130,dialogue,恢复    放弃,HEAL    LEAVE,HEAL    LEAVE,reviewed_no_change,full_corpus_review,"Reviewed against Chinese source, runtime role, and English style; no certain change required.",10,dialogue_19_19
catalogue,MAIN:0x038149,dialogue,"对不起,因为机能所限这里暂时不能够对战...","Sorry, system can't battle here yet...","Sorry, battles aren't available here yet...",corrected,natural_english,Replaces the unidiomatic phrase 'system can't battle'.,49,dialogue_19_19
catalogue,MAIN:0x038173,dialogue,交换机器也坏了...下次再来看看吧,Trade machine broke too. Try later.,The trade machine is broken too. Try again later.,corrected,natural_english,Restores the missing article and auxiliary verb.,50,dialogue_19_19
catalogue,MAIN:0x038194,dialogue,买      不买,BUY    CANCEL,BUY    CANCEL,reviewed_no_change,full_corpus_review,"Reviewed against Chinese source, runtime role, and English style; no certain change required.",10,dialogue_19_19
catalogue,MAIN:0x0381A5,dialogue,钱不够!,Not enough money!,Not enough money!,reviewed_no_change,full_corpus_review,"Reviewed against Chinese source, runtime role, and English style; no certain change required.",17,dialogue_19_19
catalogue,MAIN:0x0381AF,dialogue,是      否,YES    NO,YES    NO,reviewed_no_change,full_corpus_review,"Reviewed against Chinese source, runtime role, and English style; no certain change required.",6,dialogue_19_19
catalogue,MAIN:0x0381C1,dialogue,空手道  跆拳道,KARATE    TAEKWONDO,KARATE    TAEKWONDO,reviewed_no_change,full_corpus_review,"Reviewed against Chinese source, runtime role, and English style; no certain change required.",16,dialogue_19_19
catalogue,MAIN:0x0381D2,dialogue,小智使用了居合斩,ASH used CUT!,ASH used CUT!,reviewed_no_change,full_corpus_review,"Reviewed against Chinese source, runtime role, and English style; no certain change required.",13,dialogue_19_19
catalogue,MAIN:0x0381E0,dialogue,小智使用了飞天术,ASH used FLY!,ASH used FLY!,reviewed_no_change,full_corpus_review,"Reviewed against Chinese source, runtime role, and English style; no certain change required.",13,dialogue_19_19
catalogue,MAIN:0x0381F6,dialogue,小智使用了冲浪术,ASH used SURF!,ASH used SURF!,reviewed_no_change,full_corpus_review,"Reviewed against Chinese source, runtime role, and English style; no certain change required.",14,dialogue_19_19
catalogue,MAIN:0x038208,dialogue,小智使用了怪力术,ASH used STRENGTH!,ASH used STRENGTH!,reviewed_no_change,full_corpus_review,"Reviewed against Chinese source, runtime role, and English style; no certain change required.",18,dialogue_19_19
catalogue,MAIN:0x03821A,dialogue,这块石头好像能被推动,This boulder may move.,This boulder may move.,reviewed_no_change,full_corpus_review,"Reviewed against Chinese source, runtime role, and English style; no certain change required.",24,dialogue_19_19
catalogue,MAIN:0x038230,dialogue,这棵树苗好像能被斩断,This tree seems cuttable!,This tree can be cut down!,corrected,natural_english,Uses the official Gen I field-action wording instead of 'cuttable'.,28,dialogue_19_19
catalogue,MAIN:0x038445,dialogue,"你好!欢迎你光临宠物精灵的世界!大家都叫我大木博士,在这世界住着被称为宠物精灵的生物!这生物被视为宠物,或使用于对战等等.而我是研究这宠物精灵的!小智,一个将属于你的故事,梦想即将开始!","PROF. OAK: Hello there! Welcome to the world of Pokémon! I'm Oak, the Pokémon Prof.! Pokémon live here as pets or fighters. I study them! Ash, your own Pokémon story and dreams begin now!","PROF. OAK: Hello there! Welcome to the world of Pokémon! I'm Oak, the Pokémon Prof.! Pokémon live here as pets or fighters. I study them! Ash, your own Pokémon story and dreams begin now!",reviewed_no_change,full_corpus_review,"Reviewed against Chinese source, runtime role, and English style; no certain change required.",207,dialogue_19_19
catalogue,MAIN:0x0384F8,dialogue,"小茂:嗨!小智,你要找大木爷爷的话,他不在喔!我也是听他说要给宠物精灵才赶紧来的...","GARY: Yo, Ash! Gramps isn't around! I ran here 'cos he said he had a Pokémon for me.","GARY: Yo, Ash! Gramps isn't around! I ran here 'cos he said he had a Pokémon for me.",reviewed_no_change,full_corpus_review,"Reviewed against Chinese source, runtime role, and English style; no certain change required.",93,dialogue_19_19
catalogue,MAIN:0x038519,dialogue,大木:真是危险!野生精灵会从草丛中跳出来的!你如有宠物精灵是可与他对战...对了!跟我来一下吧!,"PROF. OAK: It's dangerous! Wild Pokémon jump out of the grass! If you had your own Pokémon, you could battle them... That's it! Come with me!","PROF. OAK: It's dangerous! Wild Pokémon jump out of the grass! If you had your own Pokémon, you could battle them... That's it! Come with me!",reviewed_no_change,full_corpus_review,"Reviewed against Chinese source, runtime role, and English style; no certain change required.",160,dialogue_19_19
catalogue,MAIN:0x0385A7,dialogue,"小茂:爷爷,你回来了!","GARY: Gramps, you're back!","GARY: Gramps, you're back!",reviewed_no_change,full_corpus_review,"Reviewed against Chinese source, runtime role, and English style; no certain change required.",31,dialogue_19_19
catalogue,MAIN:0x0385D6,dialogue,小茂:啊!...啊!偏心!爷爷我也要!,"GARY: Hey! That's not fair! Gramps, I want one too!","GARY: Hey! That's not fair! Gramps, I want one too!",reviewed_no_change,full_corpus_review,"Reviewed against Chinese source, runtime role, and English style; no certain change required.",51,dialogue_19_19
catalogue,MAIN:0x0385F3,dialogue,大木:小茂你急什么!我等一下也会给你的,"OAK: Be patient, Gary. I'll give you one later.","OAK: Be patient, Gary. I'll give you one later.",reviewed_no_change,full_corpus_review,"Reviewed against Chinese source, runtime role, and English style; no certain change required.",48,dialogue_19_19
catalogue,MAIN:0x038620,dialogue,小茂:哼!我一定能拿到比你好的!,GARY: Humph! I'll get a better Pokémon than you!,GARY: Humph! I'll get a better Pokémon than you!,reviewed_no_change,full_corpus_review,"Reviewed against Chinese source, runtime role, and English style; no certain change required.",55,dialogue_19_19
catalogue,MAIN:0x03864F,dialogue,"小茂:小智,这个可是我的!","GARY: Ash, this one is mine!","GARY: Ash, this one is mine!",reviewed_no_change,full_corpus_review,"Reviewed against Chinese source, runtime role, and English style; no certain change required.",27,dialogue_19_19
catalogue,MAIN:0x038670,dialogue,大木:喂!什么!你在做什么!,OAK: Gary! What are you doing?,OAK: Gary! What are you doing?,reviewed_no_change,full_corpus_review,"Reviewed against Chinese source, runtime role, and English style; no certain change required.",29,dialogue_19_19
catalogue,MAIN:0x03868A,dialogue,小茂:爷爷!人家就是想要这个嘛!,"GARY: Gramps, I want this one!","GARY: Gramps, I want this one!",reviewed_no_change,full_corpus_review,"Reviewed against Chinese source, runtime role, and English style; no certain change required.",33,dialogue_19_19
catalogue,MAIN:0x0386A2,dialogue,"大木:真是拿你没办法,好吧!那个宠物精灵就给你吧!反正是早晚的是...小智,你来一下好吗?","OAK: All right! That Pokémon is yours. You'd get one anyway... Ash, come.","OAK: All right! That Pokémon is yours. You'd get one anyway... Ash, come.",reviewed_no_change,full_corpus_review,"Reviewed against Chinese source, runtime role, and English style; no certain change required.",81,dialogue_19_19
catalogue,MAIN:0x038715,dialogue,大木:这里还有一只是刚刚抓的.和人还不是能亲近的,OAK: Another new catch; not tame yet.,OAK: I just caught this one. It isn't tame yet.,corrected,natural_english,Replaces two compressed fragments with complete sentences.,47,dialogue_19_19
catalogue,MAIN:0x038744,dialogue,得到比卡丘,Got Pikachu!,Got Pikachu!,reviewed_no_change,full_corpus_review,"Reviewed against Chinese source, runtime role, and English style; no certain change required.",12,dialogue_19_19
catalogue,MAIN:0x038755,dialogue,小茂:刚得到精灵就当我的对手练习练习吧!,"GARY: Wait, Ash! Let's test our new Pokémon! I'll take you on!","GARY: Wait, Ash! Let's test our new Pokémon! I'll take you on!",reviewed_no_change,full_corpus_review,"Reviewed against Chinese source, runtime role, and English style; no certain change required.",64,dialogue_19_19
catalogue,MAIN:0x0387A0,dialogue,"小茂:这不是开玩笑吗,你的精灵这么强??好吧,那我就去找别的精灵对战!好让我的精灵更强!小智.爷爷,再见了!","GARY: So strong? I'll fight others to train mine. Bye, Ash! Bye, Gramps!","GARY: So strong? I'll fight others to train mine. Bye, Ash! Bye, Gramps!",reviewed_no_change,full_corpus_review,"Reviewed against Chinese source, runtime role, and English style; no certain change required.",74,dialogue_19_19
catalogue,MAIN:0x0387F3,dialogue,"店员:你是从真新镇来的吧?你知道大木博士吧.这是他要的东西,请转交给他!",CLERK: From Pallet? Know Prof. Oak? Take his order to him.,"You're from Pallet Town, right? You know Prof. Oak? Please deliver this order to him.",corrected,natural_english+contextual_label_omission,"Restores every source question and the delivery request in natural English. Omits the contextual one-speaker label 'CLERK', as in official Gen I field dialogue; the sprite and encounter retain the speaker identity.",89,dialogue_19_19
catalogue,MAIN:0x038862,dialogue,"老爷爷:你等等,听听我的话",OLD MAN: Wait. Hear me.,Wait! Hear me out.,corrected,natural_english+contextual_label_omission,"Uses the idiomatic request. Omits the contextual one-speaker label 'OLD MAN', as in official Gen I field dialogue; the sprite and encounter retain the speaker identity.",18,dialogue_19_19
catalogue,MAIN:0x038880,dialogue,老爷爷:你还去?,OLD MAN: Going on?,Going on?,corrected,contextual_label_omission,"Omits the contextual one-speaker label 'OLD MAN', as in official Gen I field dialogue; the sprite and encounter retain the speaker identity.",9,dialogue_19_19
catalogue,MAIN:0x038891,dialogue,士兵:请进,SOLDIER: Enter.,Come in.,corrected,natural_english+contextual_label_omission,"Replaces the unnatural one-word command 'Enter'. Omits the contextual one-speaker label 'SOLDIER', as in official Gen I field dialogue; the sprite and encounter retain the speaker identity.",8,dialogue_19_19
catalogue,MAIN:0x0388BD,dialogue,"大木:嗨!小智,怎样啊?与我给你的精灵好像相处的不错哦,你有宠物精灵训练师的才能喔!","OAK: Ash, you two get along. Trainer talent!","OAK: Ash, you two get along! You have the makings of a Trainer!",corrected,natural_english,Restores the source's assessment in idiomatic English.,65,dialogue_19_19
catalogue,MAIN:0x0388DE,dialogue,大木:啊?有东西要交给我?,OAK: Oh? Something for me?,OAK: Oh? Something for me?,reviewed_no_change,full_corpus_review,"Reviewed against Chinese source, runtime role, and English style; no certain change required.",26,dialogue_19_19
catalogue,MAIN:0x038916,dialogue,小智将包裹交给博士了!,ASH gave parcel to Oak!,ASH delivered Oak's parcel!,corrected,natural_english,Uses the official-style delivery formula and natural possessive item name.,26,dialogue_19_19
catalogue,MAIN:0x038945,dialogue,"大木:这不就是我订的特制精灵球吗?谢谢你,对了!忘了告诉你有事要拜托你",OAK: My custom Poké Ball! Thanks. A favor...,OAK: My custom Poké Ball! Thanks. I have a favor to ask...,corrected,natural_english,Makes the final request explicit and grammatical.,63,dialogue_19_19
catalogue,MAIN:0x038950,dialogue,小茂:爷爷!我的精灵成长了!快来看啊,"GARY: Gramps, look! It grew!","GARY: Gramps, look! It grew!",reviewed_no_change,full_corpus_review,"Reviewed against Chinese source, runtime role, and English style; no certain change required.",27,dialogue_19_19
catalogue,MAIN:0x03897B,dialogue,得到图鉴,Got Pokédex!,Got Pokédex!,reviewed_no_change,full_corpus_review,"Reviewed against Chinese source, runtime role, and English style; no certain change required.",12,dialogue_19_19
catalogue,MAIN:0x03898D,dialogue,"大木:我的梦想就是制作一本完整的图鉴,但我已经老了不行了!现在希望由你们替我完成梦想!这是能在宠物精灵历史留名的工作,你们该出发了!",OAK: Dream: full Pokédex. Too old. You two finish it! Make Pokémon history. Go!,"OAK: I dream of a full Pokédex, but I'm too old. I want you two to finish it and make Pokémon history! Now go!",corrected,natural_english,Uses complete clauses while preserving every source beat.,111,dialogue_19_19
catalogue,MAIN:0x0389B4,dialogue,"小茂:爷爷!就交给我一个人就好了,小智真可惜没有你出场的份!对了我要去向姐姐借城镇地图去,我要叫他不要借给你,小智!哈哈,你去也没用的!","GARY: Leave it to me, Gramps! Ash is no help. I'll borrow Sis's map and tell her not to lend him one! Ha!","GARY: Leave it to me, Gramps! I don't need your help, Ash! I'll borrow Sis's map and tell her not to lend you one! Ha! Your trip is pointless!",corrected,natural_english,"Uses the official-scene voice while preserving Gary's taunt, map plan, and source-only final insult.",146,dialogue_19_19
catalogue,MAIN:0x038A46,dialogue,"小茂姐姐:爷爷有任务交给你啊,真辛苦,这个给你用吧","GARY'S SIS: Grandpa asked you to run an errand? Here, this will help you!","GARY'S SIS: Grandpa asked you to run an errand? Here, this will help you!",reviewed_no_change,full_corpus_review,"Reviewed against Chinese source, runtime role, and English style; no certain change required.",71,dialogue_19_19
catalogue,MAIN:0x038A8E,dialogue,得到地图,Got Town Map!,Got Town Map!,reviewed_no_change,full_corpus_review,"Reviewed against Chinese source, runtime role, and English style; no certain change required.",13,dialogue_19_19
catalogue,MAIN:0x038AA1,dialogue,"老爷爷:上次好像喝醉似的头好痛,什么?我妨碍了你,你在完成精灵图鉴啊?那么抓精灵需要精灵球,只要到附近的商店就能买到",OLD MAN: I seemed drunk last time? My head hurt... Was I blocking you? Buy Poké Balls nearby for your Pokédex.,I was out of it last time; my head was pounding... What? I blocked your way? You're filling your Pokédex? Buy Poké Balls at the nearby shop.,corrected,natural_english+contextual_label_omission,"Restores subjects and every step of the source's explanation and advice. Omits the contextual one-speaker label 'OLD MAN', as in official Gen I field dialogue; the sprite and encounter retain the speaker identity.",157,dialogue_19_19
catalogue,MAIN:0x038AEE,dialogue,常青道馆上了锁,The Viridian Gym is locked.,The Viridian Gym is locked.,reviewed_no_change,full_corpus_review,"Reviewed against Chinese source, runtime role, and English style; no certain change required.",26,dialogue_19_19
catalogue,MAIN:0x038B03,dialogue,"小茂:小智!你要去宠物精灵联盟啊?算了吧!反正我看你也没有徽章,把关的人不会让你过去的!还有你的精灵到底有没有变强啊?","GARY: League, Ash? No Badges, no pass! Did your Pokémon get stronger?","GARY: League, Ash? No Badges, no pass! Did your Pokémon get stronger?",reviewed_no_change,full_corpus_review,"Reviewed against Chinese source, runtime role, and English style; no certain change required.",70,dialogue_19_19
catalogue,MAIN:0x038BBC,dialogue,"小茂:在宠物精灵联盟里尽是非常强劲的训兽师,不能不想办法通过那里,你也不能尽是停留在这里,想办法往前进吧!",GARY: The League has tough Trainers! I must get past them. Quit dawdling and move on!,GARY: The League has tough Trainers! I must get past them. Quit dawdling and move on!,reviewed_no_change,full_corpus_review,"Reviewed against Chinese source, runtime role, and English style; no certain change required.",88,dialogue_19_19
catalogue,MAIN:0x038C50,dialogue,捉虫少年:以最强的训练家为目标你能赢的了我吗?,BUG: Want top? Beat me!,Want to reach the top? Beat me!,corrected,natural_english+contextual_label_omission,"Replaces the clipped phrase 'Want top?'. Omits the contextual one-speaker label 'BUG CATCHER', as in official Gen I field dialogue; the sprite and encounter retain the speaker identity.",32,dialogue_19_19
catalogue,MAIN:0x038C6C,dialogue,捉虫少年:你果然很强!,BUG: You're strong!,You're strong!,corrected,contextual_label_omission,"Omits the contextual one-speaker label 'BUG CATCHER', as in official Gen I field dialogue; the sprite and encounter retain the speaker identity.",14,dialogue_19_19
catalogue,MAIN:0x038C8D,dialogue,捉虫少年:不可能...,BUG: Impossible...,Impossible...,corrected,contextual_label_omission,"Omits the contextual one-speaker label 'BUG CATCHER', as in official Gen I field dialogue; the sprite and encounter retain the speaker identity.",13,dialogue_19_19
catalogue,MAIN:0x038CA8,dialogue,"捉虫少年:你也是训练师吧,让我们来较量一下!",BUG: Trainer? Fight!,You're a Trainer too? Let's battle!,corrected,natural_english+contextual_label_omission,"Restores the source's shared Trainer identity and natural invitation. Omits the contextual one-speaker label 'BUG CATCHER', as in official Gen I field dialogue; the sprite and encounter retain the speaker identity.",37,dialogue_19_19
catalogue,MAIN:0x038CC6,dialogue,捉虫少年:你真厉害...,BUG: So tough...,So tough...,corrected,contextual_label_omission,"Omits the contextual one-speaker label 'BUG CATCHER', as in official Gen I field dialogue; the sprite and encounter retain the speaker identity.",11,dialogue_19_19
catalogue,MAIN:0x038CD8,dialogue,"捉虫少年:不要逃避,来吧!",BUG: Don't flee. Fight!,Don't run away! Fight me!,corrected,natural_english+contextual_label_omission,"Uses a natural imperative and explicit object. Omits the contextual one-speaker label 'BUG CATCHER', as in official Gen I field dialogue; the sprite and encounter retain the speaker identity.",28,dialogue_19_19
catalogue,MAIN:0x038CF6,dialogue,捉虫少年:我输了,BUG: I lost.,I lost.,corrected,contextual_label_omission,"Omits the contextual one-speaker label 'BUG CATCHER', as in official Gen I field dialogue; the sprite and encounter retain the speaker identity.",7,dialogue_19_19
catalogue,MAIN:0x038D11,dialogue,绅士:不想加入吗...,GENT: Won't join?,You don't want to join...?,corrected,natural_english+contextual_label_omission,"Restores the complete question and full speaker label. Omits the contextual one-speaker label 'GENTLEMAN', as in official Gen I field dialogue; the sprite and encounter retain the speaker identity.",27,dialogue_19_19
catalogue,MAIN:0x038D23,dialogue,"守卫:这扇门之后都是一些强劲的精灵训练家们,你还未拿到徽章啊...当然无法让你通过啊","GUARD: Strong Trainers ahead. No Badge, no pass.","Strong Trainers are ahead. You have no Badge, so I can't let you pass.",corrected,natural_english+contextual_label_omission,"Turns two gate fragments into complete causal clauses. Omits the contextual one-speaker label 'GUARD', as in official Gen I field dialogue; the sprite and encounter retain the speaker identity.",70,dialogue_19_19
catalogue,MAIN:0x038D7A,dialogue,男孩:你是精灵训练家吧?小刚正在找寻对手...来吧!,BOY: Trainer? Brock wants challengers! Follow me!,Trainer? Brock wants challengers! Follow me!,corrected,contextual_label_omission,"Omits the contextual one-speaker label 'BOY', as in official Gen I field dialogue; the sprite and encounter retain the speaker identity.",48,dialogue_19_19
catalogue,MAIN:0x038D9F,dialogue,男孩:你有战胜的自信的话就去挑战小刚吧!,"BOY: If you're confident, go challenge Brock!","If you're confident, go challenge Brock!",corrected,contextual_label_omission,"Omits the contextual one-speaker label 'BOY', as in official Gen I field dialogue; the sprite and encounter retain the speaker identity.",54,dialogue_19_19
catalogue,MAIN:0x038DBF,dialogue,"裁判:你要不要朝宠物精灵冠军试试啊?我虽不是训练家但我可给你一些意见,你的比卡丘想赢这道场满难的!小刚所使用的地面系精灵是不受电气攻击的影响!",GUIDE: Let's get happening! Want to be Champion? Pikachu will struggle here. Electric attacks can't hurt Brock's Ground Pokémon!,Let's get happening! Want to be Champion? Pikachu will struggle here. Electric attacks can't hurt Brock's Ground Pokémon!,corrected,contextual_label_omission,"Omits the contextual one-speaker label 'GUIDE', as in official Gen I field dialogue; the sprite and encounter retain the speaker identity.",148,dialogue_19_19
catalogue,MAIN:0x038E2C,dialogue,侦察员:等等!小孩有什么事啊!找小刚挑战?一万光年以后吧!,"SCOUT: Stop, kid! Face Brock? You're 10,000 light-years off!","Stop, kid! Face Brock? You're 10,000 light-years off!",corrected,contextual_label_omission,"Omits the contextual one-speaker label 'SCOUT', as in official Gen I field dialogue; the sprite and encounter retain the speaker identity.",61,dialogue_19_19
catalogue,MAIN:0x038E60,dialogue,侦察员:你很厉害但比不上小刚,"SCOUT: Strong, but Brock is stronger.","You're strong, but Brock is stronger.",corrected,natural_english+contextual_label_omission,"Restores the missing subject and copula. Omits the contextual one-speaker label 'SCOUT', as in official Gen I field dialogue; the sprite and encounter retain the speaker identity.",37,dialogue_19_19
catalogue,MAIN:0x038E86,dialogue,"小刚:你来了!我是尼比宠物精灵道馆的领袖小刚!我的坚硬石头也就是我的精灵!我所使用的精灵以石系居多!就算会输也要战斗,这就是训练家的宿命!来吧",BROCK: Pewter's Gym Leader! My rock-hard team is mostly Rock-type. Trainers fight despite likely defeat! Come on!,"BROCK: I'm Pewter's Gym Leader! My rock-hard team is mostly Rock-type. Every Trainer fights, even when defeat seems certain! Come on!",corrected,natural_english,Restores Brock's self-identification and recasts his creed in natural English.,150,dialogue_19_19
catalogue,MAIN:0x038EFE,dialogue,"小刚:哈哈,真厉害呢我给你宠物精灵联盟公认的灰色徽章!",BROCK: I took you for granted. Here's the official Boulder Badge!,BROCK: I took you for granted. Here's the official Boulder Badge!,reviewed_no_change,full_corpus_review,"Reviewed against Chinese source, runtime role, and English style; no certain change required.",71,dialogue_19_19
catalogue,MAIN:0x038F49,dialogue,得到灰色徽章,Got the Boulder Badge!,Got the Boulder Badge!,reviewed_no_change,full_corpus_review,"Reviewed against Chinese source, runtime role, and English style; no certain change required.",25,dialogue_19_19
catalogue,MAIN:0x038F82,dialogue,"小刚:有了灰色徽章你的精灵都将变强,持有闪光特技的精灵就算不战斗也能使用闪光!还有这个给你!",BROCK: The Boulder Badge powers your team. Flash works outside battle. Take this!,BROCK: The Boulder Badge powers your team. Flash works outside battle. Take this!,reviewed_no_change,full_corpus_review,"Reviewed against Chinese source, runtime role, and English style; no certain change required.",86,dialogue_19_19
catalogue,MAIN:0x038F91,dialogue,得到技能机器34!,Got TM34!,Got TM35!,corrected,executable_context,The executable TM table and following Harden explanation prove the Chinese receipt's 34 is a typo.,9,dialogue_19_19
catalogue,MAIN:0x038FCA,dialogue,"小刚:使用技能机器时精灵将马上记住特技,但特技就将丢弃!要让哪个精灵学习最好想清楚.特技35是变硬...被攻击时一直变硬...提升防御力!是一个有趣的特技!","BROCK: A TM teaches a move, then vanishes. Choose well! TM35's Harden raises Defense when hit. Fun, huh?","BROCK: A TM teaches a move, then vanishes. Choose well! TM35's Harden raises Defense when hit. Fun, huh?",reviewed_no_change,full_corpus_review,"Reviewed against Chinese source, runtime role, and English style; no certain change required.",109,dialogue_19_19
catalogue,MAIN:0x03900E,dialogue,"小刚:在这世上什么人都有,有人养精灵有人利用精灵战斗,在这有训练宠物精灵养成的修行!如果你以训练家为目标的话你该去华蓝市的道场试试!",BROCK: Some raise Pokémon; some battle. Training is a discipline. Future Trainer? Try Cerulean Gym!,BROCK: Some raise Pokémon; some battle. Training is a discipline. Future Trainer? Try Cerulean Gym!,reviewed_no_change,full_corpus_review,"Reviewed against Chinese source, runtime role, and English style; no certain change required.",108,dialogue_19_19
catalogue,MAIN:0x03906E,dialogue,裁判:真不愧是强手!就是这样一来朝宠物精灵联盟冠军前进!,GUIDE: Just as I thought! You're Pokémon Champ material!,Just as I thought! You're Pokémon Champ material!,corrected,contextual_label_omission,"Omits the contextual one-speaker label 'GUIDE', as in official Gen I field dialogue; the sprite and encounter retain the speaker identity.",53,dialogue_19_19
catalogue,MAIN:0x03909E,dialogue,迷你裙:那边的人!你刚在看我吧!,LASS: Hey! You stared at me!,Hey! You stared at me!,corrected,contextual_label_omission,"Omits the contextual one-speaker label 'LASS', as in official Gen I field dialogue; the sprite and encounter retain the speaker identity.",22,dialogue_19_19
catalogue,MAIN:0x0390BD,dialogue,迷你裙:算了...不过你再继续看的话我会打人的喔!,LASS: Fine... Stare again and I'll hit you!,Fine... Stare again and I'll hit you!,corrected,contextual_label_omission,"Omits the contextual one-speaker label 'LASS', as in official Gen I field dialogue; the sprite and encounter retain the speaker identity.",36,dialogue_19_19
catalogue,MAIN:0x0390CA,dialogue,捉虫少年:你不是在常青森林遇到的家伙吗?,BUG CATCHER: Didn't we meet in Viridian Forest?,Didn't we meet in Viridian Forest?,corrected,contextual_label_omission,"Omits the contextual one-speaker label 'BUG CATCHER', as in official Gen I field dialogue; the sprite and encounter retain the speaker identity.",35,dialogue_19_19
catalogue,MAIN:0x0390EE,dialogue,捉虫少年:在这附近可以抓到和森林不一样的精灵!,BUG CATCHER: Catch Pokémon unlike the forest's!,Pokémon here differ from those in the forest!,corrected,natural_english+contextual_label_omission,"Repairs the malformed comparison 'unlike the forest's'. Omits the contextual one-speaker label 'BUG CATCHER', as in official Gen I field dialogue; the sprite and encounter retain the speaker identity.",45,dialogue_19_19
catalogue,MAIN:0x039101,dialogue,谈判小子:穿短裤活动方便很好啊!你要不要穿穿看?,YOUNGSTER: Shorts make moving easy. Try them!,Shorts make moving easy. Try them!,corrected,contextual_label_omission,"Omits the contextual one-speaker label 'YOUNGSTER', as in official Gen I field dialogue; the sprite and encounter retain the speaker identity.",34,dialogue_19_19
catalogue,MAIN:0x039121,dialogue,谈判小子:你有用电脑通信吗?捕抓到的妖怪超过六个会自动记录到电脑中,YOUNGSTER: Use PC transfer? Catch over six; extras auto-store on the PC.,"Catch more than six Pokémon, and the rest go to the PC.",corrected,natural_english+contextual_label_omission,"Replaces a semicolon fragment with the complete storage rule. Omits the contextual one-speaker label 'YOUNGSTER', as in official Gen I field dialogue; the sprite and encounter retain the speaker identity.",56,dialogue_19_19
catalogue,MAIN:0x039147,dialogue,捉虫少年:你是训练家?那就立刻跟我比一下!,BUG CATCHER: A Trainer? Fight me!,A Trainer? Fight me!,corrected,contextual_label_omission,"Omits the contextual one-speaker label 'BUG CATCHER', as in official Gen I field dialogue; the sprite and encounter retain the speaker identity.",22,dialogue_19_19
catalogue,MAIN:0x039167,dialogue,捉虫少年:还真是搞笑...,BUG CATCHER: What a joke...,What a joke...,corrected,contextual_label_omission,"Omits the contextual one-speaker label 'BUG CATCHER', as in official Gen I field dialogue; the sprite and encounter retain the speaker identity.",14,dialogue_19_19
catalogue,MAIN:0x039193,dialogue,谈判小子:什么嘛!没有穿短裤嘛,YOUNGSTER: What? No shorts!,What? No shorts!,corrected,contextual_label_omission,"Omits the contextual one-speaker label 'YOUNGSTER', as in official Gen I field dialogue; the sprite and encounter retain the speaker identity.",16,dialogue_19_19
catalogue,MAIN:0x0391B2,dialogue,谈判小子:输了输了...,"YOUNGSTER: Lost, lost...",I lost again...,corrected,natural_english+contextual_label_omission,"Turns the repeated verb fragment into a natural defeat line. Omits the contextual one-speaker label 'YOUNGSTER', as in official Gen I field dialogue; the sprite and encounter retain the speaker identity.",15,dialogue_19_19
catalogue,MAIN:0x0391D2,dialogue,捉虫少年:用刚抓到的宠物精灵跟我打吧!,BUG CATCHER: Your new catch vs. me!,Battle me with your latest catch!,corrected,natural_english+contextual_label_omission,"Replaces an unidiomatic versus fragment. Omits the contextual one-speaker label 'BUG CATCHER', as in official Gen I field dialogue; the sprite and encounter retain the speaker identity.",32,dialogue_19_19
catalogue,MAIN:0x0391EE,dialogue,捉虫少年:你很厉害呢,BUG CATCHER: You're strong!,You're strong!,corrected,contextual_label_omission,"Omits the contextual one-speaker label 'BUG CATCHER', as in official Gen I field dialogue; the sprite and encounter retain the speaker identity.",14,dialogue_19_19
catalogue,MAIN:0x039215,dialogue,迷你裙:呀!你刚才有摸我身体吗?,LASS: Eek! Did you touch me?!,Eek! Did you touch me?!,corrected,contextual_label_omission,"Omits the contextual one-speaker label 'LASS', as in official Gen I field dialogue; the sprite and encounter retain the speaker identity.",23,dialogue_19_19
catalogue,MAIN:0x03922D,dialogue,迷你裙:原来是误会啊...,LASS: A mix-up...,A mix-up...,corrected,contextual_label_omission,"Omits the contextual one-speaker label 'LASS', as in official Gen I field dialogue; the sprite and encounter retain the speaker identity.",11,dialogue_19_19
catalogue,MAIN:0x039251,dialogue,迷你裙:你的视线!真的很令人在意!,LASS: Your stare bothers me!,Your stare bothers me!,corrected,contextual_label_omission,"Omits the contextual one-speaker label 'LASS', as in official Gen I field dialogue; the sprite and encounter retain the speaker identity.",22,dialogue_19_19
catalogue,MAIN:0x039278,dialogue,迷你裙:如果不想打架的话就不要让视力交会,LASS: No fight? Avoid eye contact.,"If you don't want to fight, avoid eye contact.",corrected,natural_english+contextual_label_omission,"Restores the source conditional in natural English. Omits the contextual one-speaker label 'LASS', as in official Gen I field dialogue; the sprite and encounter retain the speaker identity.",46,dialogue_19_19
catalogue,MAIN:0x0392A6,dialogue,大爷:只告诉你一个好消息...!秘密的鲤鱼王只卖500元!你买不买?,MAN: Great deal! A secret Magikarp for just $500! What do you say?,Great deal! A secret Magikarp for just $500! What do you say?,corrected,contextual_label_omission,"Omits the contextual one-speaker label 'MAN', as in official Gen I field dialogue; the sprite and encounter retain the speaker identity.",65,dialogue_19_19
catalogue,MAIN:0x0392E5,dialogue,是吗?真是可惜,Oh? What a shame.,Oh? What a shame.,reviewed_no_change,full_corpus_review,"Reviewed against Chinese source, runtime role, and English style; no certain change required.",17,dialogue_19_19
catalogue,MAIN:0x0392F0,dialogue,得到鲤鱼王,Got Magikarp!,Got Magikarp!,reviewed_no_change,full_corpus_review,"Reviewed against Chinese source, runtime role, and English style; no certain change required.",13,dialogue_19_19
catalogue,MAIN:0x039303,dialogue,捉虫少年:可疑男人在洞内徘徊你是...,BUG CATCHER: A shady man prowls the cave. You...?,A shady man is prowling the cave. Are you that man?,corrected,natural_english+contextual_label_omission,"Restores the source's suspicion without using an invalid pronoun complement. Omits the contextual one-speaker label 'BUG CATCHER', as in official Gen I field dialogue; the sprite and encounter retain the speaker identity.",55,dialogue_19_19
catalogue,MAIN:0x039334,dialogue,"捉虫少年:被骗了,没错!我看到的家伙他是火箭队的人!",BUG CATCHER: Fooled! He was Team Rocket!,I was fooled! The man I saw was with Team Rocket!,corrected,natural_english+contextual_label_omission,"Restores the speaker and the source's complete identification. Omits the contextual one-speaker label 'BUG CATCHER', as in official Gen I field dialogue; the sprite and encounter retain the speaker identity.",50,dialogue_19_19
catalogue,MAIN:0x039359,dialogue,迷你裙:干嘛啊?我是在这里等洞里分散的朋友啦,LASS: Waiting here for friends split up in the cave.,I'm waiting for friends who got separated in the cave.,corrected,natural_english+contextual_label_omission,"Restores the omitted subject and relation. Omits the contextual one-speaker label 'LASS', as in official Gen I field dialogue; the sprite and encounter retain the speaker identity.",62,dialogue_19_19
catalogue,MAIN:0x039385,dialogue,迷你裙:我是听说这个洞里有很棒的化石才来的,LASS: Rumored great fossils here drew me.,I came because I heard there are rare fossils here.,corrected,natural_english+contextual_label_omission,"Restores the causal clause and natural fossil description. Omits the contextual one-speaker label 'LASS', as in official Gen I field dialogue; the sprite and encounter retain the speaker identity.",56,dialogue_19_19
catalogue,MAIN:0x0393B1,dialogue,火箭队:宠物精灵黑手党组织火箭队!是又恐怖又强的!,"ROCKET: We're Team Rocket, a feared, mighty Pokémon mafia!","We're Team Rocket, a feared, mighty Pokémon mafia!",corrected,contextual_label_omission,"Omits the contextual one-speaker label 'ROCKET', as in official Gen I field dialogue; the sprite and encounter retain the speaker identity.",52,dialogue_19_19
catalogue,MAIN:0x0393D6,dialogue,火箭队:你比我更恐怖...,ROCKET: You're even scarier...,You're even scarier...,corrected,contextual_label_omission,"Omits the contextual one-speaker label 'ROCKET', as in official Gen I field dialogue; the sprite and encounter retain the speaker identity.",29,dialogue_19_19
catalogue,MAIN:0x0393ED,dialogue,迷你裙:洞隆里相当的宽阔呢,LASS: This cave is huge!,This cave is huge!,corrected,contextual_label_omission,"Omits the contextual one-speaker label 'LASS', as in official Gen I field dialogue; the sprite and encounter retain the speaker identity.",18,dialogue_19_19
catalogue,MAIN:0x039404,dialogue,迷你裙:这么大哪边是出口都搞不清楚,LASS: So huge... Where's the exit?,So huge... Where's the exit?,corrected,contextual_label_omission,"Omits the contextual one-speaker label 'LASS', as in official Gen I field dialogue; the sprite and encounter retain the speaker identity.",28,dialogue_19_19
catalogue,MAIN:0x039420,dialogue,谈判小子:你也是来这里探险的吗?,YOUNGSTER: Exploring too?,Exploring too?,corrected,contextual_label_omission,"Omits the contextual one-speaker label 'YOUNGSTER', as in official Gen I field dialogue; the sprite and encounter retain the speaker identity.",14,dialogue_19_19
catalogue,MAIN:0x039440,dialogue,谈判小子:到底哪里有珍奇的精灵呢?,YOUNGSTER: Where are rare Pokémon?,Where are rare Pokémon?,corrected,contextual_label_omission,"Omits the contextual one-speaker label 'YOUNGSTER', as in official Gen I field dialogue; the sprite and encounter retain the speaker identity.",27,dialogue_19_19
catalogue,MAIN:0x039463,dialogue,大叔:原来是小孩子啊!吓我一跳,MAN: Just a kid? You scared me!,Just a kid? You scared me!,corrected,contextual_label_omission,"Omits the contextual one-speaker label 'MAN', as in official Gen I field dialogue; the sprite and encounter retain the speaker identity.",29,dialogue_19_19
catalogue,MAIN:0x039477,dialogue,大叔:小孩子不可以到这么阴暗的地方闲逛!!,MAN: Kids shouldn't roam dark places!,Kids shouldn't roam dark places!,corrected,contextual_label_omission,"Omits the contextual one-speaker label 'MAN', as in official Gen I field dialogue; the sprite and encounter retain the speaker identity.",31,dialogue_19_19
catalogue,MAIN:0x03949D,dialogue,火箭队:我们正在做重要的工作!小孩子赶快回家!,"ROCKET: Vital work! Go home, kid!","We're doing important work! Go home, kid!",corrected,natural_english+contextual_label_omission,"Restores the omitted subject and verb. Omits the contextual one-speaker label 'ROCKET', as in official Gen I field dialogue; the sprite and encounter retain the speaker identity.",48,dialogue_19_19
catalogue,MAIN:0x0394C3,dialogue,"火箭队:蛮厉害的嘛,加入我们火箭队吧!",ROCKET: Not bad! Join us!,Not bad! Join us!,corrected,contextual_label_omission,"Omits the contextual one-speaker label 'ROCKET', as in official Gen I field dialogue; the sprite and encounter retain the speaker identity.",17,dialogue_19_19
catalogue,MAIN:0x0394F0,dialogue,火箭队:随便闯入大人的世界可是很危险的!,ROCKET: Meddling in adult affairs is risky!,Meddling in adult affairs is risky!,corrected,contextual_label_omission,"Omits the contextual one-speaker label 'ROCKET', as in official Gen I field dialogue; the sprite and encounter retain the speaker identity.",36,dialogue_19_19
catalogue,MAIN:0x039514,dialogue,火箭队:真令人生气!,ROCKET: I'm furious!,I'm furious!,corrected,contextual_label_omission,"Omits the contextual one-speaker label 'ROCKET', as in official Gen I field dialogue; the sprite and encounter retain the speaker identity.",12,dialogue_19_19
catalogue,MAIN:0x039540,dialogue,"研究员:等一下!这化石是我发现的,两个都是我的!","SCIENTIST: Hey, stop! I found both fossils. They're mine!","Hey, stop! I found both fossils. They're mine!",corrected,contextual_label_omission,"Omits the contextual one-speaker label 'SCIENTIST', as in official Gen I field dialogue; the sprite and encounter retain the speaker identity.",51,dialogue_19_19
catalogue,MAIN:0x03956C,dialogue,研究员:哇!什么啊!不要突然跟我说话!,SCIENTIST: Whoa! Don't surprise me!,Whoa! Don't surprise me!,corrected,contextual_label_omission,"Omits the contextual one-speaker label 'SCIENTIST', as in official Gen I field dialogue; the sprite and encounter retain the speaker identity.",31,dialogue_19_19
catalogue,MAIN:0x039589,dialogue,研究员:......,SCIENTIST: ...,...,corrected,contextual_label_omission,"Omits the contextual one-speaker label 'SCIENTIST', as in official Gen I field dialogue; the sprite and encounter retain the speaker identity.",3,dialogue_19_19
catalogue,MAIN:0x0395AE,dialogue,"研究员:好吧,就分你一个好了,我和你各拿一个化石,一个人独吞是不行的哟",SCIENTIST: We'll each take one! No being greedy!,We'll each take one! No being greedy!,corrected,contextual_label_omission,"Omits the contextual one-speaker label 'SCIENTIST', as in official Gen I field dialogue; the sprite and encounter retain the speaker identity.",45,dialogue_19_19
catalogue,MAIN:0x0395E5,dialogue,研究员:听说离这里很远的红莲岛上有宠物精灵的研究所能让化石复活的研究...,SCIENTIST: Heard far-off Cinnabar's Pokémon Lab studies fossil revival.,I hear the Pokémon Lab on far-off Cinnabar revives fossils.,corrected,natural_english+contextual_label_omission,"Replaces a headline fragment with a natural hearsay sentence. Omits the contextual one-speaker label 'SCIENTIST', as in official Gen I field dialogue; the sprite and encounter retain the speaker identity.",65,dialogue_19_19
catalogue,MAIN:0x039660,dialogue,火箭队:等一下!化石是我们火箭队的东西!,ROCKET: Stop! That fossil belongs to Team Rocket!,Stop! That fossil belongs to Team Rocket!,corrected,contextual_label_omission,"Omits the contextual one-speaker label 'ROCKET', as in official Gen I field dialogue; the sprite and encounter retain the speaker identity.",45,dialogue_19_19
catalogue,MAIN:0x039698,dialogue,小智:你们是?,ASH: Who are you?,ASH: Who are you?,reviewed_no_change,full_corpus_review,"Reviewed against Chinese source, runtime role, and English style; no certain change required.",17,dialogue_19_19
catalogue,MAIN:0x0396C5,dialogue,武藏:既然你诚心诚意的问了,JESSIE: Prepare for trouble!,JESSIE: Prepare for trouble!,reviewed_no_change,full_corpus_review,"Reviewed against Chinese source, runtime role, and English style; no certain change required.",27,dialogue_19_19
catalogue,MAIN:0x0396E6,dialogue,小次郎:没想到会输...,JAMES: We never expected to lose...,JAMES: We never expected to lose...,reviewed_no_change,full_corpus_review,"Reviewed against Chinese source, runtime role, and English style; no certain change required.",38,dialogue_19_19
catalogue,MAIN:0x0396FD,dialogue,武藏:好讨厌的感觉哟...,JESSIE: What an awful feeling...,JESSIE: What an awful feeling...,reviewed_no_change,full_corpus_review,"Reviewed against Chinese source, runtime role, and English style; no certain change required.",35,dialogue_19_19
catalogue,MAIN:0x03971B,dialogue,喵喵:喵...,MEOWTH: Meow...,MEOWTH: Meow...,reviewed_no_change,full_corpus_review,"Reviewed against Chinese source, runtime role, and English style; no certain change required.",15,dialogue_19_19
catalogue,MAIN:0x039770,dialogue,"警察:真是可怜!家里糟了小偷,我知道犯人是谁!是火箭队,警察也对他们很头疼呢!",OFFICER: This family was robbed by Team Rocket. Even our Police Force struggles with them!,This family was robbed by Team Rocket. Even our Police Force struggles with them!,corrected,contextual_label_omission,"Omits the contextual one-speaker label 'OFFICER', as in official Gen I field dialogue; the sprite and encounter retain the speaker identity.",100,dialogue_19_19
catalogue,MAIN:0x0397E8,dialogue,裁判:未来的冠军给你一些建议吧!这里的馆长阿霞是使用水系的精灵!如果用植物系的怪物来吸取水份或用电系来使之麻痹也行,GUIDE: Future Champ! Misty is a Water Pokémon pro. Use Grass to drain them or Electric moves to stun them!,Future Champ! Misty is a Water Pokémon pro. Use Grass to drain them or Electric moves to stun them!,corrected,contextual_label_omission,"Omits the contextual one-speaker label 'GUIDE', as in official Gen I field dialogue; the sprite and encounter retain the speaker identity.",105,dialogue_19_19
catalogue,MAIN:0x039861,dialogue,游泳男:你的对手是我,SWIMMER: I'm your opponent!,I'm your opponent!,corrected,contextual_label_omission,"Omits the contextual one-speaker label 'SWIMMER', as in official Gen I field dialogue; the sprite and encounter retain the speaker identity.",18,dialogue_19_19
catalogue,MAIN:0x039875,dialogue,游泳男:阿霞会成为一位很强的训练家!才不会输给你呢!,SWIMMER: Misty will keep improving! She won't lose to someone like you!,Misty will keep improving! She won't lose to someone like you!,corrected,contextual_label_omission,"Omits the contextual one-speaker label 'SWIMMER', as in official Gen I field dialogue; the sprite and encounter retain the speaker identity.",74,dialogue_19_19
catalogue,MAIN:0x03989A,dialogue,游泳女:对付你我就够了!用不着阿霞亲自动手!,SWIMMER: I'm more than good enough for you! Misty can wait!,I'm more than good enough for you! Misty can wait!,corrected,contextual_label_omission,"Omits the contextual one-speaker label 'SWIMMER', as in official Gen I field dialogue; the sprite and encounter retain the speaker identity.",53,dialogue_19_19
catalogue,MAIN:0x0398BD,dialogue,游泳女:失败了...,SWIMMER: I lost...,I lost...,corrected,contextual_label_omission,"Omits the contextual one-speaker label 'SWIMMER', as in official Gen I field dialogue; the sprite and encounter retain the speaker identity.",9,dialogue_19_19
catalogue,MAIN:0x0398D1,dialogue,小霞:你在培养精灵时有什么策略吗?我的策略就是让它成为水系的精灵!让我这个世界第一美少女来成为你的对手吧!,MISTY: Your training plan? Mine: Water-types! Face the world's prettiest girl!,MISTY: Your training plan? Mine: Water-types! Face the world's prettiest girl!,reviewed_no_change,full_corpus_review,"Reviewed against Chinese source, runtime role, and English style; no certain change required.",91,dialogue_19_19
catalogue,MAIN:0x039937,dialogue,"小霞:是我输了?没办法!蓝色徽章就给你吧!拥有蓝色徽章就算不是在战斗中也能使用居合斩喔!特技11也送给你吧,特技11是泡沫光线让水系的精灵学吧!",MISTY: I lost? Take Cascade Badge! Use Cut outside battle. Take TM11 too: BubbleBeam. Teach a Water Pokémon!,MISTY: I lost? Take Cascade Badge! Use Cut outside battle. Take TM11 too: BubbleBeam. Teach a Water Pokémon!,reviewed_no_change,full_corpus_review,"Reviewed against Chinese source, runtime role, and English style; no certain change required.",109,dialogue_19_19
catalogue,MAIN:0x0399DC,dialogue,"小茂:嗨!小智,你还为那种事困惑啊?我都抓到又强又棒的精灵!什么什么?你抓了什么啊?让我看看嘛!","GARY: Ash! Still puzzled? I caught great, strong Pokémon. Yours? Show me!","GARY: Ash! Still struggling? I caught some great, powerful Pokémon. What did you catch? Show me!",corrected,natural_english,Clarifies the questions and keeps Gary's source-faithful boast.,103,dialogue_19_19
catalogue,MAIN:0x039A24,dialogue,"小茂:嗨嗨,我到马沙家他给我看了许多珍贵的宠物精灵耶!托他的福,我的精灵图鉴又增加了好几页呢,总之马沙是一位有名的宠物精灵收集家!电脑通信的精灵保管系统也是他做的,如果你也有使用真应该去向他道谢呢","GARY: Bill showed rare Pokémon, adding Pokédex pages. He's a famed collector who built PC Storage. Use it? Thank him!","GARY: Bill showed me rare Pokémon and added several pages to my Pokédex. He's a famous collector who built PC Storage. If you use it, thank him!",corrected,natural_english,"Restores articles, subject links, and the conditional thanks.",147,dialogue_19_19
catalogue,MAIN:0x039AC6,dialogue,"捉虫少年:如果你能连续打败五人,将可得到丰富的奖品你能胜利吗?",BUG CATCHER: Nugget Bridge! Beat five Trainers for a fabulous prize! Got what it takes?,Nugget Bridge! Beat five Trainers for a fabulous prize! Got what it takes?,corrected,contextual_label_omission,"Omits the contextual one-speaker label 'BUG CATCHER', as in official Gen I field dialogue; the sprite and encounter retain the speaker identity.",71,dialogue_19_19
catalogue,MAIN:0x039AF5,dialogue,"捉虫少年:不错,但你能全部胜过我们吗?",BUG CATCHER: Not bad. Can you beat us all?,Not bad. Can you beat us all?,corrected,contextual_label_omission,"Omits the contextual one-speaker label 'BUG CATCHER', as in official Gen I field dialogue; the sprite and encounter retain the speaker identity.",31,dialogue_19_19
catalogue,MAIN:0x039B19,dialogue,迷你裙:第二人正是我!现在才是真正的战斗!,LASS: I'm second! Now it's serious!,I'm second! Now it's serious!,corrected,contextual_label_omission,"Omits the contextual one-speaker label 'LASS', as in official Gen I field dialogue; the sprite and encounter retain the speaker identity.",32,dialogue_19_19
catalogue,MAIN:0x039B2C,dialogue,"迷你裙:我是第四人,你不就是为了引人注目才来的吗?",LASS: Fourth! Here to show off?,Fourth! Here to show off?,corrected,contextual_label_omission,"Omits the contextual one-speaker label 'LASS', as in official Gen I field dialogue; the sprite and encounter retain the speaker identity.",28,dialogue_19_19
catalogue,MAIN:0x039B45,dialogue,谈判小子:第三人登场!我不会给你太好过,YOUNGSTER: Third! I won't go easy!,Third! I won't go easy!,corrected,contextual_label_omission,"Omits the contextual one-speaker label 'YOUNGSTER', as in official Gen I field dialogue; the sprite and encounter retain the speaker identity.",24,dialogue_19_19
catalogue,MAIN:0x039B59,dialogue,侦察员:我就是最后的第五人了!来吧!!,SCOUT: I'm fifth and last! Come on!,I'm fifth and last! Come on!,corrected,contextual_label_omission,"Omits the contextual one-speaker label 'SCOUT', as in official Gen I field dialogue; the sprite and encounter retain the speaker identity.",27,dialogue_19_19
catalogue,MAIN:0x039B6A,dialogue,"火箭队:太精彩了,按照约定这个礼物给你吧",ROCKET: Congratulations! Here's your promised prize!,Congratulations! Here's your promised prize!,corrected,contextual_label_omission,"Omits the contextual one-speaker label 'ROCKET', as in official Gen I field dialogue; the sprite and encounter retain the speaker identity.",53,dialogue_19_19
catalogue,MAIN:0x039B86,dialogue,得到月之石,Got a Moon Stone!,Got a Moon Stone!,reviewed_no_change,full_corpus_review,"Reviewed against Chinese source, runtime role, and English style; no certain change required.",17,dialogue_19_19
catalogue,MAIN:0x039B95,dialogue,"火箭队:加入火箭队吧,我们是专门使用宠物精灵扩充地皮的集团",ROCKET: Join us! We use Pokémon to expand our land.,Join us! We use Pokémon to expand our land.,corrected,contextual_label_omission,"Omits the contextual one-speaker label 'ROCKET', as in official Gen I field dialogue; the sprite and encounter retain the speaker identity.",47,dialogue_19_19
catalogue,MAIN:0x039BD4,dialogue,火箭队:你还真是强劲!有这样的技术不加入火箭队太可惜了...,ROCKET: So strong! Your skill is wasted outside our team...,So strong! Your skill is wasted outside our team...,corrected,contextual_label_omission,"Omits the contextual one-speaker label 'ROCKET', as in official Gen I field dialogue; the sprite and encounter retain the speaker identity.",57,dialogue_19_19
catalogue,MAIN:0x039BE8,dialogue,侦察员:我在草堆里都看到了你的表现,SCOUT: I saw you fight from the grass.,I saw you fight from the grass.,corrected,contextual_label_omission,"Omits the contextual one-speaker label 'SCOUT', as in official Gen I field dialogue; the sprite and encounter retain the speaker identity.",34,dialogue_19_19
catalogue,MAIN:0x039C07,dialogue,侦察员:你狠...,SCOUT: Ruthless...,Ruthless...,corrected,contextual_label_omission,"Omits the contextual one-speaker label 'SCOUT', as in official Gen I field dialogue; the sprite and encounter retain the speaker identity.",11,dialogue_19_19
catalogue,MAIN:0x039C17,dialogue,"男孩:我不会培育宠物精灵,觉的它怪可怜的正想放生这只小火龙...如果你能好好照顾他的话,我就把它送给你如何?","BOY: I'm bad at raising Pokémon. I should release poor Charmander. Promise to care for it, and it's yours.","I'm bad at raising Pokémon. I should release poor Charmander. Promise to care for it, and it's yours.",corrected,contextual_label_omission,"Omits the contextual one-speaker label 'BOY', as in official Gen I field dialogue; the sprite and encounter retain the speaker identity.",106,dialogue_19_19
catalogue,MAIN:0x039C62,dialogue,是吗?那我只好放生了...,Oh... I'd better release it then.,Oh... I'd better release it then.,reviewed_no_change,full_corpus_review,"Reviewed against Chinese source, runtime role, and English style; no certain change required.",35,dialogue_19_19
catalogue,MAIN:0x039C7D,dialogue,真的?太谢谢你了!,Really? Thanks!,Really? Thanks!,reviewed_no_change,full_corpus_review,"Reviewed against Chinese source, runtime role, and English style; no certain change required.",15,dialogue_19_19
catalogue,MAIN:0x039C8F,dialogue,大叔:刚刚从观月山下来的还很有精神啊!,MAN: Still lively after Mt. Moon?,Still lively after Mt. Moon?,corrected,contextual_label_omission,"Omits the contextual one-speaker label 'MAN', as in official Gen I field dialogue; the sprite and encounter retain the speaker identity.",28,dialogue_19_19
catalogue,MAIN:0x039CB1,dialogue,大叔:厉害!,MAN: Impressive!,Impressive!,corrected,contextual_label_omission,"Omits the contextual one-speaker label 'MAN', as in official Gen I field dialogue; the sprite and encounter retain the speaker identity.",11,dialogue_19_19
catalogue,MAIN:0x039CC0,dialogue,谈判小子:这片森林是附近的训练家训练的场所!,YOUNGSTER: Locals train in this forest!,Locals train in this forest!,corrected,contextual_label_omission,"Omits the contextual one-speaker label 'YOUNGSTER', as in official Gen I field dialogue; the sprite and encounter retain the speaker identity.",31,dialogue_19_19
catalogue,MAIN:0x039CE0,dialogue,谈判小子:做的不错嘛,YOUNGSTER: Not bad!,Not bad!,corrected,contextual_label_omission,"Omits the contextual one-speaker label 'YOUNGSTER', as in official Gen I field dialogue; the sprite and encounter retain the speaker identity.",8,dialogue_19_19
catalogue,MAIN:0x039CF2,dialogue,大叔:你要去马沙的小屋吗?那去之前先与我比试一下!,MAN: Bill's cottage? Fight me first!,Bill's cottage? Fight me first!,corrected,contextual_label_omission,"Omits the contextual one-speaker label 'MAN', as in official Gen I field dialogue; the sprite and encounter retain the speaker identity.",34,dialogue_19_19
catalogue,MAIN:0x039D18,dialogue,迷你裙:我是迷你裙!,LASS: I'm a Lass!,I'm a Lass!,corrected,contextual_label_omission,"Omits the contextual one-speaker label 'LASS', as in official Gen I field dialogue; the sprite and encounter retain the speaker identity.",11,dialogue_19_19
catalogue,MAIN:0x039D31,dialogue,大叔:我输了...,MAN: I lost...,I lost...,corrected,contextual_label_omission,"Omits the contextual one-speaker label 'MAN', as in official Gen I field dialogue; the sprite and encounter retain the speaker identity.",9,dialogue_19_19
catalogue,MAIN:0x039D3B,shadowed_nonlive,迷你裙:我承认你了,Respect!,LASS: Respect!,shadowed_nonlive,shadowed_nonlive,Non-live overlap cell: reference 0x038347 resolves to RESTORED:0x038347 at final target 0x03A2CE; this MAIN row is not a displayed ROM surface.,14,raw
catalogue,MAIN:0x039D4E,dialogue,大叔:算你狠!,MAN: You're tough!,You're tough!,corrected,contextual_label_omission,"Omits the contextual one-speaker label 'MAN', as in official Gen I field dialogue; the sprite and encounter retain the speaker identity.",13,dialogue_19_19
catalogue,MAIN:0x039D60,fixed_or_dynamic,我不会给你太好过,I won't go easy!,I won't go easy!,reviewed_no_change,full_corpus_review,"Reviewed against Chinese source, runtime role, and English style; no certain change required.",16,raw
catalogue,MAIN:0x039D74,dialogue,得到小火龙,Got Charmander!,Got Charmander!,reviewed_no_change,full_corpus_review,"Reviewed against Chinese source, runtime role, and English style; no certain change required.",15,dialogue_19_19
catalogue,MAIN:0x039D84,dialogue,"谈判小子:枯叶港的铁达尼号的舞会,我和爸爸去过!羡慕吧",YOUNGSTER: Dad and I danced on the Titanic at Vermilion Port! Jealous?,Dad and I went to a party on the Titanic at Vermilion Port! Jealous?,corrected,natural_english+contextual_label_omission,"Uses the source's party rather than adding a dance. Omits the contextual one-speaker label 'YOUNGSTER', as in official Gen I field dialogue; the sprite and encounter retain the speaker identity.",84,dialogue_19_19
catalogue,MAIN:0x039DA8,dialogue,铁达尼号上可是有很多厉害的训练师哦!,The Titanic is full of strong Trainers!,The Titanic is full of strong Trainers!,reviewed_no_change,full_corpus_review,"Reviewed against Chinese source, runtime role, and English style; no certain change required.",38,dialogue_19_19
catalogue,MAIN:0x039DC5,dialogue,迷你裙:喜欢迷你裙!,LASS: I love miniskirts!,I love miniskirts!,corrected,contextual_label_omission,"Omits the contextual one-speaker label 'LASS', as in official Gen I field dialogue; the sprite and encounter retain the speaker identity.",18,dialogue_19_19
catalogue,MAIN:0x039DE5,dialogue,"大叔:想过去,先打败我",MAN: Want to get past? Beat me first!,Want to get past me? Beat me first!,corrected,natural_english+contextual_label_omission,"Completes the challenge's phrasal object. Omits the contextual one-speaker label 'MAN', as in official Gen I field dialogue; the sprite and encounter retain the speaker identity.",37,dialogue_19_19
catalogue,MAIN:0x039DF9,dialogue,侦察员:我是侦察员,SCOUT: I'm a Scout!,I'm a Scout!,corrected,contextual_label_omission,"Omits the contextual one-speaker label 'SCOUT', as in official Gen I field dialogue; the sprite and encounter retain the speaker identity.",12,dialogue_19_19
catalogue,MAIN:0x039E0D,dialogue,侦察员:哈哈哈...,SCOUT: Ha ha ha...,Ha ha ha...,corrected,contextual_label_omission,"Omits the contextual one-speaker label 'SCOUT', as in official Gen I field dialogue; the sprite and encounter retain the speaker identity.",11,dialogue_19_19
catalogue,MAIN:0x039E21,dialogue,"谈判小子:我有预感,你会与我战斗",YOUNGSTER: I sensed we'd fight.,I sensed we'd fight.,corrected,contextual_label_omission,"Omits the contextual one-speaker label 'YOUNGSTER', as in official Gen I field dialogue; the sprite and encounter retain the speaker identity.",25,dialogue_19_19
catalogue,MAIN:0x039E3F,dialogue,谈判小子:我有预感会输...,YOUNGSTER: I sensed I'd lose...,I sensed I'd lose...,corrected,contextual_label_omission,"Omits the contextual one-speaker label 'YOUNGSTER', as in official Gen I field dialogue; the sprite and encounter retain the speaker identity.",26,dialogue_19_19
catalogue,MAIN:0x039E53,dialogue,迷你裙:朋友们都拥有可爱的精灵...可恨,LASS: My friends all have cute Pokémon... Darn!,My friends all have cute Pokémon... Darn!,corrected,contextual_label_omission,"Omits the contextual one-speaker label 'LASS', as in official Gen I field dialogue; the sprite and encounter retain the speaker identity.",43,dialogue_19_19
catalogue,MAIN:0x039E79,dialogue,迷你裙:从观月山来的吗?我想要皮皮...,LASS: From Mt. Moon? I want Clefairy...,From Mt. Moon? I want Clefairy...,corrected,contextual_label_omission,"Omits the contextual one-speaker label 'LASS', as in official Gen I field dialogue; the sprite and encounter retain the speaker identity.",35,dialogue_19_19
catalogue,MAIN:0x039E91,dialogue,"马沙:大家好,我是马沙!大家都叫我精灵迷!你那是什么眼神?不相信的样子...我是实验失败才和精灵粘在一起的你能救我吗?我要进入传送机里,分离程序就拜托你了!对,就是那部电脑!","BILL: Hiya! I'm Bill, a true Pokémaniac! A failed experiment fused me with a Pokémon. Help me out! When I'm in the Teleporter, run the Cell Separation System on my PC!","BILL: Hiya! I'm Bill, a true Pokémaniac! A failed experiment fused me with a Pokémon. Help me out! When I'm in the Teleporter, run the Cell Separation System on my PC!",reviewed_no_change,full_corpus_review,"Reviewed against Chinese source, runtime role, and English style; no certain change required.",187,dialogue_19_19
catalogue,MAIN:0x039F32,dialogue,马沙获救了,Bill is saved!,Bill is saved!,reviewed_no_change,full_corpus_review,"Reviewed against Chinese source, runtime role, and English style; no certain change required.",14,dialogue_19_19
catalogue,MAIN:0x039F3F,dialogue,"马沙:谢谢你,你是来看我的收集品的是吗?对了这是给你的谢礼",BILL: Yeehah! Thanks! Came for my collection? Take this reward!,BILL: Thanks! Did you come to see my collection? Take this reward!,corrected,natural_english,Restores the complete question and gift instruction.,69,dialogue_19_19
catalogue,MAIN:0x039F7C,dialogue,得到船票,Received an S.S. Ticket!,Received an S.S. Ticket!,reviewed_no_change,full_corpus_review,"Reviewed against Chinese source, runtime role, and English style; no certain change required.",26,dialogue_19_19
catalogue,MAIN:0x039F8C,dialogue,"马沙:现在枯叶市枯叶港来了一搜铁达尼号听说也来了许多训练家呢,我有一张船票但我不喜欢派对,你去玩玩吧","BILL: Titanic is at Vermilion Harbor with many Trainers. I have a ticket, but hate parties. Why don't you go?","BILL: The Titanic has docked at Vermilion Harbor, and many Trainers are aboard. I have a ticket, but I don't like parties. Why don't you go?",corrected,natural_english,"Restores articles, subjects, and the source's invitation.",150,dialogue_19_19
catalogue,MAIN:0x039FF5,dialogue,"马沙:对了,给你看一下我的收藏品吧.传说现在被发现的精灵种类在这个世界上有150种之多,但实际数量可能要比这还多,我一直在这个海边就是要等传说中的精灵出现...","BILL: See my collection! 150 Pokémon species are known, maybe more. I wait by the sea for a Legendary Pokémon...","BILL: See my collection! 150 Pokémon species are known, maybe more. I wait by the sea for a Legendary Pokémon...",reviewed_no_change,full_corpus_review,"Reviewed against Chinese source, runtime role, and English style; no certain change required.",124,dialogue_19_19
catalogue,MAIN:0x039FFF,dialogue,"火箭队:喂!不可以随便进入别人的花园!...我?我只是一个过路人,可不是一个奇怪的人!什么?我很可疑?","TEAM ROCKET: Hey! Don't enter someone's garden! Me? Just passing, not strange! What? I look suspicious?",Hey! Don't trespass in someone's garden! Me? I'm just passing through. Nothing suspicious! What? I look suspicious?,corrected,natural_english+contextual_label_omission,"Restores complete defensive clauses in the Rocket encounter. Omits the contextual one-speaker label 'TEAM ROCKET', as in official Gen I field dialogue; the sprite and encounter retain the speaker identity.",130,dialogue_19_19
catalogue,MAIN:0x03A03C,dialogue,火箭队:我再也不敢了...饶了我吧!那么...我就闪人了...拜拜!,TEAM ROCKET: Never again! Mercy! I'm off... Bye!,Spare me! I won't do it again. I'm leaving... Bye!,corrected,natural_english+contextual_label_omission,"Replaces the isolated noun 'Mercy' with the natural plea. Omits the contextual one-speaker label 'TEAM ROCKET', as in official Gen I field dialogue; the sprite and encounter retain the speaker identity.",53,dialogue_19_19
catalogue,MAIN:0x03A058,dialogue,"警卫:我是尽责的警卫,好渴喔!喂喂!现在这里是禁止通行!",GUARD: I'm dutiful and thirsty! Hey! No passage now!,"I'm on duty, and I'm thirsty! You can't pass right now!",corrected,natural_english+contextual_label_omission,"Uses complete natural clauses for the guard's status and current ban. Omits the contextual one-speaker label 'GUARD', as in official Gen I field dialogue; the sprite and encounter retain the speaker identity.",61,dialogue_19_19
catalogue,MAIN:0x03A088,dialogue,捉虫少年:我看你不惯!,BUG CATCHER: I can't stand you!,I can't stand you!,corrected,contextual_label_omission,"Omits the contextual one-speaker label 'BUG CATCHER', as in official Gen I field dialogue; the sprite and encounter retain the speaker identity.",18,dialogue_19_19
catalogue,MAIN:0x03A0AD,dialogue,捉虫少年:现在看你顺眼了...,BUG CATCHER: I like you now...,I like you now...,corrected,contextual_label_omission,"Omits the contextual one-speaker label 'BUG CATCHER', as in official Gen I field dialogue; the sprite and encounter retain the speaker identity.",17,dialogue_19_19
catalogue,MAIN:0x03A0BE,dialogue,侦察员:想见识一下吗?,SCOUT: Wanna see?,Wanna see?,corrected,contextual_label_omission,"Omits the contextual one-speaker label 'SCOUT', as in official Gen I field dialogue; the sprite and encounter retain the speaker identity.",10,dialogue_19_19
catalogue,MAIN:0x03A0D2,dialogue,侦察员:反而让我见识了!,SCOUT: You showed me!,You taught me a lesson!,corrected,natural_english+contextual_label_omission,"Expresses the source reversal as a natural post-defeat line. Omits the contextual one-speaker label 'SCOUT', as in official Gen I field dialogue; the sprite and encounter retain the speaker identity.",26,dialogue_19_19
catalogue,MAIN:0x03A0E5,dialogue,女孩:我长的可爱吧,"GIRL: Cute, right?","Cute, right?",corrected,contextual_label_omission,"Omits the contextual one-speaker label 'GIRL', as in official Gen I field dialogue; the sprite and encounter retain the speaker identity.",12,dialogue_19_19
catalogue,MAIN:0x03A0F7,dialogue,女孩:我喜欢你!,GIRL: I like you!,I like you!,corrected,contextual_label_omission,"Omits the contextual one-speaker label 'GIRL', as in official Gen I field dialogue; the sprite and encounter retain the speaker identity.",11,dialogue_19_19
catalogue,MAIN:0x03A109,dialogue,"捉虫少年:我捉到好精灵了,比试一下吧",BUG CATCHER: Great catch! Battle?,I caught a great Pokémon. Want to battle?,corrected,natural_english+contextual_label_omission,"Restores the omitted subject and uses a natural invitation. Omits the contextual one-speaker label 'BUG CATCHER', as in official Gen I field dialogue; the sprite and encounter retain the speaker identity.",45,dialogue_19_19
catalogue,MAIN:0x03A127,dialogue,捉虫少年:还是欠缺训练...,BUG CATCHER: Must train...,I need more training...,corrected,natural_english+contextual_label_omission,"Restores the omitted subject. Omits the contextual one-speaker label 'BUG CATCHER', as in official Gen I field dialogue; the sprite and encounter retain the speaker identity.",30,dialogue_19_19
catalogue,MAIN:0x03A14B,dialogue,女孩:你在看哪里?,GIRL: Looking where?,What are you looking at?,corrected,natural_english+contextual_label_omission,"Uses the idiomatic English challenge. Omits the contextual one-speaker label 'GIRL', as in official Gen I field dialogue; the sprite and encounter retain the speaker identity.",30,dialogue_19_19
catalogue,MAIN:0x03A169,dialogue,女孩:是个误会,GIRL: A mix-up.,It was a misunderstanding.,corrected,natural_english+contextual_label_omission,"Turns a noun fragment into a sentence. Omits the contextual one-speaker label 'GIRL', as in official Gen I field dialogue; the sprite and encounter retain the speaker identity.",36,dialogue_19_19
catalogue,MAIN:0x03A17D,dialogue,侦察员:现在我的心情不好!,SCOUT: I'm mad now!,I'm mad now!,corrected,contextual_label_omission,"Omits the contextual one-speaker label 'SCOUT', as in official Gen I field dialogue; the sprite and encounter retain the speaker identity.",12,dialogue_19_19
catalogue,MAIN:0x03A195,dialogue,侦察员:心情更糟了...,SCOUT: Worse now...,Now I'm even madder...,corrected,natural_english+contextual_label_omission,"Restores the omitted subject and comparison. Omits the contextual one-speaker label 'SCOUT', as in official Gen I field dialogue; the sprite and encounter retain the speaker identity.",28,dialogue_19_19
catalogue,MAIN:0x03A1A7,dialogue,船员:铁达尼号一年才进一次枯叶港,SAILOR: Titanic docks at Vermilion Harbor yearly.,Titanic docks at Vermilion Harbor yearly.,corrected,contextual_label_omission,"Omits the contextual one-speaker label 'SAILOR', as in official Gen I field dialogue; the sprite and encounter retain the speaker identity.",45,dialogue_19_19
catalogue,MAIN:0x03A1C4,dialogue,"船员:欢迎来到铁达尼号!请等一等,客人你的票呢?","SAILOR: Welcome to the Titanic! Excuse me, do you have a ticket?","Welcome to the Titanic! Excuse me, do you have a ticket?",corrected,contextual_label_omission,"Omits the contextual one-speaker label 'SAILOR', as in official Gen I field dialogue; the sprite and encounter retain the speaker identity.",64,dialogue_19_19
catalogue,MAIN:0x03A1E6,dialogue,"船员:谢谢,欢迎你上船!",SAILOR: Great! Welcome aboard!,Great! Welcome aboard!,corrected,contextual_label_omission,"Omits the contextual one-speaker label 'SAILOR', as in official Gen I field dialogue; the sprite and encounter retain the speaker identity.",26,dialogue_19_19
catalogue,MAIN:0x03A1FA,dialogue,绅士:我是从宝石大陆来的,GENT: From Hoenn.,I'm from Hoenn.,corrected,natural_english+contextual_label_omission,"Restores the omitted subject and full speaker class. Omits the contextual one-speaker label 'GENTLEMAN', as in official Gen I field dialogue; the sprite and encounter retain the speaker identity.",15,dialogue_19_19
catalogue,MAIN:0x03A216,dialogue,绅士:有空一定要去宝石大陆看看哦,GENT: Visit Hoenn sometime.,Visit Hoenn sometime.,corrected,contextual_label_omission,"Omits the contextual one-speaker label 'GENTLEMAN', as in official Gen I field dialogue; the sprite and encounter retain the speaker identity.",28,dialogue_19_19
catalogue,MAIN:0x03A235,dialogue,迷你裙:这里的男孩都很害羞呢,LASS: All the boys here are shy.,All the boys here are shy.,corrected,contextual_label_omission,"Omits the contextual one-speaker label 'LASS', as in official Gen I field dialogue; the sprite and encounter retain the speaker identity.",27,dialogue_19_19
catalogue,MAIN:0x03A252,dialogue,迷你裙:讨厌你这种小孩子!,LASS: I hate kids like you!,I hate kids like you!,corrected,contextual_label_omission,"Omits the contextual one-speaker label 'LASS', as in official Gen I field dialogue; the sprite and encounter retain the speaker identity.",23,dialogue_19_19
catalogue,MAIN:0x03A26B,dialogue,谈判小子:你别小看我的精灵,YOUNGSTER: Don't doubt my Pokémon!,Don't doubt my Pokémon!,corrected,contextual_label_omission,"Omits the contextual one-speaker label 'YOUNGSTER', as in official Gen I field dialogue; the sprite and encounter retain the speaker identity.",27,dialogue_19_19
catalogue,MAIN:0x03A283,dialogue,谈判小子:还欠缺修炼啊,YOUNGSTER: Must train more.,I must train more.,corrected,natural_english+contextual_label_omission,"Restores the omitted subject. Omits the contextual one-speaker label 'YOUNGSTER', as in official Gen I field dialogue; the sprite and encounter retain the speaker identity.",18,dialogue_19_19
catalogue,MAIN:0x03A296,dialogue,绅士:来到这个方元地区还真是舒服,GENT: Nice to reach Hoenn.,It's nice to be in Hoenn.,corrected,natural_english+contextual_label_omission,"Replaces the unnatural phrase 'nice to reach'. Omits the contextual one-speaker label 'GENTLEMAN', as in official Gen I field dialogue; the sprite and encounter retain the speaker identity.",25,dialogue_19_19
catalogue,MAIN:0x03A2B7,dialogue,绅士:你听说过还有金银地区的传说吗?,GENT: Know Johto lore?,Have you heard the legends of Johto?,corrected,natural_english+contextual_label_omission,"Restores the natural question and source noun. Omits the contextual one-speaker label 'GENTLEMAN', as in official Gen I field dialogue; the sprite and encounter retain the speaker identity.",36,dialogue_19_19
catalogue,MAIN:0x03A2D1,dialogue,水手:今天天气好啊,SAILOR: Nice day!,Nice day!,corrected,contextual_label_omission,"Omits the contextual one-speaker label 'SAILOR', as in official Gen I field dialogue; the sprite and encounter retain the speaker identity.",9,dialogue_19_19
catalogue,MAIN:0x03A2EB,dialogue,水手:我玩的很开心,SAILOR: I had fun.,I had fun.,corrected,contextual_label_omission,"Omits the contextual one-speaker label 'SAILOR', as in official Gen I field dialogue; the sprite and encounter retain the speaker identity.",10,dialogue_19_19
catalogue,MAIN:0x03A2F8,dialogue,大胖子:看我钓上的好货色吧!,BIG GUY: See my great catch!,See my great catch!,corrected,contextual_label_omission,"Omits the contextual one-speaker label 'BIG GUY', as in official Gen I field dialogue; the sprite and encounter retain the speaker identity.",19,dialogue_19_19
catalogue,MAIN:0x03A315,dialogue,大胖子:可恶...,BIG GUY: Darn...,Darn...,corrected,contextual_label_omission,"Omits the contextual one-speaker label 'BIG GUY', as in official Gen I field dialogue; the sprite and encounter retain the speaker identity.",7,dialogue_19_19
catalogue,MAIN:0x03A324,dialogue,迷你裙:我喜欢大海的感觉,LASS: Love the sea!,I love the sea!,corrected,natural_english+contextual_label_omission,"Restores the omitted subject. Omits the contextual one-speaker label 'LASS', as in official Gen I field dialogue; the sprite and encounter retain the speaker identity.",15,dialogue_19_19
catalogue,MAIN:0x03A342,dialogue,迷你裙:就像喜欢你一样...,LASS: I like you too...,I like you too...,corrected,contextual_label_omission,"Omits the contextual one-speaker label 'LASS', as in official Gen I field dialogue; the sprite and encounter retain the speaker identity.",17,dialogue_19_19
catalogue,MAIN:0x03A365,dialogue,双胞胎:你好啊!,TWINS: Hello!,Hello!,corrected,contextual_label_omission,"Omits the contextual one-speaker label 'TWINS', as in official Gen I field dialogue; the sprite and encounter retain the speaker identity.",6,dialogue_19_19
catalogue,MAIN:0x03A388,dialogue,"水手:我明白了,你是伟大的训练师",SAILOR: I see. Great Trainer!,I see. You're a great Trainer!,corrected,natural_english+contextual_label_omission,"Restores the missing copula and subject. Omits the contextual one-speaker label 'SAILOR', as in official Gen I field dialogue; the sprite and encounter retain the speaker identity.",33,dialogue_19_19
catalogue,MAIN:0x03A394,dialogue,水手:天天都努力工作,SAILOR: I work hard daily.,I work hard every day.,corrected,natural_english+contextual_label_omission,"Uses natural adverb placement. Omits the contextual one-speaker label 'SAILOR', as in official Gen I field dialogue; the sprite and encounter retain the speaker identity.",23,dialogue_19_19
catalogue,MAIN:0x03A3B4,dialogue,水手:有没有搞错?,SAILOR: Seriously?!,Seriously?!,corrected,contextual_label_omission,"Omits the contextual one-speaker label 'SAILOR', as in official Gen I field dialogue; the sprite and encounter retain the speaker identity.",11,dialogue_19_19
catalogue,MAIN:0x03A3C8,dialogue,水手:你是谁?,SAILOR: Who're you?,Who are you?,corrected,natural_english+contextual_label_omission,"Uses the standard complete question. Omits the contextual one-speaker label 'SAILOR', as in official Gen I field dialogue; the sprite and encounter retain the speaker identity.",12,dialogue_19_19
catalogue,MAIN:0x03A3EE,dialogue,水手:我又是谁??,SAILOR: Who am I?!,Who am I?!,corrected,contextual_label_omission,"Omits the contextual one-speaker label 'SAILOR', as in official Gen I field dialogue; the sprite and encounter retain the speaker identity.",10,dialogue_19_19
catalogue,MAIN:0x03A406,dialogue,水手:出海愉快!,SAILOR: Bon voyage!,Bon voyage!,corrected,contextual_label_omission,"Omits the contextual one-speaker label 'SAILOR', as in official Gen I field dialogue; the sprite and encounter retain the speaker identity.",11,dialogue_19_19
catalogue,MAIN:0x03A41F,dialogue,水手:晚饭什么时候开始?,SAILOR: When's dinner?,When's dinner?,corrected,contextual_label_omission,"Omits the contextual one-speaker label 'SAILOR', as in official Gen I field dialogue; the sprite and encounter retain the speaker identity.",14,dialogue_19_19
catalogue,MAIN:0x03A433,dialogue,大胖子:我正在减肥!,BIG GUY: On a diet!,I'm on a diet!,corrected,natural_english+contextual_label_omission,"Restores the omitted subject. Omits the contextual one-speaker label 'BIG GUY', as in official Gen I field dialogue; the sprite and encounter retain the speaker identity.",14,dialogue_19_19
catalogue,MAIN:0x03A44D,dialogue,大胖子:不过现在又胖了!,BIG GUY: Fat again!,But I got fat again!,corrected,natural_english+contextual_label_omission,"Restores the subject and source contrast. Omits the contextual one-speaker label 'BIG GUY', as in official Gen I field dialogue; the sprite and encounter retain the speaker identity.",25,dialogue_19_19
catalogue,MAIN:0x03A460,dialogue,小茂:小智真没想到会在这里见到你!你也受到了邀请啊?图鉴又增加了吗?我可是收集到四十多种了!让我看看你有没有进步吧!!,GARY: Ash! Invited too? What a surprise! New Pokédex data? Mine has 40-plus species. Show me your progress!,GARY: Ash! Invited too? What a surprise! New Pokédex data? Mine has 40-plus species. Show me your progress!,reviewed_no_change,full_corpus_review,"Reviewed against Chinese source, runtime role, and English style; no certain change required.",128,dialogue_19_19
catalogue,MAIN:0x03A4B8,dialogue,"小茂:听说居合斩的名人也在船上,看了一下竟然是会晕船的老头!你也去看看吧,再会了!",GARY: The Cut master aboard is just a seasick old man! Go see him. Smell ya!,GARY: The Cut master aboard is just a seasick old man! Go see him. Smell ya!,reviewed_no_change,full_corpus_review,"Reviewed against Chinese source, runtime role, and English style; no certain change required.",85,dialogue_19_19
catalogue,MAIN:0x03A504,dialogue,"名人:晕船,不行了...好难过",CUT MASTER: Seasick... Can't go on... Awful.,Ugh... I'm seasick... I feel awful.,corrected,natural_english+contextual_label_omission,"Uses the official S.S. Anne role and a complete seasickness complaint. Omits the contextual one-speaker label 'CAPTAIN', as in official Gen I field dialogue; the sprite and encounter retain the speaker identity.",44,dialogue_19_19
catalogue,MAIN:0x03A517,dialogue,"名人:嗯,好多了...谢谢你!什么你想看我的居合斩?如果我的身体好点的话就可以表演给你看...对了,这个给你吧!只要教你的精灵那你就随时都可看到居合斩了!","CUT MASTER: Better... Thanks! Want to see Cut? If well, I'd show you. Take this! Teach it to a Pokémon; see Cut anytime!","I'm feeling much better. Thank you! You want to see my Cut technique? I could show you if I were well... Take this instead! Teach it to a Pokémon, and you can use Cut anytime!",corrected,natural_english+contextual_label_omission,"Uses the official S.S. Anne role and complete, source-faithful HM explanation. Omits the contextual one-speaker label 'CAPTAIN', as in official Gen I field dialogue; the sprite and encounter retain the speaker identity.",179,dialogue_19_19
catalogue,MAIN:0x03A525,dialogue,船员:船已经出发了,SAILOR: Ship left.,The ship has left.,corrected,natural_english+contextual_label_omission,"Restores the missing article and auxiliary. Omits the contextual one-speaker label 'SAILOR', as in official Gen I field dialogue; the sprite and encounter retain the speaker identity.",18,dialogue_19_19
catalogue,MAIN:0x03A538,dialogue,水手:就算你的精灵有多强都不可能是你这种小孩该来的!,"SAILOR: This is no place for a kid, no matter how strong your Pokémon are!","This is no place for a kid, no matter how strong your Pokémon are!",corrected,contextual_label_omission,"Omits the contextual one-speaker label 'SAILOR', as in official Gen I field dialogue; the sprite and encounter retain the speaker identity.",74,dialogue_19_19
catalogue,MAIN:0x03A555,dialogue,女警君莎:抓到最近老是恶作剧的杰尼龟,JENNY: I caught a Squirtle that kept causing mischief.,JENNY: I caught a Squirtle that kept causing mischief.,reviewed_no_change,full_corpus_review,"Reviewed against Chinese source, runtime role, and English style; no certain change required.",55,dialogue_19_19
catalogue,MAIN:0x03A57C,dialogue,裁判:为来的冠军!马其斯少佐的外号叫闪电美国!使用电系精灵可称的上美国第一!飞行类和水类是不适用的...,"REFEREE: Future Champ! Lt. Surge, the Lightning American, is America's best with Electric Pokémon. Avoid Flying and Water types!","Future Champ! Lt. Surge, the Lightning American, is America's best with Electric Pokémon. Avoid Flying and Water types!",corrected,contextual_label_omission,"Omits the contextual one-speaker label 'REFEREE', as in official Gen I field dialogue; the sprite and encounter retain the speaker identity.",139,dialogue_19_19
catalogue,MAIN:0x03A5DC,dialogue,"船员:小鬼,这艘铁达尼号上的客人都是有钱人,你别到这里闲逛!!","SAILOR: Titanic guests are rich. Don't roam here, kid!","Titanic guests are rich. Don't roam here, kid!",corrected,contextual_label_omission,"Omits the contextual one-speaker label 'SAILOR', as in official Gen I field dialogue; the sprite and encounter retain the speaker identity.",48,dialogue_19_19
catalogue,MAIN:0x03A60F,dialogue,得到依布,Got Eevee!,Got Eevee!,reviewed_no_change,full_corpus_review,"Reviewed against Chinese source, runtime role, and English style; no certain change required.",10,dialogue_19_19
catalogue,MAIN:0x03A61A,dialogue,水手:有两下子,SAILOR: Not bad!,Not bad!,corrected,contextual_label_omission,"Omits the contextual one-speaker label 'SAILOR', as in official Gen I field dialogue; the sprite and encounter retain the speaker identity.",8,dialogue_19_19
catalogue,MAIN:0x03A62F,dialogue,得到特技01居合斩,Got HM01: CUT!,Got HM01: CUT!,reviewed_no_change,full_corpus_review,"Reviewed against Chinese source, runtime role, and English style; no certain change required.",14,dialogue_19_19
catalogue,MAIN:0x03A6AC,dialogue,"绅士:马其斯少佐是军人,你也想加入吗?",GENT: Lt. Surge is a soldier. Enlist too?,Lt. Surge is a soldier. Do you want to enlist too?,corrected,natural_english+contextual_label_omission,"Restores the complete question. Omits the contextual one-speaker label 'GENTLEMAN', as in official Gen I field dialogue; the sprite and encounter retain the speaker identity.",57,dialogue_19_19
catalogue,MAIN:0x03A6CC,dialogue,士兵:能过我这关吗?,SOLDIER: Pass me?,Can you get past me?,corrected,natural_english+contextual_label_omission,"Restores the idiomatic phrasal verb. Omits the contextual one-speaker label 'SOLDIER', as in official Gen I field dialogue; the sprite and encounter retain the speaker identity.",22,dialogue_19_19
catalogue,MAIN:0x03A6E9,dialogue,马其斯:哦?宝贝你要挑战啊?哈哈!就凭你那微弱的力量!就想与我挑战?真是有胆量?精灵做的不是这么简单的!让你尝尝苦头!,"LT. SURGE: Challenge me, kid? Ha! You're weak but gutsy! Pokémon aren't easy to handle. Take this harsh lesson!","LT. SURGE: Challenge me, kid? Ha! You're weak but gutsy! Pokémon aren't easy to handle. Take this harsh lesson!",reviewed_no_change,full_corpus_review,"Reviewed against Chinese source, runtime role, and English style; no certain change required.",127,dialogue_19_19
catalogue,MAIN:0x03A745,dialogue,得到技能24,Got TM24!,Got TM24!,reviewed_no_change,full_corpus_review,"Reviewed against Chinese source, runtime role, and English style; no certain change required.",9,dialogue_19_19
catalogue,MAIN:0x03A7BD,dialogue,绅士:明年我要去旅游,GENT: I'll travel next year.,I'll travel next year.,corrected,contextual_label_omission,"Omits the contextual one-speaker label 'GENTLEMAN', as in official Gen I field dialogue; the sprite and encounter retain the speaker identity.",24,dialogue_19_19
catalogue,MAIN:0x03A7D8,dialogue,"绅士:都一把年纪了,走不动了",GENT: Too old to walk.,I'm too old to walk far.,corrected,natural_english+contextual_label_omission,"Restores the omitted subject and source extent. Omits the contextual one-speaker label 'GENTLEMAN', as in official Gen I field dialogue; the sprite and encounter retain the speaker identity.",23,dialogue_19_19
catalogue,MAIN:0x03A7F4,dialogue,"水手:小子,别乱逛!","SAILOR: Kid, don't roam!","Kid, don't wander around!",corrected,natural_english+contextual_label_omission,"Uses the natural phrasal verb. Omits the contextual one-speaker label 'SAILOR', as in official Gen I field dialogue; the sprite and encounter retain the speaker identity.",26,dialogue_19_19
catalogue,MAIN:0x03A807,dialogue,"水手:我错了,请您随便参观",SAILOR: My mistake. Tour freely.,My mistake. Look around all you like.,corrected,natural_english+contextual_label_omission,"Replaces the unidiomatic command 'Tour freely'. Omits the contextual one-speaker label 'SAILOR', as in official Gen I field dialogue; the sprite and encounter retain the speaker identity.",43,dialogue_19_19
catalogue,MAIN:0x03A821,dialogue,女警君莎:那是橙色徽章?你可能是厉害的训练家!!抓到最近老是恶作剧的杰尼龟给你好吗?,JENNY: Thunder Badge? You may be strong! Want the Squirtle I caught for recent mischief?,JENNY: Thunder Badge? You may be strong! I caught a Squirtle that caused trouble. Want it?,corrected,natural_english,Clarifies which Squirtle caused the mischief and the adoption offer.,103,dialogue_19_19
catalogue,MAIN:0x03A88A,dialogue,是吗?谁能领养这只杰尼龟呢...,Oh... Who'll adopt Squirtle?,Oh... Who will adopt Squirtle?,corrected,natural_english,Restores the auxiliary and natural future question.,34,dialogue_19_19
catalogue,MAIN:0x03A8A5,dialogue,"拜托了,要好好照顾它哦!",JENNY: Please treat Squirtle right!,JENNY: Please treat Squirtle right!,reviewed_no_change,full_corpus_review,"Reviewed against Chinese source, runtime role, and English style; no certain change required.",34,dialogue_19_19
catalogue,MAIN:0x03A8BE,dialogue,水手:快走开!,SAILOR: Go away!,Go away!,corrected,contextual_label_omission,"Omits the contextual one-speaker label 'SAILOR', as in official Gen I field dialogue; the sprite and encounter retain the speaker identity.",8,dialogue_19_19
catalogue,MAIN:0x03A8D2,dialogue,水手:刚才我有说话吗?,SAILOR: Spoke just now?,Did I say something?,corrected,natural_english+contextual_label_omission,"Restores the omitted subject and auxiliary. Omits the contextual one-speaker label 'SAILOR', as in official Gen I field dialogue; the sprite and encounter retain the speaker identity.",29,dialogue_19_19
catalogue,MAIN:0x03A8E8,dialogue,绅士:我有个女儿现在和你一样大,GENT: My daughter's your age.,My daughter's your age.,corrected,contextual_label_omission,"Omits the contextual one-speaker label 'GENTLEMAN', as in official Gen I field dialogue; the sprite and encounter retain the speaker identity.",23,dialogue_19_19
catalogue,MAIN:0x03A907,dialogue,绅士:做我女婿吧...,GENT: Be my son-in-law...,Be my son-in-law...,corrected,contextual_label_omission,"Omits the contextual one-speaker label 'GENTLEMAN', as in official Gen I field dialogue; the sprite and encounter retain the speaker identity.",19,dialogue_19_19
catalogue,MAIN:0x03A91B,dialogue,老爷爷:我的精灵是无敌的!,OLD MAN: My Pokémon are invincible!,My Pokémon are invincible!,corrected,contextual_label_omission,"Omits the contextual one-speaker label 'OLD MAN', as in official Gen I field dialogue; the sprite and encounter retain the speaker identity.",30,dialogue_19_19
catalogue,MAIN:0x03A92F,dialogue,老爷爷:在我家是无敌的...,OLD MAN: Only at home...,Only at home...,corrected,contextual_label_omission,"Omits the contextual one-speaker label 'OLD MAN', as in official Gen I field dialogue; the sprite and encounter retain the speaker identity.",15,dialogue_19_19
catalogue,MAIN:0x03A94A,dialogue,谈判小子:我困了...,YOUNGSTER: So sleepy...,So sleepy...,corrected,contextual_label_omission,"Omits the contextual one-speaker label 'YOUNGSTER', as in official Gen I field dialogue; the sprite and encounter retain the speaker identity.",12,dialogue_19_19
catalogue,MAIN:0x03A957,dialogue,谈判小子:干嘛打扰我休息?,YOUNGSTER: Why wake me?,Why bother me while I'm resting?,corrected,natural_english+contextual_label_omission,"Matches the source's interrupted rest rather than assuming sleep. Omits the contextual one-speaker label 'YOUNGSTER', as in official Gen I field dialogue; the sprite and encounter retain the speaker identity.",31,dialogue_19_19
catalogue,MAIN:0x03A971,dialogue,双胞胎:我们脸上有东西吗?,TWINS: Something on our faces?,Is there something on our faces?,corrected,natural_english+contextual_label_omission,"Restores the existential construction. Omits the contextual one-speaker label 'TWINS', as in official Gen I field dialogue; the sprite and encounter retain the speaker identity.",32,dialogue_19_19
catalogue,MAIN:0x03A98F,dialogue,"双胞胎:说你呢,你还看!!",TWINS: You! Still staring?!,You! Still staring?!,corrected,contextual_label_omission,"Omits the contextual one-speaker label 'TWINS', as in official Gen I field dialogue; the sprite and encounter retain the speaker identity.",28,dialogue_19_19
catalogue,MAIN:0x03A9A3,dialogue,老爷爷:对精灵要有爱心,OLD MAN: Treat Pokémon with love.,Treat Pokémon with love.,corrected,contextual_label_omission,"Omits the contextual one-speaker label 'OLD MAN', as in official Gen I field dialogue; the sprite and encounter retain the speaker identity.",24,dialogue_19_19
catalogue,MAIN:0x03A9BE,dialogue,老爷爷:少年人不错,"OLD MAN: Not bad, young man!","Not bad, young man!",corrected,contextual_label_omission,"Omits the contextual one-speaker label 'OLD MAN', as in official Gen I field dialogue; the sprite and encounter retain the speaker identity.",19,dialogue_19_19
catalogue,MAIN:0x03A9D1,dialogue,"小茂:听说居合斩的名人也在船上,看了一下竟然是会晕船的老头!你也去看看吧,再会了!",GARY: The Cut master aboard is just a seasick old man! Go see him. Smell ya!,GARY: The Cut master aboard is just a seasick old man! Go see him. Smell ya!,reviewed_no_change,full_corpus_review,"Reviewed against Chinese source, runtime role, and English style; no certain change required.",85,dialogue_19_19
catalogue,MAIN:0x03A9EA,dialogue,老爷爷:被打败了,OLD MAN: You beat me.,You beat me.,corrected,contextual_label_omission,"Omits the contextual one-speaker label 'OLD MAN', as in official Gen I field dialogue; the sprite and encounter retain the speaker identity.",12,dialogue_19_19
catalogue,MAIN:0x03A9F7,dialogue,小智:我帮你拍拍!,ASH: I'll rub your back!,ASH: I'll rub your back!,reviewed_no_change,full_corpus_review,"Reviewed against Chinese source, runtime role, and English style; no certain change required.",24,dialogue_19_19
catalogue,MAIN:0x03A9FC,dialogue,谈判小子:你怎么这么没有礼貌?,YOUNGSTER: So rude!,Why are you so rude?,corrected,natural_english+contextual_label_omission,"Restores the complete question. Omits the contextual one-speaker label 'YOUNGSTER', as in official Gen I field dialogue; the sprite and encounter retain the speaker identity.",24,dialogue_19_19
catalogue,MAIN:0x03AA16,dialogue,"谈判小子:算了,我不和你计较",YOUNGSTER: Fine. No grudge.,Fine. No hard feelings.,corrected,natural_english+contextual_label_omission,"Uses an idiomatic no-grudge expression. Omits the contextual one-speaker label 'YOUNGSTER', as in official Gen I field dialogue; the sprite and encounter retain the speaker identity.",28,dialogue_19_19
catalogue,MAIN:0x03AA38,dialogue,谈判小子:你怎么可以这样?,BOY: How could you do that?,How could you do that?,corrected,contextual_label_omission,"Omits the contextual one-speaker label 'BOY', as in official Gen I field dialogue; the sprite and encounter retain the speaker identity.",24,dialogue_19_19
catalogue,MAIN:0x03AA55,dialogue,谈判小子:我什么都没说,BOY: I didn't say anything.,I didn't say anything.,corrected,contextual_label_omission,"Omits the contextual one-speaker label 'BOY', as in official Gen I field dialogue; the sprite and encounter retain the speaker identity.",28,dialogue_19_19
catalogue,MAIN:0x03AA6E,dialogue,侦察员:无论如何都别想过我这关,SCOUT: You're not getting past me!,You're not getting past me!,corrected,contextual_label_omission,"Omits the contextual one-speaker label 'SCOUT', as in official Gen I field dialogue; the sprite and encounter retain the speaker identity.",27,dialogue_19_19
catalogue,MAIN:0x03AA91,dialogue,"侦察员:我当没看见,你走吧",SCOUT: I'll pretend I didn't see you. Go on.,I'll pretend I didn't see you. Go on.,corrected,contextual_label_omission,"Omits the contextual one-speaker label 'SCOUT', as in official Gen I field dialogue; the sprite and encounter retain the speaker identity.",41,dialogue_19_19
catalogue,MAIN:0x03AAA1,dialogue,老爷爷:今天来决一胜负吧,OLD MAN: Let's settle this today!,Let's settle this today!,corrected,contextual_label_omission,"Omits the contextual one-speaker label 'OLD MAN', as in official Gen I field dialogue; the sprite and encounter retain the speaker identity.",25,dialogue_19_19
catalogue,MAIN:0x03AABA,dialogue,老爷爷:算你走运...,OLD MAN: You got lucky...,You got lucky...,corrected,contextual_label_omission,"Omits the contextual one-speaker label 'OLD MAN', as in official Gen I field dialogue; the sprite and encounter retain the speaker identity.",16,dialogue_19_19
catalogue,MAIN:0x03AACC,dialogue,谈判小子:你完蛋了!,YOUNGSTER: You're done!,You're done!,corrected,contextual_label_omission,"Omits the contextual one-speaker label 'YOUNGSTER', as in official Gen I field dialogue; the sprite and encounter retain the speaker identity.",12,dialogue_19_19
catalogue,MAIN:0x03AB01,dialogue,"谈判小子:今天肚子疼,不和你计较",YOUNGSTER: Gut hurts today; you're off.,My stomach hurts. You're off the hook today.,corrected,natural_english+contextual_label_omission,"Replaces the clipped gut fragment with a natural excuse. Omits the contextual one-speaker label 'YOUNGSTER', as in official Gen I field dialogue; the sprite and encounter retain the speaker identity.",44,dialogue_19_19
catalogue,MAIN:0x03AB27,dialogue,"爷爷:听说这个是地鼠挖的山洞,好像能通到常青市的样子","OLD MAN: Diglett dug this tunnel, they say. Viridian, maybe.","They say Diglett dug this tunnel, maybe all the way to Viridian.",corrected,natural_english+contextual_label_omission,"Restores the hearsay frame and destination. Omits the contextual one-speaker label 'OLD MAN', as in official Gen I field dialogue; the sprite and encounter retain the speaker identity.",69,dialogue_19_19
catalogue,MAIN:0x03AB5C,dialogue,"男孩:这个秘传技05你应该用的上,让能学闪光的精灵学会后可以照亮山洞",BOY: Use HM05. Teach Flash to a compatible Pokémon; it'll light caves.,Use HM05. Teach Flash to a compatible Pokémon; it'll light caves.,corrected,contextual_label_omission,"Omits the contextual one-speaker label 'BOY', as in official Gen I field dialogue; the sprite and encounter retain the speaker identity.",75,dialogue_19_19
catalogue,MAIN:0x03ABA2,dialogue,得到特技05,Got HM05!,Got HM05!,reviewed_no_change,full_corpus_review,"Reviewed against Chinese source, runtime role, and English style; no certain change required.",9,dialogue_19_19
catalogue,MAIN:0x03ABAC,dialogue,女孩:你还长的蛮英俊的嘛,GIRL: Quite handsome!,You're quite handsome!,corrected,natural_english+contextual_label_omission,"Restores the omitted subject and copula. Omits the contextual one-speaker label 'GIRL', as in official Gen I field dialogue; the sprite and encounter retain the speaker identity.",28,dialogue_19_19
catalogue,MAIN:0x03ABCB,dialogue,女孩:有实力我欣赏,GIRL: I admire your skill.,I admire your skill.,corrected,contextual_label_omission,"Omits the contextual one-speaker label 'GIRL', as in official Gen I field dialogue; the sprite and encounter retain the speaker identity.",25,dialogue_19_19
catalogue,MAIN:0x03ABDC,dialogue,"谈判小子:我们商量一下,把你的比卡丘让给我吧",YOUNGSTER: Deal? Give me Pikachu.,Let's make a deal. Give me your Pikachu!,corrected,natural_english+contextual_label_omission,"Replaces two fragments with the explicit source proposal. Omits the contextual one-speaker label 'YOUNGSTER', as in official Gen I field dialogue; the sprite and encounter retain the speaker identity.",46,dialogue_19_19
catalogue,MAIN:0x03AC11,dialogue,谈判小子:我知道错了,YOUNGSTER: I was wrong.,I was wrong.,corrected,contextual_label_omission,"Omits the contextual one-speaker label 'YOUNGSTER', as in official Gen I field dialogue; the sprite and encounter retain the speaker identity.",12,dialogue_19_19
catalogue,MAIN:0x03AC24,dialogue,捉虫少年:没想到又见到你了,BUG CATCHER: You again? Surprise!,I didn't expect to see you again!,corrected,natural_english+contextual_label_omission,"Restores the omitted subject and surprise relation. Omits the contextual one-speaker label 'BUG CATCHER', as in official Gen I field dialogue; the sprite and encounter retain the speaker identity.",33,dialogue_19_19
catalogue,MAIN:0x03AC37,dialogue,捉虫少年:你的实力又提升了呢,BUG CATCHER: Even stronger!,You've gotten even stronger!,corrected,natural_english+contextual_label_omission,"Restores the subject and comparison. Omits the contextual one-speaker label 'BUG CATCHER', as in official Gen I field dialogue; the sprite and encounter retain the speaker identity.",28,dialogue_19_19
catalogue,MAIN:0x03AC43,dialogue,大叔:小心我对你不客气!,"MAN: Watch it, or else!","Watch it, or else!",corrected,contextual_label_omission,"Omits the contextual one-speaker label 'MAN', as in official Gen I field dialogue; the sprite and encounter retain the speaker identity.",18,dialogue_19_19
catalogue,MAIN:0x03AC57,dialogue,大叔:您好吗?哈哈...,MAN: How are you? Ha!,How are you? Ha!,corrected,contextual_label_omission,"Omits the contextual one-speaker label 'MAN', as in official Gen I field dialogue; the sprite and encounter retain the speaker identity.",16,dialogue_19_19
catalogue,MAIN:0x03AC70,dialogue,大叔:有意思...,MAN: Interesting...,Interesting...,corrected,contextual_label_omission,"Omits the contextual one-speaker label 'MAN', as in official Gen I field dialogue; the sprite and encounter retain the speaker identity.",14,dialogue_19_19
catalogue,MAIN:0x03AC84,dialogue,大叔:这回完蛋了...,MAN: Done this time...,That's it for me this time...,corrected,natural_english+contextual_label_omission,"Uses a natural post-defeat admission. Omits the contextual one-speaker label 'MAN', as in official Gen I field dialogue; the sprite and encounter retain the speaker identity.",31,dialogue_19_19
catalogue,MAIN:0x03AC97,dialogue,"谈判小子:别说我没忠告你,快逃吧",YOUNGSTER: Warning: run!,You've been warned. Run!,corrected,natural_english+contextual_label_omission,"Turns a label-like fragment into an idiomatic warning. Omits the contextual one-speaker label 'YOUNGSTER', as in official Gen I field dialogue; the sprite and encounter retain the speaker identity.",23,dialogue_19_19
catalogue,MAIN:0x03ACB9,dialogue,谈判小子:有两下子...,YNGSTR: Not bad...,Not bad...,corrected,contextual_label_omission,"Omits the contextual one-speaker label 'YOUNGSTER', as in official Gen I field dialogue; the sprite and encounter retain the speaker identity.",10,dialogue_19_19
catalogue,MAIN:0x03ACCD,dialogue,谈判小子:再怎么努力也不是我的对手!,YNGSTR: Try hard; still no match!,Try all you like; you're no match!,corrected,natural_english+contextual_label_omission,"Replaces an ungrammatical semicolon compression. Omits the contextual one-speaker label 'YOUNGSTER', as in official Gen I field dialogue; the sprite and encounter retain the speaker identity.",35,dialogue_19_19
catalogue,MAIN:0x03ACF4,dialogue,谈判小子:怎么可能呢?,YNGSTR: Impossible!,Impossible!,corrected,contextual_label_omission,"Omits the contextual one-speaker label 'YOUNGSTER', as in official Gen I field dialogue; the sprite and encounter retain the speaker identity.",11,dialogue_19_19
catalogue,MAIN:0x03AD02,dialogue,大胖子:有碰见你了,BIG GUY: You again!,You again!,corrected,contextual_label_omission,"Omits the contextual one-speaker label 'BIG GUY', as in official Gen I field dialogue; the sprite and encounter retain the speaker identity.",10,dialogue_19_19
catalogue,MAIN:0x03AD1E,dialogue,大胖子:又输了...,BIG GUY: Lost again...,Lost again...,corrected,contextual_label_omission,"Omits the contextual one-speaker label 'BIG GUY', as in official Gen I field dialogue; the sprite and encounter retain the speaker identity.",13,dialogue_19_19
catalogue,MAIN:0x03AD29,dialogue,女孩:让姐姐看看你,GIRL: Let me see you.,Let me get a look at you.,corrected,natural_english+contextual_label_omission,"Uses the idiomatic form of the source request. Omits the contextual one-speaker label 'GIRL', as in official Gen I field dialogue; the sprite and encounter retain the speaker identity.",26,dialogue_19_19
catalogue,MAIN:0x03AD43,dialogue,女孩:不要不给面子吧!,GIRL: Don't shame me!,Don't shame me!,corrected,contextual_label_omission,"Omits the contextual one-speaker label 'GIRL', as in official Gen I field dialogue; the sprite and encounter retain the speaker identity.",15,dialogue_19_19
catalogue,MAIN:0x03AD5C,dialogue,职员:这么暗你也敢来,STAFF: You braved the dark?,You braved the dark?,corrected,contextual_label_omission,"Omits the contextual one-speaker label 'STAFF', as in official Gen I field dialogue; the sprite and encounter retain the speaker identity.",24,dialogue_19_19
catalogue,MAIN:0x03AD7A,dialogue,职员:佩服你的勇气,STAFF: Brave!,I admire your courage!,corrected,natural_english+contextual_label_omission,"Turns the adjective fragment into the source's complete compliment. Omits the contextual one-speaker label 'STAFF', as in official Gen I field dialogue; the sprite and encounter retain the speaker identity.",27,dialogue_19_19
catalogue,MAIN:0x03AD8B,dialogue,职员:我的东西掉了,STAFF: I lost something.,I lost something.,corrected,contextual_label_omission,"Omits the contextual one-speaker label 'STAFF', as in official Gen I field dialogue; the sprite and encounter retain the speaker identity.",17,dialogue_19_19
catalogue,MAIN:0x03AD9E,dialogue,职员:一定要找出来,STAFF: Must find it.,I have to find it.,corrected,natural_english+contextual_label_omission,"Restores the omitted subject. Omits the contextual one-speaker label 'STAFF', as in official Gen I field dialogue; the sprite and encounter retain the speaker identity.",18,dialogue_19_19
catalogue,MAIN:0x03ADB0,dialogue,职员:我不怕黑暗,STAFF: I fear no dark.,I'm not afraid of the dark.,corrected,natural_english+contextual_label_omission,"Uses the idiomatic English expression. Omits the contextual one-speaker label 'STAFF', as in official Gen I field dialogue; the sprite and encounter retain the speaker identity.",28,dialogue_19_19
catalogue,MAIN:0x03ADC8,dialogue,职员:你也不是等闲之辈,STAFF: You're no weakling.,You're no weakling.,corrected,contextual_label_omission,"Omits the contextual one-speaker label 'STAFF', as in official Gen I field dialogue; the sprite and encounter retain the speaker identity.",19,dialogue_19_19
catalogue,MAIN:0x03ADD0,dialogue,女孩:人家好害怕哦,GIRL: I'm scared...,I'm scared...,corrected,contextual_label_omission,"Omits the contextual one-speaker label 'GIRL', as in official Gen I field dialogue; the sprite and encounter retain the speaker identity.",13,dialogue_19_19
catalogue,MAIN:0x03ADF0,dialogue,女孩:你保护我好吗?,GIRL: Protect me?,Will you protect me?,corrected,natural_english+contextual_label_omission,"Restores the auxiliary question. Omits the contextual one-speaker label 'GIRL', as in official Gen I field dialogue; the sprite and encounter retain the speaker identity.",22,dialogue_19_19
catalogue,MAIN:0x03ADFF,dialogue,大叔:你在这里干什么??,MAN: Why are you here?,Why are you here?,corrected,contextual_label_omission,"Omits the contextual one-speaker label 'MAN', as in official Gen I field dialogue; the sprite and encounter retain the speaker identity.",17,dialogue_19_19
catalogue,MAIN:0x03AE18,dialogue,"大叔:对不起,好象我管不着","MAN: Sorry, not my concern.",Sorry. It's none of my business.,corrected,natural_english+contextual_label_omission,"Uses the idiomatic expression for the source retraction. Omits the contextual one-speaker label 'MAN', as in official Gen I field dialogue; the sprite and encounter retain the speaker identity.",31,dialogue_19_19
catalogue,MAIN:0x03AE24,dialogue,职员:整天都无聊的在干活,STAFF: Dull work all day.,I do boring work all day.,corrected,natural_english+contextual_label_omission,"Restores the subject and verb. Omits the contextual one-speaker label 'STAFF', as in official Gen I field dialogue; the sprite and encounter retain the speaker identity.",27,dialogue_19_19
catalogue,MAIN:0x03AE43,dialogue,马沙:谢谢......,BILL: Thanks...,BILL: Thanks...,reviewed_no_change,full_corpus_review,"Reviewed against Chinese source, runtime role, and English style; no certain change required.",15,dialogue_19_19
catalogue,MAIN:0x03AE51,dialogue,名人:......,MASTER: ...,...,corrected,contextual_label_omission,"Omits the contextual one-speaker label 'MASTER', as in official Gen I field dialogue; the sprite and encounter retain the speaker identity.",3,dialogue_19_19
catalogue,MAIN:0x03B058,dialogue,职员:明天该轻松了吧,STAFF: Easier tomorrow?,"Tomorrow will be easier, right?",corrected,natural_english+contextual_label_omission,"Restores the complete tag question. Omits the contextual one-speaker label 'STAFF', as in official Gen I field dialogue; the sprite and encounter retain the speaker identity.",33,dialogue_19_19
catalogue,MAIN:0x03B068,dialogue,女孩:你可别乱摸我哦,GIRL: Hands off!,Hands off!,corrected,contextual_label_omission,"Omits the contextual one-speaker label 'GIRL', as in official Gen I field dialogue; the sprite and encounter retain the speaker identity.",10,dialogue_19_19
catalogue,MAIN:0x03B08A,dialogue,女孩:都叫你别乱摸了!!,GIRL: I said hands off!,I said hands off!,corrected,contextual_label_omission,"Omits the contextual one-speaker label 'GIRL', as in official Gen I field dialogue; the sprite and encounter retain the speaker identity.",17,dialogue_19_19
catalogue,MAIN:0x03B09D,dialogue,大叔:山里才能锻炼身体,MAN: Only mountains build strength!,Only mountains build strength!,corrected,contextual_label_omission,"Omits the contextual one-speaker label 'MAN', as in official Gen I field dialogue; the sprite and encounter retain the speaker identity.",34,dialogue_19_19
catalogue,MAIN:0x03B0B0,dialogue,大叔:果然是这样,MAN: As I thought.,As I thought.,corrected,contextual_label_omission,"Omits the contextual one-speaker label 'MAN', as in official Gen I field dialogue; the sprite and encounter retain the speaker identity.",13,dialogue_19_19
catalogue,MAIN:0x03B0BB,dialogue,女孩:我想找个男朋友,GIRL: Seeking a boyfriend.,I'm looking for a boyfriend.,corrected,natural_english+contextual_label_omission,"Restores the omitted subject and verb. Omits the contextual one-speaker label 'GIRL', as in official Gen I field dialogue; the sprite and encounter retain the speaker identity.",29,dialogue_19_19
catalogue,MAIN:0x03B0CB,dialogue,"女孩:你呀,不合我胃口!",GIRL: You're not my type!,You're not my type!,corrected,contextual_label_omission,"Omits the contextual one-speaker label 'GIRL', as in official Gen I field dialogue; the sprite and encounter retain the speaker identity.",19,dialogue_19_19
catalogue,MAIN:0x03B0DF,dialogue,大叔:你想知道吗,MAN: Want to know?,Want to know?,corrected,contextual_label_omission,"Omits the contextual one-speaker label 'MAN', as in official Gen I field dialogue; the sprite and encounter retain the speaker identity.",13,dialogue_19_19
catalogue,MAIN:0x03B0FB,dialogue,大叔:精灵会随着等级提高而进化的!,MAN: Pokémon evolve with levels!,Pokémon evolve as they level up!,corrected,natural_english+contextual_label_omission,"Uses official natural level-up terminology. Omits the contextual one-speaker label 'MAN', as in official Gen I field dialogue; the sprite and encounter retain the speaker identity.",33,dialogue_19_19
catalogue,MAIN:0x03B117,dialogue,大叔:我觉得石头类的精灵是最强的!,MAN: Rock Pokémon are strongest!,I think Rock Pokémon are the strongest!,corrected,natural_english+contextual_label_omission,"Restores the source opinion frame and article. Omits the contextual one-speaker label 'MAN', as in official Gen I field dialogue; the sprite and encounter retain the speaker identity.",48,dialogue_19_19
catalogue,MAIN:0x03B132,dialogue,大叔:我想错了吗?,MAN: Was I wrong?,Was I wrong?,corrected,contextual_label_omission,"Omits the contextual one-speaker label 'MAN', as in official Gen I field dialogue; the sprite and encounter retain the speaker identity.",12,dialogue_19_19
catalogue,MAIN:0x03B144,dialogue,男孩:刚和女朋友分手了,BOY: Just split with my girlfriend.,I just broke up with my girlfriend.,corrected,natural_english+contextual_label_omission,"Restores the omitted subject and idiomatic verb. Omits the contextual one-speaker label 'BOY', as in official Gen I field dialogue; the sprite and encounter retain the speaker identity.",38,dialogue_19_19
catalogue,MAIN:0x03B160,dialogue,男孩:心情不好,BOY: I'm upset.,I'm upset.,corrected,contextual_label_omission,"Omits the contextual one-speaker label 'BOY', as in official Gen I field dialogue; the sprite and encounter retain the speaker identity.",10,dialogue_19_19
catalogue,MAIN:0x03B174,dialogue,男孩:你碰到我了,BOY: You bumped me!,You bumped me!,corrected,contextual_label_omission,"Omits the contextual one-speaker label 'BOY', as in official Gen I field dialogue; the sprite and encounter retain the speaker identity.",14,dialogue_19_19
catalogue,MAIN:0x03B188,dialogue,"我终于明白了好好照顾宠物精灵,妙蛙种子很有精神,其实精灵也在找训练师,你能不能帮我照顾这只妙蛙种子呢?",I learned to care for Pokémon. Bulbasaur is thriving and seeks a Trainer. Will you care for it?,I learned to care for Pokémon. Bulbasaur is thriving and seeks a Trainer. Will you care for it?,reviewed_no_change,full_corpus_review,"Reviewed against Chinese source, runtime role, and English style; no certain change required.",107,dialogue_19_19
catalogue,MAIN:0x03B1E7,dialogue,是吗?那真是太可惜了...,Oh? What a pity...,Oh? What a pity...,reviewed_no_change,full_corpus_review,"Reviewed against Chinese source, runtime role, and English style; no certain change required.",18,dialogue_19_19
catalogue,MAIN:0x03B1FF,dialogue,那拜托你了!,Please take good care of Bulbasaur!,Please take good care of Bulbasaur!,reviewed_no_change,full_corpus_review,"Reviewed against Chinese source, runtime role, and English style; no certain change required.",37,dialogue_19_19
catalogue,MAIN:0x03B20E,dialogue,得到妙蛙种子,Got Bulbasaur!,Got Bulbasaur!,reviewed_no_change,full_corpus_review,"Reviewed against Chinese source, runtime role, and English style; no certain change required.",14,dialogue_19_19
catalogue,MAIN:0x03B21F,dialogue,"男孩:是误会,对不起",BOY: Mistake. Sorry.,It was a mistake. Sorry.,corrected,natural_english+contextual_label_omission,"Turns the noun fragment into a sentence. Omits the contextual one-speaker label 'BOY', as in official Gen I field dialogue; the sprite and encounter retain the speaker identity.",25,dialogue_19_19
catalogue,MAIN:0x03B233,dialogue,大叔:别乱走动,MAN: Don't wander.,Don't wander.,corrected,contextual_label_omission,"Omits the contextual one-speaker label 'MAN', as in official Gen I field dialogue; the sprite and encounter retain the speaker identity.",13,dialogue_19_19
catalogue,MAIN:0x03B244,dialogue,"大叔:小心山塌下来,我们都完了",MAN: Careful! A cave-in dooms us!,"Careful! If it caves in, we're done for!",corrected,natural_english+contextual_label_omission,"Uses a natural conditional rather than the noun 'cave-in' as agent. Omits the contextual one-speaker label 'MAN', as in official Gen I field dialogue; the sprite and encounter retain the speaker identity.",47,dialogue_19_19
catalogue,MAIN:0x03B257,dialogue,大叔:你好!,MAN: Hello!,Hello!,corrected,contextual_label_omission,"Omits the contextual one-speaker label 'MAN', as in official Gen I field dialogue; the sprite and encounter retain the speaker identity.",6,dialogue_19_19
catalogue,MAIN:0x03B267,dialogue,大叔:认识你很高兴,MAN: Glad we met.,I'm glad we met.,corrected,natural_english+contextual_label_omission,"Restores the omitted subject and copula. Omits the contextual one-speaker label 'MAN', as in official Gen I field dialogue; the sprite and encounter retain the speaker identity.",16,dialogue_19_19
catalogue,MAIN:0x03B283,dialogue,谈判小子:和你没得商量!,YNGSTR: No deal!,No deal!,corrected,contextual_label_omission,"Omits the contextual one-speaker label 'YOUNGSTER', as in official Gen I field dialogue; the sprite and encounter retain the speaker identity.",8,dialogue_19_19
catalogue,MAIN:0x03B29B,dialogue,谈判小子:你想说什么都可以,YNGSTR: Say all you want.,Say all you want.,corrected,contextual_label_omission,"Omits the contextual one-speaker label 'YOUNGSTER', as in official Gen I field dialogue; the sprite and encounter retain the speaker identity.",17,dialogue_19_19
catalogue,MAIN:0x03B2AE,dialogue,女孩:我最爱打人了,GIRL: I love to hit people!,I love to hit people!,corrected,contextual_label_omission,"Omits the contextual one-speaker label 'GIRL', as in official Gen I field dialogue; the sprite and encounter retain the speaker identity.",26,dialogue_19_19
catalogue,MAIN:0x03B2C2,dialogue,女孩:我下次不敢了...,GIRL: Won't do it again...,I won't do it again...,corrected,natural_english+contextual_label_omission,"Restores the omitted subject. Omits the contextual one-speaker label 'GIRL', as in official Gen I field dialogue; the sprite and encounter retain the speaker identity.",27,dialogue_19_19
catalogue,MAIN:0x03B2D4,dialogue,叔叔:你想知道我的厉害吗?,MAN: Want to see my power?,Want to see my power?,corrected,contextual_label_omission,"Omits the contextual one-speaker label 'MAN', as in official Gen I field dialogue; the sprite and encounter retain the speaker identity.",25,dialogue_19_19
catalogue,MAIN:0x03B2E4,dialogue,叔叔:我知道你的厉害了...,MAN: Now I know your power...,Now I know your power...,corrected,contextual_label_omission,"Omits the contextual one-speaker label 'MAN', as in official Gen I field dialogue; the sprite and encounter retain the speaker identity.",27,dialogue_19_19
catalogue,MAIN:0x03B2F8,dialogue,叔叔:我的防御力是最强的,MAN: My Defense is supreme!,My Defense is supreme!,corrected,contextual_label_omission,"Omits the contextual one-speaker label 'MAN', as in official Gen I field dialogue; the sprite and encounter retain the speaker identity.",27,dialogue_19_19
catalogue,MAIN:0x03B310,dialogue,叔叔:这么强的防御你都破了??,MAN: You broke my great Defense?!,You broke my great Defense?!,corrected,contextual_label_omission,"Omits the contextual one-speaker label 'MAN', as in official Gen I field dialogue; the sprite and encounter retain the speaker identity.",28,dialogue_19_19
catalogue,MAIN:0x03B329,dialogue,男孩:奇怪?吉野老人不在跑哪去了?,BOY: Odd... Where is Mr. Fuji?,Odd... Where is Mr. Fuji?,corrected,contextual_label_omission,"Omits the contextual one-speaker label 'BOY', as in official Gen I field dialogue; the sprite and encounter retain the speaker identity.",24,dialogue_19_19
catalogue,MAIN:0x03B34F,dialogue,"女孩:这里是吉野老爷爷的家,他人很好哦,照顾那些被丢弃回不了家的精灵们",GIRL: This is kind Mr. Fuji's home. He cares for abandoned Pokémon unable to go home.,This is kind Mr. Fuji's home. He cares for abandoned Pokémon unable to go home.,corrected,contextual_label_omission,"Omits the contextual one-speaker label 'GIRL', as in official Gen I field dialogue; the sprite and encounter retain the speaker identity.",84,dialogue_19_19
catalogue,MAIN:0x03B390,dialogue,商人:火箭队的混蛋们为了钱什么都干的出来,TRADER: Team Rocket scum do anything for money!,Team Rocket scum do anything for money!,corrected,contextual_label_omission,"Omits the contextual one-speaker label 'TRADER', as in official Gen I field dialogue; the sprite and encounter retain the speaker identity.",38,dialogue_19_19
catalogue,MAIN:0x03B3C2,dialogue,修女:幽灵塔是为了安慰死去的精灵之灵而盖的,NUN: Pokémon Tower: built to calm dead Pokémon spirits.,Pokémon Tower was built to soothe the spirits of dead Pokémon.,corrected,natural_english+contextual_label_omission,"Turns a colon-fragment into a complete source-faithful sentence. Omits the contextual one-speaker label 'NUN', as in official Gen I field dialogue; the sprite and encounter retain the speaker identity.",65,dialogue_19_19
catalogue,MAIN:0x03B3DF,dialogue,女孩:你居然能找到这里?,GIRL: You made it here?,You made it here?,corrected,contextual_label_omission,"Omits the contextual one-speaker label 'GIRL', as in official Gen I field dialogue; the sprite and encounter retain the speaker identity.",17,dialogue_19_19
catalogue,MAIN:0x03B3EB,dialogue,女孩:我也是听说附近出现了传说中的精灵才来的,"GIRL: Heard a nearby Legendary appeared, so I came too.","I heard a Legendary Pokémon was seen nearby, so I came too.",corrected,natural_english+contextual_label_omission,"Restores the omitted subject and uses natural sighting language. Omits the contextual one-speaker label 'GIRL', as in official Gen I field dialogue; the sprite and encounter retain the speaker identity.",61,dialogue_19_19
catalogue,MAIN:0x03B418,dialogue,闪电鸟:......,ZAPDOS: ...,ZAPDOS: ...,reviewed_no_change,full_corpus_review,"Reviewed against Chinese source, runtime role, and English style; no certain change required.",10,dialogue_19_19
catalogue,MAIN:0x03B427,dialogue,修女:我是祈祷师!我感觉到上面有迷凸的灵魂...,CHANNELER: I sense a lost soul upstairs...,I sense a lost soul upstairs...,corrected,contextual_label_omission,"Omits the contextual one-speaker label 'CHANNELER', as in official Gen I field dialogue; the sprite and encounter retain the speaker identity.",30,dialogue_19_19
catalogue,MAIN:0x03B44A,dialogue,女孩:对已死去的皮皮一直无法忘怀...糟糕又哭了...,GIRL: I can't forget my dead Clefairy... Sniff! Still crying...,"I can't forget my dead Clefairy... Oh no, I'm crying again...",corrected,natural_english+contextual_label_omission,"Restores the source's renewed crying as a natural reaction. Omits the contextual one-speaker label 'GIRL', as in official Gen I field dialogue; the sprite and encounter retain the speaker identity.",65,dialogue_19_19
catalogue,MAIN:0x03B47A,dialogue,女孩:你也是来参拜的吗?真是一位对精灵用情很深的男孩,GIRL: Mourning too? A boy devoted to Pokémon!,Are you here to mourn too? You really care about Pokémon!,corrected,natural_english+contextual_label_omission,"Replaces two clipped fragments with complete clauses. Omits the contextual one-speaker label 'GIRL', as in official Gen I field dialogue; the sprite and encounter retain the speaker identity.",65,dialogue_19_19
catalogue,MAIN:0x03B4B9,dialogue,"小茂:小智?你怎么也到这里来了,你的精灵死了吗?混蛋不是还活着吗!!小心我把你打的不能站起来!",GARY: Ash? Why are you here? Your Pokémon aren't dead! I can at least knock them flat! Let's go!,GARY: Ash? Why are you here? Your Pokémon aren't dead! I can at least knock them flat! Let's go!,reviewed_no_change,full_corpus_review,"Reviewed against Chinese source, runtime role, and English style; no certain change required.",110,dialogue_19_19
catalogue,MAIN:0x03B516,dialogue,"小茂:王八蛋!你对我这么狠!枉我对你这么手下留情!!对了,宠物精灵图鉴怎样了?我发现可拉可拉了但没有发现进化后的嘎拉嘎拉!在这附近一定没有那我要走了!我和你不同我可是个大忙人啊...再见了","GARY: Jerk! I went easy; you hit hard! Pokédex? I found Cubone, no evolved Marowak. None here, so I leave. Busy, unlike you... Bye!","GARY: Jerk! I went easy on you, but you didn't hold back! How's your Pokédex? I caught a Cubone, but I haven't found its evolved form, Marowak. It must not be around here, so I'm leaving. Unlike you, I'm busy... See ya!",corrected,natural_english,Replaces the clipped rival speech with complete clauses while retaining every source beat.,243,dialogue_19_19
catalogue,MAIN:0x03B592,dialogue,修女:我们也不知道幽灵的真正身份...如果有幽灵眼镜的话说不定就能知道了...,NUN: Ghosts' true forms elude us. A Silph Scope may reveal them...,Ghosts' true forms elude us. A Silph Scope may reveal them...,corrected,contextual_label_omission,"Omits the contextual one-speaker label 'NUN', as in official Gen I field dialogue; the sprite and encounter retain the speaker identity.",64,dialogue_19_19
catalogue,MAIN:0x03B5C8,dialogue,上面阴森森的...精灵们都很害怕...,Upstairs is eerie; all Pokémon fear it...,Upstairs is eerie; all Pokémon fear it...,reviewed_no_change,full_corpus_review,"Reviewed against Chinese source, runtime role, and English style; no certain change required.",43,dialogue_19_19
catalogue,MAIN:0x03B5E8,dialogue,少年:知道毒的恐怖吗?,BOY: Know poison's terror?,Do you know how terrifying poison is?,corrected,natural_english+contextual_label_omission,"Restores the complete idiomatic question. Omits the contextual one-speaker label 'BOY', as in official Gen I field dialogue; the sprite and encounter retain the speaker identity.",41,dialogue_19_19
catalogue,MAIN:0x03B604,dialogue,少年:他会让你的体力慢慢减少的,BOY: It slowly drains your HP.,It slowly drains your HP.,corrected,contextual_label_omission,"Omits the contextual one-speaker label 'BOY', as in official Gen I field dialogue; the sprite and encounter retain the speaker identity.",27,dialogue_19_19
catalogue,MAIN:0x03B621,dialogue,迷你裙:怎么又见到你了?,LASS: You again?,You again?,corrected,contextual_label_omission,"Omits the contextual one-speaker label 'LASS', as in official Gen I field dialogue; the sprite and encounter retain the speaker identity.",10,dialogue_19_19
catalogue,MAIN:0x03B631,dialogue,迷你裙:你真是阴魂不散啊,LASS: You haunt me!,You haunt me!,corrected,contextual_label_omission,"Omits the contextual one-speaker label 'LASS', as in official Gen I field dialogue; the sprite and encounter retain the speaker identity.",13,dialogue_19_19
catalogue,MAIN:0x03B64D,dialogue,迷你裙:我爱喵喵...喵,LASS: I love Meowth... Meow!,I love Meowth... Meow!,corrected,contextual_label_omission,"Omits the contextual one-speaker label 'LASS', as in official Gen I field dialogue; the sprite and encounter retain the speaker identity.",24,dialogue_19_19
catalogue,MAIN:0x03B666,dialogue,迷你裙:招财猫能带来好运!,LASS: Meowth brings luck!,Meowth brings luck!,corrected,contextual_label_omission,"Omits the contextual one-speaker label 'LASS', as in official Gen I field dialogue; the sprite and encounter retain the speaker identity.",19,dialogue_19_19
catalogue,MAIN:0x03B687,dialogue,迷你裙:普通的精灵才不普通,LASS: Ordinary Pokémon aren't ordinary!,Even ordinary Pokémon can be extraordinary!,corrected,natural_english+contextual_label_omission,"Preserves the source wordplay in natural English. Omits the contextual one-speaker label 'LASS', as in official Gen I field dialogue; the sprite and encounter retain the speaker identity.",52,dialogue_19_19
catalogue,MAIN:0x03B6B3,dialogue,迷你裙:像你这种普通的训练师训练的精灵一定普通!,"LASS: Plain Trainer, you train plain Pokémon!",A plain Trainer like you must train plain Pokémon!,corrected,natural_english+contextual_label_omission,"Repairs the malformed vocative while preserving the insult. Omits the contextual one-speaker label 'LASS', as in official Gen I field dialogue; the sprite and encounter retain the speaker identity.",52,dialogue_19_19
catalogue,MAIN:0x03B6D9,dialogue,职员:今天运气不好,STAFF: Unlucky day.,Today's not my day.,corrected,natural_english+contextual_label_omission,"Uses an idiomatic unlucky-day expression. Omits the contextual one-speaker label 'STAFF', as in official Gen I field dialogue; the sprite and encounter retain the speaker identity.",19,dialogue_19_19
catalogue,MAIN:0x03B6F4,dialogue,职员:真是运气不好啊,STAFF: Awful luck...,Awful luck...,corrected,contextual_label_omission,"Omits the contextual one-speaker label 'STAFF', as in official Gen I field dialogue; the sprite and encounter retain the speaker identity.",13,dialogue_19_19
catalogue,MAIN:0x03B716,dialogue,老爷爷:我还年轻呢,ELDER: I'm still young!,I'm still young!,corrected,contextual_label_omission,"Omits the contextual one-speaker label 'ELDER', as in official Gen I field dialogue; the sprite and encounter retain the speaker identity.",16,dialogue_19_19
catalogue,MAIN:0x03B739,dialogue,老爷爷:如何?看到我的活力了吧!,ELDER: See my vigor?,Look how energetic I am!,corrected,natural_english+contextual_label_omission,"Uses a natural rendering of the vigor boast. Omits the contextual one-speaker label 'ELDER', as in official Gen I field dialogue; the sprite and encounter retain the speaker identity.",24,dialogue_19_19
catalogue,MAIN:0x03B754,dialogue,职员:我无法忍受我的臭泥军团,STAFF: Can't stand my Grimer army!,I can't stand my Grimer army!,corrected,natural_english+contextual_label_omission,"Restores the omitted subject. Omits the contextual one-speaker label 'STAFF', as in official Gen I field dialogue; the sprite and encounter retain the speaker identity.",31,dialogue_19_19
catalogue,MAIN:0x03B770,dialogue,职员:谢谢你帮我教训了这堆臭泥军团!,STAFF: Thanks for beating my Grimer army!,Thanks for beating my Grimer army!,corrected,contextual_label_omission,"Omits the contextual one-speaker label 'STAFF', as in official Gen I field dialogue; the sprite and encounter retain the speaker identity.",34,dialogue_19_19
catalogue,MAIN:0x03B77E,dialogue,老爷爷:火焰是最美的,ELDER: Fire is most beautiful.,Nothing is more beautiful than fire.,corrected,natural_english+contextual_label_omission,"Restores the superlative as a complete sentence. Omits the contextual one-speaker label 'ELDER', as in official Gen I field dialogue; the sprite and encounter retain the speaker identity.",43,dialogue_19_19
catalogue,MAIN:0x03B792,dialogue,老爷爷:有点过火了...,ELDER: Too much fire...,That was too much fire...,corrected,natural_english+contextual_label_omission,"Turns the noun fragment into a natural battle reaction. Omits the contextual one-speaker label 'ELDER', as in official Gen I field dialogue; the sprite and encounter retain the speaker identity.",26,dialogue_19_19
catalogue,MAIN:0x03B7A1,dialogue,迷你裙:看看我的皮皮吧,LASS: Look at my Clefairy!,Look at my Clefairy!,corrected,contextual_label_omission,"Omits the contextual one-speaker label 'LASS', as in official Gen I field dialogue; the sprite and encounter retain the speaker identity.",28,dialogue_19_19
catalogue,MAIN:0x03B7B5,dialogue,迷你裙:你没被吹眠吧...,LASS: Not hypnotized?,You weren't hypnotized?,corrected,natural_english+contextual_label_omission,"Restores the omitted subject. Omits the contextual one-speaker label 'LASS', as in official Gen I field dialogue; the sprite and encounter retain the speaker identity.",30,dialogue_19_19
catalogue,MAIN:0x03B7C8,dialogue,"裁判:哈哈哈,这个道馆好啊,都是女生!",GUIDE: Heheh! This Gym is great! It's full of women!,Heheh! This Gym is great! It's full of women!,corrected,contextual_label_omission,"Omits the contextual one-speaker label 'GUIDE', as in official Gen I field dialogue; the sprite and encounter retain the speaker identity.",44,dialogue_19_19
catalogue,MAIN:0x03B7E8,dialogue,水手:你一定会被佳丽亚打败的!,SAILOR: Erika will beat you!,Erika will beat you!,corrected,contextual_label_omission,"Omits the contextual one-speaker label 'SAILOR', as in official Gen I field dialogue; the sprite and encounter retain the speaker identity.",23,dialogue_19_19
catalogue,MAIN:0x03B7F5,dialogue,"女孩:可拉可拉的妈妈就是在逃出来的时候被火箭队杀了,我也看到了!",GIRL: Saw Team Rocket kill Cubone's fleeing mom!,I saw Team Rocket kill Cubone's mother as she fled!,corrected,natural_english+contextual_label_omission,"Restores the witness subject and the mother's flight. Omits the contextual one-speaker label 'GIRL', as in official Gen I field dialogue; the sprite and encounter retain the speaker identity.",57,dialogue_19_19
catalogue,MAIN:0x03B835,dialogue,女生:喂!这里是只有女孩才能进入的!,GIRL: Hey! Girls only in here!,Hey! Only girls are allowed in here!,corrected,natural_english+contextual_label_omission,"Restores the complete access rule. Omits the contextual one-speaker label 'GIRL', as in official Gen I field dialogue; the sprite and encounter retain the speaker identity.",35,dialogue_19_19
catalogue,MAIN:0x03B851,dialogue,大姐姐:呀!这里都是女人真是无聊死了!,WOMAN: Only women... I'm bored stiff!,Only women... I'm bored stiff!,corrected,contextual_label_omission,"Omits the contextual one-speaker label 'WOMAN', as in official Gen I field dialogue; the sprite and encounter retain the speaker identity.",31,dialogue_19_19
catalogue,MAIN:0x03B865,dialogue,大姐姐:真无聊,WOMAN: So boring...,So boring...,corrected,contextual_label_omission,"Omits the contextual one-speaker label 'WOMAN', as in official Gen I field dialogue; the sprite and encounter retain the speaker identity.",12,dialogue_19_19
catalogue,MAIN:0x03B870,dialogue,"大姐姐:看,这是我的宠物精灵!草系的好处就是养起来很轻松!",WOMAN: See mine! Grass Pokémon are easy to raise.,Look at my Pokémon! Grass-types are easy to raise.,corrected,natural_english+contextual_label_omission,"Restores the object and natural type wording. Omits the contextual one-speaker label 'WOMAN', as in official Gen I field dialogue; the sprite and encounter retain the speaker identity.",52,dialogue_19_19
catalogue,MAIN:0x03B892,dialogue,大姐姐:你真强,WOMAN: So strong!,So strong!,corrected,contextual_label_omission,"Omits the contextual one-speaker label 'WOMAN', as in official Gen I field dialogue; the sprite and encounter retain the speaker identity.",10,dialogue_19_19
catalogue,MAIN:0x03B8B9,dialogue,女孩:你在看我!?,GIRL: Watching me?!,Watching me?!,corrected,contextual_label_omission,"Omits the contextual one-speaker label 'GIRL', as in official Gen I field dialogue; the sprite and encounter retain the speaker identity.",13,dialogue_19_19
catalogue,MAIN:0x03B8D8,dialogue,女孩:你真的没有偷看吗?最近有很多这种人哦!,GIRL: Didn't peek? Many like you came lately!,You weren't peeking? Many people like you come here!,corrected,natural_english+contextual_label_omission,"Restores subjects in both clauses. Omits the contextual one-speaker label 'GIRL', as in official Gen I field dialogue; the sprite and encounter retain the speaker identity.",67,dialogue_19_19
catalogue,MAIN:0x03B8F9,dialogue,"迷你裙:喂,虫系和火系的精灵别带到这里来!",LASS: Bring no Bug or Fire Pokémon!,Don't bring Bug- or Fire-type Pokémon here!,corrected,natural_english+contextual_label_omission,"Uses grammatical compound type modifiers. Omits the contextual one-speaker label 'LASS', as in official Gen I field dialogue; the sprite and encounter retain the speaker identity.",43,dialogue_19_19
catalogue,MAIN:0x03B919,dialogue,迷你裙:就是它!,LASS: That's it!,That's it!,corrected,contextual_label_omission,"Omits the contextual one-speaker label 'LASS', as in official Gen I field dialogue; the sprite and encounter retain the speaker identity.",10,dialogue_19_19
catalogue,MAIN:0x03B938,dialogue,女孩:欢迎来到彩虹道场!不要以为这里都是女孩子就大意了喔!,GIRL: Welcome to Celadon Gym! Don't underrate us girls!,Welcome to Celadon Gym! Don't underrate us girls!,corrected,contextual_label_omission,"Omits the contextual one-speaker label 'GIRL', as in official Gen I field dialogue; the sprite and encounter retain the speaker identity.",57,dialogue_19_19
catalogue,MAIN:0x03B95F,dialogue,女孩:还蛮行的!,GIRL: Not bad!,Not bad!,corrected,contextual_label_omission,"Omits the contextual one-speaker label 'GIRL', as in official Gen I field dialogue; the sprite and encounter retain the speaker identity.",8,dialogue_19_19
catalogue,MAIN:0x03B968,dialogue,大姐姐:你的兴趣是?,WOMAN: What do you like?,What's your hobby?,corrected,natural_english+contextual_label_omission,"Translates the source question precisely. Omits the contextual one-speaker label 'WOMAN', as in official Gen I field dialogue; the sprite and encounter retain the speaker identity.",18,dialogue_19_19
catalogue,MAIN:0x03B97A,dialogue,大姐姐:下个礼拜要相亲...,WOMAN: Blind date next week...,I have a blind date next week...,corrected,natural_english+contextual_label_omission,"Restores the omitted subject and verb. Omits the contextual one-speaker label 'WOMAN', as in official Gen I field dialogue; the sprite and encounter retain the speaker identity.",31,dialogue_19_19
catalogue,MAIN:0x03B993,dialogue,"佳丽亚:今天天气真好!欢迎光临我是彩虹道场的佳丽亚!兴趣是插花哎呀!讨厌,你是来比赛的吗?我是不会输的!",ERIKA: Lovely weather! Welcome to Celadon Gym. I arrange flowers. A battle? Annoying! I won't lose!,"ERIKA: What lovely weather! Welcome to Celadon Gym. I'm Erika, and I enjoy flower arranging. Oh! You're here for a battle? How annoying! I won't lose!",corrected,natural_english,Uses complete official-scene clauses without dropping the source hobby or reaction.,157,dialogue_19_19
catalogue,MAIN:0x03B9F1,dialogue,"佳丽亚:真是强啊!这个彩虹徽章就奉送给您吧,有了这个徽章就能使用怪力术了!",ERIKA: Remarkably strong! Take the Rainbow Badge. It lets you use Strength!,ERIKA: You're very strong! Please take the Rainbow Badge. It lets you use Strength!,corrected,natural_english,Restores the compliment's subject and a natural award formula.,85,dialogue_19_19
catalogue,MAIN:0x03BA58,dialogue,阿姨:我是从枯叶市来的,WOMAN: I'm from Vermilion City.,I'm from Vermilion City.,corrected,contextual_label_omission,"Omits the contextual one-speaker label 'WOMAN', as in official Gen I field dialogue; the sprite and encounter retain the speaker identity.",24,dialogue_19_19
catalogue,MAIN:0x03BA87,dialogue,大叔:宠物精灵之笛之所以可以叫醒睡着的宠物精灵是因为它可以发出人听不到的特殊声音,MAN: Poké Flute's special sound wakes sleeping Pokémon; people can't hear it.,The Poké Flute makes a special sound people can't hear. It wakes sleeping Pokémon.,corrected,natural_english+contextual_label_omission,"Splits an overloaded semicolon into two natural source-faithful sentences. Omits the contextual one-speaker label 'MAN', as in official Gen I field dialogue; the sprite and encounter retain the speaker identity.",93,dialogue_19_19
catalogue,MAIN:0x03BAB6,dialogue,"蓓蓓:没有我不知道的事,就连电玩里的世界也一样!这只依布就送给你吧!","BEIBEI: I know all, even games! This Eevee is yours!","BEIBEI: I know everything, even the world inside games! This Eevee is yours!",corrected,natural_english,Replaces the unidiomatic 'I know all' while preserving the creator cameo.,85,dialogue_19_19
catalogue,MAIN:0x03BAF9,dialogue,啊?在海报的后面有秘密按钮!按按看吧!,Hey! A switch behind the poster!? Let's push it!,Hey! A switch behind the poster!? Let's push it!,reviewed_no_change,full_corpus_review,"Reviewed against Chinese source, runtime role, and English style; no certain change required.",52,dialogue_19_19
catalogue,MAIN:0x03BB1B,dialogue,火箭队:你是什么人?如何进到这里来的?,ROCKET: Who are you? How'd you get in?,Who are you? How'd you get in?,corrected,contextual_label_omission,"Omits the contextual one-speaker label 'ROCKET', as in official Gen I field dialogue; the sprite and encounter retain the speaker identity.",30,dialogue_19_19
catalogue,MAIN:0x03BB39,dialogue,火箭队:可恶...你竟然小看我们火箭队!,ROCKET: You dared underestimate us!,You dared underestimate us!,corrected,contextual_label_omission,"Omits the contextual one-speaker label 'ROCKET', as in official Gen I field dialogue; the sprite and encounter retain the speaker identity.",36,dialogue_19_19
catalogue,MAIN:0x03BB57,dialogue,火箭队:悄悄潜入火箭队的是什么家伙?,ROCKET: Who are you? How did you get here?,Who are you? How did you get here?,corrected,contextual_label_omission,"Omits the contextual one-speaker label 'ROCKET', as in official Gen I field dialogue; the sprite and encounter retain the speaker identity.",36,dialogue_19_19
catalogue,MAIN:0x03BB79,dialogue,火箭队:混蛋别想轻松的向前进!,ROCKET: Punk! You won't get far!,Punk! You won't get far!,corrected,contextual_label_omission,"Omits the contextual one-speaker label 'ROCKET', as in official Gen I field dialogue; the sprite and encounter retain the speaker identity.",23,dialogue_19_19
catalogue,MAIN:0x03BB86,dialogue,火箭队:老大说过使用精灵眼镜可看到平时看不到的幽灵...,ROCKET: Boss says Silph Scope reveals unseen ghosts...,Boss says Silph Scope reveals unseen ghosts...,corrected,contextual_label_omission,"Omits the contextual one-speaker label 'ROCKET', as in official Gen I field dialogue; the sprite and encounter retain the speaker identity.",54,dialogue_19_19
catalogue,MAIN:0x03BBB2,dialogue,火箭队:你太嚣张了!!,ROCKET: You're too cocky!,You're too cocky!,corrected,contextual_label_omission,"Omits the contextual one-speaker label 'ROCKET', as in official Gen I field dialogue; the sprite and encounter retain the speaker identity.",17,dialogue_19_19
catalogue,MAIN:0x03BBBF,dialogue,火箭队:你到这里的目的是什么,ROCKET: Why are you here?,Why are you here?,corrected,contextual_label_omission,"Omits the contextual one-speaker label 'ROCKET', as in official Gen I field dialogue; the sprite and encounter retain the speaker identity.",17,dialogue_19_19
catalogue,MAIN:0x03BBCE,dialogue,"火箭队:我明白了,请走好",ROCKET: I see. Farewell.,I see. Farewell.,corrected,contextual_label_omission,"Omits the contextual one-speaker label 'ROCKET', as in official Gen I field dialogue; the sprite and encounter retain the speaker identity.",16,dialogue_19_19
catalogue,MAIN:0x03BBFA,dialogue,火箭队:发现侵入者!,ROCKET: Intruder alert!,Intruder alert!,corrected,contextual_label_omission,"Omits the contextual one-speaker label 'ROCKET', as in official Gen I field dialogue; the sprite and encounter retain the speaker identity.",15,dialogue_19_19
catalogue,MAIN:0x03BC0A,dialogue,火箭队:在找精灵眼镜吗?我不知道,ROCKET: Silph Scope? I don't know where it is!,Silph Scope? I don't know where it is!,corrected,contextual_label_omission,"Omits the contextual one-speaker label 'ROCKET', as in official Gen I field dialogue; the sprite and encounter retain the speaker identity.",41,dialogue_19_19
catalogue,MAIN:0x03BC31,dialogue,火箭队:跟火箭队作对没有前途的!,ROCKET: Oppose us? You'll get nowhere!,"If you oppose Team Rocket, you'll get nowhere!",corrected,natural_english+contextual_label_omission,"Restores the complete source conditional. Omits the contextual one-speaker label 'ROCKET', as in official Gen I field dialogue; the sprite and encounter retain the speaker identity.",46,dialogue_19_19
catalogue,MAIN:0x03BC4C,dialogue,火箭队:精灵眼镜不就是老大在南晶开发部中偷的东西!,ROCKET: Boss stole Silph Scope from Nanjing Tech!,Boss stole Silph Scope from Nanjing Tech!,corrected,contextual_label_omission,"Omits the contextual one-speaker label 'ROCKET', as in official Gen I field dialogue; the sprite and encounter retain the speaker identity.",43,dialogue_19_19
catalogue,MAIN:0x03BC5A,dialogue,大姐头:来的正好!,ROCKET WOMAN: Just in time!,Just in time!,corrected,contextual_label_omission,"Omits the contextual one-speaker label 'ROCKET WOMAN', as in official Gen I field dialogue; the sprite and encounter retain the speaker identity.",13,dialogue_19_19
catalogue,MAIN:0x03BC7A,dialogue,火箭队:有胆就尽管去找我们老大!!,ROCKET: Got the nerve? Find our Boss!,"If you've got the nerve, go find our Boss!",corrected,natural_english+contextual_label_omission,"Restores the conditional clause. Omits the contextual one-speaker label 'ROCKET', as in official Gen I field dialogue; the sprite and encounter retain the speaker identity.",43,dialogue_19_19
catalogue,MAIN:0x03BC9C,dialogue,火箭队:真的不知道!,ROCKET: I really don't know!,I really don't know!,corrected,contextual_label_omission,"Omits the contextual one-speaker label 'ROCKET', as in official Gen I field dialogue; the sprite and encounter retain the speaker identity.",24,dialogue_19_19
catalogue,MAIN:0x03BCA7,dialogue,"营业员:您是我们这里新开店的一百位幸运顾客,本店特别送您一支矿泉水做纪念!!",CLERK: You're customer 100 at our new store! Take Fresh Water as a souvenir!,You're customer 100 at our new store! Take Fresh Water as a souvenir!,corrected,contextual_label_omission,"Omits the contextual one-speaker label 'CLERK', as in official Gen I field dialogue; the sprite and encounter retain the speaker identity.",68,dialogue_19_19
catalogue,MAIN:0x03BCE8,dialogue,得到矿泉水,Got Fresh Water!,Got Fresh Water!,reviewed_no_change,full_corpus_review,"Reviewed against Chinese source, runtime role, and English style; no certain change required.",16,dialogue_19_19
catalogue,MAIN:0x03BCF6,dialogue,"小红:我是绘图师,画你的人就是我喔!",XIAOHONG: I'm the artist; I drew you!,XIAOHONG: I'm the artist; I drew you!,reviewed_no_change,full_corpus_review,"Reviewed against Chinese source, runtime role, and English style; no certain change required.",38,dialogue_19_19
catalogue,MAIN:0x03BD1A,dialogue,卡美优:我是写剧本的...比卡丘很可爱吧!,"KAMEIYU: Script by me... Pikachu's cute, right?","KAMEIYU: I wrote the script... Pikachu is cute, right?",corrected,natural_english,Uses a complete creator-credit sentence.,63,dialogue_19_19
catalogue,MAIN:0x03BD3F,dialogue,"魏村夫:我吗?我是程序师,多多关照!",WEI CUNFU: I'm the programmer. Hi!,WEI CUNFU: I'm the programmer. Nice to meet you!,corrected,natural_english,Replaces the vague greeting with the source's polite introduction.,47,dialogue_19_19
catalogue,MAIN:0x03BD65,dialogue,"BOSS:哎呀!我是BOSS!要集全所有的宠物精灵很难,不过好好加油吧!如果全部集全的话就去告诉卡美优吧!","BOSS: I'm BOSS! It's hard to catch all Pokémon. Keep trying, then tell Kameiyu!","I'm BOSS! It's hard to catch all Pokémon. Keep trying, then tell Kameiyu!",corrected,contextual_label_omission,"Omits the contextual one-speaker label 'BOSS', as in official Gen I field dialogue; the sprite and encounter retain the speaker identity.",84,dialogue_19_19
catalogue,MAIN:0x03BD9E,dialogue,修女:......,NUN: ...,...,corrected,contextual_label_omission,"Omits the contextual one-speaker label 'NUN', as in official Gen I field dialogue; the sprite and encounter retain the speaker identity.",3,dialogue_19_19
catalogue,MAIN:0x03BDB1,dialogue,修女:啊?我做了什么?对不起!被邪恶的力量附身而暴乱...,NUN: What did I do? Sorry! Evil possessed me; I ran wild...,What did I do? Sorry! I was possessed by an evil force...,corrected,natural_english+contextual_label_omission,"Replaces a semicolon fragment with a natural possession statement. Omits the contextual one-speaker label 'NUN', as in official Gen I field dialogue; the sprite and encounter retain the speaker identity.",70,dialogue_19_19
catalogue,MAIN:0x03BDC5,dialogue,火箭队:我什么都不知道!,ROCKET: I know nothing!,I know nothing!,corrected,contextual_label_omission,"Omits the contextual one-speaker label 'ROCKET', as in official Gen I field dialogue; the sprite and encounter retain the speaker identity.",15,dialogue_19_19
catalogue,MAIN:0x03BDDA,fixed_or_dynamic,"蓓蓓:没有我不知道的事,就连电玩里的世界也一样!这只依布就送给你吧!",BEIBEI,BEIBEI,reviewed_no_change,full_corpus_review,"Reviewed against Chinese source, runtime role, and English style; no certain change required.",6,
catalogue,MAIN:0x03BDE2,dialogue,"老大:哈哈!你真有办法能到这里!这是将世界上的宠物用来交易的火箭队总部,我就是火箭队的老大,我的名字叫沙奇!!想反抗我只有自讨苦吃",GIOVANNI: Ha! You got here! Rocket HQ trades Pokémon worldwide. I'm Boss Giovanni! Resist and suffer!,"GIOVANNI: Ha! You made it here! This is Team Rocket HQ, where we trade Pokémon worldwide. I'm Boss Giovanni! Resist me, and you'll suffer!",corrected,natural_english,Restores complete clauses in Giovanni's NJ046-specific headquarters speech.,147,dialogue_19_19
catalogue,MAIN:0x03BE0E,dialogue,"小李:被你发现了...我的事千万不要告诉任何人,这个给你拜托了!",XIAO LI: You found me... Tell no one. Please take this!,XIAO LI: You found me... Tell no one. Please take this!,reviewed_no_change,full_corpus_review,"Reviewed against Chinese source, runtime role, and English style; no certain change required.",55,dialogue_19_19
catalogue,MAIN:0x03BE50,dialogue,得到特技02飞天,Got HM02: FLY!,Got HM02: FLY!,reviewed_no_change,full_corpus_review,"Reviewed against Chinese source, runtime role, and English style; no certain change required.",14,dialogue_19_19
catalogue,MAIN:0x03BE5E,dialogue,火箭队:好大的胆子还敢到这里来捣乱!!,JAMES: How dare you! Our Boss is in a meeting!,JAMES: How dare you come here and cause trouble again!,corrected,natural_english,Removes an unsupported Boss-meeting claim and translates the Chinese Rocket threat.,52,dialogue_19_19
catalogue,MAIN:0x03BEE1,dialogue,小次郎:真是不要脸,JAMES: You're shameless!,JAMES: You're shameless!,reviewed_no_change,full_corpus_review,"Reviewed against Chinese source, runtime role, and English style; no certain change required.",29,dialogue_19_19
catalogue,MAIN:0x03BF2D,dialogue,"老大:怎...怎么可能?你相当珍惜和爱护宠物精灵啊,我是无法理解...正好我还有要事就不奉陪了!(老大隐掉)",GIOVANNI: I-impossible! You love your Pokémon. I don't get it... I have business. I'm off! (Vanishes.),GIOVANNI: I-impossible! You truly love your Pokémon. I can't understand it... I have business to attend to. I'm off! (He vanishes.),corrected,natural_english,Repairs clipped clauses while retaining the displayed source stage direction.,147,dialogue_19_19
catalogue,MAIN:0x03BFD6,dialogue,得到精灵眼镜,Got Silph Scope!,Got Silph Scope!,reviewed_no_change,full_corpus_review,"Reviewed against Chinese source, runtime role, and English style; no certain change required.",16,dialogue_19_19
catalogue,MAIN:0x03BFE7,dialogue,修女:一起诅咒吧...,NUN: Curse with me...,Join me in a curse...,corrected,natural_english+contextual_label_omission,"Uses the natural invitation syntax. Omits the contextual one-speaker label 'NUN', as in official Gen I field dialogue; the sprite and encounter retain the speaker identity.",27,dialogue_19_19
catalogue,MAIN:0x03BFF8,dialogue,修女:啊?我是怎么了?,NUN: Huh? What happened?,Huh? What happened?,corrected,contextual_label_omission,"Omits the contextual one-speaker label 'NUN', as in official Gen I field dialogue; the sprite and encounter retain the speaker identity.",19,dialogue_19_19
catalogue,MAIN:0x03C008,dialogue,修女:把灵魂交...出来!,NUN: Hand over your soul...!,Give me... your soul!,corrected,natural_english+contextual_label_omission,"Uses natural dramatic word order and punctuation. Omits the contextual one-speaker label 'NUN', as in official Gen I field dialogue; the sprite and encounter retain the speaker identity.",24,dialogue_19_19
catalogue,MAIN:0x03C01C,dialogue,修女:我是累了...,NUN: I'm tired...,I'm tired...,corrected,contextual_label_omission,"Omits the contextual one-speaker label 'NUN', as in official Gen I field dialogue; the sprite and encounter retain the speaker identity.",12,dialogue_19_19
catalogue,MAIN:0x03C02D,dialogue,神婆:呜呜...幽灵...,MEDIUM: Ooh... A ghost...,Ooh... A ghost...,corrected,contextual_label_omission,"Omits the contextual one-speaker label 'MEDIUM', as in official Gen I field dialogue; the sprite and encounter retain the speaker identity.",17,dialogue_19_19
catalogue,MAIN:0x03C035,dialogue,神婆:啊?这是...,MEDIUM: Huh? This...,Huh? This...,corrected,contextual_label_omission,"Omits the contextual one-speaker label 'MEDIUM', as in official Gen I field dialogue; the sprite and encounter retain the speaker identity.",12,dialogue_19_19
catalogue,MAIN:0x03C04F,dialogue,修女:你能赢吗?,NUN: Can you win?,Can you win?,corrected,contextual_label_omission,"Omits the contextual one-speaker label 'NUN', as in official Gen I field dialogue; the sprite and encounter retain the speaker identity.",12,dialogue_19_19
catalogue,MAIN:0x03C059,dialogue,修女:啊?我是怎么了?,NUN: Huh? What happened?,Huh? What happened?,corrected,contextual_label_omission,"Omits the contextual one-speaker label 'NUN', as in official Gen I field dialogue; the sprite and encounter retain the speaker identity.",19,dialogue_19_19
catalogue,MAIN:0x03C088,dialogue,神婆:可恶...,MEDIUM: Darn...,Darn...,corrected,contextual_label_omission,"Omits the contextual one-speaker label 'MEDIUM', as in official Gen I field dialogue; the sprite and encounter retain the speaker identity.",7,dialogue_19_19
catalogue,MAIN:0x03C096,dialogue,"神婆:晕晕的,我难道贫血吗?",MEDIUM: Dizzy... Am I anemic?,Dizzy... Am I anemic?,corrected,contextual_label_omission,"Omits the contextual one-speaker label 'MEDIUM', as in official Gen I field dialogue; the sprite and encounter retain the speaker identity.",26,dialogue_19_19
catalogue,MAIN:0x03C0C5,dialogue,修女:僵尸啊...,NUN: A zombie...,A zombie...,corrected,contextual_label_omission,"Omits the contextual one-speaker label 'NUN', as in official Gen I field dialogue; the sprite and encounter retain the speaker identity.",11,dialogue_19_19
catalogue,MAIN:0x03C0D6,dialogue,"火箭队:我是在这里看守这张海报的,妨碍我的话可是要尝到苦头的哦!",ROCKET: I guard this poster. Cross me and suffer!,I guard this poster. Cross me and suffer!,corrected,contextual_label_omission,"Omits the contextual one-speaker label 'ROCKET', as in official Gen I field dialogue; the sprite and encounter retain the speaker identity.",49,dialogue_19_19
catalogue,MAIN:0x03C114,dialogue,"火箭队:可恶,这样下去的话火箭队的基地会被发现的!要赶快和老大联络才行!",ROCKET: Darn! Our base may be found! I must alert Boss!,Darn! Our base may be found! I must alert Boss!,corrected,contextual_label_omission,"Omits the contextual one-speaker label 'ROCKET', as in official Gen I field dialogue; the sprite and encounter retain the speaker identity.",49,dialogue_19_19
catalogue,MAIN:0x03C15A,dialogue,修女:我的意识恢复了,NUN: I'm conscious again.,I've come to my senses.,corrected,natural_english+contextual_label_omission,"Uses the idiomatic recovery phrase. Omits the contextual one-speaker label 'NUN', as in official Gen I field dialogue; the sprite and encounter retain the speaker identity.",26,dialogue_19_19
catalogue,MAIN:0x03C16A,dialogue,修女:康儿...康儿...,NUN: Kang'er... Kang'er...,Kang'er... Kang'er...,corrected,contextual_label_omission,"Omits the contextual one-speaker label 'NUN', as in official Gen I field dialogue; the sprite and encounter retain the speaker identity.",29,dialogue_19_19
catalogue,MAIN:0x03C17D,dialogue,修女:颤抖了...,NUN: I'm shaking...,I'm shaking...,corrected,contextual_label_omission,"Omits the contextual one-speaker label 'NUN', as in official Gen I field dialogue; the sprite and encounter retain the speaker identity.",14,dialogue_19_19
catalogue,MAIN:0x03C18E,dialogue,修女:伤心啊...,NUN: How sad...,How sad...,corrected,contextual_label_omission,"Omits the contextual one-speaker label 'NUN', as in official Gen I field dialogue; the sprite and encounter retain the speaker identity.",10,dialogue_19_19
catalogue,MAIN:0x03C197,dialogue,修女:有什么从我身体里飞出...,NUN: Something flew out of me...,Something flew out of me...,corrected,contextual_label_omission,"Omits the contextual one-speaker label 'NUN', as in official Gen I field dialogue; the sprite and encounter retain the speaker identity.",27,dialogue_19_19
catalogue,MAIN:0x03C1A2,dialogue,神婆:嘻嘻...嘻嘻...,MEDIUM: Hee... hee...,Hee... hee...,corrected,contextual_label_omission,"Omits the contextual one-speaker label 'MEDIUM', as in official Gen I field dialogue; the sprite and encounter retain the speaker identity.",13,dialogue_19_19
catalogue,MAIN:0x03C1B2,dialogue,神婆:嘻嘻...我到底是怎么了?,MEDIUM: Hee hee... What happened to me?,Hee hee... What happened to me?,corrected,contextual_label_omission,"Omits the contextual one-speaker label 'MEDIUM', as in official Gen I field dialogue; the sprite and encounter retain the speaker identity.",34,dialogue_19_19
catalogue,MAIN:0x03C1D6,dialogue,离开!离开这里!...,Leave! Get out!...,Leave! Get out of here!,corrected,natural_english,Removes an ellipsis after an exclamation and restores the location.,24,dialogue_19_19
catalogue,MAIN:0x03C1EA,dialogue,使用精灵眼镜看穿幽灵的真正身份!,Silph Scope showed the ghost's true form!,Silph Scope showed the ghost's true form!,reviewed_no_change,full_corpus_review,"Reviewed against Chinese source, runtime role, and English style; no certain change required.",43,dialogue_19_19
catalogue,MAIN:0x03C21F,dialogue,小智:原来幽灵的真正身份是温柔的可拉可拉的妈妈...,ASH: The ghost was Cubone's kind mother...,ASH: The ghost was Cubone's kind mother...,reviewed_no_change,full_corpus_review,"Reviewed against Chinese source, runtime role, and English style; no certain change required.",47,dialogue_19_19
catalogue,MAIN:0x03C28D,dialogue,火箭队:这个吉野老头真难缠!不打败我们是救不了吉野老头的!,JESSIE: Pesky Mr. Fuji! Beat us to save him!,JESSIE: Pesky Mr. Fuji! Beat us to save him!,reviewed_no_change,full_corpus_review,"Reviewed against Chinese source, runtime role, and English style; no certain change required.",47,dialogue_19_19
catalogue,MAIN:0x03C33F,dialogue,小次郎:你给我记住,JAMES: You'll pay for this!,JAMES: You'll pay for this!,reviewed_no_change,full_corpus_review,"Reviewed against Chinese source, runtime role, and English style; no certain change required.",28,dialogue_19_19
catalogue,MAIN:0x03C370,dialogue,"吉野:你是来救我的吗?谢谢你...我是来告诫可拉可拉的母亲嘎拉嘎拉之灵而来的,看样子嘎拉嘎拉到天国去了!真要感谢你们特地来这!那现在跟我一起回家","MR. FUJI: Saving me? Thanks. I came to calm Marowak, Cubone's mother. She reached heaven. Thank you. Follow me home.","MR. FUJI: Did you come to rescue me? Thank you... I came to calm the spirit of Marowak, Cubone's mother. It seems she has gone to heaven. Thank you for coming all this way. Now, come home with me.",corrected,natural_english,Restores every source sentence and relation in natural English.,203,dialogue_19_19
catalogue,MAIN:0x03C424,dialogue,"吉野:小智在完成精灵图鉴的时候如果不对精灵们付出爱心想完成是很困难的...也不知该如何帮助你,这给你吧!","MR. FUJI: Ash, love your Pokémon or the Pokédex is hard to finish. Unsure how to help, I give you this!","MR. FUJI: Ash, you'll never finish the Pokédex without loving your Pokémon. This may help!",corrected,natural_english,Repairs the conditional logic and the gift transition.,100,dialogue_19_19
catalogue,MAIN:0x03C464,dialogue,"吉野:吹起宠物精灵笛就算是熟睡的精灵也会跳起,遇到睡着的精灵使用看看吧!",MR. FUJI: The Poké Flute wakes even sleeping Pokémon. Use it when you meet one!,MR. FUJI: The Poké Flute wakes even sleeping Pokémon. Use it when you meet one!,reviewed_no_change,full_corpus_review,"Reviewed against Chinese source, runtime role, and English style; no certain change required.",85,dialogue_19_19
catalogue,MAIN:0x03C493,dialogue,守卫:好渴啊...想喝水...什么?这个矿泉水真的要送给我??好吧为了答谢你就特别的放你过去吧...,GUARD: I'm parched! Fresh Water for me? Thanks! I'll let you pass.,I'm parched! Fresh Water for me? Thanks! I'll let you pass.,corrected,contextual_label_omission,"Omits the contextual one-speaker label 'GUARD', as in official Gen I field dialogue; the sprite and encounter retain the speaker identity.",66,dialogue_19_19
catalogue,MAIN:0x03C4FE,dialogue,火箭队:在那边的小鬼别到这里徘徊!!,"ROCKET: Hey, kid! Don't loiter here!","Hey, kid! Don't loiter here!",corrected,contextual_label_omission,"Omits the contextual one-speaker label 'ROCKET', as in official Gen I field dialogue; the sprite and encounter retain the speaker identity.",31,dialogue_19_19
catalogue,MAIN:0x03C51C,dialogue,火箭队:老大想侵占这栋新力公司...,ROCKET: Boss aims to seize Silph Co...,Boss aims to seize Silph Co...,corrected,contextual_label_omission,"Omits the contextual one-speaker label 'ROCKET', as in official Gen I field dialogue; the sprite and encounter retain the speaker identity.",30,dialogue_19_19
catalogue,MAIN:0x03C541,dialogue,火箭队:我就是火箭队四兄弟之一!,ROCKET: I'm one of four Rocket Brothers!,I'm one of four Rocket Brothers!,corrected,contextual_label_omission,"Omits the contextual one-speaker label 'ROCKET', as in official Gen I field dialogue; the sprite and encounter retain the speaker identity.",35,dialogue_19_19
catalogue,MAIN:0x03C54E,dialogue,火箭队:如果控制了新力就能把宠物精灵卖个好价钱!,"ROCKET: With Silph, sell Pokémon for more!","With Silph, we can sell Pokémon for more!",corrected,natural_english+contextual_label_omission,"Restores the omitted subject and auxiliary. Omits the contextual one-speaker label 'ROCKET', as in official Gen I field dialogue; the sprite and encounter retain the speaker identity.",43,dialogue_19_19
catalogue,MAIN:0x03C55B,dialogue,"火箭队:妨碍我的家伙,太可恶了!!",ROCKET: Damn anyone in my way!,Darn you for getting in my way!,corrected,natural_english+contextual_label_omission,"Replaces an unnatural curse construction with the direct source complaint. Omits the contextual one-speaker label 'ROCKET', as in official Gen I field dialogue; the sprite and encounter retain the speaker identity.",37,dialogue_19_19
catalogue,MAIN:0x03C577,dialogue,火箭队:我错了...,TEAM ROCKET: I was wrong...,I was wrong...,corrected,contextual_label_omission,"Omits the contextual one-speaker label 'TEAM ROCKET', as in official Gen I field dialogue; the sprite and encounter retain the speaker identity.",14,dialogue_19_19
catalogue,MAIN:0x03C58E,dialogue,火箭队:发现可疑的家伙!!,ROCKET: Suspicious person!,I've spotted someone suspicious!,corrected,natural_english+contextual_label_omission,"Turns a label fragment into the source alert. Omits the contextual one-speaker label 'ROCKET', as in official Gen I field dialogue; the sprite and encounter retain the speaker identity.",38,dialogue_19_19
catalogue,MAIN:0x03C5A6,dialogue,火箭队:你到底是什么人?,ROCKET: Who are you?,Who are you?,corrected,contextual_label_omission,"Omits the contextual one-speaker label 'ROCKET', as in official Gen I field dialogue; the sprite and encounter retain the speaker identity.",12,dialogue_19_19
catalogue,MAIN:0x03C5CA,dialogue,火箭队:能来到这里你还真有办法...,ROCKET: You made it here? Impressive...,You made it here? Impressive...,corrected,contextual_label_omission,"Omits the contextual one-speaker label 'ROCKET', as in official Gen I field dialogue; the sprite and encounter retain the speaker identity.",32,dialogue_19_19
catalogue,MAIN:0x03C5E5,dialogue,"火箭队:我真要夸奖你能顺利到这来,但社长室可没这么容易让你过去","ROCKET: Impressive! You got here, but reaching President's office won't be easy!","Impressive! You've made it this far, but reaching the President's office won't be easy!",corrected,natural_english+contextual_label_omission,"Restores the missing article and a natural contrast. Omits the contextual one-speaker label 'ROCKET', as in official Gen I field dialogue; the sprite and encounter retain the speaker identity.",90,dialogue_19_19
catalogue,MAIN:0x03C5F0,dialogue,火箭队:没见过的家伙,ROCKET: I've never seen you.,I've never seen you.,corrected,contextual_label_omission,"Omits the contextual one-speaker label 'ROCKET', as in official Gen I field dialogue; the sprite and encounter retain the speaker identity.",23,dialogue_19_19
catalogue,MAIN:0x03C60E,dialogue,火箭队:打倒我你就满足了吗?我是不会让你赢的,ROCKET: Will beating me satisfy you? You won't win!,Will beating me satisfy you? You won't win!,corrected,contextual_label_omission,"Omits the contextual one-speaker label 'ROCKET', as in official Gen I field dialogue; the sprite and encounter retain the speaker identity.",48,dialogue_19_19
catalogue,MAIN:0x03C650,dialogue,火箭队:这个新力公司被我们火箭队占据了!!,ROCKET: Silph Co. is ours!,Silph Co. is ours!,corrected,contextual_label_omission,"Omits the contextual one-speaker label 'ROCKET', as in official Gen I field dialogue; the sprite and encounter retain the speaker identity.",18,dialogue_19_19
catalogue,MAIN:0x03C662,dialogue,火箭队:火箭队万岁!,ROCKET: Long live Team Rocket!,Long live Team Rocket!,corrected,contextual_label_omission,"Omits the contextual one-speaker label 'ROCKET', as in official Gen I field dialogue; the sprite and encounter retain the speaker identity.",26,dialogue_19_19
catalogue,MAIN:0x03C66F,dialogue,火箭队:又是你在这里捣乱!?,"ROCKET: You again, causing trouble?!","You again, causing trouble?!",corrected,contextual_label_omission,"Omits the contextual one-speaker label 'ROCKET', as in official Gen I field dialogue; the sprite and encounter retain the speaker identity.",28,dialogue_19_19
catalogue,MAIN:0x03C68D,dialogue,火箭队:请随便看...,ROCKET: Feel free to look...,Feel free to look...,corrected,contextual_label_omission,"Omits the contextual one-speaker label 'ROCKET', as in official Gen I field dialogue; the sprite and encounter retain the speaker identity.",26,dialogue_19_19
catalogue,MAIN:0x03C6AC,dialogue,火箭队:你想干什么?,ROCKET: What do you want?,What do you want?,corrected,contextual_label_omission,"Omits the contextual one-speaker label 'ROCKET', as in official Gen I field dialogue; the sprite and encounter retain the speaker identity.",17,dialogue_19_19
catalogue,MAIN:0x03C6CF,dialogue,火箭队:可恶的家伙,ROCKET: Darn you!,Darn you!,corrected,contextual_label_omission,"Omits the contextual one-speaker label 'ROCKET', as in official Gen I field dialogue; the sprite and encounter retain the speaker identity.",9,dialogue_19_19
catalogue,MAIN:0x03C6EB,dialogue,大姐头:老大已经在这里我们就没有什么好害怕的!!,ROCKET WOMAN: Boss is here. We fear nothing!,Boss is here. We fear nothing!,corrected,contextual_label_omission,"Omits the contextual one-speaker label 'ROCKET WOMAN', as in official Gen I field dialogue; the sprite and encounter retain the speaker identity.",32,dialogue_19_19
catalogue,MAIN:0x03C70E,dialogue,大姐头:我是新力的社员同时也是火箭队的一员,ROCKET WOMAN: I'm a Silph employee and a Rocket.,I'm a Silph employee and a member of Team Rocket.,corrected,natural_english+contextual_label_omission,"Uses the complete official organization name in a natural reveal. Omits the contextual one-speaker label 'ROCKET', as in official Gen I field dialogue; the sprite and encounter retain the speaker identity.",64,dialogue_19_19
catalogue,MAIN:0x03C722,dialogue,火箭队:新力已经是我们的了,ROCKET: Silph is ours!,Silph is ours!,corrected,contextual_label_omission,"Omits the contextual one-speaker label 'ROCKET', as in official Gen I field dialogue; the sprite and encounter retain the speaker identity.",14,dialogue_19_19
catalogue,MAIN:0x03C748,dialogue,"火箭队:别打我,我也是被逼的...",ROCKET: Don't hit me! I was forced too...,Don't hit me! I was forced too...,corrected,contextual_label_omission,"Omits the contextual one-speaker label 'ROCKET', as in official Gen I field dialogue; the sprite and encounter retain the speaker identity.",32,dialogue_19_19
catalogue,MAIN:0x03C765,dialogue,小茂:等你很久了小智!!我就知道在这等你会出现的!好像被火箭队为难了!反正与我无关!!让我看看你底有没有变强!,"GARY: Hahaha! Knew you'd come, Ash! Team Rocket slowed you down. Don't care! Show me you got stronger!","GARY: Hahaha! I knew you'd come, Ash! Team Rocket gave you trouble? I don't care! Show me how much stronger you've gotten!",corrected,natural_english,Repairs the source questions and the ungrammatical final challenge.,128,dialogue_19_19
catalogue,MAIN:0x03C7DF,dialogue,小茂:开玩笑...那小智我先走了...我还要去精灵联盟挑战最强的四天王啊!!小智你也要加油喔!再见了!!,"GARY: Just kidding... I'm off to face the Elite Four! Keep it up, Ash! Smell ya!","GARY: Just kidding... I'm off to face the Elite Four! Keep it up, Ash! Smell ya!",reviewed_no_change,full_corpus_review,"Reviewed against Chinese source, runtime role, and English style; no certain change required.",90,dialogue_19_19
catalogue,MAIN:0x03C861,dialogue,火箭队:我也是火箭队四兄弟其中之一!,ROCKET: I'm also one of four Rocket Brothers!,I'm also one of the four Rocket Brothers!,corrected,natural_english+contextual_label_omission,"Restores the definite article. Omits the contextual one-speaker label 'ROCKET', as in official Gen I field dialogue; the sprite and encounter retain the speaker identity.",47,dialogue_19_19
catalogue,MAIN:0x03C886,dialogue,"火箭队:算了,我弟弟会为我报仇的!",ROCKET: Fine. My kid brother will avenge me!,Fine. My kid brother will avenge me!,corrected,contextual_label_omission,"Omits the contextual one-speaker label 'ROCKET', as in official Gen I field dialogue; the sprite and encounter retain the speaker identity.",41,dialogue_19_19
catalogue,MAIN:0x03C890,dialogue,火箭队:你敢小看我?,ROCKET: You dare mock me?,You dare mock me?,corrected,contextual_label_omission,"Omits the contextual one-speaker label 'ROCKET', as in official Gen I field dialogue; the sprite and encounter retain the speaker identity.",17,dialogue_19_19
catalogue,MAIN:0x03C8A4,dialogue,火箭队:小看就小看吧,"ROCKET: Go on, mock me.","Go on, mock me.",corrected,contextual_label_omission,"Omits the contextual one-speaker label 'ROCKET', as in official Gen I field dialogue; the sprite and encounter retain the speaker identity.",15,dialogue_19_19
catalogue,MAIN:0x03C8B1,dialogue,火箭队:刚刚有消息说有小孩在这附近徘徊!,ROCKET: Just heard a kid's lurking nearby!,I just heard that a kid is lurking nearby!,corrected,natural_english+contextual_label_omission,"Restores the omitted hearsay subject and complete clause. Omits the contextual one-speaker label 'ROCKET', as in official Gen I field dialogue; the sprite and encounter retain the speaker identity.",45,dialogue_19_19
catalogue,MAIN:0x03C8C9,dialogue,火箭队:不要反抗火箭队的好...,ROCKET: Better not oppose us...,Better not oppose us...,corrected,contextual_label_omission,"Omits the contextual one-speaker label 'ROCKET', as in official Gen I field dialogue; the sprite and encounter retain the speaker identity.",24,dialogue_19_19
catalogue,MAIN:0x03C8E5,dialogue,火箭队:等等!老大在谈重要的事不能让你去打扰!,JAMES: Wait! Boss is discussing business. Don't disturb him!,JAMES: Wait! Boss is discussing business. Don't disturb him!,reviewed_no_change,full_corpus_review,"Reviewed against Chinese source, runtime role, and English style; no certain change required.",69,dialogue_19_19
catalogue,MAIN:0x03C958,dialogue,小智:你们是?,ASH: Who are you?,ASH: Who are you?,reviewed_no_change,full_corpus_review,"Reviewed against Chinese source, runtime role, and English style; no certain change required.",17,dialogue_19_19
catalogue,MAIN:0x03C992,dialogue,老大:哦?小智啊?又见面了...我现在在和新力的社员谈工作的事情.大人的世界小孩千万别插嘴!不然会很难看的!,"GIOVANNI: Ah, Ash! Again! I'm talking business with Silph staff. Stay out of grown-up matters, or face pain!","GIOVANNI: Ah, Ash! Again! I'm talking business with Silph staff. Stay out of grown-up matters, or face pain!",reviewed_no_change,full_corpus_review,"Reviewed against Chinese source, runtime role, and English style; no certain change required.",108,dialogue_19_19
catalogue,MAIN:0x03CA26,dialogue,老大:混蛋!没办法只好暂时放弃新力!我们火箭队是不灭的!所有的怪兽是为我们火箭队而存在的!小智你千万不要忘了!我先走了!!,"GIOVANNI: Blast it! I quit Silph for now. Team Rocket won't fall! All Pokémon exist for us! Remember, Ash! I'm off!","GIOVANNI: Blast it! I quit Silph for now. Team Rocket won't fall! All Pokémon exist for us! Remember, Ash! I'm off!",reviewed_no_change,full_corpus_review,"Reviewed against Chinese source, runtime role, and English style; no certain change required.",122,dialogue_19_19
catalogue,MAIN:0x03CAB3,dialogue,秘书:呀真是谢谢你的相救!我和社长充满感激啊!,SECRETARY: The President and I are so grateful you saved us!,The President and I are so grateful you saved us!,corrected,contextual_label_omission,"Omits the contextual one-speaker label 'SECRETARY', as in official Gen I field dialogue; the sprite and encounter retain the speaker identity.",47,dialogue_19_19
catalogue,MAIN:0x03CAE7,dialogue,使用精灵笛唤醒睡着的卡比兽,The Poké Flute woke sleeping Snorlax!,The Poké Flute woke sleeping Snorlax!,reviewed_no_change,full_corpus_review,"Reviewed against Chinese source, runtime role, and English style; no certain change required.",36,dialogue_19_19
catalogue,MAIN:0x03CAFB,dialogue,钓鱼者:这里是有名的钓鱼区,FISHERMAN: Fishing is famous here.,This is a famous fishing spot.,corrected,natural_english+contextual_label_omission,"Replaces the unidiomatic phrase 'Fishing is famous here'. Omits the contextual one-speaker label 'FISHERMAN', as in official Gen I field dialogue; the sprite and encounter retain the speaker identity.",32,dialogue_19_19
catalogue,MAIN:0x03CB0E,dialogue,钓鱼者:你不喜欢钓鱼吗?,FISHER: Don't like fishing?,Don't you like fishing?,corrected,natural_english+contextual_label_omission,"Restores the full official trainer-class label and question. Omits the contextual one-speaker label 'FISHERMAN', as in official Gen I field dialogue; the sprite and encounter retain the speaker identity.",27,dialogue_19_19
catalogue,MAIN:0x03CB20,dialogue,钓鱼者:水上也有很多精灵哦,FISHER: Many Pokémon swim here too!,Many Pokémon swim here too!,corrected,natural_english+contextual_label_omission,"Uses the full official trainer-class label. Omits the contextual one-speaker label 'FISHERMAN', as in official Gen I field dialogue; the sprite and encounter retain the speaker identity.",28,dialogue_19_19
catalogue,MAIN:0x03CB39,dialogue,钓鱼者:水系精灵最可爱!,FISHER: Water-types are cutest!,Water-types are the cutest!,corrected,natural_english+contextual_label_omission,"Restores the article and full official trainer-class label. Omits the contextual one-speaker label 'FISHERMAN', as in official Gen I field dialogue; the sprite and encounter retain the speaker identity.",26,dialogue_19_19
catalogue,MAIN:0x03CB4C,dialogue,女孩:水系精灵好漂亮,GIRL: Water-types are lovely!,Water-types are lovely!,corrected,contextual_label_omission,"Omits the contextual one-speaker label 'GIRL', as in official Gen I field dialogue; the sprite and encounter retain the speaker identity.",26,dialogue_19_19
catalogue,MAIN:0x03CB5E,dialogue,女孩:你不喜欢吗?,GIRL: Don't you like them?,Don't you like them?,corrected,contextual_label_omission,"Omits the contextual one-speaker label 'GIRL', as in official Gen I field dialogue; the sprite and encounter retain the speaker identity.",24,dialogue_19_19
catalogue,MAIN:0x03CB64,dialogue,钓鱼者:你看不到我在钓鱼吗?,FISHER: Can't you see me fishing?,Can't you see me fishing?,corrected,natural_english+contextual_label_omission,"Uses the full official trainer-class label. Omits the contextual one-speaker label 'FISHERMAN', as in official Gen I field dialogue; the sprite and encounter retain the speaker identity.",27,dialogue_19_19
catalogue,MAIN:0x03CB80,dialogue,钓鱼者:算了...鱼都让你吓跑了,FISHER: Oh well... You scared all fish off.,Oh well... You scared all the fish away.,corrected,natural_english+contextual_label_omission,"Restores the missing article and idiomatic particle. Omits the contextual one-speaker label 'FISHERMAN', as in official Gen I field dialogue; the sprite and encounter retain the speaker identity.",43,dialogue_19_19
catalogue,MAIN:0x03CB91,dialogue,"钓鱼者:我有好动西,要看吗",FISHER: Got a good one. See?,I caught a good one. Want to see?,corrected,natural_english+contextual_label_omission,"Restores the omitted subject and complete question. Omits the contextual one-speaker label 'FISHERMAN', as in official Gen I field dialogue; the sprite and encounter retain the speaker identity.",36,dialogue_19_19
catalogue,MAIN:0x03CBB2,dialogue,钓鱼者:水系精灵克火系的哦,FISHER: Water beats Fire!,Water beats Fire!,corrected,natural_english+contextual_label_omission,"Uses the full official trainer-class label. Omits the contextual one-speaker label 'FISHERMAN', as in official Gen I field dialogue; the sprite and encounter retain the speaker identity.",17,dialogue_19_19
catalogue,MAIN:0x03CBBB,dialogue,电气团:在这里我的精灵难碰敌手,ROCKER: My Pokémon rule here!,My Pokémon rule here!,corrected,contextual_label_omission,"Omits the contextual one-speaker label 'ROCKER', as in official Gen I field dialogue; the sprite and encounter retain the speaker identity.",24,dialogue_19_19
catalogue,MAIN:0x03CBD9,dialogue,电气团:居然栽跟头了...,ROCKER: I actually lost...,I actually lost...,corrected,contextual_label_omission,"Omits the contextual one-speaker label 'ROCKER', as in official Gen I field dialogue; the sprite and encounter retain the speaker identity.",18,dialogue_19_19
catalogue,MAIN:0x03CBF5,dialogue,侦察员:我什么要求都没有,SCOUT: No demands.,I don't want anything from you.,corrected,natural_english+contextual_label_omission,"Turns a noun fragment into the complete contextual statement. Omits the contextual one-speaker label 'SCOUT', as in official Gen I field dialogue; the sprite and encounter retain the speaker identity.",37,dialogue_19_19
catalogue,MAIN:0x03CC09,dialogue,侦察员:我不是可疑的人哪,SCOUT: Not suspicious!,I'm not suspicious!,corrected,natural_english+contextual_label_omission,"Restores the omitted subject. Omits the contextual one-speaker label 'SCOUT', as in official Gen I field dialogue; the sprite and encounter retain the speaker identity.",19,dialogue_19_19
catalogue,MAIN:0x03CC2E,dialogue,女孩:随便的人走开,"GIRL: Strangers, go!","Get lost, stranger!",corrected,natural_english+contextual_label_omission,"Replaces the unnatural plural imperative with a direct source dismissal. Omits the contextual one-speaker label 'GIRL', as in official Gen I field dialogue; the sprite and encounter retain the speaker identity.",19,dialogue_19_19
catalogue,MAIN:0x03CC54,dialogue,"女孩:对不起,误会你了","GIRL: Sorry, a mix-up.",Sorry. I mistook you for someone else.,corrected,natural_english+contextual_label_omission,"Explains the source misunderstanding in natural English. Omits the contextual one-speaker label 'GIRL', as in official Gen I field dialogue; the sprite and encounter retain the speaker identity.",43,dialogue_19_19
catalogue,MAIN:0x03CC68,dialogue,捉鸟人:速度才是一切,BIRD KPR: Speed is all!,Speed is all!,corrected,contextual_label_omission,"Omits the contextual one-speaker label 'BIRD KEEPER', as in official Gen I field dialogue; the sprite and encounter retain the speaker identity.",13,dialogue_19_19
catalogue,MAIN:0x03CC88,dialogue,捉鸟人:失败了我的想法也不变!,BIRD KPR: Defeat changes nothing!,Defeat changes nothing!,corrected,contextual_label_omission,"Omits the contextual one-speaker label 'BIRD KEEPER', as in official Gen I field dialogue; the sprite and encounter retain the speaker identity.",27,dialogue_19_19
catalogue,MAIN:0x03CCA0,dialogue,大姐姐:你的样子让我的口水都流出来了,BEAUTY: You make me drool.,You make me drool.,corrected,contextual_label_omission,"Omits the contextual one-speaker label 'BEAUTY', as in official Gen I field dialogue; the sprite and encounter retain the speaker identity.",18,dialogue_19_19
catalogue,MAIN:0x03CCB8,dialogue,大姐姐:我知错了...,BEAUTY: I was wrong...,I was wrong...,corrected,contextual_label_omission,"Omits the contextual one-speaker label 'BEAUTY', as in official Gen I field dialogue; the sprite and encounter retain the speaker identity.",14,dialogue_19_19
catalogue,MAIN:0x03CCCA,dialogue,"大姐姐:你说什么,我没有魅力吗?",BEAUTY: What? I'm not charming?,What? I'm not charming?,corrected,contextual_label_omission,"Omits the contextual one-speaker label 'BEAUTY', as in official Gen I field dialogue; the sprite and encounter retain the speaker identity.",28,dialogue_19_19
catalogue,MAIN:0x03CCE8,dialogue,大姐姐:你说的是对的,BEAUTY: Right.,You're right.,corrected,natural_english+contextual_label_omission,"Restores the omitted subject and copula. Omits the contextual one-speaker label 'BEAUTY', as in official Gen I field dialogue; the sprite and encounter retain the speaker identity.",13,dialogue_19_19
catalogue,MAIN:0x03CCF5,dialogue,女孩:又是你!!,GIRL: You again!!,You again!!,corrected,contextual_label_omission,"Omits the contextual one-speaker label 'GIRL', as in official Gen I field dialogue; the sprite and encounter retain the speaker identity.",11,dialogue_19_19
catalogue,MAIN:0x03CD0E,dialogue,女孩:我们还真有缘啊,GIRL: Fate reunites us.,Fate reunites us.,corrected,contextual_label_omission,"Omits the contextual one-speaker label 'GIRL', as in official Gen I field dialogue; the sprite and encounter retain the speaker identity.",17,dialogue_19_19
catalogue,MAIN:0x03CD22,dialogue,女孩:别在我眼前走来走去,GIRL: Stop pacing before me.,Stop pacing before me.,corrected,contextual_label_omission,"Omits the contextual one-speaker label 'GIRL', as in official Gen I field dialogue; the sprite and encounter retain the speaker identity.",22,dialogue_19_19
catalogue,MAIN:0x03CD39,dialogue,女孩:我不该欺人太甚,GIRL: Too harsh on you.,I was too hard on you.,corrected,natural_english+contextual_label_omission,"Restores the omitted subject and source regret. Omits the contextual one-speaker label 'GIRL', as in official Gen I field dialogue; the sprite and encounter retain the speaker identity.",23,dialogue_19_19
catalogue,MAIN:0x03CD4C,dialogue,捉鸟人:我是鸟类训练专家,BIRD KPR: Expert bird trainer.,I specialize in bird Pokémon.,corrected,natural_english+contextual_label_omission,"Uses a natural statement of the speaker's specialty and full class label. Omits the contextual one-speaker label 'BIRD KEEPER', as in official Gen I field dialogue; the sprite and encounter retain the speaker identity.",32,dialogue_19_19
catalogue,MAIN:0x03CD6D,dialogue,捉鸟人:你的精灵的确比我强,BIRD KPR: Yours are stronger.,Yours are stronger.,corrected,contextual_label_omission,"Omits the contextual one-speaker label 'BIRD KEEPER', as in official Gen I field dialogue; the sprite and encounter retain the speaker identity.",19,dialogue_19_19
catalogue,MAIN:0x03CD81,dialogue,捉鸟人:别以为打败了我大哥我就服你!!,BIRD KPR: Beat my big brother? I won't yield!,Don't think beating my big brother will make me submit!,corrected,natural_english+contextual_label_omission,"Restores the source warning as a complete sentence. Omits the contextual one-speaker label 'BIRD KEEPER', as in official Gen I field dialogue; the sprite and encounter retain the speaker identity.",53,dialogue_19_19
catalogue,MAIN:0x03CD9C,dialogue,捉鸟人:我无话可说了,BIRD KPR: Nothing to say.,I have nothing to say.,corrected,natural_english+contextual_label_omission,"Restores the omitted subject and verb. Omits the contextual one-speaker label 'BIRD KEEPER', as in official Gen I field dialogue; the sprite and encounter retain the speaker identity.",23,dialogue_19_19
catalogue,MAIN:0x03CDA6,dialogue,暴走族:你喜欢速度吗?一起来吧,BIKER: Like speed? Join me!,Like speed? Join me!,corrected,contextual_label_omission,"Omits the contextual one-speaker label 'BIKER', as in official Gen I field dialogue; the sprite and encounter retain the speaker identity.",22,dialogue_19_19
catalogue,MAIN:0x03CDBD,dialogue,暴走族:不该强人所难的,BIKER: Shouldn't have forced you.,I shouldn't have pushed you.,corrected,natural_english+contextual_label_omission,"Restores the omitted subject and idiomatic verb. Omits the contextual one-speaker label 'BIKER', as in official Gen I field dialogue; the sprite and encounter retain the speaker identity.",30,dialogue_19_19
catalogue,MAIN:0x03CDC7,dialogue,捉鸟人:飞吧!我的精灵!!,"BIRD KPR: Fly, my Pokémon!","Fly, my Pokémon!",corrected,contextual_label_omission,"Omits the contextual one-speaker label 'BIRD KEEPER', as in official Gen I field dialogue; the sprite and encounter retain the speaker identity.",16,dialogue_19_19
catalogue,MAIN:0x03CDE9,dialogue,捉鸟人:什么都完了...,BIRD KPR: All is lost...,All is lost...,corrected,contextual_label_omission,"Omits the contextual one-speaker label 'BIRD KEEPER', as in official Gen I field dialogue; the sprite and encounter retain the speaker identity.",14,dialogue_19_19
catalogue,MAIN:0x03CDFD,dialogue,捉鸟人:你去过狩猎区吗,BIRD KPR: Been to Safari Zone?,Have you been to the Safari Zone?,corrected,natural_english+contextual_label_omission,"Restores the auxiliary and article. Omits the contextual one-speaker label 'BIRD KEEPER', as in official Gen I field dialogue; the sprite and encounter retain the speaker identity.",35,dialogue_19_19
catalogue,MAIN:0x03CE16,dialogue,捉鸟人:那里有很多珍贵的精灵...,BIRD KPR: Many rare Pokémon there...,There are many rare Pokémon there...,corrected,natural_english+contextual_label_omission,"Restores the existential construction. Omits the contextual one-speaker label 'BIRD KEEPER', as in official Gen I field dialogue; the sprite and encounter retain the speaker identity.",35,dialogue_19_19
catalogue,MAIN:0x03CE1E,dialogue,大婶婶:鸟类精灵是虫系精灵的克星!,AUNTIE: Flying beats Bug!,Flying beats Bug!,corrected,contextual_label_omission,"Omits the contextual one-speaker label 'AUNTIE', as in official Gen I field dialogue; the sprite and encounter retain the speaker identity.",17,dialogue_19_19
catalogue,MAIN:0x03CE3B,dialogue,大婶婶:原来你懂这个道理啊,AUNTIE: So you knew!,So you knew!,corrected,contextual_label_omission,"Omits the contextual one-speaker label 'AUNTIE', as in official Gen I field dialogue; the sprite and encounter retain the speaker identity.",12,dialogue_19_19
catalogue,MAIN:0x03CE4F,dialogue,捉鸟人:你得罪我了,BIRD KPR: You offended me.,You offended me.,corrected,contextual_label_omission,"Omits the contextual one-speaker label 'BIRD KEEPER', as in official Gen I field dialogue; the sprite and encounter retain the speaker identity.",16,dialogue_19_19
catalogue,MAIN:0x03CE69,dialogue,捉鸟人:没事...,BIRD KPR: It's fine...,It's fine...,corrected,contextual_label_omission,"Omits the contextual one-speaker label 'BIRD KEEPER', as in official Gen I field dialogue; the sprite and encounter retain the speaker identity.",12,dialogue_19_19
catalogue,MAIN:0x03CE78,dialogue,大姐姐:好可爱的样子哦,BEAUTY: So cute!,So cute!,corrected,contextual_label_omission,"Omits the contextual one-speaker label 'BEAUTY', as in official Gen I field dialogue; the sprite and encounter retain the speaker identity.",8,dialogue_19_19
catalogue,MAIN:0x03D088,dialogue,捉鸟人:那里有很多珍贵的精灵...,BIRD KEEPER: There are many rare Pokémon there...,There are many rare Pokémon there...,corrected,contextual_label_omission,"Omits the contextual one-speaker label 'BIRD KEEPER', as in official Gen I field dialogue; the sprite and encounter retain the speaker identity.",35,dialogue_19_19
catalogue,MAIN:0x03D0A7,dialogue,"大姐姐:不要走吧,陪姐姐我说说话嘛",BEAUTY: Stay! Chat with me.,Don't go! Stay and chat with me.,corrected,natural_english+contextual_label_omission,"Restores both complete imperatives. Omits the contextual one-speaker label 'BEAUTY', as in official Gen I field dialogue; the sprite and encounter retain the speaker identity.",32,dialogue_19_19
catalogue,MAIN:0x03D0C2,dialogue,暴走族:老子要教训你,BIKER: Time for a lesson!,Time for a lesson!,corrected,contextual_label_omission,"Omits the contextual one-speaker label 'BIKER', as in official Gen I field dialogue; the sprite and encounter retain the speaker identity.",18,dialogue_19_19
catalogue,MAIN:0x03D0D3,dialogue,暴走族:我最喜欢有实力的人!,BIKER: I love the strong!,I like strong people!,corrected,natural_english+contextual_label_omission,"Uses natural English for the source preference. Omits the contextual one-speaker label 'BIKER', as in official Gen I field dialogue; the sprite and encounter retain the speaker identity.",26,dialogue_19_19
catalogue,MAIN:0x03D0E3,dialogue,捉鸟人:我有只珍贵的精灵,BIRD KPR: I own a rare Pokémon.,I own a rare Pokémon.,corrected,contextual_label_omission,"Omits the contextual one-speaker label 'BIRD KEEPER', as in official Gen I field dialogue; the sprite and encounter retain the speaker identity.",27,dialogue_19_19
catalogue,MAIN:0x03D0FB,dialogue,捉鸟人:怎么样?不错吧...,"BIRD KPR: Well? Nice, right...?","Well? Nice, isn't it?",corrected,natural_english+contextual_label_omission,"Repairs the malformed tag punctuation. Omits the contextual one-speaker label 'BIRD KEEPER', as in official Gen I field dialogue; the sprite and encounter retain the speaker identity.",22,dialogue_19_19
catalogue,MAIN:0x03D10F,dialogue,女孩:请多关照,GIRL: Nice to meet you!,Nice to meet you!,corrected,contextual_label_omission,"Omits the contextual one-speaker label 'GIRL', as in official Gen I field dialogue; the sprite and encounter retain the speaker identity.",17,dialogue_19_19
catalogue,MAIN:0x03D11F,dialogue,女孩:输的心服口服,GIRL: I yield!,I yield!,corrected,contextual_label_omission,"Omits the contextual one-speaker label 'GIRL', as in official Gen I field dialogue; the sprite and encounter retain the speaker identity.",8,dialogue_19_19
catalogue,MAIN:0x03D12B,dialogue,"女孩:糟了,你碰了我一下!",GIRL: Oh! You touched me!,Oh! You touched me!,corrected,contextual_label_omission,"Omits the contextual one-speaker label 'GIRL', as in official Gen I field dialogue; the sprite and encounter retain the speaker identity.",19,dialogue_19_19
catalogue,MAIN:0x03D13F,dialogue,女孩:要是怀孕了怎么办...,GIRL: What if I'm pregnant...?,What if I'm pregnant...?,corrected,contextual_label_omission,"Omits the contextual one-speaker label 'GIRL', as in official Gen I field dialogue; the sprite and encounter retain the speaker identity.",31,dialogue_19_19
catalogue,MAIN:0x03D157,dialogue,暴走族:偶看你不惯!,BIKER: Can't stand you!,Can't stand you!,corrected,contextual_label_omission,"Omits the contextual one-speaker label 'BIKER', as in official Gen I field dialogue; the sprite and encounter retain the speaker identity.",16,dialogue_19_19
catalogue,MAIN:0x03D16B,dialogue,捉鸟人:拥有连续攻击能力的我你没有胜算,BIRD KPR: My attack barrage leaves no chance!,My attack barrage leaves you no chance!,corrected,natural_english+contextual_label_omission,"Restores the missing object. Omits the contextual one-speaker label 'BIRD KEEPER', as in official Gen I field dialogue; the sprite and encounter retain the speaker identity.",45,dialogue_19_19
catalogue,MAIN:0x03D191,dialogue,捉鸟人:又说大话了,BIRD KPR: Boasting again...,I boasted again...,corrected,natural_english+contextual_label_omission,"Restores the omitted subject. Omits the contextual one-speaker label 'BIRD KEEPER', as in official Gen I field dialogue; the sprite and encounter retain the speaker identity.",18,dialogue_19_19
catalogue,MAIN:0x03D1A4,dialogue,"暴走族:现在看惯了,没事",BIKER: Used to your face now. Fine.,Used to your face now. Fine.,corrected,contextual_label_omission,"Omits the contextual one-speaker label 'BIKER', as in official Gen I field dialogue; the sprite and encounter retain the speaker identity.",29,dialogue_19_19
catalogue,MAIN:0x03D1AF,dialogue,暴走族:看你的样子一定不像好人!!,BIKER: You don't look decent!,You look like trouble!,corrected,natural_english+contextual_label_omission,"Uses an idiomatic rendering of the source suspicion. Omits the contextual one-speaker label 'BIKER', as in official Gen I field dialogue; the sprite and encounter retain the speaker identity.",27,dialogue_19_19
catalogue,MAIN:0x03D1C3,dialogue,暴走族:你应该很讲义气吧!,"BIKER: Loyal, aren't you?","Loyal, aren't you?",corrected,contextual_label_omission,"Omits the contextual one-speaker label 'BIKER', as in official Gen I field dialogue; the sprite and encounter retain the speaker identity.",18,dialogue_19_19
catalogue,MAIN:0x03D1CF,dialogue,大姐姐:你是我第五十二任男朋友,BEAUTY: You're my 52nd boyfriend.,You're my 52nd boyfriend.,corrected,contextual_label_omission,"Omits the contextual one-speaker label 'BEAUTY', as in official Gen I field dialogue; the sprite and encounter retain the speaker identity.",29,dialogue_19_19
catalogue,MAIN:0x03D1F5,dialogue,"大姐姐:算了,放过你吧...","BEAUTY: Fine, you can go...","Fine, you can go...",corrected,contextual_label_omission,"Omits the contextual one-speaker label 'BEAUTY', as in official Gen I field dialogue; the sprite and encounter retain the speaker identity.",19,dialogue_19_19
catalogue,MAIN:0x03D20F,dialogue,捉鸟人:明白我的力量还不滚,BIRD KPR: Know my power? Get lost!,You've seen my power. Now get lost!,corrected,natural_english+contextual_label_omission,"Restores tense and sequence. Omits the contextual one-speaker label 'BIRD KEEPER', as in official Gen I field dialogue; the sprite and encounter retain the speaker identity.",43,dialogue_19_19
catalogue,MAIN:0x03D22A,dialogue,"捉鸟人:请您慢走,哈哈",BIRD KPR: Safe travels. Ha ha!,Safe travels. Ha ha!,corrected,contextual_label_omission,"Omits the contextual one-speaker label 'BIRD KEEPER', as in official Gen I field dialogue; the sprite and encounter retain the speaker identity.",22,dialogue_19_19
catalogue,MAIN:0x03D23B,dialogue,女孩:谁叫你这么看人家的?,GIRL: Why stare like that?,Why stare like that?,corrected,contextual_label_omission,"Omits the contextual one-speaker label 'GIRL', as in official Gen I field dialogue; the sprite and encounter retain the speaker identity.",24,dialogue_19_19
catalogue,MAIN:0x03D24B,dialogue,女孩:可惜我有男朋友了...,GIRL: Too bad. I have a boyfriend.,Too bad. I have a boyfriend.,corrected,contextual_label_omission,"Omits the contextual one-speaker label 'GIRL', as in official Gen I field dialogue; the sprite and encounter retain the speaker identity.",29,dialogue_19_19
catalogue,MAIN:0x03D25A,dialogue,捉鸟人:我是专业捉鸟人,BIRD KPR: Pro bird catcher.,I raise bird Pokémon for a living.,corrected,natural_english+contextual_label_omission,"Restores the subject and expresses the profession naturally. Omits the contextual one-speaker label 'BIRD KEEPER', as in official Gen I field dialogue; the sprite and encounter retain the speaker identity.",45,dialogue_19_19
catalogue,MAIN:0x03D276,dialogue,捉鸟人:今年我要参加精灵联盟大赛啊,BIRD KPR: Entering Pokémon League this year!,I'm entering the Pokémon League this year!,corrected,natural_english+contextual_label_omission,"Restores the subject and article. Omits the contextual one-speaker label 'BIRD KEEPER', as in official Gen I field dialogue; the sprite and encounter retain the speaker identity.",43,dialogue_19_19
catalogue,MAIN:0x03D292,dialogue,裁判:浅红道馆是栋有机关的房子.用眼睛是看不到墙的,GUIDE: Fuchsia Gym has invisible walls! Watch for gaps!,Fuchsia Gym has invisible walls! Watch for gaps!,corrected,contextual_label_omission,"Omits the contextual one-speaker label 'GUIDE', as in official Gen I field dialogue; the sprite and encounter retain the speaker identity.",53,dialogue_19_19
catalogue,MAIN:0x03D2DD,dialogue,忍者:这里不是你能来的!,NINJA: You can't come here!,You can't come here!,corrected,contextual_label_omission,"Omits the contextual one-speaker label 'NINJA', as in official Gen I field dialogue; the sprite and encounter retain the speaker identity.",24,dialogue_19_19
catalogue,MAIN:0x03D2EE,dialogue,忍者:你的忍术很厉害!,NINJA: Fine ninjutsu!,Your ninjutsu is impressive!,corrected,natural_english+contextual_label_omission,"Turns a noun phrase into a complete compliment. Omits the contextual one-speaker label 'NINJA', as in official Gen I field dialogue; the sprite and encounter retain the speaker identity.",30,dialogue_19_19
catalogue,MAIN:0x03D2FD,dialogue,忍者:光只是力量强是没用的!你知道吗?最强的是技术!!,NINJA: Strength alone fails! You know? Technique is best!,Strength alone fails! Technique matters most!,corrected,natural_english+contextual_label_omission,"Replaces the unidiomatic phrase 'Technique is best'. Omits the contextual one-speaker label 'NINJA', as in official Gen I field dialogue; the sprite and encounter retain the speaker identity.",51,dialogue_19_19
catalogue,MAIN:0x03D31C,dialogue,忍者:看来你已明白了,NINJA: Now you understand.,Now you understand.,corrected,contextual_label_omission,"Omits the contextual one-speaker label 'NINJA', as in official Gen I field dialogue; the sprite and encounter retain the speaker identity.",19,dialogue_19_19
catalogue,MAIN:0x03D341,dialogue,"忍者:这个道馆的首领很厉害,你最好小心",NINJA: This Gym Leader is strong. Take care.,This Gym Leader is strong. Take care.,corrected,contextual_label_omission,"Omits the contextual one-speaker label 'NINJA', as in official Gen I field dialogue; the sprite and encounter retain the speaker identity.",37,dialogue_19_19
catalogue,MAIN:0x03D35D,dialogue,忍者:看来是我多心了...,NINJA: I worried too much...,I worried too much...,corrected,contextual_label_omission,"Omits the contextual one-speaker label 'NINJA', as in official Gen I field dialogue; the sprite and encounter retain the speaker identity.",26,dialogue_19_19
catalogue,MAIN:0x03D37C,dialogue,忍者:你看来很有自信啊!,NINJA: So confident!,So confident!,corrected,contextual_label_omission,"Omits the contextual one-speaker label 'NINJA', as in official Gen I field dialogue; the sprite and encounter retain the speaker identity.",13,dialogue_19_19
catalogue,MAIN:0x03D39A,dialogue,忍者:我很久没这么认真了,NINJA: Not this serious in ages.,I haven't fought this seriously in ages.,corrected,natural_english+contextual_label_omission,"Restores the subject, verb, and natural time expression. Omits the contextual one-speaker label 'NINJA', as in official Gen I field dialogue; the sprite and encounter retain the speaker identity.",43,dialogue_19_19
catalogue,MAIN:0x03D3B7,dialogue,忍者:看你能过我这关吗?,NINJA: Can you pass me?,Let's see if you can get past me!,corrected,natural_english+contextual_label_omission,"Uses the idiomatic challenge. Omits the contextual one-speaker label 'NINJA', as in official Gen I field dialogue; the sprite and encounter retain the speaker identity.",35,dialogue_19_19
catalogue,MAIN:0x03D3C9,dialogue,忍者:你过关了...,NINJA: You passed...,You passed...,corrected,contextual_label_omission,"Omits the contextual one-speaker label 'NINJA', as in official Gen I field dialogue; the sprite and encounter retain the speaker identity.",13,dialogue_19_19
catalogue,MAIN:0x03D3D8,dialogue,忍者:我对忍者充满幻想才进入这个浅红道馆的,NINJA: Ninja dreams led me to Fuchsia Gym.,Ninja dreams led me to Fuchsia Gym.,corrected,contextual_label_omission,"Omits the contextual one-speaker label 'NINJA', as in official Gen I field dialogue; the sprite and encounter retain the speaker identity.",34,dialogue_19_19
catalogue,MAIN:0x03D406,dialogue,忍者:你的确很强大,NINJA: Truly strong.,You truly are strong.,corrected,natural_english+contextual_label_omission,"Restores the omitted subject and copula. Omits the contextual one-speaker label 'NINJA', as in official Gen I field dialogue; the sprite and encounter retain the speaker identity.",26,dialogue_19_19
catalogue,MAIN:0x03D41F,dialogue,乔:你这种小子就想向我挑战?自讨苦吃!!中了毒就只有死路一条!!让你知道毒的艺术!!,KOGA: A kid challenges me? Fool! Poison kills! Witness its art!,KOGA: A kid challenges me? Fool! Poison kills! Witness its art!,reviewed_no_change,full_corpus_review,"Reviewed against Chinese source, runtime role, and English style; no certain change required.",73,dialogue_19_19
catalogue,MAIN:0x03D453,dialogue,"乔:你小子有一套,那么这个浅红徽章就交给你了,有了浅红徽章就能在大海中使用冲浪术了!","KOGA: Good, kid! Take the Soul Badge to use Surf at sea!","KOGA: Good, kid! Take the Soul Badge to use Surf at sea!",reviewed_no_change,full_corpus_review,"Reviewed against Chinese source, runtime role, and English style; no certain change required.",57,dialogue_19_19
catalogue,MAIN:0x03D49D,dialogue,"服务员:欢迎来到狩猎场!在这广大的狩猎广场有很多特有的宠物精灵,一次500元!要进去吗?",ATTENDANT: Welcome to the Safari Zone! Catch its unique Pokémon for $500. Join the hunt?,Welcome to the Safari Zone! Catch its unique Pokémon for $500. Join the hunt?,corrected,contextual_label_omission,"Omits the contextual one-speaker label 'ATTENDANT', as in official Gen I field dialogue; the sprite and encounter retain the speaker identity.",81,dialogue_19_19
catalogue,MAIN:0x03D4EF,dialogue,是嘛!那下次再来啊!,I see! Next time!,I see. Come again!,corrected,natural_english,Uses a natural Safari refusal farewell.,18,dialogue_19_19
catalogue,MAIN:0x03D4FB,dialogue,那么请进收您500元!祝您好运!!,That'll be $500. Good luck!,That'll be $500. Good luck!,reviewed_no_change,full_corpus_review,"Reviewed against Chinese source, runtime role, and English style; no certain change required.",29,dialogue_19_19
catalogue,MAIN:0x03D50C,dialogue,"男孩:这里是最深处平时都没有人会来,我就送件礼物给你吧!",BOY: You reached the deepest area! You win a prize!,You reached the deepest area! You win a prize!,corrected,contextual_label_omission,"Omits the contextual one-speaker label 'BOY', as in official Gen I field dialogue; the sprite and encounter retain the speaker identity.",50,dialogue_19_19
catalogue,MAIN:0x03D539,dialogue,得到特技03冲浪术,Got HM03: SURF!,Got HM03: SURF!,reviewed_no_change,full_corpus_review,"Reviewed against Chinese source, runtime role, and English style; no certain change required.",15,dialogue_19_19
catalogue,MAIN:0x03D543,dialogue,"男孩:特技03是冲浪术,你可以坐在宠物精灵身上通过水面!而且这个技能机器是用后也不会消失的!能拿到这么好的奖品你还真是幸运!",BOY: HM03 is Surf! Ride Pokémon across water. This HM is reusable. Lucky you!,HM03 is Surf! Ride Pokémon across water. This HM is reusable. Lucky you!,corrected,contextual_label_omission,"Omits the contextual one-speaker label 'BOY', as in official Gen I field dialogue; the sprite and encounter retain the speaker identity.",80,dialogue_19_19
catalogue,MAIN:0x03D582,dialogue,得到金牙,Got Gold Teeth!,Got Gold Teeth!,reviewed_no_change,full_corpus_review,"Reviewed against Chinese source, runtime role, and English style; no certain change required.",15,dialogue_19_19
catalogue,MAIN:0x03D58E,dialogue,园长:哎呀我的金牙不知道到哪里去了...不会掉到狩猎区去了吧...,WARDEN: Gold Teeth gone... Did I drop them in Safari Zone?,My Gold Teeth are gone... Did I drop them in the Safari Zone?,corrected,natural_english+contextual_label_omission,"Restores the possessive subject, verb, and article. Omits the contextual one-speaker label 'WARDEN', as in official Gen I field dialogue; the sprite and encounter retain the speaker identity.",62,dialogue_19_19
catalogue,MAIN:0x03D5B0,dialogue,"园长:那个是我的金牙!!抱歉真是谢谢你的帮助!不要对任何人说哦,我的假牙丢了连办公室都不敢去露脸呢!为了谢谢你给你个好东西!","WARDEN: My Gold Teeth! Sorry, and thanks! Don't tell: I lost my dentures and was too ashamed to face the office. Here's a reward!","My Gold Teeth! Thank you, and sorry for the trouble! Don't tell anyone, but I lost my dentures and was too embarrassed to show my face at the office. Take this reward!",corrected,natural_english+contextual_label_omission,"Uses complete natural clauses while preserving the secret and reward. Omits the contextual one-speaker label 'WARDEN', as in official Gen I field dialogue; the sprite and encounter retain the speaker identity.",178,dialogue_19_19
catalogue,MAIN:0x03D61A,dialogue,得到秘传04怪力术,Got HM04: STRENGTH!,Got HM04: STRENGTH!,reviewed_no_change,full_corpus_review,"Reviewed against Chinese source, runtime role, and English style; no certain change required.",19,dialogue_19_19
catalogue,MAIN:0x03D624,dialogue,"园长:秘传04是怪力术,能推开挡路的大石头!!",WARDEN: HM04 is Strength! It moves boulders blocking the way!,HM04 is Strength! It moves boulders blocking the way!,corrected,contextual_label_omission,"Omits the contextual one-speaker label 'WARDEN', as in official Gen I field dialogue; the sprite and encounter retain the speaker identity.",55,dialogue_19_19
catalogue,MAIN:0x03D64A,dialogue,游泳女:不要愁眉苦脸的,SWIM GIRL: Don't frown.,Don't frown.,corrected,contextual_label_omission,"Omits the contextual one-speaker label 'SWIMMER', as in official Gen I field dialogue; the sprite and encounter retain the speaker identity.",12,dialogue_19_19
catalogue,MAIN:0x03D65B,dialogue,游泳女:和我约会吧,SWIM GIRL: Date me!,Go out with me!,corrected,natural_english+contextual_label_omission,"Uses the natural English dating invitation and the official common Gen I Swimmer class. Omits the contextual one-speaker label 'SWIMMER', as in official Gen I field dialogue; the sprite and encounter retain the speaker identity.",15,dialogue_19_19
catalogue,MAIN:0x03D667,dialogue,游泳男:没见过的面孔,SWIM BOY: New face here.,I haven't seen you around.,corrected,natural_english+contextual_label_omission,"Replaces a noun fragment with a natural recognition line. Omits the contextual one-speaker label 'SWIMMER', as in official Gen I field dialogue; the sprite and encounter retain the speaker identity.",26,dialogue_19_19
catalogue,MAIN:0x03D683,dialogue,游泳男:你是我见过最强的训练师,SWIM BOY: Strongest Trainer I've seen!,You're the strongest Trainer I've seen!,corrected,natural_english+contextual_label_omission,"Restores the subject and copula. Omits the contextual one-speaker label 'SWIMMER', as in official Gen I field dialogue; the sprite and encounter retain the speaker identity.",48,dialogue_19_19
catalogue,MAIN:0x03D692,dialogue,游泳女:再看我揍你!,SWIM GIRL: Stare again; I'll hit!,Stare again and I'll hit you!,corrected,natural_english+contextual_label_omission,"Replaces a semicolon compression with the source conditional and uses the official common Gen I Swimmer class. Omits the contextual one-speaker label 'SWIMMER', as in official Gen I field dialogue; the sprite and encounter retain the speaker identity.",32,dialogue_19_19
catalogue,MAIN:0x03D6A4,dialogue,游泳女:我不敢了!,SWIM GIRL: Won't again!,I won't do it again!,corrected,natural_english+contextual_label_omission,"Restores the omitted subject and object and uses the official common Gen I Swimmer class. Omits the contextual one-speaker label 'SWIMMER', as in official Gen I field dialogue; the sprite and encounter retain the speaker identity.",25,dialogue_19_19
catalogue,MAIN:0x03D6B5,dialogue,游泳男:哈哈哈...,SWIM BOY: Ha ha ha...,Ha ha ha...,corrected,contextual_label_omission,"Omits the contextual one-speaker label 'SWIMMER', as in official Gen I field dialogue; the sprite and encounter retain the speaker identity.",11,dialogue_19_19
catalogue,MAIN:0x03D6CF,dialogue,游泳男:没什么,SWIM BOY: Nothing.,It's nothing.,corrected,natural_english+contextual_label_omission,"Restores the omitted subject and copula. Omits the contextual one-speaker label 'SWIMMER', as in official Gen I field dialogue; the sprite and encounter retain the speaker identity.",13,dialogue_19_19
catalogue,MAIN:0x03D6E0,dialogue,游泳男:说什么也不能让你过去,SWIM BOY: You won't pass!,You won't pass!,corrected,contextual_label_omission,"Omits the contextual one-speaker label 'SWIMMER', as in official Gen I field dialogue; the sprite and encounter retain the speaker identity.",15,dialogue_19_19
catalogue,MAIN:0x03D700,dialogue,游泳男:和你开玩笑的,SWIM BOY: Kidding!,I was kidding!,corrected,natural_english+contextual_label_omission,"Turns a gerund fragment into a sentence. Omits the contextual one-speaker label 'SWIMMER', as in official Gen I field dialogue; the sprite and encounter retain the speaker identity.",14,dialogue_19_19
catalogue,MAIN:0x03D70F,dialogue,游泳男:你惹火了我!,SWIM BOY: You angered me!,You angered me!,corrected,contextual_label_omission,"Omits the contextual one-speaker label 'SWIMMER', as in official Gen I field dialogue; the sprite and encounter retain the speaker identity.",15,dialogue_19_19
catalogue,MAIN:0x03D72D,dialogue,游泳男:我的火灭了...,M.SWIM: My flame died...,My fire has gone out...,corrected,natural_english+contextual_label_omission,"Uses the natural idiom for the extinguished flame. Omits the contextual one-speaker label 'SWIMMER', as in official Gen I field dialogue; the sprite and encounter retain the speaker identity.",25,dialogue_19_19
catalogue,MAIN:0x03D732,dialogue,游泳女,F.SWIM: ...,...,corrected,contextual_label_omission,"Omits the contextual one-speaker label 'SWIMMER', as in official Gen I field dialogue; the sprite and encounter retain the speaker identity.",3,dialogue_19_19
catalogue,MAIN:0x03D746,dialogue,游泳女,F.SWIM: ...,...,corrected,contextual_label_omission,"Omits the contextual one-speaker label 'SWIMMER', as in official Gen I field dialogue; the sprite and encounter retain the speaker identity.",3,dialogue_19_19
catalogue,MAIN:0x03D767,dialogue,游泳男:不要和我开玩笑,M.SWIM: Don't mock me.,Don't mock me.,corrected,contextual_label_omission,"Omits the contextual one-speaker label 'SWIMMER', as in official Gen I field dialogue; the sprite and encounter retain the speaker identity.",14,dialogue_19_19
catalogue,MAIN:0x03D78B,dialogue,游泳男:对不起...,M.SWIM: Sorry...,Sorry...,corrected,contextual_label_omission,"Omits the contextual one-speaker label 'SWIMMER', as in official Gen I field dialogue; the sprite and encounter retain the speaker identity.",8,dialogue_19_19
catalogue,MAIN:0x03D79A,dialogue,游泳男:水系精灵也有防御力高的哦,M.SWIM: Some Water-types have high Defense.,Some Water-types have high Defense.,corrected,contextual_label_omission,"Omits the contextual one-speaker label 'SWIMMER', as in official Gen I field dialogue; the sprite and encounter retain the speaker identity.",37,dialogue_19_19
catalogue,MAIN:0x03D7B3,dialogue,"游泳男:不错,高防御你都有办法对付...",M.SWIM: Nice! High Defense can't stop you...,Not bad! Even high Defense can't stop you...,corrected,natural_english+contextual_label_omission,"Restores the contrast and explicit subject. Omits the contextual one-speaker label 'SWIMMER', as in official Gen I field dialogue; the sprite and encounter retain the speaker identity.",44,dialogue_19_19
catalogue,MAIN:0x03D7BA,dialogue,游泳男:我怎么都要让你知道...,M.SWIM: I'll make you see...,"I'll make you understand, no matter what...",corrected,natural_english+contextual_label_omission,"Completes the source determination clause. Omits the contextual one-speaker label 'SWIMMER', as in official Gen I field dialogue; the sprite and encounter retain the speaker identity.",52,dialogue_19_19
catalogue,MAIN:0x03D7CB,dialogue,"社长:少年!谢谢你救了我,在我最需要帮助的时候救了我!这恩情我不会忘的...对了!这礼物可不能忘了!就给你这个好吗?","PRES: Boy, thanks! You saved me in my hour of need. I won't forget. Take this gift!","Thank you, young man! You saved me when I needed help most. I won't forget it. Take this gift!",corrected,natural_english+contextual_label_omission,"Expands the unclear speaker abbreviation and keeps the source gratitude. Omits the contextual one-speaker label 'PRESIDENT', as in official Gen I field dialogue; the sprite and encounter retain the speaker identity.",105,dialogue_19_19
catalogue,MAIN:0x03D801,dialogue,空手道:还不想说道歉吗?,KARATE: No apology yet?,You still won't apologize?,corrected,natural_english+contextual_label_omission,"Restores the complete question and uses the official Gen I trainer class. Omits the contextual one-speaker label 'BLACK BELT', as in official Gen I field dialogue; the sprite and encounter retain the speaker identity.",29,dialogue_19_19
catalogue,MAIN:0x03D81D,dialogue,空手道:这里是全国格斗家所聚集的道馆啊!,KARATE: This dojo draws fighters nationwide!,This dojo draws fighters nationwide!,corrected,contextual_label_omission,"Omits the contextual one-speaker label 'BLACK BELT', as in official Gen I field dialogue; the sprite and encounter retain the speaker identity.",49,dialogue_19_19
catalogue,MAIN:0x03D827,dialogue,火箭队:小鬼滚一边去!!,"TEAM ROCKET: Move, brat!","Move, brat!",corrected,contextual_label_omission,"Omits the contextual one-speaker label 'TEAM ROCKET', as in official Gen I field dialogue; the sprite and encounter retain the speaker identity.",11,dialogue_19_19
catalogue,MAIN:0x03D83E,dialogue,得到大师球,Got Master Ball!,Got Master Ball!,reviewed_no_change,full_corpus_review,"Reviewed against Chinese source, runtime role, and English style; no certain change required.",16,dialogue_19_19
catalogue,MAIN:0x03D88B,dialogue,跆拳道:你想踢馆啊?,TAEKWONDO: Challenge our dojo?,Challenge our dojo?,corrected,contextual_label_omission,"Omits the contextual one-speaker label 'TAEKWONDO', as in official Gen I field dialogue; the sprite and encounter retain the speaker identity.",19,dialogue_19_19
catalogue,MAIN:0x03D89F,dialogue,空手道:格斗家害怕的是超能力,KARATE: Fighters fear psychic power.,Fighters fear psychic power.,corrected,contextual_label_omission,"Omits the contextual one-speaker label 'BLACK BELT', as in official Gen I field dialogue; the sprite and encounter retain the speaker identity.",33,dialogue_19_19
catalogue,MAIN:0x03D8AF,dialogue,"跆拳道:听说你很强,那我就不客气了!!",TAEKWONDO: Heard you're strong. No mercy!,"I heard you're strong, so I won't hold back!",corrected,natural_english+contextual_label_omission,"Restores the omitted subject and causal link. Omits the contextual one-speaker label 'TAEKWONDO', as in official Gen I field dialogue; the sprite and encounter retain the speaker identity.",48,dialogue_19_19
catalogue,MAIN:0x03D8C2,dialogue,"空手道:大当家是格斗家之神,想挑战你要有相当的觉悟啊!","KARATE: Our master, god of combat! Face him prepared!",Our master is a god of combat! Be ready before you face him!,corrected,natural_english+contextual_label_omission,"Restores the missing copula and natural warning while using the official Gen I class; the separately labelled dojo Master remains MASTER. Omits the contextual one-speaker label 'BLACK BELT', as in official Gen I field dialogue; the sprite and encounter retain the speaker identity.",61,dialogue_19_19
catalogue,MAIN:0x03D8E0,dialogue,空手道:硬的东西一点都不可怕!,KARATE: Hard things never scare me!,Nothing hard scares me!,corrected,natural_english+contextual_label_omission,"Uses a complete natural rendering of the source boast and official Gen I class. Omits the contextual one-speaker label 'BLACK BELT', as in official Gen I field dialogue; the sprite and encounter retain the speaker identity.",22,dialogue_19_19
catalogue,MAIN:0x03D8E8,dialogue,空手道:格斗家害怕的是超能力,KARATE: Fighters fear psychic power.,Fighters fear psychic power.,corrected,contextual_label_omission,"Omits the contextual one-speaker label 'BLACK BELT', as in official Gen I field dialogue; the sprite and encounter retain the speaker identity.",33,dialogue_19_19
catalogue,MAIN:0x03D8FC,dialogue,"二当家:我是这个道馆的二当家,你想踢馆!那不能饶恕你!!看招",DEPUTY: Dojo No. 2! You challenge us? Unforgivable! Take this!,I'm the dojo's second-in-command! How dare you challenge us! I won't forgive you. Take this!,corrected,natural_english+contextual_label_omission,"Corrects the source role and uses complete natural challenge clauses. Omits the contextual one-speaker label 'DEPUTY', as in official Gen I field dialogue; the sprite and encounter retain the speaker identity.",105,dialogue_19_19
catalogue,MAIN:0x03D910,dialogue,二当家:看大当家怎么对付你!!,DEPUTY: Wait till you see our Master! I'm small fry!,Wait until our Master deals with you!,corrected,natural_english+contextual_label_omission,"Removes an unsupported self-deprecating addition. Omits the contextual one-speaker label 'DEPUTY', as in official Gen I field dialogue; the sprite and encounter retain the speaker identity.",42,dialogue_19_19
catalogue,MAIN:0x03D933,dialogue,"大当家:我是这个道馆的大当家,你会后悔的!",MASTER: I'm the Karate Master and Leader! Expect no mercy!,I'm this dojo's Master. You'll regret challenging me!,corrected,natural_english+contextual_label_omission,"Restores the source role and threat without adding mercy. Omits the contextual one-speaker label 'MASTER', as in official Gen I field dialogue; the sprite and encounter retain the speaker identity.",60,dialogue_19_19
catalogue,MAIN:0x03D960,dialogue,"大当家:我输了...你千万别摘我的招牌,不如我送给你我最珍贵的怪兽吧...你是喜欢空手道还是跆拳道??",MASTER: I lost... Spare my sign! Take my prized Pokémon. Karate or taekwondo?,I lost... Spare my sign! Take my prized Pokémon. Karate or taekwondo?,corrected,contextual_label_omission,"Omits the contextual one-speaker label 'MASTER', as in official Gen I field dialogue; the sprite and encounter retain the speaker identity.",86,dialogue_19_19
catalogue,MAIN:0x03D9CD,dialogue,得到艾比郎,Got Hitmonchan!,Got Hitmonchan!,reviewed_no_change,full_corpus_review,"Reviewed against Chinese source, runtime role, and English style; no certain change required.",15,dialogue_19_19
catalogue,MAIN:0x03D9DD,dialogue,得到沙瓦郎,Got Hitmonlee!,Got Hitmonlee!,reviewed_no_change,full_corpus_review,"Reviewed against Chinese source, runtime role, and English style; no certain change required.",14,dialogue_19_19
catalogue,MAIN:0x03D9EC,dialogue,裁判:未来的冠军!娜梅的精灵是使用超能力的...格斗系的攻击是没用的!,GUIDE: Future Champ! Sabrina uses psychic power. Fighting Pokémon are weak to it!,Future Champ! Sabrina uses psychic power. Fighting Pokémon are weak to it!,corrected,contextual_label_omission,"Omits the contextual one-speaker label 'GUIDE', as in official Gen I field dialogue; the sprite and encounter retain the speaker identity.",91,dialogue_19_19
catalogue,MAIN:0x03DA39,dialogue,超能力:娜梅年纪轻轻就掌管这个金黄道馆实力不容小看!,PSY: Young Sabrina leads Saffron Gym. Don't underrate her!,Young Sabrina leads Saffron Gym. Don't underrate her!,corrected,contextual_label_omission,"Omits the contextual one-speaker label 'PSYCHIC', as in official Gen I field dialogue; the sprite and encounter retain the speaker identity.",52,dialogue_19_19
catalogue,MAIN:0x03DA59,dialogue,"超能力:告诉你吧,曾经金黄市有两个道馆,隔壁的道馆在比赛中输了...",PSY: Saffron had two Gyms. Next-door Gym lost...,Saffron once had two Gyms. The dojo next door was defeated...,corrected,natural_english+contextual_label_omission,"Restores the complete history and full speaker class. Omits the contextual one-speaker label 'PSYCHIC', as in official Gen I field dialogue; the sprite and encounter retain the speaker identity.",68,dialogue_19_19
catalogue,MAIN:0x03DA73,dialogue,精神师:你知道吗?精灵只靠力量是不会赢的!,PSYCHIC: You know that power alone isn't enough!,You know that power alone isn't enough!,corrected,contextual_label_omission,"Omits the contextual one-speaker label 'PSYCHIC', as in official Gen I field dialogue; the sprite and encounter retain the speaker identity.",38,dialogue_19_19
catalogue,MAIN:0x03DA8E,dialogue,超能力:我怎么会输呢?,PSY: How did I lose?,How did I lose?,corrected,contextual_label_omission,"Omits the contextual one-speaker label 'PSYCHIC', as in official Gen I field dialogue; the sprite and encounter retain the speaker identity.",15,dialogue_19_19
catalogue,MAIN:0x03DABF,dialogue,精神师:使用看不到的力量就是使用不超能力!,PSY: Psychic power is unseen force!,Psychic power is an unseen force!,corrected,natural_english+contextual_label_omission,"Restores the missing article and full speaker class. Omits the contextual one-speaker label 'PSYCHIC', as in official Gen I field dialogue; the sprite and encounter retain the speaker identity.",32,dialogue_19_19
catalogue,MAIN:0x03DAE3,dialogue,超能力:有这样的事?,PSY: How can this be?,How can this be?,corrected,contextual_label_omission,"Omits the contextual one-speaker label 'PSYCHIC', as in official Gen I field dialogue; the sprite and encounter retain the speaker identity.",16,dialogue_19_19
catalogue,MAIN:0x03DAFC,dialogue,超能力:娜梅比我还年轻啊...,PSY: Sabrina is younger than me...,Sabrina is younger than me...,corrected,contextual_label_omission,"Omits the contextual one-speaker label 'PSYCHIC', as in official Gen I field dialogue; the sprite and encounter retain the speaker identity.",29,dialogue_19_19
catalogue,MAIN:0x03DB22,dialogue,超能力:想赢娜梅的话必须要有强大的念力!,PSY: Beat Sabrina with mighty psychic power!,You'll need mighty psychic power to beat Sabrina!,corrected,natural_english+contextual_label_omission,"Restores the source requirement as a grammatical sentence. Omits the contextual one-speaker label 'PSYCHIC', as in official Gen I field dialogue; the sprite and encounter retain the speaker identity.",51,dialogue_19_19
catalogue,MAIN:0x03DB40,dialogue,超能力:精灵性格会像主人你知道吗?,PSY: Pokémon share Trainers' nature. Know that?,Pokémon take after their Trainers. Did you know?,corrected,natural_english+contextual_label_omission,"Uses a natural idiom for shared character. Omits the contextual one-speaker label 'PSYCHIC', as in official Gen I field dialogue; the sprite and encounter retain the speaker identity.",47,dialogue_19_19
catalogue,MAIN:0x03DB61,dialogue,超能力:嗯...看来你明白啊,PSY: Hmm... You understand.,Hmm... I see you understand.,corrected,natural_english+contextual_label_omission,"Restores the source realization as a complete clause. Omits the contextual one-speaker label 'PSYCHIC', as in official Gen I field dialogue; the sprite and encounter retain the speaker identity.",30,dialogue_19_19
catalogue,MAIN:0x03DB75,dialogue,超能力:你想见娜梅吧,PSYCHIC: You want to see Sabrina?,You want to see Sabrina?,corrected,contextual_label_omission,"Omits the contextual one-speaker label 'PSYCHIC', as in official Gen I field dialogue; the sprite and encounter retain the speaker identity.",27,dialogue_19_19
catalogue,MAIN:0x03DB8E,dialogue,超能力:我不会阻止你的,PSY: I won't stop you.,I won't stop you.,corrected,contextual_label_omission,"Omits the contextual one-speaker label 'PSYCHIC', as in official Gen I field dialogue; the sprite and encounter retain the speaker identity.",17,dialogue_19_19
catalogue,MAIN:0x03DBB5,dialogue,"精神师:哦,你不想学超能力吗?",PSY: Oh? Don't want psychic training?,Oh? You don't want to learn psychic powers?,corrected,natural_english+contextual_label_omission,"Restores the complete source question and learning verb. Omits the contextual one-speaker label 'PSYCHIC', as in official Gen I field dialogue; the sprite and encounter retain the speaker identity.",45,dialogue_19_19
catalogue,MAIN:0x03DBCF,dialogue,超能力:不想学就算了...,PSY: No training? Never mind...,"If you don't want to learn, never mind...",corrected,natural_english+contextual_label_omission,"Restores the source's learning choice rather than changing it to training. Omits the contextual one-speaker label 'PSYCHIC', as in official Gen I field dialogue; the sprite and encounter retain the speaker identity.",45,dialogue_19_19
catalogue,MAIN:0x03DBE1,dialogue,"娜梅:我有预感你会来,我是超能力少女,我不喜欢战斗,不过我可以让你看看我的厉害!","SABRINA: I foresaw you! I'm psychic. I dislike fighting, but I'll show my power!","SABRINA: I foresaw you! I'm psychic. I dislike fighting, but I'll show my power!",reviewed_no_change,full_corpus_review,"Reviewed against Chinese source, runtime role, and English style; no certain change required.",82,dialogue_19_19
catalogue,MAIN:0x03DC38,dialogue,娜梅:好吧金色徽章就给你吧!还有技能机器40也拿去吧.技能机器40是精神波动!强大的念力使对方受到巨大的伤害,SABRINA: Marsh Badge and TM40 are yours. Psywave's psychic force deals huge damage.,SABRINA: Marsh Badge and TM40 are yours. Psywave's psychic force deals huge damage.,reviewed_no_change,full_corpus_review,"Reviewed against Chinese source, runtime role, and English style; no certain change required.",88,dialogue_19_19
catalogue,MAIN:0x03DC83,dialogue,得到金色徽章,Got Marsh Badge!,Got Marsh Badge!,reviewed_no_change,full_corpus_review,"Reviewed against Chinese source, runtime role, and English style; no certain change required.",16,dialogue_19_19
catalogue,MAIN:0x03DC8E,dialogue,得到技能机器40,Got TM40!,Got TM40!,reviewed_no_change,full_corpus_review,"Reviewed against Chinese source, runtime role, and English style; no certain change required.",9,dialogue_19_19
catalogue,MAIN:0x03DCAA,dialogue,娜梅:你还有什么事嘛!讨厌!,SABRINA: What else do you want? How annoying!,SABRINA: What else do you want? How annoying!,reviewed_no_change,full_corpus_review,"Reviewed against Chinese source, runtime role, and English style; no certain change required.",47,dialogue_19_19
catalogue,MAIN:0x03DCE4,dialogue,游泳男:我想你已经知道了!,M.SWIM: You understand now!,Now you understand!,corrected,natural_english+contextual_label_omission,"Uses natural English word order. Omits the contextual one-speaker label 'SWIMMER', as in official Gen I field dialogue; the sprite and encounter retain the speaker identity.",19,dialogue_19_19
catalogue,MAIN:0x03DCEB,dialogue,滑雪男:什么我耳朵不好!,M.SKIER: What? I can't hear well!,What? My hearing isn't good!,corrected,natural_english+contextual_label_omission,"Uses the concise official class label and a complete hearing complaint. Omits the contextual one-speaker label 'SKIER', as in official Gen I field dialogue; the sprite and encounter retain the speaker identity.",30,dialogue_19_19
catalogue,MAIN:0x03DD07,dialogue,滑雪男:现在听到了,M.SKIER: Now I hear you.,Now I hear you.,corrected,natural_english+contextual_label_omission,"Uses the concise official class label. Omits the contextual one-speaker label 'SKIER', as in official Gen I field dialogue; the sprite and encounter retain the speaker identity.",15,dialogue_19_19
catalogue,MAIN:0x03DD27,dialogue,滑雪女:你到过双子岛吗?,F.SKIER: Been to Seafoam Islands?,Have you been to the Seafoam Islands?,corrected,natural_english+contextual_label_omission,"Uses the concise official class label and complete question. Omits the contextual one-speaker label 'SKIER', as in official Gen I field dialogue; the sprite and encounter retain the speaker identity.",46,dialogue_19_19
catalogue,MAIN:0x03DD43,dialogue,滑雪女:传说里面有传说中的精灵...,"F.SKIER: Legendary Pokémon inside, they say...",They say a Legendary Pokémon lives there...,corrected,natural_english+contextual_label_omission,"Uses the concise official class label and complete hearsay clause. Omits the contextual one-speaker label 'SKIER', as in official Gen I field dialogue; the sprite and encounter retain the speaker identity.",52,dialogue_19_19
catalogue,MAIN:0x03DD4C,dialogue,成熟姐姐:又是你?,BEAUTY: You again?,You again?,corrected,contextual_label_omission,"Omits the contextual one-speaker label 'BEAUTY', as in official Gen I field dialogue; the sprite and encounter retain the speaker identity.",10,dialogue_19_19
catalogue,MAIN:0x03DD5E,dialogue,"成熟姐姐:如何,不想和我约会吗","BEAUTY: So, no date with me?","So, no date with me?",corrected,contextual_label_omission,"Omits the contextual one-speaker label 'BEAUTY', as in official Gen I field dialogue; the sprite and encounter retain the speaker identity.",22,dialogue_19_19
catalogue,MAIN:0x03DD77,dialogue,急冻鸟:......,ARTICUNO: ...,ARTICUNO: ...,reviewed_no_change,full_corpus_review,"Reviewed against Chinese source, runtime role, and English style; no certain change required.",12,dialogue_19_19
catalogue,MAIN:0x03DD88,dialogue,游泳女:好可爱的样子,F.SWIM: So cute!,So cute!,corrected,contextual_label_omission,"Omits the contextual one-speaker label 'SWIMMER', as in official Gen I field dialogue; the sprite and encounter retain the speaker identity.",8,dialogue_19_19
catalogue,MAIN:0x03DD98,dialogue,游泳女:是吗?太可惜了...,F.SWIM: Really? Too bad...,Really? That's too bad...,corrected,natural_english+contextual_label_omission,"Restores the complete reaction and uses the official common Gen I Swimmer class. Omits the contextual one-speaker label 'SWIMMER', as in official Gen I field dialogue; the sprite and encounter retain the speaker identity.",25,dialogue_19_19
catalogue,MAIN:0x03DDA3,dialogue,游泳男:我比你长的帅!,M.SWIM: I'm more handsome than you!,I'm more handsome than you!,corrected,contextual_label_omission,"Omits the contextual one-speaker label 'SWIMMER', as in official Gen I field dialogue; the sprite and encounter retain the speaker identity.",28,dialogue_19_19
catalogue,MAIN:0x03DDBB,dialogue,游泳男:原来你长的比我还帅啊!,M.SWIM: You're more handsome than me!,You're more handsome than me!,corrected,contextual_label_omission,"Omits the contextual one-speaker label 'SWIMMER', as in official Gen I field dialogue; the sprite and encounter retain the speaker identity.",36,dialogue_19_19
catalogue,MAIN:0x03DDCC,dialogue,游泳男:大海是所有生命的源泉,M.SWIM: Sea is the source of all life.,The sea is the source of all life.,corrected,natural_english+contextual_label_omission,"Restores the article and clear class label. Omits the contextual one-speaker label 'SWIMMER', as in official Gen I field dialogue; the sprite and encounter retain the speaker identity.",38,dialogue_19_19
catalogue,MAIN:0x03DDE9,dialogue,游泳男:我明白了!你说的都是对的,M.SWIM: I get it! You're right.,I get it! You're right.,corrected,contextual_label_omission,"Omits the contextual one-speaker label 'SWIMMER', as in official Gen I field dialogue; the sprite and encounter retain the speaker identity.",25,dialogue_19_19
catalogue,MAIN:0x03DE0C,dialogue,游泳女:你要去哪里?,F.SWIM: Where to?,Where are you going?,corrected,natural_english+contextual_label_omission,"Restores the complete question and uses the official common Gen I Swimmer class. Omits the contextual one-speaker label 'SWIMMER', as in official Gen I field dialogue; the sprite and encounter retain the speaker identity.",25,dialogue_19_19
catalogue,MAIN:0x03DE25,dialogue,游泳女:你去哪里我管不着...,F.SWIM: Go anywhere. Not my concern...,Go wherever you want. It's none of my concern...,corrected,natural_english+contextual_label_omission,"Replaces two clipped clauses with natural English and uses the official common Gen I Swimmer class. Omits the contextual one-speaker label 'SWIMMER', as in official Gen I field dialogue; the sprite and encounter retain the speaker identity.",51,dialogue_19_19
catalogue,MAIN:0x03DE2C,dialogue,游泳女:不要盯着人家看!,F.SWIM: Don't stare!,Don't stare!,corrected,contextual_label_omission,"Omits the contextual one-speaker label 'SWIMMER', as in official Gen I field dialogue; the sprite and encounter retain the speaker identity.",12,dialogue_19_19
catalogue,MAIN:0x03DE4A,dialogue,游泳女:请随便看,F.SWIM: Look all you like.,Look all you like.,corrected,contextual_label_omission,"Omits the contextual one-speaker label 'SWIMMER', as in official Gen I field dialogue; the sprite and encounter retain the speaker identity.",18,dialogue_19_19
catalogue,MAIN:0x03DE67,dialogue,游泳女:你想干什么?,F.SWIM: What do you want?,What do you want?,corrected,contextual_label_omission,"Omits the contextual one-speaker label 'SWIMMER', as in official Gen I field dialogue; the sprite and encounter retain the speaker identity.",17,dialogue_19_19
catalogue,MAIN:0x03DE8B,dialogue,游泳女:想干什么都可以啦,"F.SWIM: Fine, anything goes.","Fine, anything goes.",corrected,contextual_label_omission,"Omits the contextual one-speaker label 'SWIMMER', as in official Gen I field dialogue; the sprite and encounter retain the speaker identity.",24,dialogue_19_19
catalogue,MAIN:0x03DE9F,dialogue,游泳男:和我一起玩吧!,M.SWIM: Play with me!,Play with me!,corrected,contextual_label_omission,"Omits the contextual one-speaker label 'SWIMMER', as in official Gen I field dialogue; the sprite and encounter retain the speaker identity.",13,dialogue_19_19
catalogue,MAIN:0x03DEBF,dialogue,"游泳男:对不起,我知道你很忙",M.SWIM: Sorry. You're busy.,Sorry. I know you're busy.,corrected,natural_english+contextual_label_omission,"Restores the source's knowledge clause. Omits the contextual one-speaker label 'SWIMMER', as in official Gen I field dialogue; the sprite and encounter retain the speaker identity.",31,dialogue_19_19
catalogue,MAIN:0x03DEDF,dialogue,博士:我一直都在研究珍贵的化石你有不错的化石吗?,DOCTOR: Hiya! I study rare Pokémon fossils. Have one?,Hiya! I study rare Pokémon fossils. Have one?,corrected,contextual_label_omission,"Omits the contextual one-speaker label 'DOCTOR', as in official Gen I field dialogue; the sprite and encounter retain the speaker identity.",47,dialogue_19_19
catalogue,MAIN:0x03DF0D,shadowed_nonlive,"社长:少年!谢谢你救了我,在我最需要帮助的时候救了我!这恩情我不会忘的...对了!这礼物可不能忘了!就给你这个好吗?",Thanks for saving me! I'll never forget it. Oh! I must give you a gift! How about this?,PRESIDENT: Thanks for saving me! I'll never forget it. Oh! I must give you a gift! How about this?,shadowed_nonlive,shadowed_nonlive,Non-live overlap cell: reference 0x03CF60 resolves to MAIN:0x03D7CB at final target 0x03B1E6; this MAIN row is not a displayed ROM surface.,98,raw
catalogue,MAIN:0x03DF7B,fixed_or_dynamic,得到大师球,Got M.Ball!,Got M.Ball!,reviewed_no_change,full_corpus_review,"Reviewed against Chinese source, runtime role, and English style; no certain change required.",11,
catalogue,MAIN:0x03DF87,dialogue,博士:啊?这个是古代菊石兽的化石!!如果使用我的再生机器一定可以让他复活!!把化石交给我吧,"DOC: Helix Fossil, ancient Omanyte! My machine can revive it. Hand it over!",A Helix Fossil from an ancient Omanyte! My machine can revive it. Hand it over!,corrected,natural_english+contextual_label_omission,"Uses a consistent speaker label and grammatical fossil identification. Omits the contextual one-speaker label 'DOCTOR', as in official Gen I field dialogue; the sprite and encounter retain the speaker identity.",81,dialogue_19_19
catalogue,MAIN:0x03DFC0,dialogue,再生机器再生出菊石兽,Machine revived Omanyte!,The machine revived Omanyte!,corrected,natural_english,Restores the missing article.,27,dialogue_19_19
catalogue,MAIN:0x03DFF8,dialogue,得到菊石兽,Got Omanyte!,Got Omanyte!,reviewed_no_change,full_corpus_review,"Reviewed against Chinese source, runtime role, and English style; no certain change required.",12,dialogue_19_19
catalogue,MAIN:0x03E005,dialogue,博士:啊?这个是古代化石盔的化石!!如果使用我的再生机器一定可以让他复活!!把化石交给我吧,"DOC: Dome Fossil, ancient Kabuto! My machine can revive it. Hand it over!",A Dome Fossil from an ancient Kabuto! My machine can revive it. Hand it over!,corrected,natural_english+contextual_label_omission,"Uses a consistent speaker label and grammatical fossil identification. Omits the contextual one-speaker label 'DOCTOR', as in official Gen I field dialogue; the sprite and encounter retain the speaker identity.",81,dialogue_19_19
catalogue,MAIN:0x03E03E,dialogue,再生机器再生出化石盔,Machine revived Kabuto!,The machine revived Kabuto!,corrected,natural_english,Restores the missing article.,26,dialogue_19_19
catalogue,MAIN:0x03E076,dialogue,得到化石盔,Got Kabuto!,Got Kabuto!,reviewed_no_change,full_corpus_review,"Reviewed against Chinese source, runtime role, and English style; no certain change required.",11,dialogue_19_19
catalogue,MAIN:0x03E082,dialogue,小偷:这种地方没想到还有人,"THIEF: Someone here, of all places?","Someone here, of all places?",corrected,contextual_label_omission,"Omits the contextual one-speaker label 'THIEF', as in official Gen I field dialogue; the sprite and encounter retain the speaker identity.",30,dialogue_19_19
catalogue,MAIN:0x03E08F,dialogue,小偷:我知道错了...,THIEF: I was wrong...,I was wrong...,corrected,contextual_label_omission,"Omits the contextual one-speaker label 'THIEF', as in official Gen I field dialogue; the sprite and encounter retain the speaker identity.",14,dialogue_19_19
catalogue,MAIN:0x03E0A9,dialogue,研究员:这个研究所被火山给毁了,SCI: Volcano wrecked this lab.,The volcano destroyed this lab.,corrected,natural_english+contextual_label_omission,"Restores the missing article and uses the natural destruction verb. Omits the contextual one-speaker label 'SCIENTIST', as in official Gen I field dialogue; the sprite and encounter retain the speaker identity.",38,dialogue_19_19
catalogue,MAIN:0x03E0C7,dialogue,研究员:这里面应该有珍稀的精灵...,SCI: Rare Pokémon should remain inside...,There should still be rare Pokémon inside...,corrected,natural_english+contextual_label_omission,"Restores the existential construction. Omits the contextual one-speaker label 'SCIENTIST', as in official Gen I field dialogue; the sprite and encounter retain the speaker identity.",47,dialogue_19_19
catalogue,MAIN:0x03E0F5,dialogue,研究员:你来干什么,SCI: Why are you here?,Why are you here?,corrected,contextual_label_omission,"Omits the contextual one-speaker label 'SCIENTIST', as in official Gen I field dialogue; the sprite and encounter retain the speaker identity.",17,dialogue_19_19
catalogue,MAIN:0x03E11B,dialogue,研究员:请随便参观,SCI: Look around freely.,Feel free to look around.,corrected,natural_english+contextual_label_omission,"Uses the idiomatic invitation. Omits the contextual one-speaker label 'SCIENTIST', as in official Gen I field dialogue; the sprite and encounter retain the speaker identity.",26,dialogue_19_19
catalogue,MAIN:0x03E13F,dialogue,研究员:真不小心...,SCI: How careless...,How careless of me...,corrected,natural_english+contextual_label_omission,"Restores the speaker in the reaction. Omits the contextual one-speaker label 'SCIENTIST', as in official Gen I field dialogue; the sprite and encounter retain the speaker identity.",24,dialogue_19_19
catalogue,MAIN:0x03E186,dialogue,小偷:糟了!被发现了,THIEF: Oh no! Spotted!,Oh no! You found me!,corrected,natural_english+contextual_label_omission,"Restores the subject and source discovery. Omits the contextual one-speaker label 'THIEF', as in official Gen I field dialogue; the sprite and encounter retain the speaker identity.",22,dialogue_19_19
catalogue,MAIN:0x03E19A,dialogue,小偷:放过我吧,THIEF: Spare me!,Spare me!,corrected,contextual_label_omission,"Omits the contextual one-speaker label 'THIEF', as in official Gen I field dialogue; the sprite and encounter retain the speaker identity.",9,dialogue_19_19
catalogue,MAIN:0x03E1BB,dialogue,裁判:未来的冠军!热情的阿桂是炎系的行家,GUIDE: Future Champ! Hot-headed Blaine is a Fire Pokémon pro!,Future Champ! Hot-headed Blaine is a Fire Pokémon pro!,corrected,contextual_label_omission,"Omits the contextual one-speaker label 'GUIDE', as in official Gen I field dialogue; the sprite and encounter retain the speaker identity.",61,dialogue_19_19
catalogue,MAIN:0x03E200,dialogue,研究员:反正就是喜欢炎系的精灵!,SCI: I just love Fire-types!,I just love Fire-types!,corrected,contextual_label_omission,"Omits the contextual one-speaker label 'SCIENTIST', as in official Gen I field dialogue; the sprite and encounter retain the speaker identity.",30,dialogue_19_19
catalogue,MAIN:0x03E233,dialogue,研究员:烧起来了...,SCI: Burning up...,I'm burning up...,corrected,natural_english+contextual_label_omission,"Restores the omitted subject and auxiliary. Omits the contextual one-speaker label 'SCIENTIST', as in official Gen I field dialogue; the sprite and encounter retain the speaker identity.",17,dialogue_19_19
catalogue,MAIN:0x03E259,dialogue,研究员:火系是最强的!!,SCI: Fire is strongest!,Fire is the strongest!,corrected,natural_english+contextual_label_omission,"Restores the missing article and full class label. Omits the contextual one-speaker label 'SCIENTIST', as in official Gen I field dialogue; the sprite and encounter retain the speaker identity.",29,dialogue_19_19
catalogue,MAIN:0x03E27A,dialogue,研究员:还需要多做点研究...,SCI: More research needed...,I need to do more research...,corrected,natural_english+contextual_label_omission,"Restores the omitted subject and verb. Omits the contextual one-speaker label 'SCIENTIST', as in official Gen I field dialogue; the sprite and encounter retain the speaker identity.",30,dialogue_19_19
catalogue,MAIN:0x03E28C,dialogue,研究员:能过我这关吗?,SCI: Can you pass me?,Can you pass me?,corrected,contextual_label_omission,"Omits the contextual one-speaker label 'SCIENTIST', as in official Gen I field dialogue; the sprite and encounter retain the speaker identity.",16,dialogue_19_19
catalogue,MAIN:0x03E2AD,dialogue,研究员:哈哈你可以过去了,SCI: Ha ha! You may pass.,Ha ha! You may pass.,corrected,contextual_label_omission,"Omits the contextual one-speaker label 'SCIENTIST', as in official Gen I field dialogue; the sprite and encounter retain the speaker identity.",24,dialogue_19_19
catalogue,MAIN:0x03E2C0,dialogue,研究员:你知道精灵喜欢什么吗?,SCI: Know what Pokémon like?,Do you know what Pokémon like?,corrected,natural_english+contextual_label_omission,"Restores the complete question. Omits the contextual one-speaker label 'SCIENTIST', as in official Gen I field dialogue; the sprite and encounter retain the speaker identity.",32,dialogue_19_19
catalogue,MAIN:0x03E2DA,dialogue,研究员:怎么会...,SCI: How could this be...,How could this be...,corrected,contextual_label_omission,"Omits the contextual one-speaker label 'SCIENTIST', as in official Gen I field dialogue; the sprite and encounter retain the speaker identity.",24,dialogue_19_19
catalogue,MAIN:0x03E2EA,dialogue,小偷:去过许多道馆这个道馆最适合偷了,THIEF: Seen many Gyms; this one's easiest to rob!,"I've been to many Gyms, but this one is the easiest to rob!",corrected,natural_english+contextual_label_omission,"Restores the subject and grammatical comparison. Omits the contextual one-speaker label 'THIEF', as in official Gen I field dialogue; the sprite and encounter retain the speaker identity.",61,dialogue_19_19
catalogue,MAIN:0x03E308,dialogue,小偷:好热,THIEF: It's so hot!,It's so hot!,corrected,contextual_label_omission,"Omits the contextual one-speaker label 'THIEF', as in official Gen I field dialogue; the sprite and encounter retain the speaker identity.",12,dialogue_19_19
catalogue,MAIN:0x03E347,dialogue,"小偷:以前我是小偷,如今金盆洗手了","THIEF: Ex-thief, now reformed.",I'm a reformed thief.,corrected,natural_english+contextual_label_omission,"Turns two noun fragments into an idiomatic sentence. Omits the contextual one-speaker label 'THIEF', as in official Gen I field dialogue; the sprite and encounter retain the speaker identity.",25,dialogue_19_19
catalogue,MAIN:0x03E366,dialogue,小偷:哈哈你可以过去了,THIEF: Ha ha! You may pass.,Ha ha! You may pass.,corrected,contextual_label_omission,"Omits the contextual one-speaker label 'THIEF', as in official Gen I field dialogue; the sprite and encounter retain the speaker identity.",24,dialogue_19_19
catalogue,MAIN:0x03E376,dialogue,阿桂:我是热情的男子汉!!这个火焰之岛红莲岛道馆的馆主就是我!!看看我的火焰精灵的厉害!,BLAINE: I'm fiery! I lead Cinnabar's island-of-flame Gym! Behold my Fire Pokémon!,BLAINE: I'm a fiery man and the Leader of Cinnabar Island's Gym! Behold my Fire Pokémon!,corrected,natural_english,Uses the grammatical official location and restores the article before Blaine's role.,103,dialogue_19_19
catalogue,MAIN:0x03E3D0,dialogue,阿桂:哈哈你更适合拥有红色徽章!我输的心服口服...红色徽章能提高你所有精灵的攻击力,BLAINE: Ha ha! You deserve Volcano Badge. I concede. It boosts all your Pokémon's Attack!,BLAINE: Ha ha! You earned the Volcano Badge. I admit defeat. It boosts every Pokémon's Attack!,corrected,natural_english,Restores the Badge article and uses natural defeat and effect clauses.,102,dialogue_19_19
catalogue,MAIN:0x03E41A,dialogue,游泳男:我的鲤鱼王队伍天下无双!,M.SWIM: My Magikarp team is peerless!,No team can beat my Magikarp!,corrected,natural_english+contextual_label_omission,"Recasts the stilted peerless claim in natural English. Omits the contextual one-speaker label 'SWIMMER', as in official Gen I field dialogue; the sprite and encounter retain the speaker identity.",28,dialogue_19_19
catalogue,MAIN:0x03E433,dialogue,游泳男:真糟糕...大败了,M.SWIM: Disaster... I lost badly.,What a disaster... I lost badly.,corrected,natural_english+contextual_label_omission,"Turns the noun fragment into a natural defeat line. Omits the contextual one-speaker label 'SWIMMER', as in official Gen I field dialogue; the sprite and encounter retain the speaker identity.",32,dialogue_19_19
catalogue,MAIN:0x03E441,dialogue,游泳男:再过去就是真新镇了...,M.SWIM: Pallet Town is just ahead...,Pallet Town is just ahead...,corrected,contextual_label_omission,"Omits the contextual one-speaker label 'SWIMMER', as in official Gen I field dialogue; the sprite and encounter retain the speaker identity.",27,dialogue_19_19
catalogue,MAIN:0x03E467,dialogue,游泳男:你的家就在真新镇啊,M.SWIM: Pallet Town is your home.,Pallet Town is your home.,corrected,contextual_label_omission,"Omits the contextual one-speaker label 'SWIMMER', as in official Gen I field dialogue; the sprite and encounter retain the speaker identity.",24,dialogue_19_19
catalogue,MAIN:0x03E483,dialogue,游泳男:我看见你的样子就不爽,M.SWIM: Seeing you annoys me.,Just seeing you annoys me!,corrected,natural_english+contextual_label_omission,"Uses natural emphasis for the source irritation. Omits the contextual one-speaker label 'SWIMMER', as in official Gen I field dialogue; the sprite and encounter retain the speaker identity.",29,dialogue_19_19
catalogue,MAIN:0x03E4A6,dialogue,游泳男:别以为你打败我就会改口!!,M.SWIM: Defeat won't change my tune!,Defeat won't change my tune!,corrected,contextual_label_omission,"Omits the contextual one-speaker label 'SWIMMER', as in official Gen I field dialogue; the sprite and encounter retain the speaker identity.",27,dialogue_19_19
catalogue,MAIN:0x03E4C7,dialogue,"游泳男:不自量力的家伙,看我打的你满地找牙!!",M.SWIM: Know your limits! I'll knock your teeth out!,Know your limits! I'll knock your teeth out!,corrected,contextual_label_omission,"Omits the contextual one-speaker label 'SWIMMER', as in official Gen I field dialogue; the sprite and encounter retain the speaker identity.",48,dialogue_19_19
catalogue,MAIN:0x03E4E8,dialogue,游泳男:我错了...,M.SWIM: I was wrong...,I was wrong...,corrected,contextual_label_omission,"Omits the contextual one-speaker label 'SWIMMER', as in official Gen I field dialogue; the sprite and encounter retain the speaker identity.",14,dialogue_19_19
catalogue,MAIN:0x03E502,dialogue,"游泳女:你好,比试一?",F.SWIM: Hi! Battle me?,Hi! Want to battle?,corrected,natural_english+contextual_label_omission,"Uses a natural invitation and the official common Gen I Swimmer class. Omits the contextual one-speaker label 'SWIMMER', as in official Gen I field dialogue; the sprite and encounter retain the speaker identity.",19,dialogue_19_19
catalogue,MAIN:0x03E51F,dialogue,游泳女:真不甘心,F.SWIM: How frustrating...,How frustrating...,corrected,contextual_label_omission,"Omits the contextual one-speaker label 'SWIMMER', as in official Gen I field dialogue; the sprite and encounter retain the speaker identity.",18,dialogue_19_19
catalogue,MAIN:0x03E53E,dialogue,空手道:我不会让你再前进的!,KARATE: You won't advance!,You won't advance!,corrected,contextual_label_omission,"Omits the contextual one-speaker label 'BLACK BELT', as in official Gen I field dialogue; the sprite and encounter retain the speaker identity.",18,dialogue_19_19
catalogue,MAIN:0x03E565,dialogue,空手道:目标是精灵联盟啊!有志气的小孩!训兽师:不要怕,KARATE: Pokémon League? Ambitious kid! TAMER: Fear not.,"BLACK BELT: The Pokémon League? You're ambitious, kid! TAMER: Don't be afraid.",corrected,natural_english,Gives both speakers complete natural clauses and uses the official Gen I class.,86,dialogue_19_19
catalogue,MAIN:0x03E580,dialogue,训兽师:没有体力是不能赢老大的!空手道:我的愤怒已到最高点!,"TAMER: No stamina, no beating Boss! KARATE: Rage maxed!",TAMER: You can't beat the Boss without stamina! BLACK BELT: My rage has peaked!,corrected,natural_english,Uses complete natural clauses for both speakers and the official Gen I Blackbelt class.,87,dialogue_19_19
catalogue,MAIN:0x03E5B4,dialogue,空手道:练习还不够啊...训兽师:我与精灵之间的沟通是最在行的!,KARATE: More training... TAMER: I talk with Pokémon best!,BLACK BELT: I need more training... TAMER: I understand Pokémon best!,corrected,natural_english,Restores subjects and a natural specialty claim while using the official Gen I class.,70,dialogue_19_19
catalogue,MAIN:0x03E5E2,dialogue,训兽师:请...空手道:来吧!!,TAMER: Please... KARATE: Come on!,TAMER: Please... BLACK BELT: Come on!,corrected,natural_english,Expands the embedded speaker label to the official Gen I class while preserving the interrupted plea.,41,dialogue_19_19
catalogue,MAIN:0x03E612,dialogue,空手道:如果我能像老大那么强就好了!训兽师:差不多该走了!,KARATE: Wish I matched Boss! TAMER: Time to go!,BLACK BELT: I wish I were as strong as the Boss! TAMER: Time to go!,corrected,natural_english,Uses the grammatical English subjunctive and official Gen I class.,68,dialogue_19_19
catalogue,MAIN:0x03E640,dialogue,"训兽师:如果你能胜我们老大的话就能朝精灵联盟前进!老大:哈哈,又见面了...",TAMER: Beat Boss to reach Pokémon League! GIOVANNI: Ha ha! You again...,TAMER: Beat Boss to reach Pokémon League! GIOVANNI: Ha ha! You again...,reviewed_no_change,full_corpus_review,"Reviewed against Chinese source, runtime role, and English style; no certain change required.",76,dialogue_19_19
catalogue,MAIN:0x03E674,dialogue,小智:火箭队的老大??难道你是这个道馆的主人?,ASH: Team Rocket's Boss? You own this Gym?,ASH: Team Rocket's Boss? You own this Gym?,reviewed_no_change,full_corpus_review,"Reviewed against Chinese source, runtime role, and English style; no certain change required.",42,dialogue_19_19
catalogue,MAIN:0x03E6A6,dialogue,火箭队:等等!你居然害我们失业了我们不会饶恕你的!!,TEAM ROCKET: Wait! You cost our jobs! Unforgivable!,Wait! You cost our jobs! Unforgivable!,corrected,contextual_label_omission,"Omits the contextual one-speaker label 'TEAM ROCKET', as in official Gen I field dialogue; the sprite and encounter retain the speaker identity.",38,dialogue_19_19
catalogue,MAIN:0x03E6CC,dialogue,小智:你们是?,ASH: Who are you?,ASH: Who are you?,reviewed_no_change,full_corpus_review,"Reviewed against Chinese source, runtime role, and English style; no certain change required.",17,dialogue_19_19
catalogue,MAIN:0x03E6E9,dialogue,训兽师:该死!你知道我是谁吗?空手道:真正强的训练家连赢的方法都很漂亮!,TAMER: Darn! Know me? KARATE: Strong Trainers win in style!,TAMER: Darn! Do you know who I am? BLACK BELT: Strong Trainers win in style!,corrected,natural_english,Restores the complete natural question and official full class label.,82,dialogue_19_19
catalogue,MAIN:0x03E732,dialogue,"空手道:我输了,老大会生气的...训兽师:我是天才!",KARATE: Lost; Boss will rage... TAMER: Genius here!,BLACK BELT: I lost; the Boss will be angry... TAMER: I'm a genius!,corrected,natural_english,Replaces two clipped fragments with complete clauses and uses the official Gen I class.,66,dialogue_19_19
catalogue,MAIN:0x03E777,dialogue,研究员:这里不是你这种小孩能来的,SCI: No kids allowed here.,No kids allowed here.,corrected,contextual_label_omission,"Omits the contextual one-speaker label 'SCIENTIST', as in official Gen I field dialogue; the sprite and encounter retain the speaker identity.",24,dialogue_19_19
catalogue,MAIN:0x03E797,dialogue,成熟姐姐:在这不远就是红莲镇了,BEAUTY: Cinnabar Island's near.,Cinnabar Island's near.,corrected,contextual_label_omission,"Omits the contextual one-speaker label 'BEAUTY', as in official Gen I field dialogue; the sprite and encounter retain the speaker identity.",24,dialogue_19_19
catalogue,MAIN:0x03E82C,dialogue,成熟姐姐:红莲镇经常会有火山爆发的情况,BEAUTY: Cinnabar Island erupts often.,Cinnabar's volcano erupts often.,corrected,natural_english+contextual_label_omission,"Corrects the impossible claim that the island itself erupts. Omits the contextual one-speaker label 'BEAUTY', as in official Gen I field dialogue; the sprite and encounter retain the speaker identity.",32,dialogue_19_19
catalogue,MAIN:0x03E853,dialogue,研究员:在这每天都有对精灵的研究,SCI: Pokémon studied here daily.,We study Pokémon here every day.,corrected,natural_english+contextual_label_omission,"Restores the subject and natural adverb placement. Omits the contextual one-speaker label 'SCIENTIST', as in official Gen I field dialogue; the sprite and encounter retain the speaker identity.",34,dialogue_19_19
catalogue,MAIN:0x03E874,dialogue,小孩:我在观月山发现的化石好象是珍贵的化石!,CHILD: My Mt. Moon fossil seems valuable!,My Mt. Moon fossil seems valuable!,corrected,contextual_label_omission,"Omits the contextual one-speaker label 'CHILD', as in official Gen I field dialogue; the sprite and encounter retain the speaker identity.",34,dialogue_19_19
catalogue,MAIN:0x03E8A0,dialogue,"老大:哈哈,这里是我藏身的地方!既然被你发现那就没办法了.我可不会手下留情的!再让你尝尝最强的训练师我沙奇的厉害!!","GIOVANNI: Ha! You found my hideout. No choice, no mercy! Feel my might again: the strongest Trainer!","GIOVANNI: Ha! You've discovered my hideout. Now that you've found me, I won't hold back! Face the power of Giovanni, the strongest Trainer!",corrected,natural_english,Restores Giovanni's explicit source name in complete natural challenge clauses.,160,dialogue_19_19
catalogue,MAIN:0x03E954,dialogue,"老大:虽然不想承认但我还是输了,按照约定这个黑色徽章就交给你了,你一定能成为一位厉害的训练家.我想从今起重新开始我的精灵修行之旅!想暂时解散火箭队!有缘的话我们再见吧!","GIOVANNI: I lost, though I hate admitting it. Take promised Earth Badge. You'll be a great Trainer. My Pokémon journey starts anew; I plan to disband Team Rocket for now. If fated, meet again!","GIOVANNI: I lost, though I hate admitting it. Take the promised Earth Badge. You'll be a great Trainer. My Pokémon journey starts anew; I'll disband Team Rocket for now. If fate allows, we'll meet again!",corrected,natural_english,Repairs articles and the unidiomatic final fate clause.,215,dialogue_19_19
catalogue,MAIN:0x03EAB4,dialogue,小次郎:那我就大发慈悲的告诉你们!,JAMES: And make it double!,JAMES: And make it double!,reviewed_no_change,full_corpus_review,"Reviewed against Chinese source, runtime role, and English style; no certain change required.",26,dialogue_19_19
catalogue,MAIN:0x03EB91,dialogue,研究员:火系还是有弱点啊...,SCI: Even Fire has weaknesses...,Even Fire has weaknesses...,corrected,contextual_label_omission,"Omits the contextual one-speaker label 'SCIENTIST', as in official Gen I field dialogue; the sprite and encounter retain the speaker identity.",32,dialogue_19_19
catalogue,MAIN:0x03EC21,dialogue,研究员:火对水确实没办法但比冰系要强,"SCI: Fire loses to Water, beats Ice.",Fire loses to Water but beats Ice.,corrected,natural_english+contextual_label_omission,"Turns a comma splice into a grammatical contrast. Omits the contextual one-speaker label 'SCIENTIST', as in official Gen I field dialogue; the sprite and encounter retain the speaker identity.",33,dialogue_19_19
catalogue,MAIN:0x03EC46,dialogue,武藏:为了防止世界被破坏,JESSIE: To protect the world from devastation!,JESSIE: To protect the world from devastation!,reviewed_no_change,full_corpus_review,"Reviewed against Chinese source, runtime role, and English style; no certain change required.",50,dialogue_19_19
catalogue,MAIN:0x03ECFD,dialogue,裁判:未来的冠军!这个常青道馆的首领是谁我也不知道...,REF: Future Champ! Even I don't know Viridian Gym's Leader...,Future Champ! Even I don't know Viridian Gym's Leader...,corrected,natural_english+contextual_label_omission,"Uses the established full guide label. Omits the contextual one-speaker label 'GUIDE', as in official Gen I field dialogue; the sprite and encounter retain the speaker identity.",66,dialogue_19_19
catalogue,MAIN:0x03F033,dialogue,你真是个难缠的人......,You really are a tough one...,You really are a tough one...,reviewed_no_change,full_corpus_review,"Reviewed against Chinese source, runtime role, and English style; no certain change required.",31,dialogue_19_19
catalogue,MAIN:0x03F27B,dialogue,"妈妈:是嘛男孩子都是志在四方嘛!...嗯,电视上都是这么说的!对了,隔壁的大木博士在找你呢",MOM: Right. All boys leave home someday. It said so on TV. Professor Oak next door is looking for you.,Right. All boys leave home someday. It said so on TV. Professor Oak next door is looking for you.,corrected,contextual_label_omission,"Omits the contextual one-speaker label 'MOM', as in official Gen I field dialogue; the sprite and encounter retain the speaker identity.",99,dialogue_19_19
catalogue,MAIN:0x03F2EE,dialogue,"大木:喔?小茂你已经来啦?我不是叫你稍后再来嘛...既然来啦就再等一下吧!喔...小智在那有个圆圆的球吧,那里有宠物精灵是要给你的!拿去吧!","OAK: Hmm? Gary? Why are you here already? I told you to come later... Ah, whatever! Wait there. Look, Ash! See that round ball? It holds a Pokémon for you. Go on, take it!","OAK: Hmm? Gary? Why are you here already? I told you to come later... Ah, whatever! Wait there. Look, Ash! See that round ball? It holds a Pokémon for you. Go on, take it!",reviewed_no_change,full_corpus_review,"Reviewed against Chinese source, runtime role, and English style; no certain change required.",183,dialogue_19_19
catalogue,MAIN:0x03F3D2,dialogue,欢迎!到精灵中心可以恢复精灵的体力.,Welcome! We heal Pokémon to perfect health!,Welcome! We heal Pokémon to perfect health!,reviewed_no_change,full_corpus_review,"Reviewed against Chinese source, runtime role, and English style; no certain change required.",45,dialogue_19_19
catalogue,MAIN:0x03F426,dialogue,"大木:小茂啊,正好我有事要麻烦你们,桌上的东西是我做的宠物精灵图鉴,可自动将发现的精灵资料记录起来并增加页数,是一本方便的资料图鉴啊!小智小茂!这就交给你们保管了!","OAK: Gary, a favor for both. I made those Pokédexes on the table. They auto-log discovered Pokémon data and add pages: handy guides. Ash, Gary, they're yours!","OAK: Gary, I have a favor to ask of you both. I made the Pokédexes on the table. They automatically record data on discovered Pokémon and add pages, making them handy guides. Ash, Gary, they're yours!",corrected,natural_english,Restores the request and explanation as complete natural clauses.,223,dialogue_19_19
catalogue,MAIN:0x03F5A3,dialogue,女孩:老爷爷怎在这睡着了?真没办法!只好等到睡醒了,GIRL: Grandpa fell asleep here? Must wait till he wakes.,Grandpa fell asleep here? We'll have to wait until he wakes up.,corrected,natural_english+contextual_label_omission,"Restores the subject and complete waiting clause. Omits the contextual one-speaker label 'GIRL', as in official Gen I field dialogue; the sprite and encounter retain the speaker identity.",60,dialogue_19_19
catalogue,MAIN:0x03F5F5,dialogue,捉虫少年:让你见识一下,BUG CATCHER: Watch me!,Watch me!,corrected,contextual_label_omission,"Omits the contextual one-speaker label 'BUG CATCHER', as in official Gen I field dialogue; the sprite and encounter retain the speaker identity.",9,dialogue_19_19
catalogue,RESTORED:0x033137,dialogue,武藏:我们是穿过银河系的即将解散的火箭队!,"JESSIE: We're Team Rocket, crossing the galaxy and about to disband!","JESSIE: We're Team Rocket, crossing the galaxy and about to disband!",reviewed_no_change,full_corpus_review,"Reviewed against Chinese source, runtime role, and English style; no certain change required.",74,dialogue_19_19
catalogue,RESTORED:0x033139,dialogue,"小次郎:黑洞,没有明天的黑色在等着我们!",JAMES: A black hole! A black tomorrow with no future awaits us!,JAMES: A black hole! A dark future with no tomorrow awaits us!,corrected,natural_english,Keeps the NJ046 black-hole wordplay in natural English.,67,dialogue_19_19
catalogue,RESTORED:0x03313B,dialogue,喵喵:就是这样!!,MEOWTH: That's right!!,MEOWTH: That's right!,corrected,natural_english,Normalizes duplicated exclamation punctuation.,25,dialogue_19_19
catalogue,RESTORED:0x03313D,dialogue,小次郎:怎么没次都这样...,JAMES: Why is it always like this...,JAMES: Why is it always like this...,reviewed_no_change,full_corpus_review,"Reviewed against Chinese source, runtime role, and English style; no certain change required.",38,dialogue_19_19
catalogue,RESTORED:0x03313F,dialogue,武藏:好讨厌的感觉哟...,JESSIE: What an awful feeling...,JESSIE: What an awful feeling...,reviewed_no_change,full_corpus_review,"Reviewed against Chinese source, runtime role, and English style; no certain change required.",35,dialogue_19_19
catalogue,RESTORED:0x033141,dialogue,喵喵:喵...,MEOWTH: Meow...,MEOWTH: Meow...,reviewed_no_change,full_corpus_review,"Reviewed against Chinese source, runtime role, and English style; no certain change required.",15,dialogue_19_19
catalogue,RESTORED:0x033193,dialogue,小智:超梦?,ASH: Mewtwo?,ASH: Mewtwo?,reviewed_no_change,full_corpus_review,"Reviewed against Chinese source, runtime role, and English style; no certain change required.",12,dialogue_19_19
catalogue,RESTORED:0x033195,dialogue,"加纳:是火箭队干的好事,他们用梦幻的遗传基因克隆出来的精灵...幸好你及时发现了才没有造成大的轰动!我也该返回联盟了那么随时欢迎你到联盟挑战!","LORELEI: Team Rocket did this. They cloned this Pokémon from Mew's DNA... Luckily, you found it in time, before it caused a huge commotion! I should return to the League now. You're welcome to challenge us anytime!","LORELEI: Team Rocket did this. They cloned this Pokémon from Mew's DNA... Luckily, you found it in time, before it caused a huge commotion! I should return to the League now. You're welcome to challenge us anytime!",reviewed_no_change,full_corpus_review,"Reviewed against Chinese source, runtime role, and English style; no certain change required.",236,dialogue_19_19
catalogue,RESTORED:0x033197,dialogue,小智:一定会的!,ASH: I definitely will!,ASH: Count on it!,corrected,natural_english,Uses a natural affirmative promise.,17,dialogue_19_19
catalogue,RESTORED:0x033199,dialogue,"加纳:啊,对了!我有件礼物要送给你!朋友给我的梦幻旅行船票...但我因为还有联盟的事情没时间去作为答谢就送给你了.","LORELEI: Oh, right! I have a gift for you! A friend gave me this Mystic Ticket for a Mew voyage, but League business leaves me no time to go. Take it as my thanks.","LORELEI: Oh, right! I have a gift for you! A friend gave me this Mystic Ticket for a Mew voyage, but League business leaves me no time to go. Take it as my thanks.",reviewed_no_change,full_corpus_review,"Reviewed against Chinese source, runtime role, and English style; no certain change required.",168,dialogue_19_19
catalogue,RESTORED:0x0331B3,dialogue,武藏:既然你诚心诚意的问了,JESSIE: Prepare for trouble!,JESSIE: Prepare for trouble!,reviewed_no_change,full_corpus_review,"Reviewed against Chinese source, runtime role, and English style; no certain change required.",27,dialogue_19_19
catalogue,RESTORED:0x0331B5,dialogue,小次郎:那我就大发慈悲的告诉你们!,JAMES: And make it double!,JAMES: And make it double!,reviewed_no_change,full_corpus_review,"Reviewed against Chinese source, runtime role, and English style; no certain change required.",26,dialogue_19_19
catalogue,RESTORED:0x0331B7,dialogue,武藏:为了防止世界被破坏,JESSIE: To protect the world from devastation!,JESSIE: To protect the world from devastation!,reviewed_no_change,full_corpus_review,"Reviewed against Chinese source, runtime role, and English style; no certain change required.",50,dialogue_19_19
catalogue,RESTORED:0x0331B9,dialogue,小次郎:为了维护世界的和平.,JAMES: To unite all peoples in peace!,JAMES: To unite all peoples in peace!,reviewed_no_change,full_corpus_review,"Reviewed against Chinese source, runtime role, and English style; no certain change required.",36,dialogue_19_19
catalogue,RESTORED:0x0331BB,dialogue,武藏:坚持爱与真实的罪恶,JESSIE: To denounce the evils of truth and love!,JESSIE: To denounce the evils of truth and love!,reviewed_no_change,full_corpus_review,"Reviewed against Chinese source, runtime role, and English style; no certain change required.",47,dialogue_19_19
catalogue,RESTORED:0x0331BD,dialogue,小次郎:最有魅力的反派人物!,JAMES: Charming villains reaching for the stars!,JAMES: Charming villains reaching for the stars!,reviewed_no_change,full_corpus_review,"Reviewed against Chinese source, runtime role, and English style; no certain change required.",52,dialogue_19_19
catalogue,RESTORED:0x0331BF,dialogue,武藏:武藏!,JESSIE: Jessie!,JESSIE: Jessie!,reviewed_no_change,full_corpus_review,"Reviewed against Chinese source, runtime role, and English style; no certain change required.",15,dialogue_19_19
catalogue,RESTORED:0x0331C1,dialogue,小次郎:小次郎!,JAMES: James!,JAMES: James!,reviewed_no_change,full_corpus_review,"Reviewed against Chinese source, runtime role, and English style; no certain change required.",13,dialogue_19_19
catalogue,RESTORED:0x0331C3,dialogue,武藏:我们是穿过银河系的南晶队!,JESSIE: Team Nanjing blasts across the galaxy!,JESSIE: Team Nanjing blasts across the galaxy!,reviewed_no_change,full_corpus_review,"Reviewed against Chinese source, runtime role, and English style; no certain change required.",56,dialogue_19_19
catalogue,RESTORED:0x0331C5,dialogue,"小次郎:白洞,白色的明天在等着我们!",JAMES: A white hole and bright tomorrow await!,JAMES: A white hole and bright tomorrow await!,reviewed_no_change,full_corpus_review,"Reviewed against Chinese source, runtime role, and English style; no certain change required.",44,dialogue_19_19
catalogue,RESTORED:0x0331C7,dialogue,喵喵:说的对!喵...,MEOWTH: Meowth! That's right!,MEOWTH: Meowth! That's right!,reviewed_no_change,full_corpus_review,"Reviewed against Chinese source, runtime role, and English style; no certain change required.",32,dialogue_19_19
catalogue,RESTORED:0x0331C9,dialogue,"小次郎:我们现在跟了新的老大,已经不是从前的我们了!!",JAMES: We follow a new Boss now. We're not who we used to be!!,JAMES: We follow a new Boss now. We're not who we used to be!,corrected,natural_english,Normalizes duplicated exclamation punctuation.,60,dialogue_19_19
catalogue,RESTORED:0x0331D1,dialogue,"小次郎:尽管你的实力非常强,但是碰上我们新老大卡美优的精灵只有落败的份!哈哈哈","JAMES: You may be very strong, but against our new Boss Kameiyu's Pokémon, you're bound to lose! Ha ha ha!","JAMES: You may be very strong, but against our new Boss Kameiyu's Pokémon, you're bound to lose! Ha ha ha!",reviewed_no_change,full_corpus_review,"Reviewed against Chinese source, runtime role, and English style; no certain change required.",120,dialogue_19_19
catalogue,RESTORED:0x038313,dialogue,小次郎:那我就大发慈悲的告诉你们!,JAMES: And make it double!,JAMES: And make it double!,reviewed_no_change,full_corpus_review,"Reviewed against Chinese source, runtime role, and English style; no certain change required.",26,dialogue_19_19
catalogue,RESTORED:0x038315,dialogue,武藏:为了防止世界被破坏,JESSIE: To protect the world from devastation!,JESSIE: To protect the world from devastation!,reviewed_no_change,full_corpus_review,"Reviewed against Chinese source, runtime role, and English style; no certain change required.",50,dialogue_19_19
catalogue,RESTORED:0x038317,dialogue,小次郎:为了维护世界的和平.,JAMES: To unite all peoples in peace!,JAMES: To unite all peoples in peace!,reviewed_no_change,full_corpus_review,"Reviewed against Chinese source, runtime role, and English style; no certain change required.",36,dialogue_19_19
catalogue,RESTORED:0x038319,dialogue,武藏:坚持爱与真实的罪恶,JESSIE: To denounce the evils of truth and love!,JESSIE: To denounce the evils of truth and love!,reviewed_no_change,full_corpus_review,"Reviewed against Chinese source, runtime role, and English style; no certain change required.",47,dialogue_19_19
catalogue,RESTORED:0x03831B,dialogue,小次郎:最有魅力的反派人物!,JAMES: Charming villains reaching for the stars!,JAMES: Charming villains reaching for the stars!,reviewed_no_change,full_corpus_review,"Reviewed against Chinese source, runtime role, and English style; no certain change required.",52,dialogue_19_19
catalogue,RESTORED:0x03831D,dialogue,武藏:武藏!,JESSIE: Jessie!,JESSIE: Jessie!,reviewed_no_change,full_corpus_review,"Reviewed against Chinese source, runtime role, and English style; no certain change required.",15,dialogue_19_19
catalogue,RESTORED:0x03831F,dialogue,小次郎:小次郎!,JAMES: James!,JAMES: James!,reviewed_no_change,full_corpus_review,"Reviewed against Chinese source, runtime role, and English style; no certain change required.",13,dialogue_19_19
catalogue,RESTORED:0x038321,dialogue,武藏:我们是穿过银河系的火箭队!,JESSIE: Team Rocket blasts across the galaxy!,JESSIE: Team Rocket blasts across the galaxy!,reviewed_no_change,full_corpus_review,"Reviewed against Chinese source, runtime role, and English style; no certain change required.",45,dialogue_19_19
catalogue,RESTORED:0x038323,dialogue,"小次郎:白洞,白色的明天在等着我们!",JAMES: A white hole and bright tomorrow await!,JAMES: A white hole and bright tomorrow await!,reviewed_no_change,full_corpus_review,"Reviewed against Chinese source, runtime role, and English style; no certain change required.",44,dialogue_19_19
catalogue,RESTORED:0x038325,dialogue,喵喵:说的对!喵...,MEOWTH: Meowth! That's right!,MEOWTH: Meowth! That's right!,reviewed_no_change,full_corpus_review,"Reviewed against Chinese source, runtime role, and English style; no certain change required.",32,dialogue_19_19
catalogue,RESTORED:0x038347,dialogue,迷你裙:我承认你了,LASS: You have my respect.,You have my respect.,corrected,contextual_label_omission,"Omits the contextual one-speaker label 'LASS', as in official Gen I field dialogue; the sprite and encounter retain the speaker identity.",27,dialogue_19_19
catalogue,RESTORED:0x03834B,dialogue,谈判小子:有两下子,YOUNGSTER: Not bad!,Not bad!,corrected,contextual_label_omission,"Omits the contextual one-speaker label 'YOUNGSTER', as in official Gen I field dialogue; the sprite and encounter retain the speaker identity.",8,dialogue_19_19
catalogue,RESTORED:0x03834F,dialogue,迷你裙:我今后就关注你吧,LASS: I'll watch you from now on.,I'll watch you from now on.,corrected,contextual_label_omission,"Omits the contextual one-speaker label 'LASS', as in official Gen I field dialogue; the sprite and encounter retain the speaker identity.",26,dialogue_19_19
catalogue,RESTORED:0x038353,dialogue,侦察员:你是第一个打败我们的,SCOUT: First to beat us all!,You're the first to beat all of us!,corrected,natural_english+contextual_label_omission,"Restores the omitted subject and auxiliary. Omits the contextual one-speaker label 'SCOUT', as in official Gen I field dialogue; the sprite and encounter retain the speaker identity.",34,dialogue_19_19
catalogue,RESTORED:0x03AF94,dialogue,小智:你们是?,ASH: Who are you?,ASH: Who are you?,reviewed_no_change,full_corpus_review,"Reviewed against Chinese source, runtime role, and English style; no certain change required.",17,dialogue_19_19
catalogue,RESTORED:0x03AF96,dialogue,武藏:既然你诚心诚意的问了,JESSIE: Prepare for trouble!,JESSIE: Prepare for trouble!,reviewed_no_change,full_corpus_review,"Reviewed against Chinese source, runtime role, and English style; no certain change required.",27,dialogue_19_19
catalogue,RESTORED:0x03AF98,dialogue,小次郎:那我就大发慈悲的告诉你们!,JAMES: And make it double!,JAMES: And make it double!,reviewed_no_change,full_corpus_review,"Reviewed against Chinese source, runtime role, and English style; no certain change required.",26,dialogue_19_19
catalogue,RESTORED:0x03AF9A,dialogue,武藏:为了防止世界被破坏,JESSIE: To protect the world from devastation!,JESSIE: To protect the world from devastation!,reviewed_no_change,full_corpus_review,"Reviewed against Chinese source, runtime role, and English style; no certain change required.",50,dialogue_19_19
catalogue,RESTORED:0x03AF9C,dialogue,小次郎:为了维护世界的和平.,JAMES: To unite all peoples in peace!,JAMES: To unite all peoples in peace!,reviewed_no_change,full_corpus_review,"Reviewed against Chinese source, runtime role, and English style; no certain change required.",36,dialogue_19_19
catalogue,RESTORED:0x03AF9E,dialogue,武藏:坚持爱与真实的罪恶,JESSIE: To denounce the evils of truth and love!,JESSIE: To denounce the evils of truth and love!,reviewed_no_change,full_corpus_review,"Reviewed against Chinese source, runtime role, and English style; no certain change required.",47,dialogue_19_19
catalogue,RESTORED:0x03AFA0,dialogue,小次郎:最有魅力的反派人物!,JAMES: Charming villains reaching for the stars!,JAMES: Charming villains reaching for the stars!,reviewed_no_change,full_corpus_review,"Reviewed against Chinese source, runtime role, and English style; no certain change required.",52,dialogue_19_19
catalogue,RESTORED:0x03AFA2,dialogue,武藏:武藏!,JESSIE: Jessie!,JESSIE: Jessie!,reviewed_no_change,full_corpus_review,"Reviewed against Chinese source, runtime role, and English style; no certain change required.",15,dialogue_19_19
catalogue,RESTORED:0x03AFA4,dialogue,小次郎:小次郎!,JAMES: James!,JAMES: James!,reviewed_no_change,full_corpus_review,"Reviewed against Chinese source, runtime role, and English style; no certain change required.",13,dialogue_19_19
catalogue,RESTORED:0x03AFA6,dialogue,武藏:我们是穿过银河系的火箭队!,JESSIE: Team Rocket blasts across the galaxy!,JESSIE: Team Rocket blasts across the galaxy!,reviewed_no_change,full_corpus_review,"Reviewed against Chinese source, runtime role, and English style; no certain change required.",45,dialogue_19_19
catalogue,RESTORED:0x03AFA8,dialogue,"小次郎:白洞,白色的明天在等着我们!",JAMES: A white hole and bright tomorrow await!,JAMES: A white hole and bright tomorrow await!,reviewed_no_change,full_corpus_review,"Reviewed against Chinese source, runtime role, and English style; no certain change required.",44,dialogue_19_19
catalogue,RESTORED:0x03AFAA,dialogue,喵喵:说的对!喵...,MEOWTH: Meowth! That's right!,MEOWTH: Meowth! That's right!,reviewed_no_change,full_corpus_review,"Reviewed against Chinese source, runtime role, and English style; no certain change required.",32,dialogue_19_19
catalogue,RESTORED:0x03AFAC,dialogue,小次郎:现在就让我们算清旧帐吧!!,JAMES: Let's settle our old score now!,JAMES: Let's settle our old score now!,reviewed_no_change,full_corpus_review,"Reviewed against Chinese source, runtime role, and English style; no certain change required.",37,dialogue_19_19
catalogue,RESTORED:0x03AFB0,dialogue,武藏:好讨厌的感觉哟...,JESSIE: Feels awful...,JESSIE: What an awful feeling...,corrected,natural_english,Restores the omitted determiner and complete exclamation.,35,dialogue_19_19
catalogue,RESTORED:0x03AFB2,dialogue,喵喵:喵...,MEOWTH: Meow...,MEOWTH: Meow...,reviewed_no_change,full_corpus_review,"Reviewed against Chinese source, runtime role, and English style; no certain change required.",15,dialogue_19_19
catalogue,RESTORED:0x03AFEA,dialogue,小智:你们是?,ASH: Who are you?,ASH: Who are you?,reviewed_no_change,full_corpus_review,"Reviewed against Chinese source, runtime role, and English style; no certain change required.",17,dialogue_19_19
catalogue,RESTORED:0x03AFEC,dialogue,武藏:既然你诚心诚意的问了,JESSIE: Prepare for trouble!,JESSIE: Prepare for trouble!,reviewed_no_change,full_corpus_review,"Reviewed against Chinese source, runtime role, and English style; no certain change required.",27,dialogue_19_19
catalogue,RESTORED:0x03AFEE,dialogue,小次郎:那我就大发慈悲的告诉你们!,JAMES: And make it double!,JAMES: And make it double!,reviewed_no_change,full_corpus_review,"Reviewed against Chinese source, runtime role, and English style; no certain change required.",26,dialogue_19_19
catalogue,RESTORED:0x03AFF0,dialogue,武藏:为了防止世界被破坏,JESSIE: To protect the world from devastation!,JESSIE: To protect the world from devastation!,reviewed_no_change,full_corpus_review,"Reviewed against Chinese source, runtime role, and English style; no certain change required.",50,dialogue_19_19
catalogue,RESTORED:0x03AFF2,dialogue,小次郎:为了维护世界的和平.,JAMES: To unite all peoples in peace!,JAMES: To unite all peoples in peace!,reviewed_no_change,full_corpus_review,"Reviewed against Chinese source, runtime role, and English style; no certain change required.",36,dialogue_19_19
catalogue,RESTORED:0x03AFF4,dialogue,武藏:坚持爱与真实的罪恶,JESSIE: To denounce the evils of truth and love!,JESSIE: To denounce the evils of truth and love!,reviewed_no_change,full_corpus_review,"Reviewed against Chinese source, runtime role, and English style; no certain change required.",47,dialogue_19_19
catalogue,RESTORED:0x03AFF6,dialogue,小次郎:最有魅力的反派人物!,JAMES: Charming villains reaching for the stars!,JAMES: Charming villains reaching for the stars!,reviewed_no_change,full_corpus_review,"Reviewed against Chinese source, runtime role, and English style; no certain change required.",52,dialogue_19_19
catalogue,RESTORED:0x03AFF8,dialogue,武藏:武藏!,JESSIE: Jessie!,JESSIE: Jessie!,reviewed_no_change,full_corpus_review,"Reviewed against Chinese source, runtime role, and English style; no certain change required.",15,dialogue_19_19
catalogue,RESTORED:0x03AFFA,dialogue,小次郎:小次郎!,JAMES: James!,JAMES: James!,reviewed_no_change,full_corpus_review,"Reviewed against Chinese source, runtime role, and English style; no certain change required.",13,dialogue_19_19
catalogue,RESTORED:0x03AFFC,dialogue,武藏:我们是穿过银河系的火箭队!,JESSIE: Team Rocket blasts across the galaxy!,JESSIE: Team Rocket blasts across the galaxy!,reviewed_no_change,full_corpus_review,"Reviewed against Chinese source, runtime role, and English style; no certain change required.",45,dialogue_19_19
catalogue,RESTORED:0x03AFFE,dialogue,"小次郎:白洞,白色的明天在等着我们!",JAMES: A white hole and bright tomorrow await!,JAMES: A white hole and bright tomorrow await!,reviewed_no_change,full_corpus_review,"Reviewed against Chinese source, runtime role, and English style; no certain change required.",44,dialogue_19_19
catalogue,RESTORED:0x03B000,dialogue,喵喵:说的对!喵...,MEOWTH: Meowth! That's right!,MEOWTH: Meowth! That's right!,reviewed_no_change,full_corpus_review,"Reviewed against Chinese source, runtime role, and English style; no certain change required.",32,dialogue_19_19
catalogue,RESTORED:0x03B004,dialogue,武藏:好讨厌的感觉哟...,JESSIE: Feels awful...,JESSIE: What an awful feeling...,corrected,natural_english,Restores the omitted determiner and complete exclamation.,35,dialogue_19_19
catalogue,RESTORED:0x03B006,dialogue,喵喵:喵...,MEOWTH: Meow...,MEOWTH: Meow...,reviewed_no_change,full_corpus_review,"Reviewed against Chinese source, runtime role, and English style; no certain change required.",15,dialogue_19_19
catalogue,RESTORED:0x03CF3E,dialogue,武藏:既然你诚心诚意的问了,JESSIE: Prepare for trouble!,JESSIE: Prepare for trouble!,reviewed_no_change,full_corpus_review,"Reviewed against Chinese source, runtime role, and English style; no certain change required.",27,dialogue_19_19
catalogue,RESTORED:0x03CF40,dialogue,小次郎:那我就大发慈悲的告诉你们!,JAMES: And make it double!,JAMES: And make it double!,reviewed_no_change,full_corpus_review,"Reviewed against Chinese source, runtime role, and English style; no certain change required.",26,dialogue_19_19
catalogue,RESTORED:0x03CF42,dialogue,武藏:为了防止世界被破坏,JESSIE: To protect the world from devastation!,JESSIE: To protect the world from devastation!,reviewed_no_change,full_corpus_review,"Reviewed against Chinese source, runtime role, and English style; no certain change required.",50,dialogue_19_19
catalogue,RESTORED:0x03CF44,dialogue,小次郎:为了维护世界的和平.,JAMES: To unite all peoples in peace!,JAMES: To unite all peoples in peace!,reviewed_no_change,full_corpus_review,"Reviewed against Chinese source, runtime role, and English style; no certain change required.",36,dialogue_19_19
catalogue,RESTORED:0x03CF46,dialogue,武藏:坚持爱与真实的罪恶,JESSIE: To denounce the evils of truth and love!,JESSIE: To denounce the evils of truth and love!,reviewed_no_change,full_corpus_review,"Reviewed against Chinese source, runtime role, and English style; no certain change required.",47,dialogue_19_19
catalogue,RESTORED:0x03CF48,dialogue,小次郎:最有魅力的反派人物!,JAMES: Charming villains reaching for the stars!,JAMES: Charming villains reaching for the stars!,reviewed_no_change,full_corpus_review,"Reviewed against Chinese source, runtime role, and English style; no certain change required.",52,dialogue_19_19
catalogue,RESTORED:0x03CF4A,dialogue,武藏:武藏!,JESSIE: Jessie!,JESSIE: Jessie!,reviewed_no_change,full_corpus_review,"Reviewed against Chinese source, runtime role, and English style; no certain change required.",15,dialogue_19_19
catalogue,RESTORED:0x03CF4C,dialogue,小次郎:小次郎!,JAMES: James!,JAMES: James!,reviewed_no_change,full_corpus_review,"Reviewed against Chinese source, runtime role, and English style; no certain change required.",13,dialogue_19_19
catalogue,RESTORED:0x03CF4E,dialogue,武藏:我们是穿过银河系的火箭队!,JESSIE: Team Rocket blasts across the galaxy!,JESSIE: Team Rocket blasts across the galaxy!,reviewed_no_change,full_corpus_review,"Reviewed against Chinese source, runtime role, and English style; no certain change required.",45,dialogue_19_19
catalogue,RESTORED:0x03CF50,dialogue,"小次郎:白洞,白色的明天在等着我们!",JAMES: A white hole and bright tomorrow await!,JAMES: A white hole and bright tomorrow await!,reviewed_no_change,full_corpus_review,"Reviewed against Chinese source, runtime role, and English style; no certain change required.",44,dialogue_19_19
catalogue,RESTORED:0x03CF52,dialogue,喵喵:说的对!喵...,MEOWTH: Meowth! That's right!,MEOWTH: Meowth! That's right!,reviewed_no_change,full_corpus_review,"Reviewed against Chinese source, runtime role, and English style; no certain change required.",32,dialogue_19_19
catalogue,RESTORED:0x03CF54,dialogue,小次郎:果然和平常一样...,"JAMES: Sure enough, it's the same as always...","JAMES: Sure enough, it's the same as always...",reviewed_no_change,full_corpus_review,"Reviewed against Chinese source, runtime role, and English style; no certain change required.",47,dialogue_19_19
catalogue,RESTORED:0x03CF56,dialogue,武藏:好讨厌的感觉哟...,JESSIE: What an awful feeling...,JESSIE: What an awful feeling...,reviewed_no_change,full_corpus_review,"Reviewed against Chinese source, runtime role, and English style; no certain change required.",35,dialogue_19_19
catalogue,RESTORED:0x03CF58,dialogue,喵喵:喵...,MEOWTH: Meow...,MEOWTH: Meow...,reviewed_no_change,full_corpus_review,"Reviewed against Chinese source, runtime role, and English style; no certain change required.",15,dialogue_19_19
catalogue,RESTORED:0x03D07A,dialogue,小次郎:为了维护世界的和平.,JAMES: To unite all peoples in peace!,JAMES: To unite all peoples in peace!,reviewed_no_change,full_corpus_review,"Reviewed against Chinese source, runtime role, and English style; no certain change required.",36,dialogue_19_19
catalogue,RESTORED:0x03D07C,dialogue,武藏:坚持爱与真实的罪恶,JESSIE: To denounce the evils of truth and love!,JESSIE: To denounce the evils of truth and love!,reviewed_no_change,full_corpus_review,"Reviewed against Chinese source, runtime role, and English style; no certain change required.",47,dialogue_19_19
catalogue,RESTORED:0x03D07E,dialogue,小次郎:最有魅力的反派人物!,JAMES: Charming villains reaching for the stars!,JAMES: Charming villains reaching for the stars!,reviewed_no_change,full_corpus_review,"Reviewed against Chinese source, runtime role, and English style; no certain change required.",52,dialogue_19_19
catalogue,RESTORED:0x03D080,dialogue,武藏:武藏!,JESSIE: Jessie!,JESSIE: Jessie!,reviewed_no_change,full_corpus_review,"Reviewed against Chinese source, runtime role, and English style; no certain change required.",15,dialogue_19_19
catalogue,RESTORED:0x0348F1,dialogue,得到解麻药,Got a Parlyz Heal!,Got a Parlyz Heal!,reviewed_no_change,full_corpus_review,"Reviewed against Chinese source, runtime role, and English style; no certain change required.",18,dialogue_19_19
pointer_variant,MAIN:0x0302FA@0x03006B,fixed_or_dynamic,中剧毒了, was badly poisoned!, was badly poisoned!,corrected,dynamic_layout_24,Keeps the primary bad-poison pointer byte-identical to its bounded MAIN payload.,20,
pointer_variant,MAIN:0x0302FA@0x03006D,fixed_or_dynamic,害怕了, flinched!, flinched!,reviewed_no_change,full_corpus_review,Reviewed; no certain change required.,10,
pointer_variant,MAIN:0x03162C@0x0310F5,fixed_or_dynamic,诅咒,Curse,Curse,reviewed_no_change,full_corpus_review,Reviewed; no certain change required.,5,
pointer_variant,MAIN:0x03162C@0x0310F7,fixed_or_dynamic,怪力术,Strength,Strength,reviewed_no_change,full_corpus_review,Reviewed; no certain change required.,8,
pointer_variant,MAIN:0x031A15@0x031971,fixed_or_dynamic,可以捕捉精灵的球,A ball used to catch Pokémon.,Catch  Pokémon,corrected,fixed_grid_7x3,Fits the fixed 7x3 description grid as 'Catch' / 'Pokémon'.,14,fixed_grid_7x3
pointer_variant,MAIN:0x031A15@0x031973,fixed_or_dynamic,比精灵球效果要好的球,A ball more effective than a Poké Ball.,Better than a Poké B.,corrected,fixed_grid_7x3,Fits the fixed 7x3 grid as 'Better' / 'than a' / 'Poké B.' and preserves the explicit Poké Ball comparison.,21,fixed_grid_7x3
pointer_variant,MAIN:0x031A15@0x031975,fixed_or_dynamic,比超级球效果要好的球,A ball more effective than a Great Ball.,Better than a Great B,corrected,fixed_grid_7x3,Fits the fixed 7x3 grid as 'Better' / 'than a' / 'Great B' and preserves the explicit Great Ball comparison.,21,fixed_grid_7x3
